mutant,DMS_score,compact_mlp,residual_mlp,gated_fusion,branch_fusion
K3R,3.73858603112333,3.71138858795166,3.899308681488037,3.5963528156280518,3.6951403617858887
K3Q,3.75048678636,3.684730291366577,3.5925889015197754,3.6778364181518555,3.672480821609497
K3E,3.6662777798123103,3.620213747024536,3.7318689823150635,3.593841791152954,3.5834693908691406
K3M,3.6983360358675,3.5745792388916016,3.5648374557495117,3.639906167984009,3.5905020236968994
K3T,3.629775204335,3.635146379470825,3.211937427520752,3.666259527206421,3.5732123851776123
G4S,3.7570869258366697,3.5635414123535156,3.776883363723755,3.577784538269043,3.569587230682373
G4D,3.6139797561566698,3.490013360977173,3.277132749557495,3.48954176902771,3.585059642791748
G4A,3.818887546655,3.5754234790802,3.5464556217193604,3.565800666809082,3.5667765140533447
E5K,3.73278516201,3.648313283920288,3.678035020828247,3.691459894180298,3.6786723136901855
E5V,3.693550926075,3.713728666305542,3.6976234912872314,3.686185121536255,3.7086493968963623
E5R,3.76108935221,3.732687473297119,3.7551605701446533,3.6375365257263184,3.7345998287200928
E5D,3.665339144035,3.540872812271118,3.728919744491577,3.581982135772705,3.6395554542541504
E5A,3.68033217598,3.567847490310669,3.6822211742401123,3.606722116470337,3.6541624069213867
E5G,3.73820357327636,3.656092882156372,3.4478588104248047,3.6889374256134033,3.5910234451293945
E6G,3.7677193917785696,3.594095230102539,3.843271493911743,3.6977500915527344,3.5955488681793213
E6R,3.78538732207,3.7215495109558105,3.660496711730957,3.6416566371917725,3.561464548110962
E6V,3.549043127375,3.760979652404785,3.1761279106140137,3.7528982162475586,3.7003676891326904
E6K,3.76964794421333,3.5548458099365234,3.6076083183288574,3.717979907989502,3.6910953521728516
L7P,3.6184729479807096,3.525409698486328,3.189959764480591,3.4615767002105713,3.2829697132110596
L7V,3.61194348509,3.7124135494232178,3.8860931396484375,3.772609233856201,3.7826027870178223
L7R,3.7793723452900014,3.6415421962738037,3.7079696655273438,3.703371047973633,3.6367247104644775
L7Q,3.57363430513143,3.587324857711792,3.729783058166504,3.5218753814697266,3.5431554317474365
F8V,3.47908669969667,3.575532913208008,3.54550838470459,3.571518898010254,3.5718634128570557
F8Y,3.599264089536,3.5758979320526123,3.5699288845062256,3.549312114715576,3.6073598861694336
F8S,3.4664226142175,3.498420000076294,3.4955568313598633,3.4477949142456055,3.403712749481201
F8L,3.64805822063389,3.488847494125366,3.3643369674682617,3.5398013591766357,3.6106925010681152
F8H,3.7255792617,3.474677562713623,3.610581398010254,3.633091688156128,3.5555732250213623
F8I,3.533155611455,3.579923391342163,3.6306490898132324,3.5603795051574707,3.5373494625091553
F8C,3.6782334560300014,3.586021900177002,3.6833739280700684,3.523848056793213,3.58919358253479
T9I,3.671939493738,3.7128922939300537,3.8660390377044678,3.6765992641448975,3.7631771564483643
T9A,3.723861719826,3.7099547386169434,3.7891297340393066,3.601470470428467,3.6586482524871826
T9P,3.66613377424,3.512406349182129,3.4701693058013916,3.5965347290039062,3.6199867725372314
T9S,3.690578212587501,3.616023540496826,3.5313620567321777,3.6829161643981934,3.5805697441101074
G10V,3.44128467432,3.2634143829345703,3.215963840484619,3.4864635467529297,3.37229061126709
G10W,3.3801132660000004,3.3206570148468018,3.448158025741577,3.52026104927063,3.5089404582977295
G10E,3.6481314943333296,2.684807777404785,3.267134666442871,3.012249231338501,3.288504123687744
G10R,3.6789939592975,3.5145492553710938,3.3891189098358154,3.464773654937744,3.560225486755371
V11M,3.65115850197,3.685971736907959,3.7763454914093018,3.662839412689209,3.623741865158081
V11L,3.60047553927,3.765373706817627,3.6485631465911865,3.6460115909576416,3.667881965637207
V11K,3.5520126812800004,3.616840362548828,3.7222821712493896,3.6002957820892334,3.679931163787842
V11G,3.631990601855,3.6585466861724854,3.634584903717041,3.6055727005004883,3.598043918609619
V11E,3.53678743375571,3.4221296310424805,3.4250240325927734,3.5706164836883545,3.477748394012451
V11A,3.7385444483337498,3.5888752937316895,3.6516709327697754,3.6167428493499756,3.6073269844055176
V12M,3.556183269845,3.594156503677368,3.690629482269287,3.576138496398926,3.4971847534179688
V12L,3.64929427074,3.4854326248168945,3.661534547805786,3.5226566791534424,3.663069486618042
V12A,3.39025973867889,3.4939610958099365,3.5701231956481934,3.5632145404815674,3.557847261428833
P13L,3.43222117379,2.774491310119629,2.2489285469055176,2.8008484840393066,2.561762809753418
P13H,3.3819910055433304,3.564915418624878,3.3310511112213135,3.472656726837158,3.3523502349853516
P13A,3.2856918161400004,3.4727869033813477,3.598034381866455,3.6158127784729004,3.5271060466766357
P13R,3.5937283140400003,3.4450008869171143,3.4159107208251953,3.4512062072753906,3.303044319152832
P13S,3.1631543824,3.497346878051758,3.467682123184204,3.5792903900146484,3.5514016151428223
I14V,3.56432687193,3.6389737129211426,3.5896878242492676,3.6229922771453857,3.7254393100738525
I14L,3.68470539393333,3.525861978530884,3.5442593097686768,3.508554220199585,3.489230155944824
I14F,3.3343297112775,3.426375389099121,3.637955665588379,3.561939239501953,3.327984094619751
I14T,3.2657876052925,3.58384108543396,3.270571708679199,3.628492832183838,3.4920237064361572
L15Q,3.764426300435,3.496882915496826,3.173635244369507,3.6312038898468018,3.2684149742126465
L15V,3.75151272063,3.8312697410583496,3.5502536296844482,3.6012086868286133,3.760094165802002
L15R,3.74897862188,3.7678792476654053,3.8771510124206543,3.518399477005005,3.5795209407806396
L15P,1.3455527244499998,3.2535080909729004,2.5225706100463867,3.075632095336914,3.2521812915802
V16A,3.23182360741,3.591916561126709,3.5456533432006836,3.528141498565674,3.466564655303955
V16D,1.4972871863925,1.808722734451294,1.9861220121383667,2.0519278049468994,2.341376781463623
V16F,3.34647087264,3.4176673889160156,3.2658815383911133,3.3192451000213623,3.1978418827056885
V16I,3.7116721117266698,3.4011082649230957,3.4274282455444336,3.439603090286255,3.423691749572754
E17K,3.746459271375,3.796912908554077,4.1094231605529785,3.690230369567871,3.7928407192230225
E17A,3.649137599,3.5924508571624756,3.599045753479004,3.61995530128479,3.5690181255340576
E17D,3.66813566313,3.541426658630371,3.5688226222991943,3.5415546894073486,3.559068202972412
E17V,3.72590312316,3.599684953689575,3.6426708698272705,3.4922709465026855,3.6204116344451904
E17G,3.45682536681,3.6111016273498535,3.756606101989746,3.573411703109741,3.6078600883483887
L18Q,1.5188849792,2.2393360137939453,1.5935008525848389,1.621262550354004,1.4144678115844727
L18P,1.5607842588833305,1.3596446514129639,0.7887499332427979,0.6443688869476318,-0.07335495948791504
L18R,1.3010291130399998,1.9910571575164795,1.2677812576293945,1.7900241613388062,1.5719985961914062
D19N,3.75636969756,3.7308037281036377,3.824892282485962,3.6172938346862793,3.669135808944702
D19H,3.77418866083,3.617715835571289,3.7280099391937256,3.6146888732910156,3.687554121017456
D19E,3.79287295896,3.6948540210723877,3.6049399375915527,3.6587884426116943,3.7133517265319824
D19G,3.60937691732222,3.5568418502807617,3.5401370525360107,3.614956855773926,3.57055926322937
D19A,3.63051285234,3.5893373489379883,3.6085829734802246,3.651949167251587,3.6182444095611572
D19V,3.73541074642143,3.611114263534546,3.50148868560791,3.5175445079803467,3.6712727546691895
G20D,1.3010303392799998,1.1909449100494385,1.7144639492034912,1.3770177364349365,1.1624150276184082
D21A,3.66308485731,3.574669122695923,3.4252474308013916,3.499372720718384,3.5436208248138428
D21G,3.230678606652,3.5161068439483643,2.927393913269043,3.5012781620025635,3.4868218898773193
D21V,3.671410348277501,3.577960252761841,3.8271095752716064,3.6530966758728027,3.674961566925049
D21H,3.584455968380001,3.6014180183410645,3.7071805000305176,3.593276023864746,3.6399083137512207
D21N,3.702007026680002,3.569478988647461,3.384889602661133,3.569826364517212,3.5877580642700195
V22G,1.30103073628,2.7200565338134766,1.6063364744186401,1.7127739191055298,2.0288615226745605
V22A,3.3513009417333297,2.7183432579040527,2.9461545944213867,2.690943717956543,2.8595852851867676
V22E,1.30117079342,1.9544267654418945,2.608401298522949,2.2964096069335938,2.259974718093872
V22L,3.5399957466800003,3.552476406097412,3.4450619220733643,3.5479838848114014,3.423374891281128
V22I,3.67837738166333,3.5271434783935547,3.382235527038574,3.5809435844421387,3.5279791355133057
N23S,3.5930874340307097,3.5946717262268066,3.3736684322357178,3.418527126312256,3.4131698608398438
N23I,3.28031959,3.0808191299438477,2.9613919258117676,3.418971300125122,3.1816534996032715
N23H,3.56330487197,3.4024689197540283,3.5854008197784424,3.480602264404297,3.5727806091308594
N23K,3.419655543035,3.5711557865142822,4.182549476623535,3.5597221851348877,3.6445999145507812
N23T,3.21009835242,3.4655263423919678,3.3848466873168945,3.556697130203247,3.534029006958008
N23D,3.59311941382667,3.551584243774414,3.7251551151275635,3.569472551345825,3.5613932609558105
G24S,3.487271593835,3.2926394939422607,2.9695866107940674,3.449463367462158,3.5216195583343506
G24A,3.2304883190900004,3.553130865097046,3.504441738128662,3.5065157413482666,3.4749183654785156
G24D,3.47453659541,3.473381280899048,3.5724868774414062,3.1659698486328125,3.4035322666168213
G24C,3.1645830309400003,3.55318284034729,3.197523355484009,3.497873067855835,3.597555160522461
H25R,3.70937644691444,3.3366897106170654,3.3765223026275635,2.8344292640686035,3.4733288288116455
H25L,3.67666370440333,3.7309305667877197,3.6630609035491943,3.5956709384918213,3.6598777770996094
H25Y,3.46855772999,3.6024129390716553,3.529207468032837,3.529798746109009,3.68485426902771
H25Q,3.81163900632,3.728809118270874,3.8313465118408203,3.6623008251190186,3.715636968612671
K26Q,3.73274916915,3.538905382156372,3.5815834999084473,3.609144926071167,3.5717883110046387
K26N,3.707244274235,3.582679271697998,3.856037139892578,3.5965425968170166,3.6257684230804443
K26E,3.55638702729222,3.6010260581970215,3.633988380432129,3.5547492504119873,3.5406439304351807
K26R,3.6896597114725,3.7102715969085693,3.7531540393829346,3.6665000915527344,3.610875129699707
K26G,3.31751928643,3.6371171474456787,3.8367626667022705,3.5386874675750732,3.5808091163635254
K26M,3.63303996149,3.5767993927001953,3.1920113563537598,3.2513227462768555,3.4865455627441406
K26T,3.64208305999333,3.6303043365478516,3.7380685806274414,3.601550340652466,3.577686309814453
F27S,1.5186504120866695,3.376439332962036,2.572521686553955,3.1469838619232178,2.8036303520202637
F27V,3.6180222196,3.1589927673339844,3.1678576469421387,3.273113965988159,3.2685532569885254
F27I,3.19911885591,3.3456225395202637,3.1396162509918213,3.5176827907562256,3.4923973083496094
F27L,3.097800724855,3.351025342941284,3.2807130813598633,3.3781895637512207,3.3554656505584717
S28I,3.58186758936,3.6702826023101807,3.67533016204834,3.463667631149292,3.6306867599487305
S28N,3.6524923766,3.577197313308716,3.83016300201416,3.625521659851074,3.541486978530884
S28C,3.7557456715216695,3.6026084423065186,3.494096040725708,3.6939878463745117,3.629582166671753
S28G,3.65018265325875,3.3281238079071045,3.607450008392334,3.542039632797241,3.371626853942871
S28R,3.71475326062,3.5995545387268066,3.6182117462158203,3.5821444988250732,3.556309461593628
S28T,3.732744656880001,3.7835347652435303,3.8374085426330566,3.685138702392578,3.7240757942199707
V29M,3.1091266034225,3.5077810287475586,3.5270943641662598,3.6416308879852295,3.5852038860321045
V29A,3.1504066226,3.185507297515869,3.0586724281311035,3.2223188877105713,3.4765968322753906
V29E,1.32430916519,1.5670316219329834,1.2302906513214111,1.3036832809448242,1.312361240386963
S30P,1.46972290124,2.6369292736053467,2.067174196243286,2.2029805183410645,2.7246413230895996
S30C,3.85459595234,3.7252235412597656,3.6174702644348145,3.728774070739746,3.7428972721099854
S30F,3.67893051942667,3.632810115814209,3.6710832118988037,3.650092601776123,3.6824114322662354
S30A,3.732545961375,3.6295769214630127,3.8293871879577637,3.6415393352508545,3.633104085922241
S30T,3.8101460541812497,3.715165376663208,3.798588991165161,3.6760811805725098,3.7108819484710693
S30Y,3.75240792407,3.6928303241729736,3.8851852416992188,3.7087385654449463,3.7508459091186523
G31V,1.35418904327,2.3225560188293457,2.641728162765503,2.5633187294006348,2.736797332763672
E32G,3.65057207816063,3.6142241954803467,3.830089569091797,3.623718738555908,3.6424551010131836
E32A,3.62682868412,3.6409947872161865,3.677159070968628,3.608665943145752,3.650502920150757
E32D,3.69274209387,3.351879596710205,3.2664713859558105,3.479893445968628,3.3845064640045166
E32K,3.74500077011,3.594005584716797,3.53932523727417,3.5578367710113525,3.622520923614502
E32V,3.74764565356,3.6635544300079346,3.6775238513946533,3.6670446395874023,3.705378293991089
G33S,1.40155977752,2.181462287902832,2.484393835067749,2.470545768737793,2.582606792449951
G33R,1.30102999829,0.46271514892578125,0.014662504196166992,0.15750885009765625,0.979252815246582
G33D,1.4921875745700002,0.9188406467437744,0.11642670631408691,1.117197036743164,0.8901221752166748
E34V,3.758328649622,3.7005581855773926,3.721426486968994,3.6516830921173096,3.6787242889404297
E34K,3.6538862107666703,3.693328380584717,3.672959566116333,3.642683506011963,3.6664674282073975
E34A,3.69390404017,3.6277964115142822,3.7607569694519043,3.5944669246673584,3.6500301361083984
E34G,3.57573881874538,3.700981616973877,3.701479911804199,3.6056745052337646,3.545469284057617
G35S,3.06281313949,2.641788959503174,2.1834053993225098,2.4402942657470703,2.419076442718506
G35C,3.19599895965,3.4535109996795654,3.0784997940063477,3.0797712802886963,3.196669340133667
G35D,1.30103002043,2.6402437686920166,2.4307684898376465,1.9824597835540771,2.241702079772949
D36H,3.71564658308,3.4362781047821045,3.5241668224334717,3.5868942737579346,3.5574893951416016
D36K,3.48202683608,3.344592571258545,3.377401351928711,3.4795143604278564,3.5138309001922607
D36N,3.658163182435,3.551591634750366,3.7630081176757812,3.5687875747680664,3.634566307067871
D36Y,3.29631913386,3.557063102722168,3.6427299976348877,3.576253890991211,3.5781972408294678
D36V,3.5031525500625,3.462770462036133,3.5393996238708496,3.55470609664917,3.49131441116333
D36G,3.3860326517790003,3.4820096492767334,3.702425956726074,3.5721585750579834,3.5716354846954346
D36A,3.46975201124,3.522493362426758,3.524413824081421,3.5980064868927,3.56779408454895
D36E,3.6333156514,3.4605090618133545,3.6626017093658447,3.534503698348999,3.5952343940734863
A37V,3.66642459163333,3.526000499725342,3.847076892852783,3.630831241607666,3.612490177154541
A37S,3.6395046566300007,3.6734726428985596,3.5933327674865723,3.575042486190796,3.6096887588500977
A37P,3.68650160282,3.2534546852111816,3.115663528442383,3.302295684814453,3.4680233001708984
A37G,3.688542188245002,3.5923285484313965,3.491553783416748,3.601212978363037,3.614774227142334
A37D,3.4731415931,3.0129501819610596,3.2879679203033447,3.478088140487671,3.4652352333068848
A37T,3.69262144092,3.519688844680786,3.964733600616455,3.5959348678588867,3.641145706176758
T38S,3.76176681933909,3.7761118412017822,3.569000482559204,3.7192513942718506,3.6416783332824707
T38P,3.68090853441,3.6459524631500244,3.8975539207458496,3.6430695056915283,3.5489914417266846
T38I,3.683868341775,3.763636589050293,3.989455223083496,3.7166213989257812,3.741650342941284
T38N,3.75250498054,3.6370086669921875,3.777039051055908,3.622452974319458,3.56280517578125
T38A,3.7012204295425,3.782088279724121,3.8770947456359863,3.7259185314178467,3.7695987224578857
Y39H,3.8020543977925,3.638293504714966,3.9068171977996826,3.680913209915161,3.7053563594818115
Y39S,3.85008641169,3.8123130798339844,3.8590075969696045,3.6010565757751465,3.7673611640930176
Y39N,3.8677179697025,3.6682534217834473,3.979861259460449,3.6734251976013184,3.670473098754883
Y39C,3.78372991677,3.6816136837005615,3.5936264991760254,3.6188182830810547,3.6919796466827393
Y39F,3.75144513248,3.586472749710083,3.455287218093872,3.6156694889068604,3.6841225624084473
Y39D,3.67454827072,3.683065891265869,3.303553819656372,3.6491246223449707,3.7087924480438232
G40D,1.30103074754,2.927668809890747,2.823636293411255,2.8564813137054443,2.801762104034424
G40S,3.3516873199400004,2.0362071990966797,2.1195015907287598,2.3561010360717773,2.490793466567993
K41E,3.51477179686545,3.561187982559204,3.4439194202423096,3.5475456714630127,3.5648999214172363
K41R,3.68957430795588,3.622896909713745,3.751481533050537,3.6167380809783936,3.5832138061523438
K41Q,3.580490710585,3.5244646072387695,3.6511688232421875,3.5766286849975586,3.553959608078003
K41N,3.6507734438,3.6121184825897217,3.6493258476257324,3.465005874633789,3.5546715259552
K41T,3.57613115479,3.5920140743255615,3.7788383960723877,3.630871057510376,3.6297779083251953
K41M,3.704086685805,3.5742273330688477,3.7044217586517334,3.5897202491760254,3.5710315704345703
L42Q,3.21214142315,3.461995840072632,3.5073559284210205,3.4501497745513916,3.181161642074585
L42R,3.45890558987,2.6043343544006348,2.056375026702881,1.8154023885726929,2.248070240020752
L42M,3.82663130139,3.672970771789551,4.010149002075195,3.650709390640259,3.657158374786377
L42P,2.16816701857,2.7714600563049316,3.312180519104004,3.0267300605773926,3.3075294494628906
T43P,2.63582387971,3.384634017944336,3.241682291030884,3.4624745845794678,3.219578504562378
T43S,3.789243583255,3.648308277130127,3.664903163909912,3.644791603088379,3.613939046859741
T43N,3.67019648346,3.676992893218994,3.982348680496216,3.7534339427948,3.808828830718994
T43A,3.7244624257325,3.632718086242676,3.508577585220337,3.5436947345733643,3.698432683944702
T43I,3.72815250646,3.5527238845825195,3.618523597717285,3.577824592590332,3.575472831726074
L44Q,3.113624224575,1.9102792739868164,2.6355957984924316,2.2113771438598633,2.180189609527588
L44M,3.8286611477900014,3.5225322246551514,3.3293330669403076,3.6050379276275635,3.5693342685699463
L44P,1.38368599588,1.4502991437911987,1.2477264404296875,1.57426118850708,1.7178592681884766
L44R,1.3010299954200002,2.4025206565856934,2.63224196434021,2.3665175437927246,2.352750062942505
K45T,3.74498764816,3.539613723754883,3.414348840713501,3.606328010559082,3.5436389446258545
K45E,3.13893393693,3.51825213432312,3.569272041320801,3.527066230773926,3.5793421268463135
K45R,3.62953869358941,3.263632297515869,3.4644386768341064,3.369504451751709,3.336498737335205
K45M,3.44717540729333,3.4666483402252197,3.1936709880828857,3.538299322128296,3.4062747955322266
F46L,3.6804544332289497,3.4465456008911133,3.508523941040039,3.5736846923828125,3.5732297897338867
F46I,3.43937739933,3.5028886795043945,3.6868622303009033,3.5097644329071045,3.507629632949829
F46C,3.67780911174,3.500314235687256,3.496710777282715,3.5222361087799072,3.5663511753082275
F46V,3.649842425735,3.538884162902832,3.6155571937561035,3.619455337524414,3.6772966384887695
F46Y,3.752484105314,3.4897782802581787,3.633880853652954,3.5560073852539062,3.637428045272827
F46S,3.23651949408556,3.5440871715545654,3.6025078296661377,3.574655294418335,3.56083345413208
I47F,3.59136527956333,3.338200330734253,3.2223658561706543,3.207935333251953,3.282971143722534
I47T,3.6041917473388905,3.6660993099212646,3.456894874572754,3.6953046321868896,3.7261154651641846
I47V,3.77087325896083,3.6154956817626953,3.6489033699035645,3.6326093673706055,3.6331820487976074
I47L,3.66012627047,3.6061553955078125,3.7380805015563965,3.554959297180176,3.577192544937134
I47S,3.38051465185,3.6438093185424805,3.5062901973724365,3.6542577743530273,3.672565460205078
I47N,3.4315244517375,3.542353391647339,3.3945930004119873,3.6154379844665527,3.500913143157959
C48R,1.69685473362667,2.47105073928833,2.8528289794921875,2.051604747772217,2.778637647628784
C48S,3.618936543535,2.8137357234954834,2.5916786193847656,2.8084559440612793,2.476297616958618
T49A,3.553460812294,3.6445693969726562,3.921492338180542,3.5411176681518555,3.621713876724243
T49I,3.54678932352,3.6947574615478516,3.9528255462646484,3.466294527053833,3.5312952995300293
T49S,3.63808509923429,3.6356334686279297,3.783632278442383,3.6011087894439697,3.661348581314087
T49P,3.300826757395,3.447348117828369,3.0619332790374756,3.317025661468506,3.3750782012939453
T49N,3.62616632621,3.5548386573791504,3.5039896965026855,3.6084554195404053,3.566023111343384
T50S,3.7254825818025,3.572626829147339,3.6588292121887207,3.5995097160339355,3.6352179050445557
T50A,3.5780454728071405,3.4538161754608154,3.3486461639404297,3.5602691173553467,3.4760661125183105
T50I,3.23196760166,3.5049517154693604,3.162407159805298,3.5235886573791504,3.6074347496032715
G51D,3.32317696787,2.8865654468536377,3.304851531982422,2.9236340522766113,3.2557735443115234
G51R,2.90339563565,2.248469829559326,3.114147901535034,3.2470529079437256,3.3090033531188965
G51S,3.21655835025,3.5718135833740234,3.639669895172119,3.580806016921997,3.499547243118286
K52T,3.69125898127333,3.6402220726013184,3.5770223140716553,3.58762788772583,3.568959951400757
K52Q,3.49561397777,3.590482234954834,3.4595069885253906,3.6364378929138184,3.592291831970215
K52N,3.6634627378699993,3.6114251613616943,3.615769147872925,3.564206600189209,3.575118064880371
K52G,3.4543043503300006,3.6200642585754395,3.5794334411621094,3.6020259857177734,3.507444381713867
K52M,3.650093183575,3.5772719383239746,4.104125022888184,3.609513521194458,3.532773733139038
K52R,3.67758758563286,3.555274724960327,3.83724308013916,3.5703914165496826,3.5647127628326416
K52E,3.702075777124,3.5772719383239746,3.6489672660827637,3.512500286102295,3.5777604579925537
L53Q,1.30102992699,3.4221394062042236,3.2857537269592285,3.524409294128418,3.5067594051361084
L53P,3.27435243107,1.8270481824874878,2.201306104660034,2.381114959716797,2.0261693000793457
L53R,3.33915923653,1.884060263633728,2.335373878479004,1.7725281715393066,1.3661584854125977
L53M,3.60017578479,3.6302847862243652,3.723839521408081,3.683309555053711,3.659613847732544
P54L,3.4316330517400004,3.503887176513672,3.423661231994629,3.4454238414764404,3.441567897796631
P54A,3.36397559148,3.529554605484009,3.6972222328186035,3.4569690227508545,3.499253749847412
P54S,3.0664458422099994,3.536597728729248,3.78372859954834,3.5843417644500732,3.5798447132110596
P54T,3.31425052649,3.608168125152588,3.7588605880737305,3.590625762939453,3.603729009628296
V55A,3.14890533152,2.559061050415039,2.359492778778076,2.5428695678710938,2.277421474456787
V55G,1.30103002954,3.2212510108947754,3.0351102352142334,3.2346625328063965,3.3978493213653564
V55M,3.605429311985,3.0906307697296143,2.5368218421936035,2.9957709312438965,2.87172269821167
V55E,1.6004658746899998,2.3589601516723633,1.5907269716262817,2.56483793258667,2.172698497772217
P56S,3.69145662945,3.0895743370056152,2.7805838584899902,2.9295215606689453,3.2535624504089355
W57R,1.337330571045,1.9651206731796265,1.7939372062683105,2.4317469596862793,2.5062131881713867
P58L,3.30390110168,3.566230297088623,3.5294206142425537,3.575878143310547,3.597966432571411
P58H,3.4748972547,3.3004977703094482,3.0786166191101074,3.5737485885620117,3.42189884185791
P58A,3.66076476196,3.6775903701782227,3.5436394214630127,3.5986757278442383,3.644855260848999
P58S,3.697278054595,3.5396745204925537,3.7847049236297607,3.5217177867889404,3.5477378368377686
T59P,1.30103069765,3.504849910736084,3.238032341003418,3.5252134799957275,3.456434726715088
T59S,3.663686265926,3.2157235145568848,2.6607203483581543,3.1418745517730713,2.878218412399292
T59I,3.33990705631,3.5945606231689453,3.218818426132202,3.211815357208252,3.28049373626709
T59A,3.583319568498,3.5485031604766846,3.2779476642608643,3.383617401123047,3.3509693145751953
L60P,1.52584409576,1.471733570098877,1.2332344055175781,1.9891129732131958,1.6894516944885254
L60I,3.63006285039,3.104370594024658,2.681087017059326,3.087268590927124,3.0754356384277344
L60R,1.701777712,0.8533165454864502,1.049198865890503,1.2808868885040283,1.1892006397247314
L60H,1.55799138127,2.3740427494049072,2.036473035812378,2.6553564071655273,1.9777511358261108
V61M,3.1369941913050003,3.531525135040283,3.475372314453125,3.588561773300171,3.535505533218384
V61L,3.55924706889,3.281421184539795,2.9442272186279297,2.853638172149658,3.190748453140259
V61E,1.30947643853,3.1647775173187256,3.2804198265075684,3.3476834297180176,3.338991641998291
V61A,3.4806612354475,3.099994421005249,3.128988742828369,3.1629531383514404,3.4470527172088623
T62I,1.3949398226700005,3.3456201553344727,3.4007465839385986,3.4864766597747803,3.6162354946136475
T62P,3.81641203845,2.135164260864258,1.6573013067245483,1.979627013206482,2.2212817668914795
T62S,3.8115665115383295,3.731353521347046,3.8081068992614746,3.6601436138153076,3.8025059700012207
T62A,3.7735571192666697,3.3786990642547607,3.0807065963745117,3.3702871799468994,3.291355848312378
T63N,2.7819611805,3.083005666732788,3.3924331665039062,3.3956778049468994,3.119008779525757
T63P,3.5090651057,2.1612329483032227,2.243259906768799,2.2916550636291504,2.512259006500244
T63S,3.764062649682,3.5520968437194824,3.339033603668213,3.5657265186309814,3.4691355228424072
T63A,3.589198673355,3.523207426071167,3.6467244625091553,3.6260931491851807,3.671602249145508
T63I,3.3415586573766696,3.4385695457458496,3.3049442768096924,3.492541551589966,3.5248401165008545
L64M,3.67092894453,2.875748872756958,2.8068366050720215,3.2275428771972656,3.266716480255127
L64V,3.66649783867,2.7993786334991455,3.041276454925537,2.928312063217163,3.205759286880493
L64P,1.437220599805,2.3511734008789062,3.168844223022461,2.7144904136657715,2.7164130210876465
S65T,3.550426848725,3.1546554565429688,3.1355936527252197,3.297633171081543,3.0188565254211426
S65P,1.324287012706,2.843095541000366,3.1609785556793213,2.913381814956665,2.760108709335327
S65L,3.17436282499,3.329190492630005,2.987828254699707,2.7062244415283203,3.1448757648468018
S65A,3.2842407669,3.3666958808898926,3.169818878173828,3.550783395767212,3.3086047172546387
Y66C,1.30103050973,2.9860410690307617,3.083550453186035,2.477773666381836,2.663649320602417
Y66N,1.3010308101,2.2140116691589355,1.6084473133087158,1.8407098054885864,1.4193902015686035
Y66F,1.29894092811,2.531405210494995,2.465306282043457,2.4053590297698975,2.6297521591186523
G67V,1.30154705698,3.048983335494995,2.2947535514831543,2.19439697265625,2.7715320587158203
G67D,1.30084097248,0.8789918422698975,0.7421553134918213,0.9657340049743652,1.3847858905792236
G67C,1.41692113062,2.7837765216827393,2.0954742431640625,2.0111172199249268,2.5636610984802246
G67S,1.30102998655,1.989164113998413,1.5827265977859497,2.3181731700897217,1.4777992963790894
V68E,3.61587518482556,2.220083713531494,2.4122161865234375,2.3951964378356934,2.4664409160614014
V68M,3.750569527362,3.5795114040374756,3.4992408752441406,3.675062894821167,3.6014726161956787
V68L,3.654655129230002,3.6519320011138916,3.644761800765991,3.6327452659606934,3.707939624786377
V68A,3.6720078948357897,3.6651628017425537,3.952191114425659,3.69205904006958,3.6664679050445557
Q69H,3.60531259987,3.503629684448242,3.199023485183716,3.5729801654815674,3.5473668575286865
Q69L,3.193324666625,3.4157001972198486,3.4960105419158936,3.5095441341400146,3.441524028778076
Q69R,1.8631838809,2.6994404792785645,2.4988932609558105,2.479968786239624,3.114459753036499
Q69P,3.4971078784400005,2.4636526107788086,1.8306211233139038,1.9894423484802246,2.261889934539795
C70Y,3.50499128987,3.55741810798645,3.4264869689941406,3.152839183807373,3.505796194076538
C70S,3.554548811055,3.3472936153411865,3.0145678520202637,3.028590202331543,2.97115421295166
C70G,3.468137678095,3.570164442062378,3.695610761642456,3.565016031265259,3.5349807739257812
C70R,1.401153624425,2.9195151329040527,2.5233421325683594,2.8265836238861084,2.8330349922180176
F71Y,3.44790466854556,3.6383326053619385,3.728963613510132,3.523209810256958,3.605736017227173
F71S,3.4752341296966702,3.0761563777923584,2.9480130672454834,3.108271598815918,2.7666449546813965
F71L,3.62884781484562,3.6241912841796875,3.5452306270599365,3.6493141651153564,3.5901505947113037
F71I,3.60559947057,3.559770345687866,3.590331792831421,3.5863564014434814,3.6345200538635254
F71C,3.62530695729667,3.356741428375244,3.244981527328491,3.591022253036499,3.5601634979248047
S72N,3.27178589237,3.579624891281128,3.692901849746704,3.616877555847168,3.6265876293182373
S72I,3.60733813699,3.298006772994995,3.1702284812927246,3.427072525024414,3.56052827835083
S72R,1.3010299627,3.3646597862243652,3.0293726921081543,3.239823341369629,3.3278658390045166
S72C,3.74985888163,3.6781582832336426,3.7164340019226074,3.533202648162842,3.594916582107544
S72G,3.71870528157538,3.3572545051574707,3.4459967613220215,3.252995252609253,3.2227089405059814
R73S,3.70909367383333,3.7155253887176514,3.69762921333313,3.713345527648926,3.801309823989868
R73L,3.9923212258,3.5699875354766846,3.688413381576538,3.5850472450256348,3.691002607345581
R73H,3.69180326934,3.773484706878662,3.7174503803253174,3.6706316471099854,3.77138614654541
R73C,3.74459682563667,3.71671986579895,3.806931972503662,3.6205289363861084,3.7998688220977783
Y74F,3.4301813854775,3.5678584575653076,3.1771128177642822,3.4823362827301025,3.4903886318206787
Y74C,3.01476164302,3.56219482421875,3.397841691970825,3.510237455368042,3.398414373397827
P75H,3.8949242631,3.691093921661377,4.189279079437256,3.547732353210449,3.577549457550049
P75S,3.65212809833,3.649866819381714,3.8433804512023926,3.4974887371063232,3.5797741413116455
P75T,3.80510433256,3.5485894680023193,3.788712739944458,3.504106283187866,3.563744068145752
D76N,3.66286365986,3.6236774921417236,3.518354654312134,3.6302480697631836,3.693836212158203
D76V,3.70932586506667,3.2608046531677246,3.5707948207855225,3.5430402755737305,3.3972978591918945
D76Y,3.65340060006,3.677323341369629,3.556410074234009,3.6895406246185303,3.7526583671569824
D76E,3.708381939545,3.6225461959838867,3.6264421939849854,3.7045702934265137,3.6478309631347656
D76A,3.65886123564,3.6476120948791504,3.5731201171875,3.6236162185668945,3.6620371341705322
D76G,3.68571311372667,3.6430673599243164,3.754655599594116,3.5938332080841064,3.5258991718292236
H77C,3.65914792794,3.6586132049560547,3.7054929733276367,3.624842405319214,3.589384078979492
H77L,3.64749168494286,3.6943390369415283,3.7709696292877197,3.6358718872070312,3.682786226272583
H77Y,3.7263373965666697,3.6006598472595215,3.8463568687438965,3.596747636795044,3.6975655555725098
H77N,3.71903815952,3.7346551418304443,3.4712207317352295,3.637498140335083,3.6617813110351562
H77P,3.604269255935,3.234623908996582,3.2187867164611816,3.4635233879089355,3.520983934402466
H77Q,3.60285931045,3.6776974201202393,3.4776859283447266,3.6707284450531006,3.6674840450286865
H77R,3.6639426152061496,3.1635849475860596,3.082852602005005,3.3721070289611816,3.5223639011383057
M78V,3.5811432899190003,3.5940663814544678,4.2498626708984375,3.5608267784118652,3.6318328380584717
M78R,3.5997250651199995,2.636815071105957,2.106572151184082,2.887911319732666,2.3672828674316406
M78T,3.54677613158545,3.648561477661133,3.762470006942749,3.666604518890381,3.5589005947113037
M78K,3.4920651822625,3.427520513534546,3.093944787979126,3.532557964324951,3.2806787490844727
M78I,3.62984141904,3.63069486618042,4.233952045440674,3.5806243419647217,3.668642044067383
M78L,3.69305114265333,3.5885677337646484,4.274346351623535,3.603916645050049,3.6413300037384033
K79R,3.73169495243072,3.7443909645080566,3.7979509830474854,3.635664463043213,3.6686456203460693
K79N,3.55950183771,3.63145112991333,3.487147808074951,3.6338605880737305,3.544362783432007
K79Q,3.711119444155,3.6138219833374023,3.605870246887207,3.6089696884155273,3.6061413288116455
K79M,3.71040531005,3.669774293899536,3.7716267108917236,3.6301157474517822,3.6095447540283203
K79T,3.664609741532,3.662001848220825,3.181842803955078,3.6111674308776855,3.593855857849121
K79E,3.5816825315116696,3.509901523590088,3.50003981590271,3.4642341136932373,3.439028739929199
Q80L,3.73866593911,3.624486207962036,3.814993381500244,3.6238861083984375,3.752817153930664
Q80R,3.74435730990308,3.7246060371398926,3.7130610942840576,3.61165189743042,3.6378188133239746
Q80P,3.654602025490001,3.6481735706329346,3.716825485229492,3.668679714202881,3.625828742980957
Q80H,3.72722295952,3.7393839359283447,3.6203877925872803,3.622321128845215,3.806135654449463
H81P,3.2105821366850003,3.3699402809143066,2.9612371921539307,3.358924150466919,3.4315884113311768
H81Q,3.67959153068,3.650681257247925,3.592196226119995,3.609891414642334,3.594337224960327
H81R,3.61122661612154,3.5592920780181885,3.5371885299682617,3.657033681869507,3.642024040222168
H81D,3.618094600135,3.5851452350616455,3.676586389541626,3.514822006225586,3.553253173828125
H81L,3.777502142130001,3.6146600246429443,3.678690195083618,3.6324093341827393,3.707223653793335
H81Y,3.74187186364667,3.592587947845459,3.8947205543518066,3.555004358291626,3.6925442218780518
D82N,3.553025095335,2.7060775756835938,2.6680688858032227,3.139512300491333,3.069218635559082
D82V,1.4908362022,3.6689000129699707,3.2413902282714844,3.6565396785736084,3.537191390991211
F83S,3.1083325380299995,3.3833773136138916,3.132338762283325,3.3584461212158203,3.3749430179595947
F83Y,3.659774816732501,3.496349573135376,3.3589277267456055,3.556752920150757,3.526662588119507
F83L,3.40156334616385,3.517148971557617,3.5148799419403076,3.525118112564087,3.512511968612671
F83I,3.4936526869199995,3.5321996212005615,3.3579583168029785,3.5553407669067383,3.5044078826904297
F84C,3.577398140415,3.6837732791900635,3.465879201889038,3.5029826164245605,3.564889907836914
F84L,3.69848073973067,3.6098780632019043,3.496918201446533,3.5699539184570312,3.660860776901245
F84Y,3.788957254512,3.5378010272979736,3.70989990234375,3.5961410999298096,3.612644910812378
F84S,3.243561891535,3.3989062309265137,3.1610488891601562,3.304917812347412,2.9321930408477783
K85M,3.33276294519,3.1388132572174072,2.4881649017333984,2.666846990585327,3.045886516571045
K85E,1.76558157504,3.271069049835205,3.31111741065979,3.4198343753814697,3.4113612174987793
K85T,3.1215146228,3.1349287033081055,2.5293068885803223,3.280578136444092,3.3078176975250244
K85R,3.2642085232983304,2.6701879501342773,2.6293106079101562,3.2016284465789795,2.9373791217803955
S86P,3.5354659407511098,3.4789834022521973,3.3754355907440186,3.509800672531128,3.481224536895752
S86A,3.70776176557,3.659576892852783,3.939279556274414,3.690263271331787,3.670825958251953
S86F,3.64325052349,3.258836030960083,2.864501953125,3.497999906539917,3.3352110385894775
S86Y,3.6323157380733297,3.6584084033966064,3.8630099296569824,3.656938076019287,3.686466693878174
S86T,3.582950789508,3.6128859519958496,3.9387993812561035,3.654001235961914,3.63814640045166
A87V,3.67799349013,3.688359498977661,3.7742152214050293,3.658550977706909,3.673002004623413
A87T,3.70077655434,3.632462978363037,3.801311492919922,3.507873058319092,3.644456148147583
A87S,3.69390781577,3.5451173782348633,3.566704034805298,3.56430721282959,3.553136110305786
A87P,3.5294728833,3.5363221168518066,3.2665462493896484,3.479238510131836,3.5619750022888184
A87G,3.50638142989,3.611335277557373,3.614379405975342,3.5967018604278564,3.5121102333068848
M88I,3.6129699323166697,2.9514412879943848,2.7210166454315186,3.5699336528778076,3.079092025756836
M88A,3.61818591601,2.873807668685913,2.9275498390197754,2.5651841163635254,3.1584582328796387
M88T,3.47833083959889,2.4426207542419434,1.944326400756836,2.187602996826172,2.7357563972473145
M88R,1.6428217752,2.1633009910583496,2.7031965255737305,2.233099937438965,2.7150259017944336
M88K,1.30102985301,2.4816555976867676,2.531346082687378,2.2392563819885254,2.329477310180664
M88L,3.71659885698778,3.632798433303833,3.9414854049682617,3.6348671913146973,3.6548287868499756
M88V,3.51750072484,3.1811816692352295,2.8700928688049316,3.52559757232666,3.1765999794006348
P89S,3.5781488665,3.592228889465332,3.5201916694641113,3.511259078979492,3.5105433464050293
P89A,3.50403448625,3.6082658767700195,3.433317184448242,3.6037650108337402,3.6443698406219482
P89L,3.75484946268,3.5500545501708984,3.6607770919799805,3.489342212677002,3.559589385986328
P89H,3.663654202865,3.6249709129333496,3.4343137741088867,3.496419906616211,3.6025397777557373
E90G,3.68354945099143,3.6670570373535156,4.089923858642578,3.6407651901245117,3.654416561126709
E90K,3.5467893707,3.533470630645752,3.0518717765808105,3.588261604309082,3.7015655040740967
E90A,3.64495075421,3.5995216369628906,3.730762004852295,3.5907418727874756,3.591386079788208
E90V,3.609468179752,3.3996288776397705,3.5571866035461426,3.5371253490448,3.6125059127807617
E90D,3.703119034462,3.645242691040039,3.6014442443847656,3.5880942344665527,3.5442090034484863
G91A,1.30103077629,2.1646974086761475,2.0277810096740723,2.3902382850646973,2.4143824577331543
G91S,1.363703572895,2.7120134830474854,2.2308714389801025,1.9789618253707886,2.3441526889801025
Y92C,3.27179171109667,3.4407272338867188,2.68314528465271,3.3429412841796875,3.1469850540161133
Y92H,3.12613139866,3.2564430236816406,2.5755183696746826,3.0156548023223877,3.0914950370788574
Y92F,3.56483607421,3.3816089630126953,2.8368823528289795,2.9055190086364746,3.2784042358398438
Y92N,1.56616289588,3.414844036102295,3.123534679412842,3.4162638187408447,3.2334296703338623
V93I,3.695737028315,3.626657247543335,3.6800131797790527,3.6731390953063965,3.681540012359619
V93G,3.450725166595,3.612184524536133,3.377880811691284,3.4966351985931396,3.505983591079712
V93F,3.78565208599,3.5183053016662598,3.628962516784668,3.583195447921753,3.615523099899292
V93L,3.61042099357,3.6741080284118652,4.075867176055908,3.5987894535064697,3.8287878036499023
V93D,3.43525609314,3.3856730461120605,3.3568108081817627,3.515836000442505,3.450385093688965
V93A,3.63193711290077,3.518707752227783,3.459179401397705,3.6014015674591064,3.604592800140381
Q94R,1.419536745615,2.831545352935791,3.02984881401062,2.4890859127044678,2.625131845474243
Q94P,1.71401059346,1.3800389766693115,1.4486957788467407,1.8973702192306519,2.0346717834472656
Q94L,3.15522116548,2.5595760345458984,2.000310182571411,2.403102159500122,2.377861261367798
Q94H,3.2301965931,2.3848743438720703,2.339341163635254,2.498587131500244,2.269578695297241
E95K,3.65648052876,3.4005191326141357,3.5743470191955566,3.5809948444366455,3.6410951614379883
E95Q,3.7441041193,3.585677146911621,3.5694198608398438,3.703732490539551,3.630598545074463
E95V,3.59252829927,3.6690399646759033,3.528472900390625,3.6841135025024414,3.5706512928009033
E95A,3.64520124216,3.5766537189483643,3.9396190643310547,3.544786214828491,3.641587257385254
E95D,3.636765247465,3.3318653106689453,3.2651004791259766,3.4890661239624023,3.5305209159851074
E95G,3.476924647046,3.5952084064483643,3.609347343444824,3.6345057487487793,3.6332108974456787
R96H,1.36126424506667,3.2765583992004395,2.5909066200256348,2.9425785541534424,2.677710771560669
R96P,1.3010306642,1.557864785194397,0.7746024131774902,1.0557293891906738,1.4971593618392944
R96C,1.58053279301,2.227684259414673,1.901016354560852,1.8009021282196045,2.1084604263305664
T97S,3.69433485891286,3.7055716514587402,3.6314594745635986,3.6396636962890625,3.675931453704834
T97N,3.69604734536,3.543522596359253,3.61043381690979,3.5733797550201416,3.5826101303100586
T97I,3.75124249122,3.612135410308838,3.6613738536834717,3.6592307090759277,3.5745201110839844
T97A,3.6712777627435695,3.701439142227173,3.765482187271118,3.6635756492614746,3.659111261367798
I98T,3.419319571315,2.9905645847320557,3.294173240661621,3.6291439533233643,3.3882739543914795
I98L,3.553906893165,3.2592923641204834,3.3694069385528564,3.5807957649230957,3.236194372177124
I98F,1.3915057516466698,2.9062397480010986,2.5931236743927,3.070892333984375,3.083512544631958
I98V,3.71728965881556,3.5146498680114746,3.4335789680480957,3.4424235820770264,3.5234124660491943
F99S,3.7654405957254498,3.648385763168335,3.755963087081909,3.5819549560546875,3.539649724960327
F99C,3.74188689061,3.595566749572754,3.461827278137207,3.7092435359954834,3.6535894870758057
F99I,3.64361063485,3.680908203125,4.082586288452148,3.5834426879882812,3.6701183319091797
F99V,3.67394479657333,3.6196582317352295,3.4994258880615234,3.687992572784424,3.7178027629852295
F99Y,3.74183846251667,3.6829628944396973,3.7098844051361084,3.6183876991271973,3.6164519786834717
F99L,3.7236785270094095,3.657014846801758,4.072226524353027,3.547147512435913,3.707364320755005
F100C,3.1686034771,3.5408339500427246,3.479435682296753,3.4375455379486084,3.5300683975219727
F100I,3.323668921055,3.470423936843872,3.327160358428955,3.5042457580566406,3.405766010284424
F100L,3.4369790075476896,3.3071229457855225,3.238168239593506,2.761934280395508,3.1030681133270264
F100S,1.913500897088,3.2248737812042236,2.7467780113220215,3.282302141189575,3.332864999771118
F100Y,3.59167814961,3.4922735691070557,3.192847728729248,3.5176401138305664,3.497577428817749
K101M,3.62368705833286,3.669649600982666,3.900998592376709,3.572788715362549,3.5896663665771484
K101N,3.649701176205,3.58663010597229,3.2823007106781006,3.57236385345459,3.6161551475524902
K101R,3.6777106432587496,3.3622732162475586,3.4675960540771484,3.297703742980957,3.3212485313415527
K101Q,3.76971726314,3.6207523345947266,3.615936756134033,3.6127405166625977,3.6266560554504395
K101T,3.68874684534,3.558034896850586,3.511629104614258,3.56961989402771,3.52990984916687
K101E,3.69632440352529,3.393787145614624,3.4613382816314697,3.333509922027588,3.5270001888275146
D102V,3.15041573292,3.5719728469848633,3.5619235038757324,3.5644590854644775,3.5468146800994873
D102Y,3.57665012117,3.404899835586548,3.6026978492736816,3.4851198196411133,3.5005195140838623
D102N,3.614722866365,3.4991419315338135,3.424290418624878,3.542578935623169,3.5827739238739014
D102H,3.53034783622,3.6381239891052246,3.4936084747314453,3.5735394954681396,3.5257818698883057
D102G,3.67981780441667,3.5438320636749268,3.3196732997894287,3.5988194942474365,3.6011016368865967
D102E,3.666137207275,3.62127947807312,3.682523250579834,3.4716930389404297,3.5423965454101562
D102A,3.60983854198333,3.533073902130127,3.5295915603637695,3.486072063446045,3.5262389183044434
D103G,3.5700194871300006,3.5764546394348145,3.5115299224853516,3.5574753284454346,3.613311767578125
D103E,3.74713296148,3.562814235687256,3.7635338306427,3.5804097652435303,3.5006096363067627
D103N,3.346169446375,3.573543071746826,3.8522145748138428,3.633305072784424,3.6059794425964355
G104S,3.56429710259,3.5644588470458984,3.549065589904785,3.555938482284546,3.5912227630615234
G104A,3.5052771443400004,3.4749112129211426,3.2121708393096924,3.5786662101745605,3.602231025695801
N105K,3.70488078478,3.634340286254883,3.565044403076172,3.647965669631958,3.667771577835083
N105S,3.71035710166231,3.8202974796295166,3.637667655944824,3.66912841796875,3.7120678424835205
N105I,3.8258245004566698,3.6530346870422363,3.892029285430908,3.628175735473633,3.6951427459716797
N105H,3.82079078958,3.6825642585754395,3.757188558578491,3.6730265617370605,3.672644853591919
N105C,3.8172941372300007,3.8317224979400635,3.618093490600586,3.658656120300293,3.6810553073883057
N105D,3.55873248264286,3.7286806106567383,3.8734800815582275,3.691462755203247,3.7515923976898193
N105Y,3.88965191239,3.7209017276763916,3.700000286102295,3.630507230758667,3.667712926864624
Y106H,2.919806080215,3.29254150390625,2.9626944065093994,3.2621283531188965,3.277459144592285
Y106N,2.257588731255,2.478084087371826,2.7982540130615234,2.88344669342041,2.792186737060547
Y106C,3.328857355524,3.6018877029418945,3.7761716842651367,3.554471969604492,3.5618276596069336
Y106F,3.79726321519,3.5630617141723633,3.2830381393432617,3.5365943908691406,3.5549888610839844
K107Q,3.739088773535,3.638230323791504,3.8339061737060547,3.6335177421569824,3.7092199325561523
K107R,3.68089237751182,3.7062036991119385,3.568629026412964,3.5836660861968994,3.6695659160614014
K107M,3.670513613876,3.647289752960205,3.530231237411499,3.6347150802612305,3.6307222843170166
K107G,3.56962630449,3.4895670413970947,3.440969467163086,3.479738235473633,3.5903844833374023
K107T,3.65284356871,3.7120816707611084,3.8457751274108887,3.684951066970825,3.7309775352478027
K107A,3.69157131457,3.546337366104126,3.482729911804199,3.5981292724609375,3.631861686706543
K107E,3.6478040237991696,3.5836198329925537,3.5615956783294678,3.5686757564544678,3.6293435096740723
T108A,3.61685184665267,3.456989049911499,3.2349724769592285,3.460644006729126,3.58835506439209
T108I,3.42357517282,3.383999824523926,3.3167977333068848,3.5893988609313965,3.4480512142181396
T108S,3.720913795996,3.4754316806793213,3.4572713375091553,3.4592652320861816,3.418543815612793
R109P,1.41678460724,2.646116256713867,2.6417107582092285,2.2133731842041016,2.9841227531433105
R109S,3.58669762414333,3.5625832080841064,3.5577101707458496,3.6842384338378906,3.657973051071167
R109G,3.1280554272,3.0360870361328125,3.012864828109741,3.0870022773742676,3.0592541694641113
R109H,3.5820170612660003,3.751255989074707,3.8528523445129395,3.6132044792175293,3.6005537509918213
R109C,3.6315248652025,3.5104408264160156,3.6377711296081543,3.573376178741455,3.58199405670166
A110D,1.30103000388,2.7857887744903564,2.7993521690368652,2.8781256675720215,2.621662139892578
A110T,3.13739228011,3.5242152214050293,3.8744802474975586,3.6607563495635986,3.5877299308776855
A110S,3.87297019732,3.2017693519592285,2.888777256011963,3.02799391746521,3.1385080814361572
A110G,3.70847807573,2.6212313175201416,3.0788187980651855,3.194032907485962,2.7734482288360596
E111V,3.731760367618,3.728795051574707,3.848928213119507,3.6791625022888184,3.676469564437866
E111Q,3.83657727083,3.7200398445129395,3.9462392330169678,3.660065174102783,3.6716885566711426
E111G,3.53818345760571,3.5548527240753174,3.648190498352051,3.6062545776367188,3.5646493434906006
E111K,3.6618487966125,3.569556474685669,3.683225631713867,3.7108120918273926,3.7277543544769287
E111A,3.63369522497,3.713120937347412,3.9185943603515625,3.5956664085388184,3.678152322769165
V112A,3.5204170613614303,3.393319845199585,3.2226309776306152,3.336913824081421,3.441953659057617
V112E,1.343387412865,3.1855854988098145,3.2941181659698486,3.347320795059204,3.065525770187378
V112L,3.698115885280002,3.3129594326019287,3.3761541843414307,3.495337963104248,3.4149222373962402
K113G,3.71268335336,3.582839250564575,3.3736231327056885,3.472902536392212,3.566774606704712
K113E,3.50434124522909,3.604979991912842,3.6142964363098145,3.447303533554077,3.5862109661102295
K113M,3.5591472148650003,3.6760292053222656,3.79771089553833,3.6019866466522217,3.6455979347229004
K113T,3.70672860596,3.624540328979492,3.673539161682129,3.6791980266571045,3.6044297218322754
K113N,3.68542619429,3.575047016143799,3.9373037815093994,3.5865039825439453,3.6159088611602783
K113Q,3.648993238295,3.639741897583008,3.9689338207244873,3.6319336891174316,3.64658522605896
K113R,3.68204252606882,3.7904040813446045,4.113158702850342,3.682227611541748,3.70943546295166
F114I,3.56766022204,3.593923807144165,3.642838716506958,3.5921616554260254,3.5428905487060547
F114C,3.62053407103,3.5364534854888916,3.475341320037842,3.5424163341522217,3.575547933578491
F114L,3.678877970943,3.5992894172668457,3.3953897953033447,3.5880563259124756,3.568891763687134
F114S,3.18594810381667,3.0530927181243896,2.9753315448760986,3.2104175090789795,2.9701004028320312
F114Y,3.67093203482,3.613600969314575,3.6944243907928467,3.569049119949341,3.5455732345581055
E115K,3.69856771612333,3.5591065883636475,3.793628215789795,3.5330631732940674,3.553356409072876
E115A,3.61368380277333,3.6938881874084473,3.7428834438323975,3.616706132888794,3.567063093185425
E115G,3.251558379182,3.6833879947662354,3.6184074878692627,3.560082197189331,3.6093461513519287
E115V,3.7284539465300006,3.5893197059631348,3.664220094680786,3.621342182159424,3.6784632205963135
G116A,3.5011820250300003,3.464569091796875,3.262044668197632,3.5195674896240234,3.5712625980377197
G116D,3.659193524635,3.283137798309326,3.0681633949279785,2.78718900680542,3.168565511703491
G116C,3.60757215879,3.3972365856170654,3.6717116832733154,3.4842982292175293,3.5597293376922607
D117A,3.752327721065,3.7197022438049316,3.896273612976074,3.619417428970337,3.6436495780944824
D117N,3.75804768063,3.645462989807129,3.7713356018066406,3.657742977142334,3.671412467956543
D117V,3.653319101836,3.660881280899048,3.5698866844177246,3.5785226821899414,3.6246232986450195
D117E,3.69958027714,3.633704423904419,3.8739356994628906,3.651149034500122,3.6793484687805176
D117G,3.7292829892525,3.6133008003234863,3.6973800659179688,3.667043924331665,3.6892902851104736
T118A,3.5803115921733304,3.646526336669922,3.827544927597046,3.613751173019409,3.6276981830596924
T118I,3.62124186881,3.522939920425415,3.9371862411499023,3.6122982501983643,3.587538719177246
T118S,3.67511046054375,3.618417739868164,3.596421718597412,3.66849946975708,3.612926959991455
T118K,3.65919220109,3.7559814453125,3.6634812355041504,3.675586700439453,3.5830554962158203
N121D,3.32217817286429,3.247112274169922,3.002201795578003,2.9645068645477295,3.453970432281494
N121H,3.4110235596450003,3.4692955017089844,2.7867956161499023,3.460331678390503,3.5840156078338623
N121I,3.3093295645850005,3.400080680847168,2.4462966918945312,2.9130959510803223,2.8918821811676025
N121S,3.74623099265368,3.5020318031311035,3.691469192504883,3.5317299365997314,3.617255687713623
N121K,3.4852223266,3.363551139831543,3.194962501525879,3.3800644874572754,3.259782552719116
N121Y,3.306892990885,3.4787285327911377,3.3298428058624268,3.5221974849700928,3.48488187789917
R122L,3.57975645381,3.5658164024353027,3.349055290222168,3.5992581844329834,3.617659091949463
R122S,3.5810599651,3.5748369693756104,3.4059839248657227,3.486781120300293,3.5223281383514404
R122C,3.54408047316,3.6195626258850098,3.681518077850342,3.5778658390045166,3.620826482772827
R122H,3.571098383745,3.5757970809936523,3.6409192085266113,3.585252046585083,3.6090760231018066
I123V,3.69439180397917,3.5566680431365967,3.397770881652832,3.5777318477630615,3.596832036972046
I123A,3.3702217088,3.5739941596984863,3.675236463546753,3.489311933517456,3.535823345184326
I123F,1.30107849185,2.9159507751464844,2.824495315551758,2.7632899284362793,2.951005220413208
I123T,3.49242937661,3.118408441543579,3.172947645187378,3.2561068534851074,3.2923386096954346
I123L,3.56330963172333,3.4578332901000977,3.217445135116577,3.413961887359619,3.345188856124878
E124K,3.727789415755,3.592723846435547,3.1697895526885986,3.410780906677246,3.4684643745422363
E124V,3.69585322197333,3.706847906112671,4.130894660949707,3.6910126209259033,3.6453797817230225
E124A,3.6632894575525,3.6737923622131348,3.9252331256866455,3.6648030281066895,3.6554923057556152
E124G,3.585261218736,3.7344655990600586,3.7255473136901855,3.631736993789673,3.536414623260498
L125Q,1.30652028475,3.423527717590332,2.90811824798584,3.0047974586486816,3.2831907272338867
L125R,1.45340391114,2.910024881362915,1.7762043476104736,2.2939672470092773,2.216794729232788
L125P,1.41321212705333,1.1934552192687988,1.0632009506225586,0.9744799137115479,1.0008203983306885
K126E,3.63755779017643,3.7096848487854004,3.7687718868255615,3.6727278232574463,3.6091365814208984
K126N,3.78591095886,3.6846539974212646,3.8001208305358887,3.5781075954437256,3.622365951538086
K126R,3.69827540454889,3.6033613681793213,3.599100112915039,3.7153732776641846,3.712698459625244
K126Q,3.76500740022,3.6933271884918213,3.991267442703247,3.6588134765625,3.6506571769714355
K126M,3.651223433742,3.6700987815856934,3.841322898864746,3.6373374462127686,3.746457099914551
G127S,3.30619394861,3.1391406059265137,2.5723090171813965,2.4298171997070312,2.8984365463256836
G127D,1.30130831645,3.1925549507141113,2.7470672130584717,3.1130216121673584,3.2001876831054688
G127C,3.526675910955,3.4101784229278564,3.1245157718658447,3.1130659580230713,3.2526941299438477
I128N,3.70034810080857,3.663259983062744,3.4643774032592773,3.5601837635040283,3.5782084465026855
I128S,3.71697449426,3.6137261390686035,3.7346606254577637,3.5645911693573,3.629460096359253
I128T,3.81547867124,3.7127883434295654,3.7515923976898193,3.6568803787231445,3.70196533203125
I128V,3.75981495503273,3.7808523178100586,3.7447781562805176,3.737687110900879,3.7931079864501953
I128M,3.75175417817,3.8515071868896484,3.68170428276062,3.7373244762420654,3.714688301086426
I128A,3.80963566179,3.7217659950256348,3.809282064437866,3.6502485275268555,3.6861491203308105
I128F,3.77988170634,3.550790786743164,3.385751485824585,3.5825467109680176,3.5861730575561523
I128L,3.83430419605,3.819124221801758,3.9576995372772217,3.7221386432647705,3.7352805137634277
D129N,3.66845264699,3.6657485961914062,3.688817262649536,3.5411226749420166,3.6824493408203125
D129G,3.795956243080001,3.4842772483825684,3.4142069816589355,3.531940460205078,3.4897148609161377
D129E,3.677994315845,3.5769357681274414,3.5536580085754395,3.5707387924194336,3.580728530883789
D129A,3.649634866215,3.627537727355957,3.6477742195129395,3.585697889328003,3.6456475257873535
D129Y,3.724826615265,3.713289260864258,3.8550424575805664,3.598721981048584,3.5603084564208984
D129V,3.5292086432157097,3.5349602699279785,3.848407030105591,3.573983669281006,3.553337812423706
F130I,3.6286544552925,3.5533409118652344,3.4788873195648193,3.526301622390747,3.592526435852051
F130L,3.63850633158875,3.4868056774139404,3.3637325763702393,3.5333943367004395,3.4778571128845215
F130S,1.45810154949,2.5674426555633545,2.830487012863159,2.742835283279419,2.77769136428833
F130C,3.54530543657,3.5307934284210205,3.0559659004211426,3.535167932510376,3.46770977973938
F130Y,3.48445527007,3.6368565559387207,3.43747878074646,3.5498335361480713,3.662719964981079
F130V,3.5155594973300004,3.560023546218872,3.471811294555664,3.4671614170074463,3.357760429382324
K131T,3.6441437046300007,3.699363946914673,3.7698731422424316,3.682929754257202,3.5616214275360107
K131E,3.58867353438533,3.685778856277466,4.013030052185059,3.6411123275756836,3.6308226585388184
K131Q,3.70352414264,3.6856131553649902,3.7840230464935303,3.702007532119751,3.6462039947509766
K131R,3.69216198412727,3.684147834777832,3.593360185623169,3.6669201850891113,3.6506662368774414
K131M,3.67683601962,3.6076934337615967,3.597959280014038,3.6357500553131104,3.6743431091308594
E132K,3.67345136394,3.5101709365844727,3.449068546295166,3.201713800430298,3.4381561279296875
E132V,3.6811944856075,3.66485857963562,3.6128554344177246,3.762960433959961,3.720886707305908
E132A,3.70599909897,3.59442400932312,3.788776397705078,3.601148843765259,3.653996229171753
E132G,3.59007527006444,3.660675048828125,3.898672580718994,3.7519662380218506,3.750049591064453
D133G,3.66616232797583,3.5617287158966064,3.636305570602417,3.5900492668151855,3.589622735977173
D133E,3.64893098662,3.5418636798858643,3.716377019882202,3.58445143699646,3.6174187660217285
D133Y,3.58898690881,3.58602237701416,3.5307822227478027,3.534714460372925,3.559725522994995
D133A,3.54090469679,3.587146282196045,3.537275552749634,3.6543450355529785,3.6023311614990234
D133V,3.595258045146,3.593841791152954,3.730865478515625,3.6529784202575684,3.6115524768829346
D133N,3.50379067405,3.603018283843994,3.605835437774658,3.6047561168670654,3.558044195175171
D133H,3.63114369568,3.5131137371063232,3.47701096534729,3.5827014446258545,3.662828207015991
G134C,3.7510042,3.694762706756592,4.2686872482299805,3.588136911392212,3.646782875061035
G134D,3.5666237033450003,3.4447457790374756,3.4816081523895264,3.453730344772339,3.545588731765747
G134R,3.56400683482,3.554744005203247,3.161928415298462,3.557217597961426,3.417062520980835
G134S,3.69390274578,3.595768451690674,3.5064661502838135,3.580183744430542,3.639909267425537
N135H,3.5526740127199994,3.665269613265991,3.8841488361358643,3.6774215698242188,3.6725552082061768
N135I,3.6031006691125,3.718048334121704,3.8211140632629395,3.678163766860962,3.604759931564331
N135D,3.649604311218,3.6917662620544434,3.8320584297180176,3.5987038612365723,3.636991500854492
N135Y,3.660705152636,3.7098817825317383,3.742030620574951,3.6724853515625,3.5939385890960693
N135T,3.54491483548,3.591585874557495,3.6986725330352783,3.614042282104492,3.649937152862549
N135S,3.695385588412,3.649080991744995,3.348569393157959,3.612632989883423,3.593334436416626
I136V,3.69501617471111,3.6063051223754883,3.6862940788269043,3.5795977115631104,3.6302809715270996
I136M,3.51471729097,3.595248222351074,3.710921049118042,3.6205968856811523,3.5947558879852295
I136N,3.43831082978,3.5868546962738037,3.3537395000457764,3.4567975997924805,3.567255973815918
I136T,3.57771059390278,3.5716328620910645,4.043856620788574,3.631563425064087,3.588121175765991
I136F,3.47728884147,3.6885790824890137,3.511855363845825,3.62298321723938,3.6003544330596924
L137R,3.673062343405,2.3266830444335938,2.2400288581848145,2.5903427600860596,1.7280555963516235
L137Q,3.5265962311180004,3.3114752769470215,2.7930803298950195,3.239893674850464,3.2620043754577637
L137M,3.81896977659,3.586138963699341,3.6517574787139893,3.6674041748046875,3.7504544258117676
L137P,1.7555343389500002,3.3736281394958496,2.984780788421631,3.4484755992889404,3.591721296310425
G138W,3.5837988809099994,3.564086437225342,3.2967891693115234,3.5803284645080566,3.5952694416046143
G138V,3.34210429243,3.685760974884033,3.6923227310180664,3.6150009632110596,3.636742353439331
G138E,3.64779462931,3.550161838531494,3.7020318508148193,3.5729191303253174,3.654446601867676
G138A,3.6586963561300014,3.6009292602539062,3.582399606704712,3.5825188159942627,3.5882344245910645
G138R,3.680490569235,3.6887874603271484,3.735624074935913,3.608281135559082,3.617233991622925
H139Y,3.5882896325066698,3.7068305015563965,3.507214069366455,3.6276321411132812,3.6170544624328613
H139P,3.3926099727700003,3.244097948074341,3.19757080078125,3.1479804515838623,3.237368106842041
H139R,3.70796873085625,3.483690023422241,2.7943339347839355,3.2749557495117188,3.1348440647125244
H139L,3.66206463301,3.5421154499053955,3.678759813308716,3.5638182163238525,3.547894239425659
K140E,3.648879311168,3.5366203784942627,3.716890811920166,3.5078015327453613,3.584345579147339
K140M,3.698616991215,3.6336140632629395,4.14724063873291,3.624277114868164,3.6652770042419434
K140Q,3.66929116137,3.622873306274414,3.859104871749878,3.696011543273926,3.6700713634490967
K140V,3.55955524409,3.674163579940796,3.8835229873657227,3.672349691390991,3.6833531856536865
K140R,3.7264279582572697,3.7473673820495605,3.8068532943725586,3.664294719696045,3.657975673675537
L141Q,3.44238121446333,3.5216872692108154,3.8542654514312744,3.533022403717041,3.567477226257324
L141P,3.3151147808525003,3.0420148372650146,2.7222743034362793,2.5080578327178955,2.6363162994384766
E142A,3.68504628914,3.6272618770599365,3.796516180038452,3.6277966499328613,3.769042730331421
E142D,3.750467000095,3.658067226409912,4.045767307281494,3.5900988578796387,3.681189775466919
E142G,3.68258851787917,3.648618698120117,3.8624019622802734,3.6049911975860596,3.623373031616211
E142V,3.66235892252714,3.755825996398926,3.8354339599609375,3.6998376846313477,3.6768221855163574
E142K,3.66257678297,3.602032423019409,3.7299039363861084,3.6402008533477783,3.620872974395752
Y143D,3.5600827375,3.507880449295044,3.4386491775512695,3.487476348876953,3.5088531970977783
Y143F,3.638083344705,3.4715726375579834,3.1254992485046387,3.406756639480591,3.466007947921753
Y143C,3.6572452238637503,3.5881242752075195,4.024265289306641,3.5591166019439697,3.6313769817352295
Y143H,3.7022792766725,3.630202531814575,3.552370071411133,3.621621608734131,3.5815718173980713
Y143N,3.587591573805,3.5189929008483887,3.268383502960205,3.578347682952881,3.5427768230438232
Y143S,3.60671217228,3.639737129211426,3.493743419647217,3.7541613578796387,3.6543891429901123
N144T,3.71753059157,3.6930956840515137,3.6671175956726074,3.71710205078125,3.78061580657959
N144Y,3.659436783246,3.6792571544647217,3.759312629699707,3.6264290809631348,3.658984661102295
N144D,3.7134090578185694,3.713277816772461,4.007223129272461,3.680814266204834,3.7025625705718994
N144A,3.706058611040001,3.7358531951904297,3.799834728240967,3.713282823562622,3.685957670211792
N144G,3.90655260376,3.383788585662842,3.824673652648926,3.5213987827301025,3.5955703258514404
N144H,3.5394854713633297,3.7283902168273926,3.876800775527954,3.6641502380371094,3.7798826694488525
N144I,3.73657012896,3.618323564529419,3.94620680809021,3.659085750579834,3.7462196350097656
N144S,3.737452513184541,3.7003068923950195,3.776918888092041,3.6698269844055176,3.6764724254608154
Y145C,3.763037627145,3.670602560043335,3.705200672149658,3.6168971061706543,3.702979803085327
Y145S,3.653462459775,3.5237276554107666,3.762993335723877,3.5332868099212646,3.5267269611358643
Y145N,3.648220654018,3.495612382888794,3.6986260414123535,3.491331100463867,3.3606326580047607
Y145L,3.803737540765,3.60882568359375,3.5931994915008545,3.581007719039917,3.6475093364715576
Y145F,3.716430868705,3.7363858222961426,3.629894256591797,3.651092290878296,3.710007429122925
Y145D,3.553724961555,3.5557668209075928,3.5826618671417236,3.5285587310791016,3.581589460372925
Y145H,3.63229527837286,3.700899600982666,3.7919628620147705,3.6725802421569824,3.6824309825897217
N146Y,3.703602400312,3.6347076892852783,3.909188985824585,3.644014358520508,3.656071424484253
N146D,3.69458670495,3.6673197746276855,3.886443853378296,3.663039207458496,3.6740105152130127
N146S,3.73257135021857,3.643052101135254,3.6176295280456543,3.647080421447754,3.649942398071289
N146K,3.57928212878,3.7120769023895264,3.484790802001953,3.5433568954467773,3.640744209289551
N146I,3.6743309322757103,3.7210071086883545,3.803730010986328,3.658033847808838,3.7162399291992188
N146H,3.72963355986,3.717259645462036,3.615072727203369,3.6890950202941895,3.6669366359710693
N146T,3.76960502731,3.6550424098968506,3.5150504112243652,3.6242260932922363,3.6016764640808105
S147R,3.73397484724,3.5399348735809326,3.955728054046631,3.5801432132720947,3.473874807357788
S147N,3.74357125596,3.6283631324768066,4.212596416473389,3.6464240550994873,3.589597702026367
S147C,3.62288327866,3.7622246742248535,3.7917728424072266,3.648185968399048,3.6437432765960693
S147G,3.68435632900222,3.634092092514038,4.103085994720459,3.6913809776306152,3.728555679321289
H148R,3.5554129750942898,3.3169479370117188,3.534332752227783,3.5855860710144043,3.678096294403076
H148Q,3.63346955388,3.5859203338623047,3.2692909240722656,3.484917163848877,3.677762985229492
H148P,3.218522784385,2.8532721996307373,2.7480998039245605,3.3466339111328125,3.240865468978882
H148N,3.71924919339,3.5061066150665283,3.6643950939178467,3.5573880672454834,3.584510087966919
H148Y,3.5580279795125,3.5790605545043945,3.997197151184082,3.5907087326049805,3.641651153564453
H148L,3.4356488997933297,3.581490993499756,4.029818058013916,3.5999197959899902,3.646263837814331
N149H,3.66514608527333,3.579129457473755,3.623196601867676,3.5909957885742188,3.702603816986084
N149I,3.614389853595,3.4823191165924072,3.117262125015259,3.5547850131988525,3.5033841133117676
N149D,3.74807029442636,3.5396647453308105,3.4830262660980225,3.676910400390625,3.546769142150879
N149Y,3.649548735826,3.5903193950653076,3.7083089351654053,3.5243518352508545,3.6045031547546387
N149T,3.678550136125,3.6425423622131348,3.9243223667144775,3.567387580871582,3.6869633197784424
N149S,3.6487910025776897,3.7018990516662598,3.7101495265960693,3.7410030364990234,3.678504705429077
V150I,3.78401025256,3.3905677795410156,3.3136043548583984,3.5423624515533447,3.5898211002349854
V150G,3.49795266042,3.4615683555603027,3.625532388687134,3.647258758544922,3.5351908206939697
V150A,3.636419772039,3.538766860961914,3.900550603866577,3.5565454959869385,3.7031428813934326
Y151H,3.66999197679143,3.696847915649414,3.8473660945892334,3.6677699089050293,3.741670608520508
Y151D,3.64157589141,3.641618013381958,3.5606935024261475,3.651766300201416,3.6287853717803955
Y151F,3.69040176653,3.6453869342803955,3.490591526031494,3.667191982269287,3.6520767211914062
Y151S,3.59936331976,3.6698105335235596,3.543367862701416,3.7191269397735596,3.6719021797180176
Y151N,3.66318802565333,3.537036657333374,3.695876121520996,3.5528416633605957,3.539415121078491
Y151C,3.60891725251333,3.718705177307129,3.290550947189331,3.6822686195373535,3.644287109375
I152F,3.116908720706669,3.435748338699341,3.6628217697143555,3.18300461769104,2.968327522277832
I152T,3.4495691126,3.4390981197357178,3.446033239364624,3.5144522190093994,3.370222568511963
I152V,3.72633993437167,3.5822594165802,3.7043423652648926,3.608753204345703,3.583359956741333
M153T,3.706908264655,3.7204084396362305,3.901258945465088,3.7022976875305176,3.7712655067443848
M153L,3.689192475418,3.7740986347198486,3.8548519611358643,3.6785593032836914,3.7112293243408203
M153R,3.66223123144,3.297400712966919,2.9390788078308105,3.309420347213745,3.1064233779907227
M153K,3.663757142826,3.6815223693847656,3.687344551086426,3.615358829498291,3.6839821338653564
M153I,3.749930640687501,3.6531407833099365,3.7245190143585205,3.599058151245117,3.6717689037323
M153V,3.73948176913625,3.6079306602478027,3.4802141189575195,3.7644286155700684,3.6974353790283203
A154V,3.56825492132667,3.6327619552612305,3.6609749794006348,3.632394790649414,3.598982095718384
A154T,3.72468057278667,3.4460368156433105,3.5028741359710693,3.31081223487854,3.5176146030426025
D155N,3.73659291119,3.5867512226104736,3.5967953205108643,3.6075687408447266,3.6012845039367676
D155G,3.6738018759323503,3.581954002380371,3.7970566749572754,3.621516466140747,3.6048476696014404
D155E,3.60915150541,3.717137575149536,3.819051742553711,3.7598519325256348,3.682093620300293
D155A,3.74470079483,3.617656946182251,3.793236494064331,3.5904226303100586,3.63818097114563
D155V,3.538022139084,3.581099033355713,3.5906691551208496,3.72442364692688,3.660390615463257
K156R,3.71091878228714,3.6215858459472656,3.3735835552215576,3.605074644088745,3.564333200454712
K156Q,3.672926189015,3.652878522872925,3.919192314147949,3.61635422706604,3.621870517730713
K156M,3.613670846916,3.733443021774292,3.4856603145599365,3.7264440059661865,3.7300074100494385
K156I,3.5755440858699994,3.671887159347534,3.6932742595672607,3.7078006267547607,3.7247934341430664
K156E,3.71788093424214,3.6078245639801025,3.2535812854766846,3.6199259757995605,3.5784151554107666
Q157L,3.6988970144466697,3.6772327423095703,4.141153335571289,3.531087636947632,3.6199440956115723
Q157H,3.6798330708,3.548495054244995,4.278528213500977,3.589674472808838,3.718423366546631
Q157P,3.66697983729,3.414107084274292,3.3758418560028076,3.2991225719451904,3.4960601329803467
Q157R,3.685849532947272,3.2637839317321777,3.4562184810638428,3.0516183376312256,3.4877982139587402
K158G,4.11357579525,3.683316946029663,3.526201009750366,3.643258810043335,3.6817522048950195
K158M,3.73278679000286,3.6856820583343506,3.3407552242279053,3.7569196224212646,3.6926076412200928
K158E,3.781251268879,3.689114570617676,3.5904226303100586,3.732039213180542,3.688204526901245
K158Q,3.63475190882,3.7334868907928467,3.809144973754883,3.7206990718841553,3.6834263801574707
K158N,3.73106314979,3.7407073974609375,3.849297046661377,3.755549430847168,3.786287307739258
K158V,3.95633875726,3.732991933822632,3.5340821743011475,3.7614188194274902,3.7275466918945312
K158R,3.74305723379533,3.69002628326416,4.091535568237305,3.667433261871338,3.637890338897705
N159D,3.749873167951,3.590602397918701,3.608611822128296,3.6554007530212402,3.608853578567505
N159Y,3.60186058507,3.4028849601745605,3.69650936126709,3.5800015926361084,3.5340330600738525
N159V,3.49197536559,3.5884056091308594,3.6505916118621826,3.647937059402466,3.6537206172943115
N159K,3.73362544434,3.3588366508483887,2.9378890991210938,2.950927972793579,3.384453058242798
N159S,3.6774662754294094,3.605426073074341,3.4039289951324463,3.446132183074951,3.527423858642578
N159I,3.6111219525125,3.5721919536590576,3.582690715789795,3.516265869140625,3.513106107711792
N159H,3.5439769414599995,3.5340476036071777,3.9054481983184814,3.6411874294281006,3.6513521671295166
G160V,3.59553062936,3.5506744384765625,3.7664132118225098,3.491753578186035,3.592393398284912
G160C,3.66694142101,3.6915364265441895,3.9822051525115967,3.6768503189086914,3.6604862213134766
G160D,3.72442794925667,3.3927958011627197,3.193899631500244,3.5534849166870117,3.590798854827881
G160S,3.6907037768875,3.6892967224121094,4.237675666809082,3.6528477668762207,3.689617395401001
G160R,3.67875572665,3.293292284011841,3.0518112182617188,3.1537458896636963,3.29992413520813
I161V,3.776799880118,3.5694081783294678,4.102469444274902,3.608994483947754,3.648054599761963
I161T,3.609582845058,3.438443183898926,3.5972061157226562,3.4958102703094482,3.5208122730255127
I161S,3.25547008023,3.550524950027466,3.743159532546997,3.5650529861450195,3.481470823287964
I161L,3.686670191025,3.6690280437469482,3.8497748374938965,3.558465003967285,3.6307296752929688
I161G,3.0069563938200004,3.251035213470459,3.5178616046905518,3.4404854774475098,3.3694725036621094
I161F,3.3415335826133297,3.3934669494628906,2.96933650970459,3.3277785778045654,3.0511786937713623
K162T,3.77597432584,3.6332967281341553,3.7271647453308105,3.5918095111846924,3.6707000732421875
K162E,3.7482404635425,3.6034960746765137,3.768263339996338,3.6218490600585938,3.706143379211426
K162R,3.7040343508716695,3.7689356803894043,3.7202553749084473,3.659275770187378,3.6971487998962402
K162Q,3.624155349140002,3.673154354095459,3.7180657386779785,3.6736438274383545,3.789741039276123
K162N,3.7288487277,3.6624484062194824,3.5212433338165283,3.6187362670898438,3.65042781829834
K162M,3.7011668909400006,3.680176258087158,3.7880444526672363,3.707347869873047,3.7012836933135986
V163A,3.8367989063514303,3.634399890899658,3.894857168197632,3.6431338787078857,3.715919017791748
V163M,3.654689546475,3.624864339828491,3.8973450660705566,3.672976493835449,3.6530709266662598
V163G,3.692739616195,3.5343003273010254,3.386784076690674,3.3815016746520996,3.503984212875366
V163E,3.789131896295,3.02860426902771,3.19622802734375,3.0463204383850098,2.9835805892944336
N164G,3.71538186796,3.670736789703369,3.662618637084961,3.5902602672576904,3.632218837738037
N164H,3.6629332525,3.7317516803741455,3.8617212772369385,3.707688808441162,3.678635597229004
N164S,3.6715058252685697,3.687957286834717,3.9399852752685547,3.679506778717041,3.603795289993286
N164I,3.66493276354455,3.6583220958709717,3.720503330230713,3.677323579788208,3.659933567047119
N164Y,3.71539328492615,3.703744649887085,3.63474178314209,3.6043121814727783,3.5917699337005615
N164T,3.82960306878,3.686990261077881,3.8141016960144043,3.668715000152588,3.647451877593994
N164D,3.70543552211462,3.6007888317108154,3.6689136028289795,3.6513705253601074,3.655557155609131
F165I,3.596578582094,3.5512330532073975,3.762071371078491,3.51122784614563,3.4857993125915527
F165S,3.50534972791125,3.504788637161255,3.7868621349334717,3.227287769317627,3.3804826736450195
F165Y,3.68703078440667,3.5859827995300293,3.533047676086426,3.5548837184906006,3.6265430450439453
F165V,3.67469329347,3.668962240219116,3.8955600261688232,3.6279335021972656,3.6337735652923584
F165C,3.78081899522,3.4883720874786377,3.5895767211914062,3.5275275707244873,3.5815837383270264
F165L,3.5930538141031803,3.6690847873687744,3.9180846214294434,3.6031696796417236,3.662113904953003
F165H,3.43023388944,3.5498008728027344,3.403207540512085,3.519648313522339,3.523158550262451
K166M,3.77485967803667,3.6930058002471924,3.68715238571167,3.670304775238037,3.675419569015503
K166E,3.74082323168615,3.694401502609253,3.721095085144043,3.661346435546875,3.679917097091675
K166Q,3.7169558436,3.7017948627471924,3.801478147506714,3.705796003341675,3.742107629776001
K166R,3.7027035291346095,3.5601179599761963,3.324230432510376,3.5936012268066406,3.5306289196014404
K166N,3.72589521566,3.7982165813446045,3.6872997283935547,3.6603004932403564,3.734154224395752
K166T,3.70715290902,3.6464178562164307,3.9284355640411377,3.744659185409546,3.7297353744506836
I167T,3.70881636901462,3.6430132389068604,3.812282085418701,3.583620309829712,3.639798402786255
I167S,3.71278941297,3.6220197677612305,3.7017111778259277,3.612489700317383,3.552417039871216
I167L,3.6744051888,3.5849061012268066,3.710005044937134,3.5770344734191895,3.6023409366607666
I167M,3.62561143785,3.644047975540161,4.2002739906311035,3.7072010040283203,3.7399888038635254
I167N,3.58776822975333,3.5144460201263428,3.5315301418304443,3.454488515853882,3.0957088470458984
I167F,3.41854001167,2.7804219722747803,2.81589412689209,3.210218667984009,3.0344154834747314
I167V,3.7061050023116704,3.692216396331787,3.937593460083008,3.725705146789551,3.722733974456787
R168S,3.582088690855,3.731654167175293,3.9853100776672363,3.6950109004974365,3.6910347938537598
R168L,3.654187070505,3.682985544204712,3.6924118995666504,3.54715633392334,3.629075288772583
R168H,3.80035672146,3.56785249710083,3.6265196800231934,3.5996439456939697,3.600485324859619
R168C,3.74410334181,3.599181652069092,3.5072269439697266,3.5963525772094727,3.6387150287628174
R168G,3.79753119086,3.620999574661255,3.8536291122436523,3.6238508224487305,3.5861895084381104
H169R,1.5792774907,2.4443397521972656,1.8728439807891846,1.890848159790039,1.6739412546157837
H169P,1.3010299985299998,2.534153938293457,2.6109824180603027,2.7223918437957764,2.604064702987671
H169Y,3.60251855547333,3.3493869304656982,3.361355781555176,3.2481157779693604,3.525352954864502
H169L,3.64725751058429,3.5046467781066895,2.867405414581299,3.121103525161743,3.5257558822631836
N170G,3.49862962822,3.6868298053741455,3.39642071723938,3.6363987922668457,3.728968381881714
N170H,3.67091019235,3.74198579788208,3.533564805984497,3.7167601585388184,3.6870603561401367
N170I,3.7063723768266703,3.607485294342041,3.6091654300689697,3.631981134414673,3.655601978302002
N170D,3.76405186882611,3.6160261631011963,3.7123327255249023,3.5928890705108643,3.6462342739105225
N170T,3.75462700228,3.7348153591156006,3.4310708045959473,3.676994800567627,3.739515542984009
N170Y,3.674665358934,3.6151115894317627,3.842003107070923,3.6232924461364746,3.676516056060791
N170K,3.69732465948,3.638500213623047,3.533252239227295,3.5572962760925293,3.6475918292999268
N170S,3.686140223042,3.6191318035125732,3.4418797492980957,3.65250301361084,3.713716983795166
I171N,3.7336593820725,3.7103090286254883,3.8723652362823486,3.7901499271392822,3.8053059577941895
I171L,3.8043554631,3.625988006591797,3.6066906452178955,3.6670336723327637,3.6656737327575684
I171V,3.702042018408,3.6959803104400635,3.6268229484558105,3.6282947063446045,3.696617364883423
I171F,3.60827376683833,3.7623701095581055,3.6635987758636475,3.815311908721924,3.883049964904785
I171T,3.79198205630429,3.647796154022217,3.7280611991882324,3.595571756362915,3.7140707969665527
I171S,3.7805472654825,3.6146328449249268,3.931663990020752,3.6553101539611816,3.5939764976501465
E172G,3.7250441380235695,3.628720998764038,3.8547110557556152,3.6457715034484863,3.658914804458618
E172A,3.65059464525,3.725837230682373,3.6292777061462402,3.653005838394165,3.6725196838378906
E172V,3.635993987245,3.655524253845215,3.479543924331665,3.6747894287109375,3.641885280609131
E172K,3.69071516542,3.709224224090576,3.639498472213745,3.6751203536987305,3.6426892280578613
D173G,3.721055574069,3.460456609725952,3.846125364303589,3.6064460277557373,3.586214780807495
D173A,3.61370722282,3.491652011871338,3.5614633560180664,3.5622668266296387,3.558396339416504
D173H,3.65992902509,3.516116142272949,3.585824489593506,3.58651065826416,3.4909300804138184
D173N,3.69531419995,3.648383140563965,3.6810600757598877,3.628720998764038,3.625947952270508
D173V,3.575148416946,3.5896854400634766,3.606712818145752,3.6180481910705566,3.629957437515259
G174C,3.61136187495667,3.713242530822754,3.6235437393188477,3.620637893676758,3.6633896827697754
G174D,3.67935501632,3.5360336303710938,3.8883728981018066,3.5495636463165283,3.5656216144561768
G174S,3.6018201055000003,3.4651601314544678,3.3983371257781982,3.5452988147735596,3.5312905311584473
S175T,4.0079749859,3.7131507396698,4.0417890548706055,3.68493390083313,3.6320154666900635
S175R,3.73173411327,3.718101739883423,3.9431707859039307,3.6852588653564453,3.803683280944824
S175G,3.73778415115071,3.6710546016693115,3.756175994873047,3.660550594329834,3.6400787830352783
S175C,3.74871662597667,3.7634804248809814,3.99056077003479,3.797759771347046,3.8200254440307617
S175N,3.619489685045,3.577587366104126,3.5073401927948,3.5950517654418945,3.581714630126953
V176L,3.67060625606,3.625631809234619,4.453822135925293,3.6763999462127686,3.841395139694214
V176M,3.6930399005433294,3.620785713195801,3.808331251144409,3.649350166320801,3.6282036304473877
V176A,3.70381828268071,3.574104070663452,4.116367816925049,3.5859718322753906,3.6665568351745605
V176E,3.69980874107714,3.6335766315460205,3.252546787261963,3.529918909072876,3.5660502910614014
V176G,3.664746418325,3.583975315093994,3.3809456825256348,3.653097152709961,3.452317714691162
Q177R,3.4297376785516698,3.078852653503418,3.318101644515991,2.6725292205810547,3.38179874420166
Q177L,3.764545058865,3.352480888366699,3.7012288570404053,3.113983631134033,3.5026495456695557
L178P,3.64791301313692,2.994460105895996,3.1882846355438232,3.256676435470581,3.5103096961975098
L178I,3.81283242906,3.8670504093170166,3.936084270477295,3.6449570655822754,3.6616663932800293
L178R,3.65024321702,3.418191909790039,3.3702950477600098,3.536175489425659,3.6058640480041504
L178V,3.88860160002,3.708190679550171,3.914717197418213,3.64333438873291,3.7329649925231934
L178H,3.698416550466,3.440338611602783,3.544175386428833,3.67728328704834,3.6451258659362793
L178F,3.693019944515,3.585843324661255,3.369155168533325,3.537055492401123,3.313866138458252
A179P,1.6180266493200002,2.9417223930358887,2.258678913116455,3.4224071502685547,3.218468189239502
A179S,3.6042418866,3.525372266769409,3.5601158142089844,3.5777690410614014,3.6035139560699463
A179T,3.616657521968,3.642014741897583,4.06834602355957,3.6461668014526367,3.735149621963501
A179V,3.69130811916,3.6499712467193604,3.7567031383514404,3.6567726135253906,3.619234323501587
D180A,3.5885878109800005,3.5628445148468018,3.4817657470703125,3.6847150325775146,3.640303611755371
D180G,3.6090130540125,3.7011783123016357,3.648165225982666,3.584184169769287,3.717524528503418
D180E,3.74301019896,3.551473379135132,3.4456980228424072,3.5286152362823486,3.524156332015991
D180V,3.53647039066,3.5578203201293945,3.0356249809265137,3.5965206623077393,3.543363571166992
D180Y,3.63512240984,3.4932775497436523,3.951097249984741,3.613656997680664,3.704735279083252
D180N,3.719334200885,3.5568299293518066,3.612968921661377,3.6681270599365234,3.6819496154785156
D180H,3.66680830767,3.610173225402832,3.781118392944336,3.6502575874328613,3.6812734603881836
H181Y,3.5590924341199988,3.113409996032715,3.0243494510650635,3.404513359069824,3.626746892929077
H181L,3.384954358156,2.5493597984313965,2.1673800945281982,2.9623093605041504,3.4929401874542236
H181N,3.52879350515,3.227191686630249,2.8811869621276855,3.3899872303009033,3.626382350921631
H181P,1.66064912466,2.3916842937469482,2.152614116668701,2.137770175933838,2.2663772106170654
H181Q,3.66722657968333,3.2206337451934814,3.1361398696899414,3.5418741703033447,3.4799509048461914
H181R,1.49327458652,2.67572283744812,2.8816161155700684,3.2096829414367676,3.1004247665405273
Y182S,3.58833176987,3.662719249725342,3.6684014797210693,3.5656890869140625,3.555161714553833
Y182H,3.6554099070357102,3.4693446159362793,3.3902721405029297,3.5876097679138184,3.672794818878174
Y182F,3.700307806162,3.371788740158081,3.571455478668213,3.5980794429779053,3.628340244293213
Y182C,3.70463514642571,3.686805248260498,3.4922893047332764,3.661417007446289,3.5830085277557373
Y182N,3.62982792539,3.3080010414123535,2.987117290496826,3.387641191482544,3.4318771362304688
Q183L,1.44235695994,3.5698611736297607,3.0731418132781982,3.263185977935791,3.5083470344543457
Q183R,1.40386785463,2.088092803955078,2.115159511566162,1.858690619468689,1.607995867729187
Q184L,3.6926675635300006,3.773639440536499,3.8365066051483154,3.7453970909118652,3.7954630851745605
Q184R,3.770379103534,2.8484063148498535,2.229968547821045,2.4074463844299316,2.1709604263305664
Q184P,1.30106518596,3.279268503189087,2.8888654708862305,3.526639223098755,3.601566791534424
N185S,3.638504715457,3.514878988265991,3.622406482696533,3.5361697673797607,3.501337766647339
N185I,3.65142984725,3.5466015338897705,3.557816982269287,3.5278372764587402,3.4327502250671387
N185Y,3.12743261397,3.64174222946167,3.2089803218841553,3.580101490020752,3.5497539043426514
N185T,3.62714853618,3.5870413780212402,3.845611095428467,3.602703094482422,3.6284542083740234
N185D,3.629205441557141,3.557814598083496,3.6771280765533447,3.5848820209503174,3.5850377082824707
T186S,3.691978905825,3.645138740539551,3.731039047241211,3.5290133953094482,3.582359552383423
T186A,3.6919243737192295,3.4928643703460693,3.195110321044922,3.5561141967773438,3.5807251930236816
P187T,3.73186623371,3.54062819480896,3.710667610168457,3.6102592945098877,3.593327283859253
P187S,3.72605043188,3.5731754302978516,3.785090684890747,3.5977706909179688,3.5616002082824707
P187L,3.587261260735,3.618638038635254,3.6805872917175293,3.6570401191711426,3.6548409461975098
P187H,3.53334178578,3.633207082748413,3.845018148422241,3.626453161239624,3.6789135932922363
I188L,3.75476334592,3.790539503097534,3.6219797134399414,3.6550819873809814,3.6873443126678467
I188F,3.65847951154455,3.7426023483276367,3.978264808654785,3.756434917449951,3.7218666076660156
I188A,3.75955078576,3.636042356491089,3.5254409313201904,3.604417324066162,3.6776506900787354
I188N,3.709523629604,3.6376121044158936,3.4740734100341797,3.6101038455963135,3.5632529258728027
I188S,3.61007137759,3.6324985027313232,3.443465232849121,3.7313170433044434,3.6159183979034424
I188T,3.68433116082,3.5824551582336426,3.4215567111968994,3.576288938522339,3.619642972946167
I188V,3.76210523671286,3.6494393348693848,3.992079019546509,3.699369430541992,3.744974374771118
G189S,3.710405546526,3.586484432220459,3.5617527961730957,3.58327579498291,3.5753417015075684
G189D,3.6672788710300006,3.246166944503784,3.371891498565674,3.387145519256592,3.5166356563568115
G189C,3.83452065015,3.6493732929229736,3.976567268371582,3.613187789916992,3.6238784790039062
G189A,3.39570076792,3.587062358856201,3.5006942749023438,3.6218810081481934,3.571971893310547
D190N,3.649349499335,3.6103127002716064,3.421912908554077,3.60284161567688,3.602318048477173
D190A,3.62136710372,3.6770992279052734,3.753202199935913,3.594839096069336,3.6622726917266846
D190V,3.687837178846,3.5436201095581055,3.818834066390991,3.6158528327941895,3.5802059173583984
D190G,3.71195957091,3.575000047683716,3.475609540939331,3.5841901302337646,3.5822577476501465
G191C,3.7011637001275,3.7454380989074707,4.365144729614258,3.622774124145508,3.835846424102783
G191D,3.64851098675,3.5258350372314453,3.205944776535034,3.4323787689208984,3.482954978942871
G191S,3.671933639736,3.77512788772583,3.86476731300354,3.68217134475708,3.732344388961792
G191V,3.8231935446900014,3.459221363067627,3.910630226135254,3.6162378787994385,3.688692331314087
G191A,3.4568707897500004,3.656083345413208,3.85261607170105,3.674475908279419,3.69917368888855
P192T,3.66914641994,3.6586287021636963,3.5908308029174805,3.586638927459717,3.7167272567749023
P192H,3.6221055008566703,3.7121782302856445,3.281724691390991,3.608689069747925,3.6353118419647217
P192L,3.72231738361667,3.691206216812134,4.275209903717041,3.6065797805786133,3.6149284839630127
P192S,3.67749541748667,3.6207125186920166,3.465541124343872,3.6293582916259766,3.6346499919891357
V193M,3.71919997060667,3.71266770362854,3.707819700241089,3.675022602081299,3.680494785308838
V193A,3.68774187558,3.550252676010132,3.8314197063446045,3.627821207046509,3.6377670764923096
V193L,3.6379227447033298,3.648486852645874,4.084178447723389,3.6740524768829346,3.788834810256958
V193G,3.77359419394,3.427011728286743,3.3168704509735107,3.5981690883636475,3.592242956161499
V193E,3.62848676767143,3.6239538192749023,3.190350294113159,3.4917192459106445,3.346224308013916
L194P,3.65886499949125,3.4728033542633057,3.286717176437378,3.3471834659576416,3.4427618980407715
L194R,3.65683190371,3.546224594116211,3.698577642440796,3.6890814304351807,3.8169925212860107
L194Q,3.7123236751725,3.0056145191192627,4.362549781799316,3.619760274887085,3.431211233139038
L195R,3.64177523545,3.5925776958465576,3.2369797229766846,3.613572835922241,3.3397064208984375
L195Q,3.632777135452,3.4567067623138428,3.1337890625,3.581603527069092,3.4165427684783936
L195M,3.7534504301,3.644425868988037,4.137596607208252,3.729090452194214,3.7648792266845703
L195P,3.55880122896429,3.592200994491577,3.0275492668151855,3.546077013015747,3.5638859272003174
L195V,3.56976397378667,3.6662046909332275,4.090969085693359,3.739506483078003,3.7253620624542236
P196L,3.52711570184,3.7406678199768066,3.8654704093933105,3.6389451026916504,3.6685357093811035
P196A,3.617753789475,3.6727046966552734,3.0195062160491943,3.6262989044189453,3.7635741233825684
P196S,3.53141442619,3.5980420112609863,3.779575824737549,3.5703911781311035,3.5847103595733643
P196T,3.577325037505,3.540174961090088,3.298449993133545,3.577937602996826,3.554382801055908
D197N,3.705274045288,3.6211295127868652,3.7820193767547607,3.6600117683410645,3.6184191703796387
D197G,3.72764328946545,3.446047306060791,3.2988085746765137,3.572894334793091,3.6010570526123047
D197E,3.69136526016,3.6346781253814697,3.654552698135376,3.649519443511963,3.6599388122558594
D197V,3.73338899253429,3.5882177352905273,3.7392094135284424,3.572103977203369,3.620697021484375
D197A,3.68954529297333,3.6155545711517334,3.9096174240112305,3.6002230644226074,3.6332902908325195
D197Y,3.59250950361,3.6084015369415283,3.861360549926758,3.6018192768096924,3.64503812789917
N198D,3.797525664001,3.6021382808685303,3.39239501953125,3.595412015914917,3.556750774383545
N198T,3.59480564995,3.640887975692749,3.861609697341919,3.676485300064087,3.7598354816436768
N198Y,3.569570084915,3.6203935146331787,3.776597261428833,3.619154930114746,3.6212329864501953
N198H,3.74262824842,3.65347957611084,3.838167667388916,3.675886392593384,3.726781129837036
N198S,3.76287563826429,3.5745933055877686,3.5261478424072266,3.6620874404907227,3.6722378730773926
N198K,3.658427054080002,3.574101686477661,3.5716664791107178,3.5960350036621094,3.5858941078186035
N198I,3.690305015054,3.618171215057373,3.2461025714874268,3.6074650287628174,3.66916561126709
H199Y,3.52885403439,3.4853556156158447,3.3082351684570312,3.093040943145752,3.5650885105133057
H199R,1.57174180849667,2.1172447204589844,2.27455997467041,2.351330280303955,2.776118278503418
H199P,1.53783532158,2.307202100753784,2.8310697078704834,2.4429755210876465,3.0869932174682617
H199L,3.292726375016,3.1668238639831543,3.08309006690979,3.407942533493042,3.261138916015625
Y200C,3.692282034645,3.682217836380005,3.6678428649902344,3.640530586242676,3.6820502281188965
Y200D,3.2081455731299995,3.636039972305298,3.554013729095459,3.607628583908081,3.5802409648895264
Y200F,3.73414805968125,3.356788158416748,3.3504345417022705,3.4332094192504883,3.6528286933898926
Y200H,3.65832487850833,3.714768171310425,3.8332479000091553,3.5832605361938477,3.540817975997925
Y200S,3.648596165880001,3.014392852783203,3.1002726554870605,3.3670341968536377,3.542959451675415
Y200N,3.612972493732,3.047736167907715,3.44496488571167,3.4211699962615967,3.4642128944396973
L201Q,3.5528536490271403,2.8913094997406006,2.669837474822998,2.766389846801758,2.868812084197998
L201H,3.34748486939,3.0797088146209717,3.1357579231262207,2.7063097953796387,3.0577144622802734
L201P,1.589400006245,3.2827608585357666,2.7902486324310303,3.1949357986450195,3.095283269882202
L201R,1.3271995788200002,3.386803150177002,3.0080480575561523,3.168698310852051,3.01993465423584
S202I,3.632484111765,3.6860432624816895,3.543849229812622,3.6893889904022217,3.4247219562530518
S202R,3.698090494752,3.337663412094116,3.1446890830993652,3.2589781284332275,2.8402698040008545
S202T,3.681730611475,3.569632053375244,3.4876058101654053,3.5645008087158203,3.484184503555298
S202N,3.748605201175,3.615617275238037,3.6402909755706787,3.60249924659729,3.5706682205200195
S202G,3.63032199642286,3.2925162315368652,3.3287041187286377,3.5453083515167236,3.266108989715576
S202C,3.776162609972,3.6699259281158447,3.6749250888824463,3.5234060287475586,3.601313591003418
T203P,3.41171715431,3.274806499481201,3.098318338394165,3.0589098930358887,3.0607893466949463
T203S,3.470634425685,3.6121652126312256,3.6813113689422607,3.634185791015625,3.6913723945617676
T203I,3.8339493790300008,3.610858917236328,3.2989320755004883,3.415518283843994,3.524897813796997
T203A,3.62508365959857,3.6578099727630615,3.9746618270874023,3.630539894104004,3.641608476638794
Q204R,3.69060937427333,2.8760228157043457,2.897156238555908,3.01448392868042,3.488616943359375
Q204L,3.747582213763,3.6501286029815674,3.5135419368743896,3.6432242393493652,3.7459867000579834
Q204H,3.79312030725,3.5041816234588623,3.4471242427825928,3.566375970840454,3.761359214782715
S205A,3.66913514877,3.65059494972229,3.5403249263763428,3.588566541671753,3.626455307006836
S205T,3.731413366994,3.616018533706665,3.5983774662017822,3.5124120712280273,3.6377365589141846
S205P,3.19303348778,3.176995038986206,3.053974151611328,2.6869924068450928,2.5218892097473145
S205F,1.56469500993,3.5444231033325195,3.1958165168762207,3.391014814376831,3.532701015472412
S205C,3.6363637308800008,3.7294514179229736,3.19123911857605,3.6471261978149414,3.4787447452545166
A206G,3.56786456407,3.55513334274292,3.570380926132202,3.607691764831543,3.4196059703826904
A206T,3.791608025115,3.6805315017700195,3.7398085594177246,3.5976433753967285,3.708806037902832
A206S,3.630017863915,3.5325422286987305,3.774351119995117,3.632782220840454,3.5844740867614746
A206V,3.822155736130002,3.7206051349639893,3.8450236320495605,3.686828374862671,3.645798444747925
A206D,3.6179848087,3.6003730297088623,3.750708818435669,3.5073230266571045,3.587123394012451
L207P,3.48651547814857,2.012206554412842,2.216005325317383,2.5599546432495117,2.329960584640503
L207R,1.4695526716299998,3.0849971771240234,3.3050293922424316,3.2847840785980225,3.446211338043213
L207M,3.6877438471800006,3.516219139099121,3.5023727416992188,3.5865139961242676,3.623089075088501
L207Q,3.22793586096,3.3239574432373047,3.248840570449829,3.0872316360473633,2.8623085021972656
S208C,3.7556546331416696,3.7774569988250732,4.371129035949707,3.6918182373046875,3.7219126224517822
S208G,3.667097337592,3.565342426300049,3.459444999694824,3.564568281173706,3.6242682933807373
S208R,3.67583340164,3.5311758518218994,3.5256776809692383,3.4735496044158936,3.474196434020996
S208N,3.617918078125,3.6190969944000244,3.8664846420288086,3.6795125007629395,3.6566526889801025
K209Q,3.6069776614,3.643967866897583,3.4083738327026367,3.660957098007202,3.6319241523742676
K209E,3.595037688315,3.6774203777313232,3.6782162189483643,3.610476493835449,3.634842872619629
K209I,3.655761312035,3.6587817668914795,3.4862475395202637,3.6836650371551514,3.7312655448913574
K209N,3.6518394999166697,3.651707649230957,3.5877907276153564,3.5921695232391357,3.640556573867798
K209T,3.72306023411,3.6107513904571533,3.8381576538085938,3.633126735687256,3.57185435295105
K209S,3.67712582324,3.646185874938965,3.422961950302124,3.6353061199188232,3.6223881244659424
K209R,3.64498377540313,3.6442346572875977,3.4228782653808594,3.583012104034424,3.659877061843872
D210G,2.61387786989,3.511328935623169,3.248124837875366,3.372556686401367,3.4177262783050537
D210V,3.4688006453699995,3.464158535003662,3.460245132446289,3.474221706390381,3.4681875705718994
D210N,3.48421226166,3.407332181930542,3.3438165187835693,3.46142315864563,3.4190804958343506
P211A,3.67561425091,3.56799578666687,3.562338352203369,3.556187629699707,3.610300064086914
P211H,3.58025831183,3.7006478309631348,3.8588674068450928,3.626305341720581,3.6249613761901855
P211S,3.62047063593333,3.564578056335449,3.731045722961426,3.5691192150115967,3.538027763366699
P211T,3.6971414884599993,3.537073850631714,3.6679394245147705,3.596890926361084,3.6001057624816895
N212K,3.7008097101,3.5318784713745117,3.3143622875213623,3.6071109771728516,3.6096913814544678
N212S,3.707070982565,3.7279574871063232,4.168569564819336,3.722531795501709,3.693382978439331
N212I,3.6275496311175,3.6667842864990234,4.05469274520874,3.7205114364624023,3.7280092239379883
N212D,3.711317285957141,3.6231346130371094,3.6968719959259033,3.670917510986328,3.6571221351623535
N212T,3.76595435184,3.6126441955566406,3.795409679412842,3.6573123931884766,3.6188859939575195
N212Y,3.7052734739925,3.6338610649108887,3.8603909015655518,3.691561460494995,3.694065809249878
E213G,1.88290872543,3.4181668758392334,3.040980339050293,3.487575054168701,3.1138405799865723
E213K,1.30147454194,2.931521415710449,2.803131580352783,2.718050479888916,2.737623453140259
E213D,3.5790441984,1.8986009359359741,2.1300668716430664,1.9488505125045776,1.890862226486206
E213V,3.06977809565333,2.028571605682373,2.239269256591797,2.3118202686309814,2.4504215717315674
K214M,3.71423751045,3.669072151184082,3.479212522506714,3.6682987213134766,3.667027235031128
K214R,3.7364544660723102,3.6424145698547363,3.4205355644226074,3.687277317047119,3.6589837074279785
K214T,3.65628992479667,3.647873878479004,3.666748046875,3.6591804027557373,3.60355544090271
K214Q,3.563372142585,3.679425001144409,3.741894245147705,3.6024227142333984,3.622574806213379
K214N,3.5088995252099995,3.5311994552612305,3.3690693378448486,3.585892915725708,3.655642032623291
K214E,3.7196218983575,3.5129244327545166,3.6343276500701904,3.5208497047424316,3.5561046600341797
R215C,3.6280571070125,3.6220407485961914,3.466989040374756,3.5384302139282227,3.640160322189331
R215H,3.61231572769,3.5070905685424805,3.2571961879730225,3.5670037269592285,3.505204677581787
R215L,3.60680115866,3.5739681720733643,3.2999258041381836,3.6594433784484863,3.6171138286590576
R215S,3.50316832294,3.5394465923309326,3.407449245452881,3.6726233959198,3.6136631965637207
D216G,2.63718452213,3.3540592193603516,3.0578460693359375,3.307915210723877,3.379303455352783
D216N,3.37407772806333,3.5372421741485596,3.427168369293213,3.5496678352355957,3.4677040576934814
D216E,3.65037397688833,3.0922927856445312,3.107490301132202,3.022292375564575,3.2008533477783203
H217N,3.5324142976699995,1.9615998268127441,2.1036839485168457,2.4952449798583984,2.671726942062378
H217L,1.30072678465,3.467303514480591,2.566359281539917,3.442552328109741,3.539452314376831
H217P,1.3010299909799998,1.2762494087219238,1.8140393495559692,1.798465609550476,1.8843175172805786
H217R,1.5408206513799998,2.6392650604248047,2.4928317070007324,2.0773682594299316,2.8566465377807617
H217D,1.51093887241,2.734375,2.3679440021514893,2.5238037109375,2.7094998359680176
M218V,3.44010584822375,3.421475410461426,3.411945104598999,3.2722396850585938,3.198582410812378
M218R,1.64193214684,1.9708044528961182,2.714482069015503,1.8410273790359497,2.599353551864624
M218I,3.574279015162,3.6471750736236572,3.5989952087402344,3.4487197399139404,3.7225942611694336
M218K,1.6120929470574998,2.6050024032592773,2.393615245819092,2.703420877456665,2.876093626022339
M218T,3.487575849483,3.4498040676116943,3.1321604251861572,3.3772940635681152,3.337214231491089
M218L,3.6470612876275017,3.361412763595581,3.2902393341064453,3.458620309829712,3.378148317337036
V219D,3.4355521945733303,3.233855724334717,3.236769437789917,2.977342128753662,3.1999032497406006
V219A,3.49325707407333,3.57549786567688,3.657055616378784,3.5090816020965576,3.570324182510376
V219I,3.73398264758,3.30070424079895,3.3636765480041504,3.445523500442505,3.618990421295166
L220P,1.47540460419667,3.0148868560791016,2.6868460178375244,3.158503293991089,2.7032155990600586
L220Q,3.08545271765,3.575470209121704,3.7337517738342285,3.4159796237945557,3.591254472732544
L221Q,3.74560867893,3.434650182723999,3.6941192150115967,3.5451347827911377,3.629347562789917
L221R,3.72440350818,2.794734239578247,3.227106809616089,3.082200527191162,3.1827051639556885
L221V,3.79334655576,3.294480085372925,3.587376832962036,3.56125807762146,3.4863226413726807
E222G,3.1611519800211094,3.5319857597351074,3.788087844848633,3.5211799144744873,3.4823215007781982
E222D,3.50382333806,3.139934778213501,3.184901714324951,3.0703518390655518,3.416604518890381
E222A,3.1508998165400004,3.249027729034424,3.246427297592163,3.294238567352295,3.3561289310455322
F223L,3.682911925362,3.47576642036438,3.3855843544006348,3.5645933151245117,3.5642924308776855
F223S,3.63116889432545,3.5747783184051514,4.0282158851623535,3.6140635013580322,3.5894336700439453
F223I,3.621405764835,3.497894287109375,3.679894208908081,3.5823111534118652,3.553621768951416
F223V,3.70567659522,3.591870069503784,3.766890525817871,3.5525026321411133,3.682908535003662
F223Y,3.792177927330002,3.5547091960906982,3.8029534816741943,3.620607376098633,3.7298450469970703
V224G,3.353277636,3.501307725906372,3.518240213394165,3.589297294616699,3.4139020442962646
V224E,3.199485268645,3.623208522796631,3.495467185974121,3.3240885734558105,3.3875489234924316
V224A,3.535565212423,3.5875916481018066,3.6459083557128906,3.5755085945129395,3.616551399230957
V224L,3.75774692977333,3.4932730197906494,2.98759388923645,3.509934902191162,3.463111162185669
T225S,3.7601636420457103,3.6106221675872803,3.5811288356781006,3.6153247356414795,3.615015745162964
T225P,2.72574018227,3.5690314769744873,3.333831548690796,3.2956929206848145,3.636361598968506
T225N,3.65870135247,3.6675608158111572,3.719022512435913,3.6410393714904785,3.6062796115875244
T225I,3.6210505616,3.5810327529907227,3.48624849319458,3.614917039871216,3.6278879642486572
T225A,3.68571702883529,3.655277729034424,3.659376859664917,3.600979804992676,3.5321044921875
A226V,3.59190800078,3.5361149311065674,3.330324172973633,3.5188517570495605,3.505441904067993
A226T,3.60192333225,3.624512195587158,3.594109058380127,3.4607081413269043,3.58565354347229
A226S,3.5775370072,3.6156957149505615,3.3736050128936768,3.565223217010498,3.5679852962493896
A226D,3.26338117027,3.691084146499634,3.5105397701263428,3.58858323097229,3.539511203765869
A227T,3.728284521005,3.673517942428589,4.102581024169922,3.5163729190826416,3.666491746902466
A227V,3.63948832975,3.5948243141174316,3.659243583679199,3.5053019523620605,3.633516788482666
A227P,3.73116200157,3.452777624130249,3.4634225368499756,3.205596685409546,3.5519979000091553
A227D,3.67945465217333,3.4696969985961914,3.3565428256988525,3.534228801727295,3.2361016273498535
A227S,3.63820589306,3.678770065307617,3.7158336639404297,3.6694562435150146,3.641395092010498
G228V,3.66802720695,3.550546884536743,3.8868894577026367,3.58693528175354,3.7132411003112793
G228E,3.63739516719,3.4192967414855957,3.1627817153930664,3.619199514389038,3.639845848083496
G228R,3.75857662051,3.5846405029296875,3.8042354583740234,3.5581653118133545,3.3252131938934326
G228W,3.69390274355,3.5386674404144287,4.049871444702148,3.485927104949951,3.641641139984131
I229F,3.684486970778,3.4893858432769775,3.3638041019439697,3.615630626678467,3.564828634262085
I229D,3.69109671854,3.5947635173797607,3.84737229347229,3.6043941974639893,3.6026365756988525
I229V,3.66119650012429,3.7957348823547363,3.8217220306396484,3.6277658939361572,3.727597236633301
I229M,3.77433949813,3.7239842414855957,3.677708625793457,3.6498959064483643,3.676497220993042
I229N,3.7034824497575,3.7496559619903564,3.753361940383911,3.5004849433898926,3.6157538890838623
I229T,3.68968596111945,3.7807486057281494,3.8755133152008057,3.574150323867798,3.6739320755004883
T230P,3.7181785917300014,3.549220561981201,3.0575106143951416,3.3152081966400146,3.4367454051971436
T230A,3.69538945853636,3.6945343017578125,3.720546007156372,3.7199079990386963,3.710602283477783
T230S,3.73076704844429,3.6826698780059814,3.628441333770752,3.69755482673645,3.669887065887451
T230I,3.676205812465,3.7366251945495605,3.719890594482422,3.6850852966308594,3.605675220489502
H231R,3.70984227300444,3.475045919418335,3.300994873046875,3.5968410968780518,3.6675190925598145
H231Y,3.83758256564,3.644406318664551,4.397657871246338,3.7147278785705566,3.612696409225464
H231Q,3.73429830393,3.6563892364501953,3.889348268508911,3.675853729248047,3.6946446895599365
H231P,3.785116371535,3.685150384902954,4.005383014678955,3.487684488296509,3.629737615585327
H231N,3.730216742465,3.634822368621826,3.706298589706421,3.619609832763672,3.6684741973876953
H231L,3.6744305885125,3.6529111862182617,3.90571665763855,3.649089813232422,3.7153871059417725
G232C,3.74981497339,3.624171018600464,3.871955156326294,3.513868570327759,3.5573949813842773
G232V,3.78668951857,3.6646666526794434,3.822780132293701,3.6636548042297363,3.6458261013031006
G232R,3.6880170423,3.66813063621521,3.834062099456787,3.652939796447754,3.7523255348205566
G232D,3.781375631465,3.626309871673584,3.7007055282592773,3.5870518684387207,3.5665271282196045
G232S,3.7021604385,3.771306037902832,3.812206268310547,3.633267641067505,3.7817044258117676
G232A,3.7994149902,3.633713722229004,3.7836525440216064,3.6317992210388184,3.770252227783203
M233V,3.73988776993636,3.636223077774048,3.80147123336792,3.6939809322357178,3.640641689300537
M233T,3.70671289598556,3.743755578994751,4.225937366485596,3.6343846321105957,3.779916286468506
M233R,3.78139022006,3.698357582092285,3.6625683307647705,3.5916037559509277,3.5983941555023193
M233L,3.6819705264475,3.757194757461548,3.56840181350708,3.6812422275543213,3.6206820011138916
M233A,3.74597067876,3.710679769515991,3.827517509460449,3.6597228050231934,3.6428685188293457
M233I,3.71997039068,3.63185977935791,3.8148860931396484,3.6755785942077637,3.7476112842559814
M233K,3.68474152232571,3.541769027709961,3.353330135345459,3.483708620071411,3.611987829208374
D234H,3.68884070649,3.637341022491455,3.9398889541625977,3.6548662185668945,3.608083963394165
D234N,3.5829391533599995,3.6505696773529053,4.138750076293945,3.658301830291748,3.603548765182495
D234V,3.60826572225833,3.7258152961730957,3.661119222640991,3.675907611846924,3.5534887313842773
D234Y,3.82637788676,3.6535801887512207,3.172203540802002,3.5997931957244873,3.611994504928589
D234G,3.70631295153273,3.525263547897339,3.433211326599121,3.6332364082336426,3.645960807800293
E235K,3.65279893929667,3.4139187335968018,2.994292736053467,3.472140312194824,3.447958469390869
E235G,3.727375019617,3.546081304550171,3.3375985622406006,3.6092889308929443,3.5740935802459717
E235D,3.5195049389,3.7154345512390137,3.657655715942383,3.6358416080474854,3.655198097229004
E235A,3.6351216966199993,3.509805679321289,3.2939915657043457,3.617779016494751,3.5727407932281494
E235V,3.712190873492,3.559830665588379,3.92667293548584,3.70405912399292,3.563042640686035
L236M,3.58579436639,3.646892786026001,3.755402088165283,3.718832015991211,3.7485196590423584
L236Q,3.74857998835,3.463752269744873,3.58354115486145,3.5959584712982178,3.5786731243133545
L236R,3.70650872587,3.5420725345611572,3.437047004699707,3.5284087657928467,3.6991724967956543
L236V,3.71570380253,3.7369461059570312,4.014370441436768,3.7230348587036133,3.7680470943450928
L236P,3.70623774243,3.6869397163391113,3.667818784713745,3.5818097591400146,3.710333824157715
Y237N,3.80946793561,3.6525659561157227,3.7451884746551514,3.7372193336486816,3.5556252002716064
Y237C,3.7602169976837496,3.657785654067993,3.644573211669922,3.6531331539154053,3.670149326324463
Y237D,3.75410080307,3.511075735092163,3.6699492931365967,3.551410675048828,3.6378519535064697
Y237F,3.67317326007333,3.707984447479248,3.6576807498931885,3.652906656265259,3.721986770629883
Y237H,3.7354169846300014,3.629265785217285,3.6903879642486572,3.654526710510254,3.7150588035583496
