mutant,position,DMS_score,fold_position_5,predicted_fitness_mu,uncertainty_sigma,absolute_error,member_0_prediction,member_1_prediction,member_2_prediction,member_3_prediction,member_4_prediction
M1G,1,1.027709137,3,0.8419939756393433,0.030270654780090427,0.1857151613606567,0.8104044795036316,0.8481864929199219,0.8905445337295532,0.8317966461181641,0.8290377259254456
M1T,1,1.006009177,3,0.8454289436340332,0.029023919240200483,0.16058023336596672,0.8360671997070312,0.8314821124076843,0.8834387063980103,0.8103782534599304,0.8657784461975098
M1S,1,0.913619027,3,0.8309237599372864,0.04710743327249716,0.08269526706271357,0.7844390273094177,0.832905650138855,0.9073560833930969,0.8283761143684387,0.8015419244766235
M1R,1,1.0179716559999998,3,0.8596976518630981,0.05237837444758386,0.15827400413690174,0.8152740597724915,0.869799792766571,0.944830060005188,0.8208745718002319,0.8477097749710083
M1Q,1,1.223651367,3,0.835848581790924,0.02704906321258059,0.38780278520907596,0.8829118013381958,0.8283088803291321,0.8220493793487549,0.8148155808448792,0.8311572670936584
M1P,1,1.221816545,3,0.8226427674293518,0.04704826488392038,0.3991737775706482,0.8594068884849548,0.7434017658233643,0.8525751829147339,0.8177617788314819,0.8400682210922241
M1L,1,1.16905945,3,0.8004315972328186,0.023843420623490034,0.36862785276718135,0.8142668008804321,0.7723502516746521,0.8164284825325012,0.8223227262496948,0.7767897248268127
M1K,1,1.096014303,3,0.7503106832504273,0.025126742478413754,0.34570361974957275,0.7596557140350342,0.7493374347686768,0.7851722836494446,0.7167097926139832,0.7406781911849976
M1I,1,1.445211295,3,0.843651270866394,0.044022270089086865,0.601560024133606,0.7974746823310852,0.8131862878799438,0.8405092358589172,0.8561673164367676,0.9109188318252563
M1H,1,0.548608784,3,0.8493175983428956,0.03235420662679676,0.30070881434289554,0.8066489696502686,0.8417989015579224,0.8751835823059082,0.8355435132980347,0.8874130249023438
M1W,1,0.996756951,3,0.8921779513359069,0.049464769369068205,0.10457899966409301,0.9501118659973145,0.8144823312759399,0.9106582999229431,0.8979059457778931,0.8877313137054443
M1E,1,1.129087935,3,0.847023069858551,0.03141485807563421,0.282064865141449,0.8544719815254211,0.8442766666412354,0.8937967419624329,0.8349207639694214,0.8076491951942444
M1V,1,0.922331864,3,0.8428671479225158,0.019810025545741586,0.07946471607748418,0.8669965267181396,0.8224906921386719,0.8609732389450073,0.8302668929100037,0.8336083889007568
M1D,1,0.789916452,3,0.8453506469726563,0.04156575950218487,0.055434194972656226,0.7974775433540344,0.8429280519485474,0.9095678329467773,0.8243828415870667,0.8523969650268555
D2G,2,0.937590927,1,0.9021132588386536,0.030805476824142353,0.035477668161346454,0.9394198060035706,0.8798710107803345,0.8625253438949585,0.909819483757019,0.9189306497573853
D2K,2,1.084785751,1,0.7363585829734802,0.06584671078143772,0.34842716802651985,0.7791166305541992,0.7729108333587646,0.731437087059021,0.7746220231056213,0.6237063407897949
D2L,2,0.852350663,1,0.8089192271232605,0.024686679111587374,0.04343143587673948,0.8109127283096313,0.8366844058036804,0.8093307614326477,0.8184060454368591,0.7692621946334839
D2N,2,1.111542626,1,0.8369753122329712,0.04330066923169879,0.2745673137670289,0.8253359198570251,0.867525577545166,0.8184406161308289,0.8919569253921509,0.7816175222396851
D2P,2,1.11403351,1,0.8578631639480591,0.048425024018447234,0.256170346051941,0.8970434665679932,0.8569062352180481,0.8387861847877502,0.9086915254592896,0.7878884077072144
D2Q,2,0.842356019,1,0.9974500894546509,0.06037392937093865,0.15509407045465085,0.9781420826911926,1.0764472484588623,0.9199836254119873,1.0364022254943848,0.9762752652168274
D2R,2,0.934084853,1,0.7055456280708313,0.046218766489885064,0.22853922492916867,0.7253756523132324,0.7440746426582336,0.7456665635108948,0.6665071249008179,0.6461041569709778
D2S,2,0.8663985909999999,1,1.0553165674209595,0.05215731932549804,0.18891797642095953,1.070040225982666,1.0316214561462402,0.9928970336914062,1.1337833404541016,1.0482407808303833
D2T,2,0.9945602,1,0.9994726657867432,0.05999807174565175,0.004912465786743203,1.0658336877822876,0.9602464437484741,0.9288158416748047,1.056709885597229,0.9857574701309204
D2W,2,0.7385983220000001,1,0.8117738127708435,0.016265097501507536,0.0731754907708434,0.8331869840621948,0.7914502024650574,0.8006507754325867,0.8192988634109497,0.814282238483429
D2Y,2,0.8990534040000001,1,0.8581023454666138,0.05473508386559089,0.04095105853338632,0.8060749769210815,0.9098693132400513,0.8605576753616333,0.7996088266372681,0.9144009351730347
D2F,2,0.515205328,1,0.8539487838745117,0.009063631150823436,0.3387434558745117,0.849675178527832,0.8461337089538574,0.8692508935928345,0.854571521282196,0.8501126170158386
D2E,2,1.1748120709999998,1,0.9711304187774659,0.020803754364523606,0.20368165222253398,0.9515703916549683,0.9730605483055115,1.0017621517181396,0.9773188233375549,0.9519401788711548
D2A,2,0.808243171,1,1.1211860060691834,0.10817704301371542,0.3129428350691834,1.263563632965088,0.9943603873252869,1.066778302192688,1.198656439781189,1.082571268081665
D2V,2,0.779888151,1,0.9404261350631714,0.07234106383063554,0.16053798406317143,0.9283764958381653,0.9234555959701538,0.8602550029754639,1.0587043762207031,0.9313392043113708
D2C,2,1.223429082,1,0.9838568568229675,0.0811748542913952,0.23957222517703247,0.8982555866241455,0.993668794631958,0.9491932988166809,1.1153463125228882,0.962820291519165
G3W,3,1.0554427,0,0.9303073048591614,0.12002913347558489,0.1251353951408386,1.1412417888641357,0.8835536241531372,0.9004333019256592,0.8403822779655457,0.8859255313873291
G3A,3,0.944194457,0,1.0424538254737854,0.09124566336268622,0.09825936847378536,1.164030909538269,1.0004076957702637,0.9262034296989441,1.02499520778656,1.0966318845748901
G3Y,3,0.7882464370000001,0,1.0171372413635253,0.08171128701381034,0.22889080436352527,1.0845121145248413,1.0122692584991455,0.9407548308372498,0.934037983417511,1.1141120195388794
G3D,3,1.00650104,0,1.0202722191810607,0.08529347649043449,0.013771179181060633,1.1216856241226196,0.9822825789451599,0.9498211145401001,0.9450967311859131,1.1024750471115112
G3E,3,1.055328408,0,1.0378802061080932,0.09326550228969017,0.017448201891906878,1.1831841468811035,0.98710697889328,0.9718108177185059,0.9673802256584167,1.0799188613891602
G3F,3,0.636769206,0,0.9106369972229004,0.048640584962983374,0.2738677912229004,0.9863895177841187,0.8975381851196289,0.8713506460189819,0.8694815635681152,0.9284250736236572
G3K,3,0.555535697,0,1.0476232171058655,0.07759668675016317,0.49208752010586543,1.1019558906555176,1.0028330087661743,0.9557037949562073,1.028460144996643,1.1491632461547852
G3L,3,1.052449536,0,0.9280892729759216,0.07795686076447551,0.12436026302407832,0.9700435400009155,0.9623851776123047,0.7964852452278137,0.9202621579170227,0.9912702441215515
G3H,3,1.244570622,0,0.9357109189033508,0.06542882192719503,0.3088597030966491,1.0292301177978516,0.9319003820419312,0.8627618551254272,0.8892433643341064,0.9654188752174377
G3P,3,1.099209514,0,0.9657159090042114,0.024184022109245334,0.13349360499578855,0.9627804756164551,0.9723798632621765,0.9443373680114746,0.9456130862236023,1.0034687519073486
G3Q,3,0.968545161,0,0.9256971716880799,0.125130478393214,0.04284798931192013,1.0256257057189941,0.8888054490089417,0.8084698915481567,0.8184918165206909,1.0870929956436157
G3R,3,0.8769044559999999,0,0.9324926376342774,0.08990549463651919,0.05558818163427748,0.9321034550666809,0.841231644153595,0.855597972869873,0.9726810455322266,1.0608490705490112
G3S,3,1.100702562,0,0.9872076869010925,0.0852967440165297,0.11349487509890743,1.0380150079727173,0.9343253374099731,0.8973714709281921,0.9575662612915039,1.1087603569030762
G3T,3,1.131319456,0,0.9386107921600342,0.07847758162350132,0.19270866383996577,0.9985397458076477,0.9004150629043579,0.8977742791175842,0.8539965152740479,1.0423283576965332
G3V,3,1.016883108,0,0.9256038188934326,0.024802682925601824,0.09127928910656746,0.94443279504776,0.8945346474647522,0.9443411827087402,0.9419597387313843,0.9027507305145264
G3M,3,1.050880446,0,0.9940980315208435,0.08187844930486889,0.05678241447915655,0.9889214634895325,1.0022950172424316,0.9053418040275574,0.9498758912086487,1.1240559816360474
T4K,4,0.916018441,3,1.2906095027923583,0.05327714003319279,0.37459106179235835,1.211836338043213,1.356377363204956,1.295349359512329,1.2751646041870117,1.3143198490142822
T4E,4,0.991193818,3,1.0444274187088012,0.023259191150562887,0.05323360070880123,1.0757904052734375,1.0103758573532104,1.0488178730010986,1.0433645248413086,1.0437884330749512
T4F,4,0.872383432,3,0.9836982607841491,0.06893124938784033,0.11131482878414911,0.9512399435043335,1.084348440170288,0.9013649821281433,1.0124865770339966,0.9690513610839844
T4A,4,1.111840708,3,1.0228180170059205,0.031457692878191945,0.08902269099407945,1.0051157474517822,0.9915648698806763,1.0457816123962402,1.0658397674560547,1.0057880878448486
T4G,4,1.063695172,3,0.9048046827316284,0.028109781542040694,0.15889048926837168,0.9228611588478088,0.8652257323265076,0.9224175214767456,0.9285569190979004,0.8849620819091797
T4H,4,1.27816368,3,0.6340425491333008,0.0593491857731413,0.6441211308666992,0.681893527507782,0.543244481086731,0.6048755645751953,0.6628758311271667,0.6773233413696289
T4I,4,0.626449005,3,0.9163925409317016,0.057160430923130286,0.28994353593170163,0.8282862305641174,0.9222998023033142,0.8990238308906555,0.9636170864105225,0.9687357544898987
T4L,4,0.844615459,3,0.868538248538971,0.035964314285724754,0.02392278953897098,0.8348084688186646,0.8521111011505127,0.851191520690918,0.8779292702674866,0.926650881767273
T4V,4,0.998164098,3,0.9751261711120606,0.026592964006052475,0.023037926887939486,0.9930711984634399,0.9578043818473816,0.9458884000778198,1.0111409425735474,0.967725932598114
T4N,4,1.160222734,3,0.9718782663345337,0.038611847607709096,0.1883444676654663,0.9186274409294128,0.982882559299469,0.9458804130554199,1.0070534944534302,1.0049474239349365
T4P,4,1.095796075,3,0.8184088468551636,0.04978380848176382,0.2773872281448364,0.8802714943885803,0.766613781452179,0.7948895692825317,0.7879838943481445,0.8622854948043823
T4Q,4,0.810267327,3,0.6848838448524475,0.06020487616878075,0.12538348214755257,0.7729874849319458,0.6365752220153809,0.6209551095962524,0.6934555172920227,0.7004458904266357
T4R,4,0.99706383,3,0.840002179145813,0.0172133290761759,0.157061650854187,0.8603312969207764,0.8460783958435059,0.8175769448280334,0.8485996127128601,0.8274246454238892
T4S,4,1.039891213,3,0.9120406031608581,0.0412620908799825,0.12785060983914187,0.9660193920135498,0.881866991519928,0.900693416595459,0.9430924654006958,0.8685307502746582
T4W,4,1.076415754,3,0.9690894961357117,0.03408191992592796,0.10732625786428818,0.9674303531646729,0.9508190155029297,0.9231780767440796,0.9978647828102112,1.006155252456665
T4Y,4,1.22618198,3,0.8112709760665894,0.05690312430437881,0.4149110039334106,0.7281256318092346,0.7837139368057251,0.8258222341537476,0.8444290161132812,0.8742640614509583
T4C,4,0.845236808,3,0.6775912761688232,0.038443825372409195,0.1676455318311768,0.7249667644500732,0.642130970954895,0.7071640491485596,0.6752139329910278,0.6384806632995605
T4M,4,1.135961332,3,0.8965497255325318,0.03905326412851138,0.23941160646746817,0.8607185482978821,0.8525509834289551,0.9187188744544983,0.9444459676742554,0.9063142538070679
T4D,4,1.110294558,3,0.8813551902770996,0.024759529117331137,0.22893936772290047,0.9035404920578003,0.8745406270027161,0.9075223207473755,0.8470567464828491,0.8741157650947571
R5S,5,1.032056184,2,1.0304377555847168,0.1238801910797803,0.0016184284152831463,0.9239400029182434,1.0949509143829346,1.1847631931304932,1.0630223751068115,0.8855122923851013
R5C,5,1.146627931,2,0.9794739127159119,0.06521400966946823,0.16715401828408816,0.9525841474533081,0.997275173664093,0.9315770268440247,1.0855995416641235,0.93033367395401
R5Y,5,0.988696742,2,1.0189496994018554,0.16036752850861438,0.030252957401855407,0.991581380367279,1.0504099130630493,1.2382968664169312,1.025671124458313,0.7887892127037048
R5W,5,1.193663805,2,0.9171660780906677,0.08438495353666944,0.27649772690933216,0.9784932732582092,0.8772704601287842,1.0152184963226318,0.9138957858085632,0.8009523749351501
R5V,5,1.115770995,2,1.0039384603500365,0.07681392642062371,0.11183253464996357,0.9710488319396973,0.9586321115493774,1.1380559206008911,0.997378945350647,0.9545764923095703
R5A,5,0.986761416,2,1.1445135593414306,0.1145422746158661,0.15775214334143062,1.0738753080368042,1.2671661376953125,1.2716469764709473,1.0658128261566162,1.0440665483474731
R5Q,5,0.766555586,2,0.7931645512580872,0.11556040612576368,0.026608965258087203,0.7758747339248657,0.8560588359832764,0.9167945384979248,0.8074353337287903,0.6096593141555786
R5P,5,0.750033191,2,0.9399417519569397,0.09962884811107425,0.18990856095693975,0.9110950827598572,1.0039135217666626,1.0634101629257202,0.9196310639381409,0.8016589283943176
R5M,5,0.970281407,2,1.1164160132408143,0.1471948072455452,0.1461346062408143,0.9661377668380737,1.2158844470977783,1.309520959854126,0.9870694279670715,1.1034674644470215
R5T,5,1.025101117,2,0.9930246591567993,0.08890137962602274,0.03207645784320068,0.9113075733184814,0.9531742334365845,1.1269643306732178,1.0384705066680908,0.9352066516876221
R5I,5,0.992096974,2,1.0383265495300293,0.1023882704488793,0.046229575530029376,1.023857593536377,1.1228505373001099,1.1630308628082275,0.9465597867965698,0.9353339672088623
R5H,5,1.146226989,2,0.9408216834068298,0.0692983687443599,0.20540530559317027,0.8360544443130493,0.9102869033813477,0.9988682866096497,1.0012083053588867,0.9576904773712158
R5G,5,1.123376621,2,0.9388427019119263,0.09374747216856073,0.1845339190880737,0.8693990707397461,0.979528546333313,0.9761813282966614,1.0512690544128418,0.8178355097770691
R5F,5,0.75588103,2,1.00598863363266,0.09875865731404204,0.25010760363266005,1.0596013069152832,1.0351715087890625,1.1013891696929932,0.9886852502822876,0.8450959324836731
R5E,5,1.286917777,2,0.9709755301475524,0.045580169596210265,0.31594224685244754,0.9767900109291077,0.9933640360832214,1.0065832138061523,0.9863530993461609,0.8917872905731201
R5D,5,0.8150095159999999,2,1.0305737257003784,0.12272255851622091,0.21556420970037848,1.0442700386047363,1.1851372718811035,1.0449542999267578,1.0374376773834229,0.8410693407058716
R5L,5,0.993943156,2,0.939745569229126,0.1350573463215195,0.05419758677087405,0.8646113276481628,1.0134638547897339,1.1279834508895874,0.9134080410003662,0.7792611718177795
T6Y,6,0.8259001290000001,1,0.9609461665153504,0.0644951242199646,0.13504603751535027,0.9368343353271484,0.9560608863830566,0.8721840977668762,0.995118260383606,1.0445332527160645
T6W,6,1.062977145,1,0.9993867874145508,0.043461535832005176,0.06359035758544929,1.0606118440628052,0.9822829961776733,0.9517673254013062,1.0260441303253174,0.9762276411056519
T6V,6,1.077728431,1,0.9760437607765198,0.06465809518166846,0.10168467022348016,0.949741780757904,0.973544716835022,0.8835097551345825,1.0296049118041992,1.0438176393508911
T6S,6,1.112472414,1,1.0023553609848022,0.07344466817175514,0.11011705301519781,0.9157664179801941,0.9877656102180481,0.9624727964401245,1.1069903373718262,1.0387816429138184
T6R,6,0.717963136,1,1.0123348236083984,0.06834917578046185,0.2943716876083985,0.9526239037513733,0.9950507879257202,0.9484589695930481,1.0625231266021729,1.1030173301696777
T6Q,6,0.530519917,1,0.9793224453926086,0.07872958552162564,0.4488025283926086,1.0007754564285278,0.8958259224891663,0.9058367013931274,1.0843513011932373,1.0098228454589844
T6N,6,1.120216357,1,1.0570114016532899,0.10020401637304388,0.06320495534671022,0.958284318447113,1.0918211936950684,0.9696990251541138,1.0614013671875,1.2038511037826538
T6M,6,0.836727186,1,1.1098045110702515,0.07530668715806424,0.2730773250702515,1.116270661354065,1.0849288702011108,0.9970765113830566,1.194316029548645,1.1564304828643799
T6I,6,1.014649994,1,0.809819221496582,0.048747515616521256,0.20483077250341797,0.7245583534240723,0.8141406178474426,0.8320942521095276,0.8395090103149414,0.8387938737869263
T6K,6,1.383740803,1,0.9278050661087036,0.0648399659399419,0.4559357368912964,0.8670955300331116,0.9635713696479797,0.8639545440673828,1.015979528427124,0.9284243583679199
T6H,6,0.445030332,1,1.024650764465332,0.12201895871717412,0.579620432465332,0.9126209616661072,1.0381569862365723,0.8980721831321716,1.189469337463379,1.0849343538284302
T6G,6,0.823877236,1,1.0380010604858398,0.05312163158660062,0.2141238244858399,1.0805449485778809,1.0323798656463623,0.9508665800094604,1.0458874702453613,1.0803264379501343
T6E,6,1.03025981,1,1.0128722190856934,0.06656109055895913,0.01738759091430664,1.019398808479309,1.002885103225708,0.9059314727783203,1.0730040073394775,1.0631417036056519
T6D,6,0.952157297,1,1.0547691941261292,0.07420069714445045,0.10261189712612928,1.096426248550415,1.0058342218399048,0.9593861699104309,1.0641146898269653,1.1480846405029297
T6C,6,0.814807671,1,0.9257151484489441,0.04276353485599832,0.11090747744894414,0.9020425081253052,0.9194279909133911,0.8745548129081726,0.9863667488098145,0.9461836814880371
T6A,6,1.404595551,1,1.0298295736312866,0.06792065759595567,0.37476597736871353,1.035217523574829,1.0425440073013306,0.9185969829559326,1.1042592525482178,1.048530101776123
T6L,6,0.863739319,1,0.7961443781852722,0.04159941526321392,0.06759494081472783,0.7429457902908325,0.8438104391098022,0.7902213931083679,0.7725531458854675,0.8311911225318909
S7A,7,0.3793843670000001,2,1.072437334060669,0.05719732919769168,0.6930529670606689,0.9834572076797485,1.1104530096054077,1.0632877349853516,1.1327674388885498,1.072221279144287
S7C,7,1.165574455,2,0.9529735207557678,0.07771499474045536,0.2126009342442322,0.8759860992431641,1.0373939275741577,0.8834607005119324,1.030626893043518,0.9373999834060669
S7T,7,0.920102893,2,0.9035279273986816,0.03990375389250645,0.016574965601318437,0.8597805500030518,0.8972288966178894,0.9241428375244141,0.876067578792572,0.960419774055481
S7E,7,1.156909559,2,0.8969265699386597,0.06525429997532005,0.2599829890613403,0.8269882202148438,0.8545918464660645,0.8806601166725159,0.9913881421089172,0.931004524230957
S7G,7,1.121699061,2,0.925214147567749,0.09732846601573428,0.19648491343225094,0.8529448509216309,0.9194596409797668,0.8375093936920166,1.0829458236694336,0.9332110285758972
S7H,7,0.55383007,2,0.8476280093193054,0.061643994375696926,0.2937979393193054,0.8164828419685364,0.8364390134811401,0.7670581340789795,0.9035797119140625,0.9145803451538086
S7W,7,0.97388941,2,0.9271857976913452,0.06208239508035575,0.04670361230865472,0.8828299641609192,0.9549177885055542,1.0063211917877197,0.9431747794151306,0.8486852645874023
S7I,7,0.95742015,2,0.922957718372345,0.03171867684093005,0.034462431627655055,0.8893405199050903,0.969411313533783,0.93592768907547,0.8992138504981995,0.9208952188491821
S7L,7,0.834382145,2,0.7993438005447387,0.02679251913991464,0.03503834445526122,0.791845977306366,0.83137047290802,0.8216095566749573,0.7859164476394653,0.7659765481948853
S7M,7,1.025803012,2,0.9642121195793152,0.0758767354425129,0.06159089242068472,0.8734046220779419,1.0662999153137207,0.9097684025764465,0.9705370664596558,1.001050591468811
S7P,7,0.79261618,2,0.8988066554069519,0.054893958085537146,0.10619047540695192,0.9929673671722412,0.8946194648742676,0.869819164276123,0.8529889583587646,0.883638322353363
S7Q,7,1.116922225,2,0.7257489085197448,0.0563778377794713,0.3911733164802551,0.8181372880935669,0.7242230176925659,0.6825149655342102,0.677722156047821,0.7261471152305603
S7R,7,1.017412893,2,0.8546697974205018,0.05792945992372335,0.16274309557949818,0.8082323670387268,0.9194059371948242,0.7807065844535828,0.8878058791160583,0.8771982192993164
S7V,7,0.799568576,2,0.8794960618019104,0.046286866160781544,0.07992748580191045,0.8051069378852844,0.9314847588539124,0.8873939514160156,0.8776426315307617,0.8958520293235779
L8W,8,0.781111708,0,0.9320774078369141,0.08564332770884855,0.1509656998369141,0.9205561280250549,0.9214237928390503,1.0056544542312622,0.8006450533866882,1.0121076107025146
L8Y,8,0.7380970570000001,0,0.9945825934410095,0.051226121509534546,0.25648553644100947,1.0486639738082886,0.996847927570343,0.9348627328872681,0.951579213142395,1.040959119796753
L8A,8,1.245869972,0,0.8687859535217285,0.02509300753855076,0.37708401847827144,0.840023934841156,0.9059994220733643,0.85395348072052,0.8662241101264954,0.8777288198471069
L8T,8,0.8522075990000001,0,0.9242045879364014,0.07041442051903667,0.07199698893640127,0.9627382755279541,0.8622739315032959,0.8760340213775635,0.8905940055847168,1.0293827056884766
L8S,8,0.964763596,0,0.8725216388702393,0.09818190718770868,0.09224195712976069,0.7805221676826477,1.0300761461257935,0.8050329089164734,0.8545831441879272,0.8923938274383545
L8R,8,0.990097253,0,0.8579285025596619,0.018375359499520183,0.13216875044033805,0.848620593547821,0.8850464224815369,0.8436853885650635,0.8687816858291626,0.8435084223747253
L8Q,8,0.539773921,0,0.9089938402175903,0.11583332089141814,0.36921991921759034,0.8115203976631165,0.9868937730789185,0.8642923831939697,0.8106780648231506,1.0715845823287964
L8P,8,0.8641546729999999,0,0.91578768491745,0.06292331764843365,0.05163301191745007,0.8536780476570129,0.9649046659469604,0.9163017868995667,0.8531460165977478,0.9909079074859619
L8M,8,1.349314694,0,0.826899242401123,0.1050938437501975,0.522415451598877,0.7495477199554443,0.9840319752693176,0.8483967781066895,0.7133548855781555,0.8391648530960083
L8K,8,0.874952452,0,0.9790676593780517,0.013358149913949968,0.10411520737805169,0.9724214673042297,0.9953641891479492,0.965492844581604,0.9707334041595459,0.9913263916969299
L8I,8,1.265702316,0,1.0545416355133057,0.06723173901110609,0.21116068048669434,1.143297553062439,1.041210651397705,1.0028964281082153,0.9831743240356445,1.1021292209625244
L8G,8,0.985188131,0,0.8942588329315185,0.04335054636878934,0.09092929806848149,0.8425503969192505,0.9175501465797424,0.8909698128700256,0.8665953874588013,0.953628420829773
L8F,8,1.223539595,0,0.9966978073120117,0.06095213301246296,0.22684178768798835,1.0844359397888184,1.032152533531189,0.9320840835571289,0.9646749496459961,0.9701415300369263
L8E,8,1.044629502,0,1.0065049886703492,0.08743257994365777,0.03812451332965083,1.0022319555282593,1.0278446674346924,0.9743641018867493,0.8937143683433533,1.1343698501586914
L8D,8,1.364607351,0,0.9248403549194336,0.05819297593789342,0.43976699608056646,0.9944673776626587,0.9192097187042236,0.8860026001930237,0.8537750840187073,0.9707469940185547
L8V,8,0.819836681,0,0.9497712969779968,0.03663696077806689,0.12993461597799683,0.9291062951087952,0.9817847609519958,0.9080564975738525,0.9356629848480225,0.9942459464073181
L8C,8,1.109789884,0,0.8930737614631653,0.061782054428878144,0.2167161225368347,0.951737642288208,0.9420779943466187,0.8684492111206055,0.799731433391571,0.9033725261688232
D9M,9,0.666756555,1,0.9254780888557435,0.05435082686383294,0.2587215338557435,0.9368332624435425,0.8830953240394592,0.8693686127662659,1.0074269771575928,0.9306662678718567
D9E,9,0.8844654740000001,1,0.9488879442214966,0.030926331307514543,0.0644224702214965,0.970856785774231,0.9466654062271118,0.9596661329269409,0.9707480669021606,0.8965033292770386
D9F,9,0.942831797,1,0.8473881244659424,0.053945469997189355,0.09544367253405761,0.8286731839179993,0.8550464510917664,0.7655578255653381,0.8833109140396118,0.9043522477149963
D9G,9,1.009340411,1,0.8800332069396972,0.04031866290254842,0.12930720406030272,0.8754550218582153,0.9192845821380615,0.8205710649490356,0.8689995408058167,0.9158558249473572
D9H,9,1.2421386559999998,1,1.1092883825302124,0.06105085365710977,0.1328502734697874,1.0725197792053223,1.0687172412872314,1.055902361869812,1.158585786819458,1.1907167434692383
D9N,9,0.86483246,1,0.9389885902404785,0.06093709663813616,0.07415613024047851,0.9307829141616821,0.9055507779121399,0.8594874143600464,0.9973875880241394,1.0017342567443848
D9P,9,1.198309724,1,0.8512869834899902,0.04226546506913379,0.3470227405100098,0.900162398815155,0.7905564308166504,0.8324121236801147,0.8556964993476868,0.8776074647903442
D9Q,9,0.404454039,1,0.9932174563407898,0.07997893920091158,0.5887634173407899,0.9514309167861938,1.052207350730896,0.8773630261421204,1.010353446006775,1.0747325420379639
D9R,9,0.6843415290000001,1,0.8429577589035034,0.03966080712912024,0.15861622990350333,0.8313620090484619,0.8409504890441895,0.7845261693000793,0.8874804973602295,0.8704696297645569
D9S,9,0.713911815,1,1.0006721377372743,0.06800297416266514,0.28676032273727425,0.9238006472587585,1.0877599716186523,0.9444898366928101,1.0435450077056885,1.0037652254104614
D9T,9,0.972165385,1,0.9582976937294007,0.03586001671035677,0.013867691270599392,0.9743251800537109,0.9072837829589844,0.9375486969947815,0.9984276294708252,0.9739031791687012
D9V,9,1.0208239140000002,1,0.8146226167678833,0.04037135101712843,0.2062012972321169,0.825991690158844,0.8143678307533264,0.7486081123352051,0.8258688449859619,0.8582766056060791
D9W,9,0.712838263,1,0.8734308123588562,0.048561334598345704,0.16059254935885625,0.9498231410980225,0.8601722717285156,0.8233785629272461,0.846513032913208,0.8872670531272888
D9A,9,1.083776933,1,0.922345244884491,0.04268969806918604,0.161431688115509,0.9125384092330933,0.9297475814819336,0.8545207381248474,0.9634785652160645,0.9514409303665161
I10A,10,0.948816835,4,0.8867053389549255,0.09077141988528921,0.06211149604507449,0.9357761740684509,0.7371077537536621,0.8672465682029724,0.929471492767334,0.9639247059822083
I10N,10,0.77676275,4,0.8465488195419312,0.09199079144159955,0.06978606954193123,0.8875143527984619,0.8321799635887146,0.8438670635223389,0.9604313969612122,0.7087513208389282
I10E,10,1.18201871,4,0.8797821044921875,0.10936699504333208,0.3022366055078124,0.917682409286499,0.7336642146110535,0.8622293472290039,0.8509053587913513,1.0344291925430298
I10C,10,0.955608908,4,0.7565845966339111,0.1162960771820861,0.1990243113660889,0.9326158761978149,0.7130575180053711,0.7365942001342773,0.7854399681091309,0.6152154207229614
I10Y,10,1.003540933,4,0.7766396760940552,0.09335998172168987,0.22690125690594487,0.7536251544952393,0.6682466268539429,0.8322994709014893,0.9056693315505981,0.7233577966690063
I10W,10,0.912350705,4,0.8404934048652649,0.034067532547519805,0.07185730013473512,0.8040404915809631,0.8370786309242249,0.8110125660896301,0.8789215087890625,0.8714138269424438
I10V,10,0.945323914,4,0.8729453682899475,0.06507460622247489,0.07237854571005253,0.9289047718048096,0.7857659459114075,0.8281012177467346,0.9365042448043823,0.8854506611824036
I10T,10,1.278667865,4,0.8316325187683106,0.12757322262001194,0.4470353462316895,0.860846757888794,0.7017077207565308,0.6965922117233276,0.9236171841621399,0.9753987193107605
I10R,10,0.964397392,4,0.8626131057739258,0.05260161695484706,0.10178428622607416,0.9236940145492554,0.7784430384635925,0.8670898079872131,0.8664883971214294,0.8773502707481384
I10S,10,0.911373066,4,0.9253185868263245,0.05539875645505064,0.013945520826324498,0.9734813570976257,0.8713814616203308,0.9052534103393555,0.9944111704826355,0.8820655345916748
I10M,10,0.971701513,4,1.0328157544136047,0.1343295285401323,0.061114241413604775,1.1479843854904175,0.8814505934715271,0.9257411956787109,1.1889326572418213,1.0199699401855469
I10L,10,0.941554573,4,0.8801455855369568,0.04835803304684315,0.06140898746304324,0.8424015641212463,0.8668979406356812,0.8302522897720337,0.9399597644805908,0.9212163686752319
I10K,10,1.119888501,4,0.758792233467102,0.1348916451796917,0.3610962675328979,0.8099914193153381,0.6141009330749512,0.8121823072433472,0.9297927618026733,0.6278937458992004
I10G,10,0.878360637,4,0.861133873462677,0.029880987359392982,0.017226763537322998,0.8983604907989502,0.8304258584976196,0.854315996170044,0.83682781457901,0.8857392072677612
I10F,10,1.1703570209999998,4,0.9773779392242432,0.04881027009300392,0.19297908177575662,1.023087501525879,0.9281089305877686,0.9982380867004395,0.9216735363006592,1.0157816410064697
I10Q,10,1.150076512,4,0.5765803098678589,0.016549906379162024,0.5734962021321411,0.5858544111251831,0.5752297639846802,0.5963097214698792,0.5518870949745178,0.5736205577850342
E11S,11,0.940061964,3,0.8449239015579224,0.03582120559394729,0.09513806244207756,0.8382708430290222,0.8173057436943054,0.9006261229515076,0.8119235634803772,0.8564932346343994
E11L,11,0.479140782,3,0.8335042476654053,0.025461168632282653,0.35436346566540533,0.8540329933166504,0.8369694948196411,0.8602775931358337,0.7993406653404236,0.8169004917144775
E11R,11,0.940939435,3,0.9174365282058716,0.05387647120403281,0.023502906794128364,0.957038164138794,0.9033473134040833,0.9839410781860352,0.8957948684692383,0.8470612168312073
E11P,11,1.024323292,3,0.6615582823753356,0.043473763519827804,0.3627650096246644,0.6180447936058044,0.6941112279891968,0.6311551332473755,0.6446440815925598,0.7198361754417419
E11M,11,0.4901962179999999,3,0.9134526729583741,0.06101534096185864,0.42325645495837416,0.9387730956077576,0.9063148498535156,0.9742410182952881,0.9347372055053711,0.8131971955299377
E11K,11,1.029701058,3,0.4481395840644836,0.05436431206096751,0.5815614739355163,0.3895246088504791,0.3937145173549652,0.5046301484107971,0.45860975980758667,0.4942188858985901
E11Y,11,1.096146755,3,0.7068645119667053,0.07862636260239321,0.3892822430332946,0.7939780354499817,0.6981736421585083,0.6198071241378784,0.7799127101898193,0.6424510478973389
E11W,11,0.978110603,3,0.9036038398742676,0.07616204930199445,0.07450676312573234,0.9622201323509216,0.984145998954773,0.9246420860290527,0.8218287229537964,0.8251822590827942
E11G,11,0.849113973,3,0.9569911479949951,0.035968865053951866,0.10787717499499505,0.9290571212768555,0.9268245697021484,1.0160107612609863,0.9572272300720215,0.9558360576629639
E11F,11,0.7530434229999999,3,0.9725159645080567,0.044310937426607765,0.21947254150805673,1.034151554107666,0.9135911464691162,0.9856500029563904,0.9765251278877258,0.9526619911193848
E11D,11,1.425389787,3,1.0379968523979186,0.054147049442991965,0.38739293460208146,1.0644874572753906,1.05660080909729,1.0865023136138916,1.0356180667877197,0.9467756152153015
E11C,11,1.055227857,3,0.8504269480705261,0.09732123528506077,0.2048009089294739,0.8489320278167725,0.9726474285125732,0.9049566388130188,0.8108353614807129,0.7147632837295532
E11V,11,0.705454768,3,0.8323566675186157,0.02923762862484511,0.12690189951861575,0.8578911423683167,0.8076804280281067,0.8699946999549866,0.8137514591217041,0.8124656081199646
E11I,11,1.133393673,3,0.8517434597015381,0.06043296141334627,0.28165021329846196,0.8219258189201355,0.9494526386260986,0.8007788062095642,0.8700357675552368,0.8165242671966553
E11T,11,0.692668391,3,0.8635829329490662,0.027428893265936366,0.1709145419490662,0.8875072002410889,0.826277494430542,0.8785994052886963,0.8829949498176575,0.8425356149673462
E11H,11,1.004314471,3,0.9412763953208924,0.035647138276207545,0.06303807567910769,0.8988755345344543,0.9505771398544312,0.9769369959831238,0.9710088968276978,0.9089834094047546
E12M,12,0.987653327,0,0.8058656096458435,0.07949206671340381,0.18178771735415644,0.7294061183929443,0.8775824308395386,0.7121541500091553,0.8369522094726562,0.8732331395149231
E12W,12,0.929400529,0,0.859303891658783,0.07053986062614044,0.07009663734121707,0.9177496433258057,0.9002933502197266,0.8509724736213684,0.7409918308258057,0.8865121603012085
E12A,12,1.004190951,0,1.1032718539237976,0.11430992713053323,0.09908090292379756,0.9764366745948792,1.2642961740493774,1.0210529565811157,1.093098521232605,1.1614749431610107
E12C,12,0.955201691,0,1.006799864768982,0.06527646125900623,0.051598173768982014,1.0565185546875,1.051806092262268,0.9379123449325562,0.9327776432037354,1.05498468875885
E12D,12,1.040738356,0,1.036654281616211,0.05828639414953292,0.004084074383789105,1.0137048959732056,1.1304302215576172,1.0056618452072144,1.0521963834762573,0.9812780618667603
E12F,12,1.05570023,0,0.8612991452217102,0.0296722327318192,0.19440108477828977,0.8322376608848572,0.8969982862472534,0.8638321757316589,0.8827359080314636,0.8306916952133179
E12G,12,0.797700538,0,0.9864068269729614,0.04947226794251981,0.1887062889729615,0.9577995538711548,1.068718671798706,0.9913578033447266,0.9721066355705261,0.9420514702796936
E12Y,12,0.424600642,0,1.0389790534973145,0.04250245466770069,0.6143784114973145,1.0285382270812988,1.1074672937393188,1.008691668510437,1.0013972520828247,1.0488008260726929
E12H,12,0.991564964,0,1.1242260932922363,0.06592264489798838,0.13266112929223628,1.1231276988983154,1.192306399345398,1.0311808586120605,1.1805589199066162,1.0939565896987915
E12K,12,0.485920233,0,1.0256998062133789,0.035218466967073446,0.5397795732133789,1.0326282978057861,1.0592799186706543,0.9663599729537964,1.0285120010375977,1.04171884059906
E12L,12,0.7063309790000001,0,0.7912372350692749,0.03866009296467572,0.08490625606927482,0.7401409149169922,0.8261013627052307,0.7619554400444031,0.8026169538497925,0.825371503829956
E12V,12,0.7530988209999999,0,0.8674641132354737,0.07255264321760999,0.11436529223547376,0.7719525098800659,0.9757254123687744,0.8675608038902283,0.8529772758483887,0.8691045641899109
E12P,12,0.374283132,0,1.0333397030830382,0.0776825822650357,0.6590565710830383,0.967510461807251,1.1339657306671143,0.9445996880531311,1.0735310316085815,1.0470916032791138
E12Q,12,1.225905385,0,0.8892166614532471,0.06695597105073096,0.33668872354675283,0.9083120822906494,0.9011859893798828,0.8076944351196289,0.845504641532898,0.9833861589431763
E12R,12,0.940363855,0,1.0489314317703247,0.033721650615808035,0.10856757677032469,1.0888546705245972,1.0025593042373657,1.0502853393554688,1.0316100120544434,1.0713478326797485
E12I,12,0.766120703,0,0.898798942565918,0.06078130290916416,0.13267823956591795,0.9578442573547363,0.9696685075759888,0.8348230123519897,0.8667596578598022,0.8648992776870728
E12S,12,0.920995177,0,1.0473548889160156,0.03662909319688781,0.12635971191601558,1.0793707370758057,1.0448273420333862,0.9910590648651123,1.0808436870574951,1.0406736135482788
E12T,12,0.931838685,0,0.949805760383606,0.05090174875646897,0.01796707538360598,0.9685004949569702,0.9844728112220764,0.860083818435669,0.9608585238456726,0.9751131534576416
Y13H,13,0.95493185,4,0.9886935591697693,0.056348475908770054,0.03376170916976928,0.9416040778160095,1.043933391571045,1.016951560974121,0.9158521890640259,1.025126576423645
Y13W,13,0.963960571,4,0.8405006885528564,0.03932101895830218,0.12345988244714357,0.8173486590385437,0.8535830974578857,0.786149799823761,0.8876839876174927,0.8577378988265991
Y13V,13,0.977310377,4,0.984166967868805,0.02477273899457234,0.006856590868804968,0.9693723320960999,0.9711149334907532,1.0241466760635376,0.9640730619430542,0.9921278357505798
Y13T,13,1.075691458,4,0.9728776216506958,0.03215082807876352,0.1028138363493043,0.9343662261962891,0.9799962043762207,0.9448424577713013,0.9976373910903931,1.007545828819275
Y13S,13,1.077481184,4,0.9803978204727173,0.052262802018557056,0.09708336352728275,0.9836955070495605,1.0581538677215576,0.9583405256271362,0.9872445464134216,0.9145546555519104
Y13R,13,0.819376642,4,0.9409601330757141,0.05563590164586142,0.12158349107571409,1.0265617370605469,0.9247106313705444,0.8817651271820068,0.9607220888137817,0.9110410809516907
Y13G,13,0.86878033,4,0.9228968858718872,0.06253546866464639,0.05411655587188724,0.9349461197853088,0.8663593530654907,0.8791658282279968,0.910009503364563,1.0240036249160767
Y13N,13,1.087901725,4,1.1093152523040772,0.05501014848886765,0.021413527304077196,1.129815697669983,1.1764512062072754,1.1324493885040283,1.0698472261428833,1.0380127429962158
Y13Q,13,0.789661545,4,0.8350763559341431,0.06986242129277163,0.045414810934143124,0.8940037488937378,0.9087609052658081,0.8186707496643066,0.7345463037490845,0.8194000720977783
Y13L,13,0.8443208959999999,4,0.8848056674003602,0.035335373147561765,0.04048477140036022,0.8241199254989624,0.9140492677688599,0.8938425779342651,0.8881424069404602,0.9038741588592529
Y13K,13,0.8914176070000001,4,0.9102836728096009,0.02095744814867113,0.018866065809600818,0.8953043222427368,0.94047611951828,0.9127010703086853,0.8863087296485901,0.9166281223297119
Y13I,13,1.222325685,4,0.95201096534729,0.058177298804845956,0.2703147196527099,0.868362307548523,0.9242184162139893,1.0047142505645752,1.0065410137176514,0.9562188386917114
Y13E,13,0.971091413,4,1.0283595323562622,0.056831573786386244,0.05726811935626219,1.1157504320144653,1.0021464824676514,1.0009946823120117,0.9709899425506592,1.0519161224365234
Y13A,13,0.973497265,4,1.0755861759185792,0.037993678044122695,0.10208891091857919,1.0438058376312256,1.0482195615768433,1.138606309890747,1.0693999528884888,1.0778992176055908
Y13C,13,0.993951137,4,0.9519034862518311,0.13637860092151083,0.04204765074816896,1.0733810663223267,0.8052594065666199,0.8303893208503723,1.1046538352966309,0.9458338022232056
Y13M,13,1.131048464,4,1.1320209741592406,0.074664950286397,0.0009725101592406027,1.1679344177246094,1.2166287899017334,1.0171842575073242,1.147172212600708,1.1111851930618286
Y13F,13,1.252296806,4,1.0436771869659425,0.068496553384369,0.20861961903405746,0.9991824626922607,1.0318959951400757,0.9818745851516724,1.0485975742340088,1.1568353176116943
S14G,14,1.068772089,0,0.8290482044219971,0.04020795390907544,0.23972388457800298,0.7714998126029968,0.8770772218704224,0.8119288086891174,0.8323618769645691,0.8523733019828796
S14F,14,1.234926979,0,0.8912033557891845,0.04977957610310166,0.3437236232108154,0.9638140797615051,0.8884120583534241,0.8508802652359009,0.9123086929321289,0.8406016826629639
S14E,14,0.779724855,0,0.9063076257705689,0.05861401347026485,0.1265827707705689,0.9296029806137085,0.9782284498214722,0.8675562143325806,0.8284198045730591,0.9277306795120239
S14R,14,1.228262377,0,0.8279093027114868,0.035705855121309575,0.4003530742885133,0.881131649017334,0.7983876466751099,0.8352586030960083,0.7916548252105713,0.8331137895584106
S14W,14,0.816597421,0,0.8002264261245727,0.06194337554635011,0.01637099487542726,0.8943067789077759,0.8203108906745911,0.7420036196708679,0.7483935356140137,0.7961173057556152
S14V,14,0.8354723359999999,0,0.7983761668205261,0.031840997583511346,0.03709616917947378,0.7939512133598328,0.8523128628730774,0.7901589274406433,0.7878903150558472,0.76756751537323
S14T,14,0.8111498859999999,0,0.9215265393257142,0.048039560461186195,0.11037665332571422,0.9388298392295837,0.9581224322319031,0.878795862197876,0.8625369668006897,0.9693475961685181
S14A,14,0.852268611,0,0.7846674799919129,0.04654827270492085,0.06760113100808707,0.7766221165657043,0.8431794047355652,0.7224247455596924,0.815406084060669,0.7657050490379333
S14Q,14,0.577106443,0,1.1048207044601441,0.1223895935746228,0.5277142614601441,1.1197738647460938,1.224002480506897,1.0539498329162598,0.9227702617645264,1.2036070823669434
S14N,14,1.308561046,0,0.8186010956764221,0.031575484499703564,0.48995995032357775,0.7853471040725708,0.7847076058387756,0.8287270069122314,0.8455018401145935,0.8487219214439392
S14M,14,0.82624065,0,0.9516593098640442,0.030255142185043254,0.1254186598640442,0.9296079277992249,0.9598801136016846,1.0005614757537842,0.9270094633102417,0.9412375688552856
S14C,14,1.213452613,0,0.7802040815353394,0.07706889684310372,0.4332485314646607,0.8526015877723694,0.7504199743270874,0.6948129534721375,0.732951283454895,0.8702346086502075
S14L,14,0.950032353,0,0.827354347705841,0.05404283673294181,0.12267800529415895,0.8868921995162964,0.8811675906181335,0.7664589881896973,0.8100103139877319,0.7922426462173462
S14K,14,1.107668403,0,0.760325026512146,0.15053179026362412,0.34734337648785396,0.8881000876426697,0.8172992467880249,0.8766252994537354,0.5316159129142761,0.6879845857620239
D15V,15,0.974356944,3,0.8859518051147461,0.044510503589053264,0.08840513888525381,0.8549871444702148,0.8915421962738037,0.9480584859848022,0.8329243659973145,0.9022468328475952
D15Q,15,1.312265234,3,0.7596238732337952,0.08160249284899967,0.5526413607662048,0.7940922379493713,0.7550108432769775,0.6357662677764893,0.7533915638923645,0.8598584532737732
D15A,15,0.923298516,3,0.9791256189346313,0.07100870255119912,0.055827102934631334,0.9068045616149902,1.03844153881073,1.0062806606292725,0.8993089199066162,1.0447924137115479
D15M,15,1.069194385,3,0.825664484500885,0.10707230125224919,0.24352990049911505,0.9431000351905823,0.8544466495513916,0.6513187289237976,0.8247894048690796,0.854667603969574
D15L,15,1.023226163,3,0.8341307759284973,0.0332209745957057,0.18909538707150264,0.8427607417106628,0.8857536911964417,0.8316138982772827,0.8062809109687805,0.8042446374893188
D15K,15,0.8593440290000001,3,0.7605234622955322,0.059920458535992975,0.09882056670446782,0.771581768989563,0.8352566361427307,0.774897575378418,0.6690201163291931,0.7518612146377563
D15H,15,1.462417476,3,1.0823601841926576,0.07589194018211261,0.3800572918073424,0.9751664996147156,1.0590391159057617,1.118756890296936,1.078183650970459,1.180654764175415
D15G,15,0.863450385,3,0.977706229686737,0.05896664339059632,0.114255844686737,0.9466229677200317,0.9802558422088623,0.9738937616348267,0.9151458144187927,1.0726127624511719
D15F,15,0.881853048,3,0.8977632761001587,0.03880570921162835,0.01591022810015874,0.8505457043647766,0.9562684297561646,0.8961007595062256,0.9056411981582642,0.8802602887153625
D15E,15,0.798273169,3,0.9682492733001709,0.05803319253563401,0.16997610430017085,0.9255277514457703,0.9603480696678162,1.038519263267517,0.9016234874725342,1.0152277946472168
D15C,15,0.77989382,3,1.0020665287971497,0.09009652915180727,0.2221727087971498,0.902853786945343,1.1198705434799194,1.052106261253357,1.011850357055664,0.9236516952514648
D15S,15,1.104260884,3,0.8874421834945678,0.05755138533178748,0.21681870050543228,0.8358638286590576,0.9553873538970947,0.9082866907119751,0.8196179270744324,0.9180551171302795
D15T,15,1.095229463,3,0.9088814854621887,0.06470448286549549,0.18634797753781118,0.8119664192199707,0.9487457871437073,0.9637621641159058,0.8728805184364319,0.947052538394928
D15W,15,0.727415183,3,0.8620075345039367,0.021831409569508197,0.13459235150393678,0.844111979007721,0.8918472528457642,0.8587476015090942,0.8396731019020081,0.8756577372550964
D15R,15,1.009818822,3,0.9103286385536193,0.044125132117476054,0.09949018344638061,0.8684529066085815,0.9547710418701172,0.9257349967956543,0.8585605025291443,0.9441237449645996
D15P,15,1.017157606,3,0.8099817633628845,0.013751170048759085,0.20717584263711553,0.7963704466819763,0.7972427606582642,0.8147526383399963,0.8120184540748596,0.8295245170593262
D15N,15,0.813771155,3,1.0410077929496766,0.06488484245486262,0.22723663794967663,0.9737057089805603,1.0827680826187134,1.0888947248458862,0.9664953947067261,1.0931750535964966
T16C,16,0.204632596,2,0.8988856077194214,0.1096319737840992,0.6942530117194214,0.8315333724021912,0.9327486753463745,0.7430020570755005,1.0025984048843384,0.9845455288887024
T16A,16,1.025208528,2,1.1198947429656982,0.0804789008054785,0.09468621496569818,0.9945169687271118,1.2147516012191772,1.1199455261230469,1.1160800457000732,1.154179573059082
T16Y,16,0.772134175,2,1.096121621131897,0.06191132900778261,0.3239874461318969,1.025608777999878,1.174806833267212,1.145973563194275,1.0671255588531494,1.0670933723449707
T16V,16,0.8633915959999999,2,0.9874947547912598,0.032173464864736025,0.12410315879125988,0.9444142580032349,1.0095195770263672,1.021558403968811,0.9643388986587524,0.9976426362991333
T16R,16,0.994622618,2,0.9950469017028809,0.06992174259889643,0.0004242837028809454,0.908146321773529,0.9676151275634766,0.9664598107337952,1.0770370960235596,1.055976152420044
T16P,16,0.564553769,2,0.9141358613967896,0.05056411053464917,0.3495820923967896,0.8953409790992737,0.9587206244468689,0.8360973596572876,0.9255819320678711,0.9549384117126465
T16N,16,0.92941474,2,1.244982862472534,0.07784469684200254,0.3155681224725341,1.1319551467895508,1.215411901473999,1.252598762512207,1.339132308959961,1.2858161926269531
T16W,16,1.176319137,2,0.9910025000572205,0.08614207260958888,0.18531663694277944,0.9768707752227783,1.0535757541656494,0.983661413192749,1.0815112590789795,0.859393298625946
T16L,16,1.032835338,2,0.9957968235015869,0.053362898577311024,0.037038514498413,0.9064927101135254,1.0270061492919922,1.0353200435638428,1.023879051208496,0.9862861633300781
T16D,16,0.7528860070000001,2,1.2916477918624878,0.09484969576716694,0.5387617848624877,1.1614906787872314,1.300468921661377,1.4039758443832397,1.239986777305603,1.3523167371749878
T16M,16,1.131893563,2,0.9792034149169921,0.04446848723372884,0.15269014808300785,0.9030553698539734,0.990048348903656,1.0176136493682861,1.0015010833740234,0.983798623085022
T16F,16,1.107622072,2,1.1666413068771362,0.09491491657867343,0.05901923487713612,1.0678410530090332,1.141093373298645,1.322468638420105,1.1714389324188232,1.1303645372390747
T16E,16,1.095256647,2,1.0173412561416626,0.04254726883045698,0.07791539085833743,0.9470133781433105,1.0601617097854614,1.0355968475341797,1.0285022258758545,1.0154321193695068
T16G,16,1.062996367,2,0.9431041240692138,0.0656030266559513,0.11989224293078615,0.8877230286598206,0.8579010963439941,0.9936524033546448,0.9999552965164185,0.9762887954711914
T16H,16,0.6899094809999999,2,1.2605736970901489,0.0659414322753826,0.570664216090149,1.1772021055221558,1.2398900985717773,1.2540538311004639,1.2719378471374512,1.3597846031188965
T16I,16,0.909188803,2,1.127930760383606,0.0648251191012252,0.2187419573836059,1.0425776243209839,1.1459468603134155,1.2216811180114746,1.120268702507019,1.1091794967651367
E17A,17,0.95765827,2,0.9090603470802308,0.053661377394687834,0.048597922919769276,0.8464752435684204,0.9718512296676636,0.9074719548225403,0.9525015354156494,0.8670017719268799
E17G,17,1.2063452609999998,2,0.788211715221405,0.032400817273596644,0.41813354577859485,0.7885594964027405,0.766050398349762,0.8299375772476196,0.8079936504364014,0.7485174536705017
E17K,17,0.831333448,2,0.7336599707603455,0.02837751189258887,0.09767347723965447,0.6901528239250183,0.766459047794342,0.7428455948829651,0.7252848148345947,0.7435575723648071
E17L,17,0.944622576,2,0.8797180771827697,0.06879484082428718,0.06490449881723026,0.8119288682937622,0.8711171746253967,0.9679099917411804,0.8171862959861755,0.930448055267334
E17M,17,1.013998868,2,0.8406705498695374,0.07817602994167587,0.17332831813046268,0.728485107421875,0.8107669949531555,0.847771406173706,0.8781242370605469,0.9382050037384033
E17P,17,0.762128556,2,0.8688228845596313,0.06422926877914101,0.10669432855963135,0.86334627866745,0.7844229936599731,0.9493222236633301,0.8359338641166687,0.9110890626907349
E17Q,17,1.048109884,2,0.9367883920669555,0.07226244005146566,0.11132149193304453,0.9418951272964478,0.9145852327346802,0.8674653768539429,1.0569024085998535,0.9030938148498535
E17R,17,0.931564616,2,0.7929886817932129,0.07311603927887361,0.13857593420678704,0.7246353626251221,0.8561152815818787,0.7304112911224365,0.7698291540145874,0.8839523196220398
E17V,17,0.906576789,2,0.8325833201408386,0.03169445817922034,0.07399346885916147,0.7809725403785706,0.8299134969711304,0.8478584289550781,0.8653772473335266,0.8387948870658875
E17T,17,0.759770973,2,0.839014184474945,0.05521558971685366,0.07924321147494506,0.7413569092750549,0.8545458316802979,0.8679008483886719,0.8747231364250183,0.8565441966056824
E17W,17,0.937526975,2,0.9087627768516541,0.061337133556372804,0.028764198148345965,0.9420136213302612,0.9629131555557251,0.935489296913147,0.8951972723007202,0.8082005381584167
E17S,17,0.906456516,2,0.8873146653175354,0.05359972625343431,0.019141850682464545,0.8257731795310974,0.8421765565872192,0.9579725861549377,0.90174800157547,0.9089030027389526
V18G,18,0.985312924,1,0.8684452533721924,0.028032447798448608,0.11686767062780767,0.8625980019569397,0.8369687795639038,0.8594403266906738,0.9135646820068359,0.8696544766426086
V18W,18,0.898697888,1,1.000064742565155,0.07635299222585755,0.10136685456515504,1.0733650922775269,0.9335876107215881,0.903090238571167,1.0396958589553833,1.0505849123001099
V18E,18,1.223015826,1,0.9694951415061951,0.10857570432342438,0.2535206844938048,0.9859548807144165,0.9167952537536621,0.9288281798362732,1.148475170135498,0.8674222230911255
V18S,18,0.942921614,1,0.9394500374794006,0.0436433754458871,0.003471576520599373,0.8997817635536194,0.9571830034255981,0.9220173954963684,1.0073633193969727,0.9109047055244446
V18R,18,0.904721395,1,0.9374595999717712,0.07956871725125524,0.032738204971771157,0.864216685295105,0.9567816257476807,0.9030224680900574,1.0667778253555298,0.8964993953704834
V18Q,18,0.768273897,1,1.085934829711914,0.11420435861394247,0.317660932711914,1.1295666694641113,1.019345760345459,1.0172996520996094,1.267612099647522,0.9958499670028687
V18P,18,0.966622318,1,0.7589340925216674,0.05609838170663802,0.20768822547833254,0.792564868927002,0.7671067714691162,0.7363581657409668,0.8224495649337769,0.6761910915374756
V18M,18,1.035475042,1,1.1363563776016234,0.06030984167492851,0.10088133560162338,1.0756285190582275,1.1467885971069336,1.183714747428894,1.2030372619628906,1.0726127624511719
V18A,18,0.986342167,1,0.8913058042526245,0.05092211352584541,0.09503636274737548,0.9162150621414185,0.8891397714614868,0.8174577951431274,0.9555085897445679,0.878207802772522
V18T,18,0.927797866,1,0.8739256143569947,0.03949428570234456,0.05387225164300535,0.8867287635803223,0.9080113768577576,0.8207019567489624,0.909191370010376,0.8449946045875549
V18L,18,1.033329465,1,1.0442601919174195,0.07048102400605952,0.010930726917419475,1.1145814657211304,0.9860484600067139,0.9527872800827026,1.08710777759552,1.0807759761810303
V18K,18,0.4021267079999999,1,0.8102577567100525,0.0759055506324333,0.4081310487100526,0.7476105093955994,0.8844972848892212,0.739446222782135,0.8983596563339233,0.7813751101493835
Q19G,19,0.200200621,0,0.9058211922645569,0.04535366637235026,0.7056205712645569,0.9476390480995178,0.9546766877174377,0.8668777942657471,0.8550800681114197,0.9048323631286621
Q19V,19,0.70002896,0,0.8360671043395996,0.040399715735528446,0.1360381443395996,0.8480318784713745,0.8918298482894897,0.8305385708808899,0.7793650031089783,0.8305702209472656
Q19T,19,0.896279908,0,0.8895894765853882,0.03130565853074009,0.006690431414611786,0.9032535552978516,0.9360337257385254,0.8831745386123657,0.8695896863937378,0.8558958768844604
Q19S,19,0.7401198609999999,0,1.0881193161010743,0.05009861718758881,0.34799945510107433,1.1450778245925903,1.126075029373169,1.0521396398544312,1.092735767364502,1.0245683193206787
Q19R,19,0.3618216979999999,0,0.8739690661430359,0.04126293093265357,0.512147368143036,0.9235815405845642,0.8286945223808289,0.9005919098854065,0.8349167108535767,0.8820606470108032
K20S,20,1.222914916,2,1.0415231943130494,0.07444698630688179,0.1813917216869505,0.9423271417617798,1.0421315431594849,1.1521894931793213,1.0376300811767578,1.0333377122879028
K20T,20,1.180128109,2,1.054024624824524,0.05638827106475361,0.126103484175476,1.0056824684143066,1.0424573421478271,1.151443600654602,1.0300812721252441,1.0404584407806396
K20V,20,0.991263255,2,0.9167037725448608,0.048042039084360035,0.07455948245513921,0.8408088684082031,0.9345450401306152,0.9666380286216736,0.9030517339706421,0.9384751915931702
K20W,20,0.963080828,2,1.0022293090820313,0.05446230094002365,0.03914848108203128,0.9749607443809509,1.0893112421035767,0.943070650100708,0.9975562691688538,1.006247639656067
K20Y,20,1.144481403,2,1.0591932773590087,0.1040169378110878,0.0852881256409912,1.0494036674499512,1.1841580867767334,1.138893961906433,0.9951136112213135,0.9283970594406128
K20R,20,0.7959980940000001,2,1.003158700466156,0.02692085261123265,0.20716060646615586,0.9847002029418945,1.0337944030761719,0.9754671454429626,0.9917782545089722,1.0300534963607788
K20P,20,0.898011067,2,0.8883304238319397,0.04441929244563618,0.009680643168060277,0.8479094505310059,0.8740689754486084,0.9585331082344055,0.9030001163482666,0.8581404685974121
K20M,20,1.169522335,2,1.0184377193450929,0.08350667055808479,0.15108461565490705,0.9140329360961914,1.119189739227295,1.0774893760681152,1.0209087133407593,0.960567831993103
K20L,20,1.051137275,2,0.9774698972702026,0.09493087016846417,0.07366737772979748,0.8669220209121704,1.0270822048187256,1.1114656925201416,0.921684980392456,0.9601945877075195
K20I,20,0.675371174,2,1.0508340716362,0.08717151022806527,0.3754628976361999,0.9706452488899231,1.1184918880462646,1.1680526733398438,1.0076476335525513,0.989332914352417
K20G,20,0.971750321,2,0.8405761241912841,0.04187095548370657,0.1311741968087159,0.7988445162773132,0.8116370439529419,0.9024257659912109,0.8618600964546204,0.8281131982803345
K20F,20,1.040875323,2,1.0636579990386963,0.07878368947811296,0.022782676038696215,0.9603585004806519,1.1274950504302979,1.1403818130493164,1.086864948272705,1.0031896829605103
K20E,20,0.8622296979999999,2,1.0685176372528076,0.0539248075529791,0.20628793925280764,1.0028046369552612,1.1438466310501099,1.0978480577468872,1.0458664894104004,1.0522223711013794
K20C,20,1.052259092,2,0.9927509546279907,0.06487530893147793,0.05950813737200922,0.8879770636558533,1.0278503894805908,0.9892516732215881,1.0604524612426758,0.9982231855392456
K20D,20,0.716512782,2,0.9735575437545776,0.11251236388451148,0.2570447617545776,0.8679782152175903,1.1133521795272827,1.074907660484314,0.9213593602180481,0.8901903033256531
K20Q,20,1.229979855,2,1.1234891891479493,0.05259007282879746,0.1064906658520508,1.044663429260254,1.1892070770263672,1.1319698095321655,1.1108379364013672,1.1407676935195923
K20A,20,0.894405633,2,0.941359531879425,0.04507473055774714,0.04695389887942503,0.8857343792915344,0.946501612663269,1.007082462310791,0.950631856918335,0.9168473482131958
N21V,21,1.064508875,0,0.843632161617279,0.03063975320870452,0.22087671338272097,0.8518726229667664,0.8826398849487305,0.8576070666313171,0.8060837984085083,0.819957435131073
N21M,21,1.104490385,0,0.976053249835968,0.05420714360562275,0.1284371351640321,1.0067110061645508,0.9502121806144714,1.0349676609039307,0.8959991931915283,0.9923762083053589
N21E,21,1.022781804,0,0.8324384927749634,0.045733758999049495,0.19034331122503667,0.8950227499008179,0.8676603436470032,0.8034442067146301,0.7974256277084351,0.7986395359039307
N21Q,21,1.3062112259999998,0,0.7958144783973694,0.024661244451203684,0.5103967476026304,0.785648763179779,0.8252317905426025,0.816625714302063,0.7864686846733093,0.765097439289093
N21R,21,0.8555740359999999,0,0.8166159152984619,0.02961722205532788,0.038958120701538035,0.7660358548164368,0.8314262628555298,0.8401209712028503,0.8155603408813477,0.829936146736145
N21D,21,1.074466121,0,0.8104637742042542,0.05121407256113252,0.26400234679574575,0.7544713616371155,0.8000262379646301,0.887418806552887,0.7800023555755615,0.8304001092910767
N21C,21,1.075261353,0,0.8721530318260193,0.05153549139989876,0.2031083211739806,0.8696920275688171,0.9433298110961914,0.8361586928367615,0.8126617074012756,0.8989229202270508
N21A,21,1.127890062,0,0.7971902251243591,0.062339506375923476,0.330699836875641,0.7494469285011292,0.9051156044006348,0.7870480418205261,0.7836307883262634,0.7607097625732422
N21T,21,0.986141511,0,0.9260833621025085,0.05171887139636336,0.0600581488974915,0.8863928318023682,1.0141223669052124,0.8940832614898682,0.9075284004211426,0.9282899498939514
N21W,21,0.973212039,0,0.7437802314758301,0.05638302286979318,0.22943180752416992,0.7459065318107605,0.8157827258110046,0.7767038345336914,0.6713697910308838,0.7091382741928101
N21L,21,1.074666138,0,0.8140801787376404,0.03432066506547189,0.2605859592623596,0.8142850399017334,0.8458653688430786,0.802862286567688,0.84468013048172,0.7627080678939819
N21G,21,0.900320349,0,0.82544926404953,0.03558596574453836,0.07487108495047001,0.808281660079956,0.8802482485771179,0.8360891938209534,0.7856687903404236,0.8169584274291992
Q22P,22,0.697073142,4,0.8153914213180542,0.040256605366873505,0.11831827931805416,0.8477251529693604,0.7838230729103088,0.7618955969810486,0.8514595627784729,0.8320537209510803
Q22L,22,0.555977519,4,0.8318038702011108,0.08388854537259849,0.27582635120111076,0.9475477933883667,0.7201482653617859,0.7978164553642273,0.8652385473251343,0.82826828956604
Q22A,22,0.6259329229999999,4,0.9003619909286499,0.0607807206292692,0.27442906792864996,0.9899786114692688,0.8376995325088501,0.9149816632270813,0.8500663042068481,0.9090838432312012
Q22C,22,1.111121913,4,1.0111312031745912,0.09785687820623779,0.09999070982540892,1.1681267023086548,0.9291178584098816,0.9313991069793701,0.9967489242553711,1.0302634239196777
Q22K,22,0.974841704,4,0.6070807576179504,0.07724355064553759,0.3677609463820496,0.646068811416626,0.6001884341239929,0.4764266610145569,0.642734169960022,0.6699857115745544
Q22I,22,1.060553417,4,0.884084153175354,0.06108109717763399,0.1764692638246459,0.8727516531944275,0.8606923818588257,0.8485515713691711,0.846695601940155,0.9917295575141907
Q22G,22,0.952767529,4,0.9165690898895263,0.0529554405008225,0.0361984391104736,0.9221747517585754,0.9066929817199707,0.8914133906364441,0.8604923486709595,1.0020719766616821
Q22F,22,0.934865825,4,0.8171617388725281,0.06987017970536016,0.11770408612747196,0.9108749032020569,0.71378093957901,0.8224197626113892,0.8225486874580383,0.816184401512146
Q22E,22,1.008610971,4,0.8617604613304138,0.03380583426776668,0.14685050966958613,0.8990433216094971,0.8451485633850098,0.8753309845924377,0.8119673132896423,0.8773121237754822
Q22Y,22,0.80175781,4,0.7426212310791016,0.09770287522096782,0.05913657892089841,0.8391731977462769,0.6779578924179077,0.7266061902046204,0.6244634985923767,0.8449053764343262
Q22D,22,1.250864522,4,0.8097988128662109,0.08044632466834921,0.4410657091337892,0.905587911605835,0.7523154616355896,0.8236566781997681,0.7067300081253052,0.8607040047645569
Q22M,22,1.245965389,4,0.8611286044120788,0.05378177047704182,0.38483678458792114,0.8734878301620483,0.8466782569885254,0.8487080931663513,0.9423735737800598,0.7943952679634094
Q22N,22,1.364182036,4,0.8578903436660766,0.06996954896343822,0.5062916923339235,0.9079582095146179,0.8358879685401917,0.7603354454040527,0.8443613052368164,0.9409087896347046
Q22W,22,0.5127557629999999,4,0.7789668917655945,0.058275910545396666,0.2662111287655946,0.8242445588111877,0.6804519891738892,0.7724381685256958,0.8093318939208984,0.8083678483963013
Q22V,22,0.997506384,4,0.7728513240814209,0.04311303171362717,0.22465505991857915,0.8246763944625854,0.7117871642112732,0.7943443059921265,0.7511802911758423,0.7822684645652771
Q22T,22,0.703494895,4,0.871299397945404,0.05240257370683436,0.16780450294540405,0.8882572650909424,0.9461934566497803,0.8098172545433044,0.8355449438095093,0.8766840696334839
Q22S,22,1.217282799,4,0.8735277771949768,0.04152097412601833,0.34375502180502315,0.9291477203369141,0.8301455974578857,0.8695318698883057,0.8388254642486572,0.8999882340431213
Q22R,22,1.210678065,4,0.7147388577461242,0.03952646774642913,0.49593920725387575,0.6911535859107971,0.734696626663208,0.7012654542922974,0.6734544038772583,0.7731242179870605
V23F,23,0.970264,1,0.9890330553054809,0.07737547570057626,0.018769055305480897,0.9411476850509644,0.9879258275032043,0.893104612827301,1.0302661657333374,1.0927209854125977
V23D,23,0.619669784,1,1.0104872465133667,0.11186943006907173,0.3908174625133668,0.978206992149353,0.9884832501411438,0.8546348214149475,1.1484508514404297,1.0826603174209595
V23Y,23,1.100423533,1,0.9847487449645996,0.07331532174029963,0.11567478803540043,0.9265505075454712,1.0126237869262695,0.8931223154067993,1.0731574296951294,1.0182896852493286
V23W,23,0.933443337,1,0.8915330171585083,0.07637332065982455,0.04191031984149174,0.8877317309379578,0.9617873430252075,0.8103189468383789,0.9753227829933167,0.8225042819976807
V23T,23,0.910047954,1,0.8914096593856812,0.04270180052848045,0.018638294614318873,0.8997689485549927,0.9255595803260803,0.8458006978034973,0.9375280141830444,0.848391056060791
V23S,23,1.000400108,1,0.9588719367980957,0.07300268900379446,0.04152817120190433,0.8773390650749207,0.9899349808692932,0.8920873403549194,1.051927089691162,0.9830712080001831
V23R,23,1.037607341,1,1.1178183078765869,0.15455349271024493,0.08021096687658691,1.0409109592437744,1.1366997957229614,0.9295406341552734,1.3493552207946777,1.1325849294662476
V23M,23,1.028123763,1,1.0066109538078307,0.09137353119736535,0.021512809192169247,1.0010206699371338,0.995040774345398,1.0606974363327026,1.1098530292510986,0.866442859172821
V23N,23,1.252142648,1,0.8607911229133606,0.09443035585467652,0.3913515250866394,0.7677997350692749,0.8013082146644592,0.8103147745132446,0.9753127098083496,0.9492201805114746
V23C,23,1.038614792,1,0.9057628273963928,0.079537491580028,0.13285196460360715,0.8605155348777771,0.9239708185195923,0.8366607427597046,1.036081075668335,0.8715859651565552
V23L,23,1.092308294,1,0.8872077822685241,0.06131186501455839,0.2051005117314758,0.8646891713142395,0.8820410966873169,0.8021420836448669,0.9649167060852051,0.9222498536109924
V23G,23,0.98901627,1,0.9422371625900269,0.11186756524263432,0.04677910740997315,0.838466227054596,0.9182891845703125,0.8928529620170593,1.1322627067565918,0.9293147325515747
V23K,23,0.787548647,1,0.6498339414596558,0.05731462996984174,0.13771470554034426,0.6114118099212646,0.6715134382247925,0.6342462301254272,0.7382071614265442,0.5937910676002502
V23H,23,0.992607718,1,0.9636125922203064,0.11541193941148667,0.028995125779693653,0.8440536856651306,1.0265207290649414,0.837992787361145,1.091054081916809,1.0184416770935059
V23P,23,1.094753408,1,0.9262243032455444,0.07342284254044068,0.1685291047544557,0.8998923897743225,0.9324102997779846,0.9260759949684143,1.0379245281219482,0.8348183035850525
V23A,23,1.053308471,1,0.888290536403656,0.08081405712531432,0.16501793459634406,0.8648158311843872,0.9447943568229675,0.7718544006347656,0.9816862344741821,0.8783018589019775
L24D,24,0.624557798,1,0.7891937375068665,0.09007453024465607,0.1646359395068665,0.7269982099533081,0.7393807768821716,0.7260528206825256,0.9349862933158875,0.8185505867004395
L24Q,24,0.53080447,1,0.8112895488739014,0.07383686561811015,0.2804850788739014,0.7692976593971252,0.7379864454269409,0.7699313759803772,0.908193826675415,0.8710384368896484
L24E,24,0.806856463,1,0.8161057472229004,0.06227850117459147,0.009249284222900389,0.799476146697998,0.7652288675308228,0.7773817777633667,0.9216969013214111,0.8167450428009033
L24S,24,0.933614613,1,0.8644631505012512,0.0926875706743415,0.06915146249874882,0.8636208772659302,0.7920523881912231,0.7720769047737122,1.0058767795562744,0.8886888027191162
L24T,24,1.287889486,1,0.9319884300231933,0.06621147377230191,0.35590105597680677,0.936998188495636,0.8657780885696411,0.9027721881866455,1.0411723852157593,0.9132212996482849
L24V,24,0.916068298,1,0.9327715396881103,0.09920873489217831,0.016703241688110326,0.8878419399261475,0.8729747533798218,0.9034907817840576,1.109179973602295,0.89037024974823
L24R,24,1.050007431,1,0.7821813821792603,0.04052489030463982,0.2678260488207398,0.8238389492034912,0.7564173936843872,0.7426349520683289,0.8281126618385315,0.7599029541015625
L24A,24,0.967429185,1,0.8799088358879089,0.04691648891165934,0.08752034911209106,0.8624768853187561,0.8427437543869019,0.8549062609672546,0.9604905843734741,0.878926694393158
L24F,24,1.047551745,1,0.8908374309539795,0.04874116141529255,0.15671431404602054,0.9047354459762573,0.9110654592514038,0.810063362121582,0.9395386576652527,0.8887842297554016
L24H,24,0.813101712,1,0.7198773384094238,0.05332225589476193,0.09322437359057623,0.6724048256874084,0.7111383676528931,0.6770237684249878,0.8033190965652466,0.7355006337165833
L24M,24,1.125235689,1,1.1114441871643066,0.0726804477784494,0.013791501835693332,1.095323085784912,1.1488518714904785,1.1217617988586426,1.1927623748779297,0.9985218048095703
L24K,24,1.04851656,1,0.770600152015686,0.042272447954402104,0.27791640798431394,0.7686707973480225,0.786462128162384,0.7255349159240723,0.8329479694366455,0.7393849492073059
L24I,24,1.5762545630000002,1,0.9792539358139039,0.06458431609016292,0.5970006271860964,0.9483831524848938,0.9638458490371704,0.9217143654823303,1.0894477367401123,0.9728785753250122
L24W,24,0.828572392,1,0.8265838027000427,0.03325824030602446,0.0019885892999572663,0.8214610815048218,0.8478250503540039,0.774289608001709,0.8279685378074646,0.8613747358322144
L24C,24,1.116922933,1,0.9456825733184815,0.0965754415927709,0.1712403596815184,0.9524332880973816,1.0240130424499512,0.8246878385543823,1.0526376962661743,0.8746410012245178
L24G,24,0.699942763,1,0.8201740384101868,0.06688739765338068,0.12023127541018674,0.8319375514984131,0.7576208114624023,0.7596578598022461,0.9204795360565186,0.8311744332313538
L24P,24,0.732032785,1,0.8020284056663514,0.0475774392185268,0.06999562066635134,0.8420417308807373,0.7551003098487854,0.7527095079421997,0.8550216555595398,0.8052688241004944
T25A,25,0.420659455,4,0.7140619039535523,0.06566785551702796,0.2934024489535523,0.6039533615112305,0.7145280838012695,0.7273726463317871,0.7746352553367615,0.7498201727867126
T25E,25,1.013503641,4,0.696628987789154,0.04508383500064148,0.31687465321084596,0.6374710202217102,0.7397118806838989,0.7187411189079285,0.6599411964416504,0.7272797226905823
T25V,25,0.725910281,4,0.6653801202774048,0.06131221417359855,0.060530160722595205,0.5563964247703552,0.69427490234375,0.6937440037727356,0.7007858753204346,0.6816993951797485
T25C,25,0.692407793,4,0.8093764424324036,0.029679723775042893,0.11696864943240359,0.8527953624725342,0.7805086374282837,0.7859737277030945,0.8242456316947937,0.8033588528633118
T25S,25,1.143650491,4,0.8975221872329712,0.016699644249318083,0.24612830376702888,0.9152194857597351,0.8990874290466309,0.9123253226280212,0.8799892663955688,0.8809894323348999
T25R,25,0.954977041,4,0.5677225768566132,0.0578724158437659,0.3872544641433868,0.4821437895298004,0.6383892297744751,0.5603851675987244,0.559124231338501,0.5985704660415649
T25Q,25,0.8243256520000001,4,0.6415139079093933,0.09420729350627409,0.18281174409060674,0.5543807148933411,0.756463348865509,0.7262121438980103,0.60965895652771,0.5608543753623962
T25P,25,0.68677712,4,0.7779177784919739,0.03283601331281903,0.09114065849197384,0.7656440734863281,0.8304068446159363,0.7467180490493774,0.7593920230865479,0.7874279022216797
T25W,25,0.656237602,4,0.6664197087287903,0.0826371798178923,0.010182106728790274,0.5411107540130615,0.6525419354438782,0.689910888671875,0.6785721778869629,0.7699627876281738
T25M,25,0.95117808,4,0.6777389526367188,0.025706097460978815,0.27343912736328124,0.6345117688179016,0.6857730150222778,0.6764169931411743,0.7005602121353149,0.691432774066925
T25L,25,0.722614822,4,0.6016518831253052,0.04232945261918521,0.12096293887469489,0.5661292672157288,0.6024000644683838,0.6306095719337463,0.6548058986663818,0.5543146133422852
T25K,25,0.596506604,4,0.500480443239212,0.11540410787774874,0.09602616076078796,0.30297568440437317,0.6046518087387085,0.5402597784996033,0.5131824016571045,0.5413325428962708
T25I,25,0.796406918,4,0.6588796734809875,0.04886394853260892,0.13752724451901244,0.5831794738769531,0.6728742718696594,0.6399998664855957,0.7024067044258118,0.6959380507469177
T25G,25,0.803725951,4,0.7960148334503174,0.03931317406357943,0.007711117549682567,0.7649314403533936,0.8160568475723267,0.7436755299568176,0.833462119102478,0.821948230266571
T25N,25,1.151098813,4,0.8143617630004882,0.029251737204977032,0.3367370499995117,0.7768822312355042,0.854466438293457,0.8038245439529419,0.8298768401145935,0.8067587614059448
L26N,26,0.942032388,0,1.0691019773483277,0.1137590421983271,0.12706958934832768,1.0332242250442505,1.0407803058624268,0.9405419826507568,1.0801312923431396,1.2508320808410645
L26A,26,0.796233938,0,1.1311246871948242,0.023126306776582485,0.3348907491948242,1.1236255168914795,1.125903606414795,1.1060709953308105,1.1311081647872925,1.1689151525497437
L26K,26,0.595159456,0,0.7874022126197815,0.04825126459386113,0.19224275661978152,0.853522539138794,0.7681442499160767,0.7845130562782288,0.8078113794326782,0.7230198383331299
L26H,26,0.967764614,0,1.0774662733078002,0.11484234288447424,0.10970165930780018,1.0559560060501099,1.1209933757781982,0.9196039438247681,1.055249571800232,1.2355284690856934
L26G,26,0.7595608290000001,0,1.1574023485183715,0.05062519727566103,0.39784151951837143,1.0726897716522217,1.1703499555587769,1.2085827589035034,1.1615105867385864,1.1738786697387695
L26F,26,0.943160567,0,0.9743188858032227,0.061750567545660925,0.03115831880322273,0.9532373547554016,1.059523105621338,0.907747209072113,0.9360873699188232,1.0149993896484375
L26E,26,0.912623646,0,0.9905545234680175,0.05250671441092371,0.07793087746801752,0.983008861541748,1.0173499584197998,0.9354627728462219,0.9511367678642273,1.0658142566680908
L26D,26,0.849882745,0,0.9514742255210876,0.07695825716850126,0.10159148052108757,0.9015271663665771,0.9611654281616211,0.8576288819313049,0.9778852462768555,1.0591644048690796
L26C,26,1.106352697,0,0.9538502812385559,0.11671901927678599,0.15250241576144408,1.0756829977035522,0.9834471940994263,0.8335185647010803,0.8291893005371094,1.0474133491516113
L26M,26,0.769385051,0,0.8996407508850097,0.07898749950470109,0.13025569988500973,0.8748198747634888,0.9718235731124878,0.8107324242591858,0.8484350442886353,0.9923928380012512
L26P,26,1.027967952,0,1.168521475791931,0.08542997182497492,0.1405535237919311,1.0526189804077148,1.2100460529327393,1.1091060638427734,1.2075351476669312,1.263301134109497
L26W,26,0.6623051289999999,0,0.8336139917373657,0.03462003634181042,0.17130886273736579,0.8559051752090454,0.8587998151779175,0.7809032797813416,0.8153640031814575,0.8570976853370667
L26V,26,0.767167697,0,1.0886741876602173,0.029530906165411167,0.3215064906602173,1.0948858261108398,1.0974665880203247,1.0468475818634033,1.076953649520874,1.1272172927856445
L26T,26,0.7444726970000001,0,1.1461286067962646,0.07764692832813552,0.40165590979626453,1.2229392528533936,1.1199371814727783,1.024082899093628,1.1883337497711182,1.1753499507904053
L26S,26,0.64464666,0,1.0908486604690553,0.06369302609338046,0.4462020004690552,1.0968902111053467,1.1350407600402832,0.9947555065155029,1.1582324504852295,1.0693243741989136
L26Y,26,0.800271175,0,1.0427844405174256,0.07507108985565313,0.24251326551742558,1.043483018875122,1.1131408214569092,0.9294285178184509,1.0200719833374023,1.1077978610992432
L26R,26,0.7946176620000001,0,0.9015045881271362,0.0447275532547397,0.10688692612713613,0.8918592929840088,0.8803760409355164,0.8465883731842041,0.964042067527771,0.9246571660041809
E27I,27,0.963100774,4,0.8499967098236084,0.04772673897078325,0.11310406417639163,0.8325302004814148,0.7988066673278809,0.9272986650466919,0.8363760709762573,0.8549719452857971
E27G,27,0.94805001,4,1.0317896604537964,0.03871227479064685,0.08373965045379639,1.094677448272705,0.9964185953140259,1.0124797821044922,1.0415070056915283,1.0138654708862305
E27F,27,0.853035067,4,0.8796182751655579,0.05471839930830517,0.026583208165557926,0.9192283749580383,0.8179993033409119,0.8524287343025208,0.8559420108795166,0.9524929523468018
E27C,27,0.575568383,4,1.175193691253662,0.07316347493982998,0.599625308253662,1.3024861812591553,1.116370677947998,1.1630637645721436,1.144392967224121,1.1496548652648926
E27A,27,1.321937278,4,1.1835564374923706,0.09927065892288138,0.13838084050762944,1.33683443069458,1.186830997467041,1.2024041414260864,1.0864773988723755,1.10523521900177
E27K,27,0.679874885,4,1.219452428817749,0.09619881303456476,0.539577543817749,1.1830161809921265,1.382580041885376,1.193575382232666,1.1282577514648438,1.209832787513733
E27Q,27,0.8770917009999999,4,1.0311264872550965,0.13449140416376248,0.1540347862550966,0.9572535753250122,1.1533535718917847,1.059238314628601,0.8375852704048157,1.1482017040252686
E27L,27,0.987694337,4,0.8783089399337769,0.02647098226302577,0.10938539706622308,0.8645830750465393,0.8399759531021118,0.90223628282547,0.8829718828201294,0.9017775058746338
E27M,27,0.747889858,4,0.979303777217865,0.05922444303641341,0.23141391921786503,0.9284984469413757,1.0774708986282349,0.941546618938446,0.9875484108924866,0.9614545106887817
E27N,27,0.992638184,4,0.9599196910858154,0.07353290953096683,0.032718492914184605,1.0180118083953857,0.9519259929656982,0.985052227973938,0.8364896774291992,1.008118748664856
E27W,27,0.841312721,4,0.8660364866256713,0.032982902925044376,0.024723765625671357,0.8609345555305481,0.8182981610298157,0.8634804487228394,0.9096343517303467,0.8778349161148071
E27V,27,0.826220258,4,0.8648521065711975,0.028210227860705834,0.0386318485711975,0.8733054995536804,0.8362233638763428,0.905211329460144,0.869920015335083,0.8396003246307373
E27T,27,0.984408553,4,1.1895477533340455,0.09096882982968284,0.20513920033404554,1.2788280248641968,1.2909231185913086,1.1001148223876953,1.168365240097046,1.1095075607299805
E27S,27,1.116094521,4,1.0643243074417115,0.05687049827743719,0.05177021355828848,1.1167211532592773,1.0624228715896606,0.9686280488967896,1.0890028476715088,1.0848466157913208
E27R,27,0.8900256459999999,4,1.0870983600616455,0.05828841747000158,0.19707271406164562,1.0909887552261353,1.1081645488739014,1.1712793111801147,1.025847315788269,1.0392118692398071
E27Y,27,1.115637521,4,1.0100119590759278,0.11279665025332943,0.10562556192407224,1.1809093952178955,1.0306624174118042,1.0230462551116943,0.8986894488334656,0.916752278804779
E27P,27,0.722835236,4,1.0329684495925904,0.08685651197632217,0.3101332135925904,0.9951556921005249,1.1792876720428467,1.0420154333114624,0.9873416423797607,0.9610418081283569
E28I,28,0.670632456,0,0.8657377004623413,0.11708849764992733,0.19510524446234134,0.9044160842895508,1.0300531387329102,0.8779430389404297,0.7191575169563293,0.7971187233924866
E28V,28,0.964182799,0,0.8610096096992492,0.025933800041058334,0.10317318930075081,0.8902381658554077,0.8884064555168152,0.8418612480163574,0.8394050598144531,0.8451371192932129
E28W,28,0.968418686,0,0.7218441605567932,0.05758136008758719,0.2465745254432068,0.6945235729217529,0.7913345694541931,0.7096667885780334,0.6473119854927063,0.7663838863372803
E28T,28,0.801525206,0,0.929836106300354,0.04359517850706708,0.12831090030035397,0.8868640661239624,0.9906766414642334,0.9284306764602661,0.9525601863861084,0.8906489610671997
E28S,28,0.840254033,0,0.905060601234436,0.016470927914166635,0.06480656823443598,0.9000581502914429,0.9171587228775024,0.9270657896995544,0.8887611031532288,0.8922592401504517
E28R,28,0.851094088,0,0.8604649186134339,0.0737829401078262,0.009370830613433911,0.9227492809295654,0.845187783241272,0.8769117593765259,0.7410473823547363,0.9164283871650696
E28P,28,0.50975853,0,0.602660310268402,0.04126728735741645,0.09290178026840201,0.5845676064491272,0.6746047735214233,0.599661111831665,0.5754150152206421,0.5790530443191528
E28N,28,0.537357428,0,1.0205994606018067,0.05104981855802183,0.48324203260180676,0.9773819446563721,1.031079649925232,0.9634401798248291,1.0416849851608276,1.0894105434417725
E28L,28,0.902633517,0,0.8538102388381958,0.04321277698445155,0.04882327816180421,0.8911093473434448,0.9030923843383789,0.8498064279556274,0.801941454410553,0.8231015801429749
E28Y,28,1.165649164,0,0.9482706785202026,0.08086808677678786,0.21737848547979732,0.9959227442741394,1.0060203075408936,0.8267782330513,0.903104305267334,1.0095278024673462
E28A,28,0.928468973,0,0.94477299451828,0.05796185731847486,0.016304021518280032,0.8799166679382324,1.0204174518585205,0.9720020294189453,0.8937815427780151,0.9577472805976868
E28K,28,1.175279329,0,0.962412667274475,0.026397359869897573,0.21286666172552504,0.9570819735527039,0.9615460634231567,0.9843299388885498,0.921733558177948,0.9873718023300171
E28D,28,1.385922309,0,1.0462422132492066,0.05512818685577549,0.3396800957507933,1.0766124725341797,1.1193599700927734,1.0123450756072998,0.9774067401885986,1.0454868078231812
E28G,28,1.069868319,0,0.8862604260444641,0.04937456946597129,0.18360789295553592,0.8315559029579163,0.9548683166503906,0.9177963137626648,0.8600130677223206,0.8670685291290283
E28H,28,0.989545246,0,0.9494312644004822,0.0658262188800903,0.040113981599517845,0.8833709955215454,1.051299810409546,0.9119199514389038,0.9259655475616455,0.9746000170707703
E28C,28,1.156638085,0,0.9293011069297791,0.0585748628477108,0.2273369780702209,0.9915585517883301,0.9821916222572327,0.8579124808311462,0.9297472834587097,0.8850955963134766
W29Y,29,0.572182243,4,0.7472438097000123,0.03130062874489511,0.17506156670001227,0.7395451664924622,0.7521076202392578,0.72414231300354,0.7217024564743042,0.7987214922904968
W29V,29,0.643162133,4,0.7467146873474121,0.014396199928190443,0.10355255434741206,0.7232816815376282,0.7511662840843201,0.7502014636993408,0.7464657425880432,0.7624582648277283
W29G,29,0.68137323,4,0.6790863990783691,0.014639595456355617,0.0022868309216309557,0.6803062558174133,0.6921710968017578,0.6860568523406982,0.6541367769241333,0.682761013507843
W29E,29,0.840539205,4,0.5703645825386048,0.059932989181849285,0.27017462246139523,0.5062696933746338,0.5583091378211975,0.5646910667419434,0.5532480478286743,0.6693049669265747
W29D,29,0.8117724590000001,4,0.6043697953224182,0.056034227018438604,0.20740266367758187,0.5601683259010315,0.5944507122039795,0.5580437183380127,0.6138726472854614,0.695313572883606
W29C,29,0.650784815,4,0.869961428642273,0.06591402557967296,0.21917661364227303,0.9117830991744995,0.841427743434906,0.8127424716949463,0.9646470546722412,0.8192067742347717
W29M,29,0.514470048,4,0.7334063291549683,0.06476088112320162,0.21893628115496833,0.6223564743995667,0.7702553272247314,0.7619720101356506,0.7314379811286926,0.7810098528862
W29A,29,0.760001044,4,0.6773481249809266,0.027092785075641158,0.08265291901907346,0.6549721956253052,0.7089106440544128,0.6459051370620728,0.6784049272537231,0.6985477209091187
W29H,29,0.88479095,4,0.6754024028778076,0.06797319539654502,0.20938854712219235,0.6479800343513489,0.5748564600944519,0.6936047673225403,0.7051423788070679,0.7554283738136292
W29K,29,0.350097262,4,0.572438406944275,0.059561561413335185,0.22234114494427493,0.5561429858207703,0.549302339553833,0.603523850440979,0.4979082942008972,0.655314564704895
W29L,29,0.6255991439999999,4,0.7587395310401917,0.016612097810386552,0.1331403870401917,0.7476671934127808,0.7387993335723877,0.7815859317779541,0.75905841588974,0.7665867805480957
W29Q,29,0.7748347520000001,4,0.6335288763046265,0.049638107563505486,0.14130587569537356,0.5813742876052856,0.6238116025924683,0.6441348791122437,0.606177568435669,0.7121460437774658
W29R,29,0.623300752,4,0.7046168923377991,0.032780329998172875,0.0813161403377991,0.6554235816001892,0.6996978521347046,0.7102998495101929,0.7108173966407776,0.7468457818031311
W29S,29,0.725345615,4,0.6580965995788575,0.024098740160086854,0.06724901542114259,0.6709651947021484,0.6557161211967468,0.6507784128189087,0.6241608262062073,0.6888624429702759
W29T,29,0.7599630009999999,4,0.6528082609176635,0.035518850861632104,0.10715474008233639,0.6071643829345703,0.6579707264900208,0.6445934772491455,0.6481460332870483,0.706166684627533
W29P,29,0.707511254,4,0.5088834524154663,0.048156663185444565,0.19862780158453375,0.493152379989624,0.5409516096115112,0.5053993463516235,0.4395853281021118,0.5653285980224609
Q30T,30,1.003860673,3,0.8505760431289673,0.04467981823946576,0.15328462987103264,0.7980571985244751,0.8071132898330688,0.8959029912948608,0.8763647079467773,0.8754420280456543
Q30V,30,0.981142625,3,0.7958219051361084,0.023950725866170003,0.18532071986389165,0.8157603740692139,0.7627730965614319,0.7983818650245667,0.8203659057617188,0.7818282842636108
Q30I,30,1.017498665,3,0.8886611104011536,0.03990971325724373,0.12883755459884638,0.8732365965843201,0.9012181162834167,0.8744339346885681,0.9502509832382202,0.8441659212112427
Q30H,30,0.879988517,3,0.8806492328643799,0.04811022344407624,0.0006607158643798794,0.8647119402885437,0.8307973146438599,0.900663435459137,0.9538900852203369,0.853183388710022
Q30G,30,0.928472704,3,0.7560259699821472,0.07214124538244036,0.17244673401785282,0.7185730934143066,0.6732063293457031,0.724330723285675,0.8334128856658936,0.8306068181991577
Q30S,30,0.929419396,3,0.8173094272613526,0.060932757555577234,0.11210996873864743,0.7465243339538574,0.7758228182792664,0.8207951188087463,0.9047946333885193,0.8386102318763733
Q30E,30,0.954211543,3,0.9169337391853333,0.0652682958573187,0.03727780381466672,0.8210865259170532,0.9268695116043091,0.8969776034355164,0.9402687549591064,0.9994663000106812
Q30D,30,1.054626798,3,0.9346291661262512,0.044400123814578855,0.11999763187374868,0.8715194463729858,0.944754421710968,0.914406955242157,0.9523701071739197,0.9900949001312256
Q30C,30,1.082421938,3,0.8614476919174194,0.05066154263678263,0.22097424608258054,0.8011792898178101,0.8387033343315125,0.8553237915039062,0.9384706616401672,0.8735613822937012
Q30A,30,0.984150893,3,0.7618265271186828,0.05615709900166606,0.2223243658813172,0.7346146702766418,0.687701940536499,0.751629650592804,0.8123148083686829,0.8228715658187866
Q30R,30,0.7977039229999999,3,0.8170040607452392,0.05283067903275389,0.01930013774523931,0.7725303173065186,0.8212469220161438,0.812781572341919,0.7753459811210632,0.9031155109405518
Q30P,30,0.481860517,3,0.41256362199783325,0.10076325991342786,0.06929689500216674,0.3884202539920807,0.27856212854385376,0.5445630550384521,0.3792251646518707,0.47204750776290894
Q30N,30,0.698376143,3,1.0262935280799865,0.06370089463109463,0.3279173850799866,0.9760473370552063,0.9970596432685852,0.9804942011833191,1.1270571947097778,1.0508092641830444
Q30M,30,1.023099772,3,0.9085705399513244,0.04899457465340161,0.11452923204867549,0.8600960969924927,0.8739141225814819,0.8950637578964233,0.9813759326934814,0.9324027895927429
Q30L,30,0.8773681720000001,3,0.866683840751648,0.05330426567580086,0.010684331248352108,0.8373537659645081,0.7995849847793579,0.8956255912780762,0.9384273290634155,0.8624275326728821
Q30K,30,0.374850466,3,0.8729430913925171,0.09522060215112958,0.49809262539251714,0.8344968557357788,0.7309846878051758,0.9753117561340332,0.8883665800094604,0.9355555772781372
Q30F,30,0.8934866779999999,3,0.805477750301361,0.02970597554232601,0.08800892769863888,0.793001651763916,0.7790979146957397,0.8402092456817627,0.8345903754234314,0.7804895639419556
Q30W,30,0.606794564,3,0.7126995325088501,0.04692864490681585,0.10590496850885012,0.6846473813056946,0.6980159282684326,0.7678312063217163,0.658074676990509,0.754928469657898
D31G,31,0.910745089,3,0.973197066783905,0.06233330466497213,0.0624519777839051,0.8871904015541077,1.0539007186889648,0.9818785786628723,0.9436648488044739,0.9993507862091064
D31L,31,0.743046498,3,0.9201116323471069,0.03164911166853516,0.1770651343471069,0.8944859504699707,0.9339424967765808,0.8843806385993958,0.9244755506515503,0.9632735252380371
D31H,31,0.87194582,3,1.0840681791305542,0.06696535110819896,0.21212235913055422,1.07912278175354,1.058258056640625,1.101606845855713,1.1824694871902466,0.9988837242126465
D31M,31,0.784683646,3,1.0022066831588745,0.05302428905162014,0.21752303715887455,1.028780460357666,1.0418273210525513,0.958148717880249,1.0493803024291992,0.932896614074707
D31P,31,0.32219304,3,0.7232844591140747,0.03899688124515423,0.4010914191140747,0.7472489476203918,0.6692306399345398,0.7533742785453796,0.6942883729934692,0.752280056476593
D31Q,31,0.394097663,3,1.070753264427185,0.06948394178497438,0.6766556014271852,1.0328314304351807,1.111781358718872,1.0066001415252686,1.1727319955825806,1.0298213958740234
D31R,31,0.94102016,3,0.9703094720840454,0.0554063841757312,0.029289312084045394,0.9608769416809082,1.0132255554199219,0.9759324789047241,1.0198663473129272,0.8816460371017456
D31S,31,1.071426684,3,1.1213085412979127,0.05096534658203543,0.049881857297912724,1.1110934019088745,1.1534333229064941,1.0942803621292114,1.1890977621078491,1.0586378574371338
D31T,31,1.177519667,3,0.9436212182044983,0.01378829002155247,0.2338984487955018,0.954983115196228,0.9516697525978088,0.9215119481086731,0.9510589241981506,0.9388823509216309
D31V,31,0.945883174,3,0.9573111176490784,0.0361482313594955,0.011427943649078398,0.9390694499015808,0.9950315952301025,0.9349579215049744,0.9202295541763306,0.9972670674324036
D31W,31,0.667645443,3,0.9099797129631042,0.029484305938113107,0.24233426996310425,0.9219387769699097,0.8707760572433472,0.8879508376121521,0.9276113510131836,0.9416215419769287
D31I,31,1.215045213,3,0.8338321089744568,0.05858885400236497,0.3812131040255432,0.9033289551734924,0.7854408621788025,0.8153740167617798,0.776763916015625,0.8882527947425842
D31F,31,0.7798818940000001,3,0.92466721534729,0.036982879101187686,0.14478532134728994,0.9144717454910278,0.8870682716369629,0.9206350445747375,0.9145662784576416,0.9865947365760803
D31C,31,1.225478559,3,0.9647158026695252,0.0667398688583403,0.26076275633047474,0.8671892285346985,0.970252513885498,0.9817750453948975,1.0530556440353394,0.9513065814971924
D31A,31,1.008743143,3,1.1239362001419066,0.03209509004735766,0.11519305714190664,1.0728346109390259,1.1445693969726562,1.1525356769561768,1.1133902072906494,1.1363511085510254
D31K,31,0.986439712,3,1.0176941752433777,0.05575533732265497,0.03125446324337766,1.0284936428070068,1.0536105632781982,0.9901719689369202,1.0791126489639282,0.937082052230835
K32R,32,0.98758626,2,1.0093571543693542,0.06423089739752212,0.0217708943693542,0.9107334017753601,1.0680038928985596,1.0310934782028198,1.0552029609680176,0.9817520380020142
K32S,32,0.870893094,2,0.8093316078186035,0.03258450756037291,0.06156148618139656,0.7817559838294983,0.783399760723114,0.8168329000473022,0.8614857792854309,0.8031836152076721
K32T,32,1.013764926,2,0.8512362122535706,0.04493050747035827,0.1625287137464293,0.8306152820587158,0.7954156398773193,0.8990361094474792,0.8958789706230164,0.835235059261322
K32V,32,1.06072232,2,0.8408579587936401,0.046858574955892025,0.21986436120635988,0.8285230398178101,0.8150848150253296,0.7856766581535339,0.8706196546554565,0.9043856263160706
K32W,32,0.96914664,2,0.8468185424804687,0.049992299851121066,0.12232809751953122,0.8139218688011169,0.7885292768478394,0.858048677444458,0.9199212789535522,0.8536716103553772
K32Y,32,1.037521571,2,0.8249738812446594,0.05963201926170908,0.21254768975534066,0.7845693230628967,0.7676015496253967,0.8778887987136841,0.8998143672943115,0.7949953675270081
K32A,32,1.080067562,2,0.8879318833351135,0.038987509377769694,0.19213567866488646,0.9390973448753357,0.8385841846466064,0.8613216280937195,0.8979235291481018,0.9027327299118042
K32C,32,0.7215399029999999,2,0.8439128518104553,0.03642484712953929,0.12237294881045535,0.8183442950248718,0.7963443994522095,0.8483584523200989,0.8758553266525269,0.8806617856025696
K32Q,32,0.839224025,2,0.9822793841362,0.040608477428078445,0.14305535913619993,0.9626781344413757,0.9680279493331909,1.052192211151123,0.9795938730239868,0.9489047527313232
K32P,32,0.5637228870000001,2,0.656022596359253,0.030447661006412625,0.09229970935925291,0.619189977645874,0.649341881275177,0.6541690230369568,0.6534627079963684,0.7039493918418884
K32N,32,0.823913536,2,0.8508396744728088,0.04495400039639276,0.02692613847280889,0.8692764043807983,0.7906173467636108,0.9129669070243835,0.845674991607666,0.8356627225875854
K32M,32,1.04351011,2,0.8519221782684326,0.050468762980511055,0.1915879317315673,0.8055731058120728,0.7993700504302979,0.86689293384552,0.9215653538703918,0.8662094473838806
K32L,32,0.956074782,2,0.9431934118270874,0.05964819158258822,0.012881370172912576,0.9099277853965759,0.8907467722892761,1.0398964881896973,0.959635317325592,0.9157606959342957
K32I,32,0.6931028659999999,2,0.9003901958465577,0.04761209424658251,0.20728732984655773,0.8758330345153809,0.8628773093223572,0.8667781949043274,0.9222496747970581,0.9742127656936646
K32H,32,1.032507707,2,0.8127092957496643,0.04571991315881432,0.2197984112503356,0.7747074365615845,0.7595741152763367,0.8368411660194397,0.8713769316673279,0.8210468292236328
K32G,32,0.8650544170000001,2,0.7710474610328675,0.02340491831257128,0.0940069559671326,0.7645561695098877,0.733540415763855,0.7937353253364563,0.781234622001648,0.7821707725524902
K32F,32,1.1098174159999998,2,0.8341642379760742,0.05573865406609208,0.27565317802392564,0.8094469904899597,0.7597244381904602,0.8259570598602295,0.9027471542358398,0.8729455471038818
K32E,32,0.937705805,2,0.8321646690368653,0.029088961179170876,0.10554113596313475,0.8072139620780945,0.8390923738479614,0.8790399432182312,0.8248315453529358,0.8106455206871033
W33V,33,0.799880114,2,0.6807756304740906,0.04632449104941524,0.11910448352590941,0.7479146718978882,0.6547813415527344,0.625336766242981,0.6985257863998413,0.6773195862770081
W33Y,33,0.57516952,2,0.7488438963890076,0.028661334181671258,0.17367437638900762,0.7519393563270569,0.721887469291687,0.7944081425666809,0.748901903629303,0.7270826101303101
W33R,33,0.616710931,2,0.5895595073699951,0.04926377850375189,0.02715142363000489,0.6008552312850952,0.6078739166259766,0.5232346057891846,0.6535879373550415,0.5622458457946777
W33Q,33,0.825345984,2,0.56773761510849,0.06359275637271526,0.25760836889151006,0.558560848236084,0.6092244982719421,0.4629543423652649,0.6235326528549194,0.5844157338142395
W33P,33,0.573306105,2,0.42084367871284484,0.07538869421122146,0.15246242628715517,0.39910805225372314,0.3383479714393616,0.3956442177295685,0.5423246622085571,0.4287934899330139
W33N,33,0.355391178,2,0.5278171181678772,0.03953440718611823,0.17242594016787727,0.5960885286331177,0.5281292796134949,0.5052001476287842,0.5082104206085205,0.5014572143554688
W33S,33,0.7256107759999999,2,0.5781327962875367,0.05397329588394112,0.14747797971246324,0.5983481407165527,0.5636715292930603,0.5107662677764893,0.6568889021873474,0.5609891414642334
W33I,33,0.695984052,2,0.682307505607605,0.040871565533248576,0.013676546392395017,0.7299050092697144,0.6341408491134644,0.646343469619751,0.7088094353675842,0.692338764667511
W33G,33,0.753374798,2,0.5646320283412933,0.0574269630933647,0.18874276965870662,0.5660766363143921,0.5454515218734741,0.48276856541633606,0.6385128498077393,0.5903505682945251
W33E,33,0.59009464,2,0.592190271615982,0.06445114710447865,0.00209563161598203,0.594847559928894,0.6508139371871948,0.4857899248600006,0.635159432888031,0.5943405032157898
W33D,33,0.922284108,2,0.5288399577140808,0.039023350338385526,0.3934441502859193,0.5203276872634888,0.554307222366333,0.47004663944244385,0.5725447535514832,0.5269734859466553
W33C,33,0.8637262840000001,2,0.7373605370521545,0.050118802603046755,0.12636574694784553,0.7284454107284546,0.7191199660301208,0.7928382754325867,0.7786816358566284,0.6677173972129822
W33A,33,0.833716665,2,0.6307188391685485,0.07237502574785974,0.20299782583145143,0.754852294921875,0.589714527130127,0.5733569860458374,0.6068864464759827,0.6287839412689209
W33L,33,0.7341049709999999,2,0.7211978912353516,0.0314493856782511,0.012907079764648333,0.7552861571311951,0.7074500322341919,0.6948738694190979,0.7549661993980408,0.6934131979942322
W33T,33,0.63311856,2,0.5952209830284119,0.06969813447621853,0.03789757697158813,0.7031357288360596,0.5567439794540405,0.517829418182373,0.6111176609992981,0.5872781276702881
W33K,33,0.631630404,2,0.4995905876159668,0.03883955723729205,0.13203981638403323,0.5641920566558838,0.49883967638015747,0.4647381603717804,0.4956979751586914,0.4744850695133209
V34Y,34,0.8060348759999999,3,0.9088053345680237,0.09155465977732719,0.1027704585680238,0.8038275837898254,0.8533507585525513,1.0392612218856812,0.8924450874328613,0.9551420211791992
V34E,34,0.774149463,3,1.0852361798286438,0.07023009443361654,0.31108671682864386,0.9637709259986877,1.124084234237671,1.125839114189148,1.084622859954834,1.1278637647628784
V34D,34,0.927940118,3,0.8867632031440735,0.029807111051566148,0.04117691485592645,0.8772831559181213,0.8654852509498596,0.9273040294647217,0.9075605273246765,0.8561830520629883
V34C,34,0.7138163059999999,3,0.9925284743309021,0.05981180521145643,0.2787121683309022,0.9223969578742981,0.9647809863090515,1.0419390201568604,1.066789984703064,0.9667354226112366
V34A,34,1.0906889240000002,3,1.172279667854309,0.09238666291471809,0.08159074385430887,1.1092777252197266,1.0498135089874268,1.265960693359375,1.1851171255111694,1.2512292861938477
V34H,34,0.911842301,3,0.9013396739959717,0.12405044906312124,0.010502627004028264,0.7394883036613464,0.8655020594596863,1.0856733322143555,0.9097166061401367,0.9063180685043335
V34I,34,1.26362667,3,0.8519570589065552,0.037155569535425766,0.4116696110934449,0.7993118762969971,0.8672865033149719,0.843018651008606,0.901218593120575,0.848949670791626
V34L,34,0.82085032,3,0.849946665763855,0.04603147838675869,0.029096345763855003,0.8330888748168945,0.8034160137176514,0.9256327748298645,0.8332551121711731,0.8543405532836914
V34M,34,1.030778573,3,0.9949226379394531,0.07490338901895921,0.03585593506054696,0.8849607110023499,0.958353579044342,1.0237571001052856,1.0788257122039795,1.0287160873413086
V34N,34,0.644925437,3,1.1182732701301574,0.11351061495430408,0.4733478331301574,0.9881101250648499,1.0887272357940674,1.2978625297546387,1.0831011533737183,1.1335653066635132
V34P,34,0.523626472,3,0.9326956033706665,0.10474462070158182,0.40906913137066647,0.9163835048675537,0.7618837952613831,0.9525043368339539,1.0111852884292603,1.0215210914611816
V34R,34,1.028035806,3,0.839991819858551,0.0802046081879229,0.18804398614144913,0.7700673937797546,0.8002681732177734,0.9734079837799072,0.803803563117981,0.8524119853973389
V34S,34,1.089493899,3,1.0161520004272462,0.060647189534553295,0.07334189857275386,0.9965852499008179,0.928068995475769,1.092270016670227,1.0200904607772827,1.0437452793121338
V34T,34,1.121432922,3,0.8790160775184631,0.06859846169323114,0.242416844481537,0.7828742861747742,0.8339084982872009,0.9313322305679321,0.9441408514976501,0.9028245210647583
V34W,34,0.749621126,3,0.7837377548217773,0.04723836883533726,0.03411662882177735,0.7417495250701904,0.7423720955848694,0.8419153690338135,0.766744077205658,0.8259077072143555
V34F,34,1.17464528,3,0.8331353902816773,0.08719467283861451,0.34150988971832275,0.7201126217842102,0.823197603225708,0.957141637802124,0.7997443079948425,0.8654807806015015
V34G,34,0.902225086,3,0.9924835324287414,0.09356766322295808,0.09025844642874148,0.8767398595809937,0.9730591773986816,1.0845544338226318,0.9370905756950378,1.0909736156463623
N35Q,35,1.072073388,1,0.98302161693573,0.0354654990359403,0.08905177106426998,1.0249958038330078,0.9858344793319702,0.9311947822570801,1.0031346082687378,0.969948410987854
N35L,35,1.087565868,1,0.9149084568023682,0.05289487467122339,0.17265741119763178,0.9491692185401917,0.9332030415534973,0.8209621906280518,0.9351168870925903,0.9360909461975098
N35R,35,0.715182124,1,0.8448258996009826,0.03874537262924301,0.1296437756009826,0.8917983770370483,0.796929121017456,0.8161462545394897,0.8706637620925903,0.8485919833183289
N35S,35,1.244996379,1,0.9845806360244751,0.07291079024410548,0.26041574297552494,0.8802143931388855,0.9573668837547302,0.977989912033081,1.0490822792053223,1.0582497119903564
N35T,35,1.095135102,1,0.9936952233314514,0.04481687463524122,0.10143987866854853,0.9893208742141724,0.9916081428527832,0.9229608178138733,1.0285673141479492,1.036018967628479
N35V,35,0.927123097,1,1.0014413833618163,0.05252929689751402,0.07431828636181637,0.9902398586273193,0.9941297173500061,0.9251129031181335,1.0652155876159668,1.0325088500976562
N35W,35,0.987618364,1,0.7877577662467956,0.038321239429570185,0.19986059775320442,0.8354184031486511,0.8169159889221191,0.7392716407775879,0.7734255194664001,0.77375727891922
N35K,35,0.7415052609999999,1,0.8666337847709655,0.06366579436289006,0.12512852377096562,0.8839164972305298,0.8233892917633057,0.8537651300430298,0.9670584201812744,0.8050395846366882
N35H,35,0.980971392,1,0.8529985904693603,0.04962634373211932,0.12797280153063972,0.9071646928787231,0.8773100972175598,0.7768434286117554,0.8680202960968018,0.8356544375419617
N35G,35,0.968960849,1,0.8735252976417541,0.04327565796530796,0.09543555135824588,0.9372097849845886,0.8317306041717529,0.8750400543212891,0.8883978128433228,0.8352482318878174
N35E,35,1.173691595,1,0.9786504864692688,0.028290279937717273,0.1950411085307312,1.0069243907928467,1.003495454788208,0.9842000603675842,0.9533710479736328,0.9452614784240723
N35D,35,0.933658211,1,0.9641990900039673,0.051599908397175244,0.03054087900396729,1.0445621013641357,0.9730333685874939,0.9045349359512329,0.9417504072189331,0.9571146368980408
N35C,35,1.142723946,1,1.216797685623169,0.06811998891135866,0.07407373962316899,1.1914575099945068,1.2596442699432373,1.151594877243042,1.3137707710266113,1.1675209999084473
N35A,35,1.135643817,1,0.9674855232238769,0.024934816359266827,0.16815829377612312,0.979266345500946,0.9661355018615723,0.9401674866676331,1.0029245615005493,0.9489337205886841
N35M,35,1.047386125,1,0.9837025165557861,0.05369529868400829,0.06368360844421395,1.0561296939849854,0.9774989485740662,0.926475465297699,1.0175001621246338,0.9409083127975464
N35P,35,0.8330664740000001,1,0.4503429293632507,0.08442901503666726,0.3827235446367494,0.5298169851303101,0.4982825815677643,0.4296064078807831,0.31400227546691895,0.4800063967704773
G36P,36,0.90935468,2,0.37029480934143066,0.12122845608095464,0.5390598706585693,0.5292283296585083,0.4694433808326721,0.2692062556743622,0.31580501794815063,0.2677910625934601
G36N,36,0.626836642,2,1.0224481582641602,0.06661968067917841,0.39561151626416025,1.0917633771896362,1.0171037912368774,0.9556488990783691,1.0888755321502686,0.9588491916656494
G36M,36,1.045013945,2,0.7615092515945434,0.060927816245056894,0.2835046934054566,0.6844333410263062,0.8342739343643188,0.810279905796051,0.7281776666641235,0.7503814101219177
G36R,36,1.08617879,2,0.6828789472579956,0.03420936017385093,0.40329984274200437,0.7304857969284058,0.6583280563354492,0.6484894156455994,0.6717365384101868,0.7053549289703369
G36T,36,1.024119641,2,0.7124436616897583,0.09400545303824806,0.3116759793102417,0.6809970140457153,0.8142343163490295,0.7717733979225159,0.5699208378791809,0.7252927422523499
G36A,36,1.092199119,2,0.8489059925079345,0.04852191906824324,0.24329312649206547,0.8502432703971863,0.8625248074531555,0.9056847095489502,0.7716050148010254,0.8544721603393555
G36C,36,1.115250306,2,0.8169368505477905,0.034834252917020844,0.29831345545220955,0.7856593728065491,0.8443996906280518,0.7739571332931519,0.8308709263801575,0.8497971296310425
G36S,36,1.029194498,2,0.8126565217971802,0.05143695818868148,0.2165379762028199,0.7705501914024353,0.8375099301338196,0.8074069023132324,0.7610123753547668,0.8868032097816467
G36F,36,0.8325080220000001,2,0.5963803887367248,0.04718987598506903,0.23612763326327524,0.6271321773529053,0.6530836820602417,0.5338493585586548,0.6001335978507996,0.567703127861023
G36H,36,1.232150073,2,0.5730440974235534,0.07964584591964789,0.6591059755764465,0.5883204936981201,0.4772118926048279,0.5234719514846802,0.5879452228546143,0.6882709264755249
G36I,36,0.7836705009999999,2,0.4044479429721832,0.07143957665617488,0.3792225580278167,0.42856574058532715,0.5175944566726685,0.3406866490840912,0.37918123602867126,0.3562116324901581
G36K,36,0.886364128,2,0.6104858636856079,0.04652725024734521,0.2758782643143921,0.5435487031936646,0.6538100242614746,0.603701114654541,0.5957387089729309,0.6556307673454285
G36W,36,1.00827364,2,0.6574716567993164,0.03633986362546186,0.3508019832006837,0.6562687754631042,0.7198327779769897,0.6389846205711365,0.6444966793060303,0.6277754306793213
G36V,36,0.911692262,2,0.5150017261505127,0.05411534612367646,0.3966905358494873,0.5150774717330933,0.604280948638916,0.4907990097999573,0.5051733255386353,0.45967787504196167
G36Q,36,0.977975686,2,0.9433966279029846,0.059452427825894064,0.034579058097015336,0.9907965660095215,0.8798200488090515,0.9529742002487183,0.8845024108886719,1.00888991355896
G36E,36,1.105082077,2,0.7719959735870361,0.03292851158082625,0.33308610341296396,0.753582239151001,0.7858523726463318,0.794524610042572,0.723405659198761,0.8026149868965149
G36L,36,0.807099091,2,0.6243269801139831,0.058896521763522953,0.18277211088601686,0.6478724479675293,0.7166392207145691,0.5781117081642151,0.5785884261131287,0.6004230976104736
K37Q,37,0.87996548,0,1.1183521509170533,0.06831114588048882,0.23838667091705334,1.2256624698638916,1.1075198650360107,1.0487496852874756,1.0746889114379883,1.1351398229599
K37A,37,1.010444211,0,1.0854886293411254,0.04789119465271902,0.07504441834112541,1.1660006046295166,1.085737705230713,1.0741218328475952,1.059596061706543,1.0419869422912598
K37C,37,0.972228867,0,1.0953717470169066,0.09141160831181197,0.12314288001690665,1.212370753288269,1.0749753713607788,1.0482227802276611,0.9815559387207031,1.1597338914871216
K37D,37,0.7941055290000001,0,1.2852587938308715,0.08255276537999579,0.4911532648308714,1.417084813117981,1.3059849739074707,1.2044283151626587,1.2362337112426758,1.2625621557235718
K37E,37,1.196699229,0,1.042728567123413,0.07844116911748633,0.15397066187658703,1.0492331981658936,1.155027985572815,0.9683377742767334,1.0726675987243652,0.9683762788772583
K37F,37,0.697228545,0,1.1754278182983398,0.08855511285772603,0.4781992732983398,1.3057513236999512,1.2050113677978516,1.0656867027282715,1.1401662826538086,1.1605234146118164
K37G,37,1.085109031,0,0.9551637172698975,0.07062736655346562,0.12994531373010254,1.0065202713012695,1.0476129055023193,0.9064644575119019,0.9382234811782837,0.8769974708557129
K37H,37,1.141933838,0,1.1782230854034423,0.08596988714218289,0.036289247403442415,1.2903268337249756,1.0667089223861694,1.1421518325805664,1.159700870513916,1.2322269678115845
K37L,37,1.06115756,0,1.0042156815528869,0.051736353413418,0.05694187844711318,1.0491565465927124,1.035936713218689,0.9397504329681396,1.0396537780761719,0.9565809369087219
K37P,37,0.997958664,0,0.8686734557151794,0.06517138688892984,0.1292852082848206,0.9660559892654419,0.8972625732421875,0.8521523475646973,0.7993556261062622,0.8285407423973083
K37R,37,0.939243256,0,0.9337276339530944,0.034468125790631056,0.005515622046905588,0.9918519258499146,0.9016000032424927,0.9200801849365234,0.9338412880897522,0.9212647676467896
K37M,37,1.146783161,0,1.0309760928153993,0.06375428251678755,0.11580706818460085,1.0500355958938599,0.9371048808097839,1.0354180335998535,1.0182669162750244,1.1140550374984741
K37T,37,1.110420322,0,1.0340959906578064,0.055544150183066444,0.07632433134219352,1.1196287870407104,1.0284473896026611,0.9637787938117981,1.028178334236145,1.0304466485977173
K37V,37,1.019579131,0,1.0584743022918701,0.06154489672037643,0.038895171291870145,1.1206388473510742,1.0782712697982788,1.0038567781448364,1.1061937808990479,0.9834108352661133
K37W,37,0.889077288,0,1.0589658737182617,0.08988336747448951,0.1698885857182617,1.217498540878296,1.0293238162994385,1.0046952962875366,1.0386183261871338,1.0046933889389038
K37S,37,0.99536009,0,1.1419135332107544,0.07500220696022257,0.14655344321075436,1.2566444873809814,1.1696888208389282,1.0793023109436035,1.1289372444152832,1.0749948024749756
T38L,38,0.993677198,3,0.7827386617660522,0.027712791047682327,0.21093853623394776,0.7845159769058228,0.7649710774421692,0.7838966846466064,0.8264990448951721,0.7538105249404907
T38E,38,0.7441555670000001,3,0.6623446106910705,0.0840374923441463,0.08181095630892954,0.6753835678100586,0.6173954010009766,0.8028734922409058,0.6223772764205933,0.5936933159828186
T38F,38,1.009853582,3,0.7470222592353821,0.05810547085691552,0.26283132276461796,0.7903119325637817,0.659801721572876,0.7391663193702698,0.8091158866882324,0.7367154359817505
T38G,38,0.704527858,3,0.7311786413192749,0.04093877972217774,0.02665078331927495,0.7617744207382202,0.7346466779708862,0.7766852974891663,0.7075058221817017,0.6752809882164001
T38K,38,0.882206378,3,0.5896675825119019,0.0656102899931136,0.29253879548809814,0.649267852306366,0.5755174160003662,0.6616497039794922,0.5573127269744873,0.5045902132987976
T38P,38,0.850677369,3,0.9158614277839661,0.10443277885717946,0.06518405878396605,1.0414847135543823,0.9238938093185425,0.9908649921417236,0.8253921866416931,0.7976714372634888
T38R,38,0.955343315,3,0.5982285618782044,0.05463595204611304,0.35711475312179564,0.6466619372367859,0.5322727560997009,0.6531305313110352,0.6072114109992981,0.5518661737442017
T38S,38,0.925613926,3,0.7990297913551331,0.020164358424276312,0.12658413464486695,0.8178741931915283,0.7922617793083191,0.8230008482933044,0.7817699909210205,0.7802421450614929
T38V,38,0.6980833590000001,3,0.950206184387207,0.06086486716539722,0.252122825387207,0.9722028970718384,1.0269509553909302,0.9017261266708374,0.9742236733436584,0.8759272694587708
T38W,38,0.885170517,3,0.6938559889793396,0.10311243154585438,0.1913145280206604,0.8098094463348389,0.5546032786369324,0.6611869931221008,0.7812483906745911,0.6624318361282349
T38N,38,0.85226393,3,0.6778830289840698,0.04926305168692711,0.17438090101593018,0.7315409183502197,0.6628556251525879,0.7234398722648621,0.6579616665840149,0.6136170625686646
T38Q,38,0.998757119,3,0.6221860885620117,0.042615250609626974,0.37657103043798823,0.6624129414558411,0.6192253828048706,0.6222019195556641,0.6532557606697083,0.5538344383239746
T38A,38,0.879794295,3,0.8651447772979737,0.04069215714667244,0.014649517702026271,0.9137837886810303,0.8974896669387817,0.8513670563697815,0.8510775566101074,0.8120058178901672
T38C,38,0.894992053,3,0.967598843574524,0.08191088911522344,0.07260679057452402,0.9298820495605469,0.9081152677536011,1.1098008155822754,0.9271711111068726,0.9630249738693237
T38M,38,0.738784485,3,0.7664779901504517,0.05258381043484267,0.02769350515045166,0.7784646153450012,0.7682642936706543,0.7532258629798889,0.8394896984100342,0.6929454803466797
A39Y,39,1.228230428,2,0.9177850246429443,0.06934567291486683,0.3104454033570557,0.8937374949455261,1.0285612344741821,0.9213320016860962,0.8387487530708313,0.9065456390380859
A39W,39,0.823784175,2,0.8611967206001282,0.036062389176514394,0.03741254560012819,0.8462724089622498,0.9124934077262878,0.8579059839248657,0.8745713829994202,0.8147404193878174
A39V,39,0.8414711709999999,2,0.8960495710372924,0.0563035865107788,0.05457840003729253,0.8998318910598755,0.931078314781189,0.9624927043914795,0.8706726431846619,0.8161723017692566
A39S,39,1.030258931,2,0.8751516699790954,0.04952224268406473,0.15510726102090466,0.9143430590629578,0.8112903237342834,0.9306267499923706,0.8776880502700806,0.8418101668357849
A39R,39,0.8761366190000001,2,0.8197632193565368,0.04263649814789,0.05637339964346322,0.7772142291069031,0.8527876734733582,0.8026261329650879,0.7899584770202637,0.8762295842170715
A39Q,39,1.035822045,2,0.8244192361831665,0.08114968487918228,0.2114028088168335,0.9533937573432922,0.7319528460502625,0.8122200965881348,0.7933922410011292,0.8311372399330139
A39P,39,0.944399546,2,0.9628544926643372,0.04489012627577657,0.018454946664337224,0.9831030368804932,0.958491861820221,0.8875564336776733,0.9826419353485107,1.0024791955947876
A39L,39,1.053075983,2,0.8984065294265747,0.09099050112553664,0.15466945357342532,0.8888691663742065,1.0483384132385254,0.9014502763748169,0.8378682136535645,0.8155065774917603
A39H,39,0.788186145,2,0.8592646837234497,0.07722536633440157,0.07107853872344971,0.8501332998275757,0.9852527379989624,0.8407931327819824,0.7732099294662476,0.8469343185424805
A39G,39,0.989600541,2,0.8144454956054688,0.017040335808385796,0.1751550453945312,0.785104513168335,0.8185442686080933,0.8161140084266663,0.8274884223937988,0.8249762654304504
A39F,39,1.110242308,2,0.8616248369216919,0.06775342987719425,0.248617471078308,0.8307831883430481,0.9549819231033325,0.9027721285820007,0.7812516093254089,0.8383353352546692
A39D,39,0.966840076,2,0.8059312582015992,0.033425379815267095,0.16090881779840083,0.7975970506668091,0.8129547834396362,0.8543556928634644,0.7612147927284241,0.8035339713096619
A39E,39,0.433489664,2,0.7756804585456848,0.02300278825708958,0.3421907945456848,0.7850528359413147,0.7892551422119141,0.7357099056243896,0.7770558595657349,0.7913285493850708
A39T,39,1.089412725,2,0.8371857523918151,0.04273340537055259,0.25222697260818494,0.8676765561103821,0.8339560031890869,0.8539368510246277,0.8657529950141907,0.7646063566207886
A39C,39,1.276328092,2,1.0880983352661133,0.055163911648512386,0.18822975673388664,1.1111834049224854,1.0884695053100586,1.1620433330535889,1.0661166906356812,1.0126787424087524
F40K,40,0.693695689,4,0.6196600317955017,0.035895482716739646,0.07403565720449834,0.6174118518829346,0.5847635269165039,0.5917031168937683,0.6295125484466553,0.6749091148376465
F40L,40,0.749525242,4,0.7472587704658509,0.03381007130205949,0.0022664715341491615,0.7329643368721008,0.7024192810058594,0.7473032474517822,0.7593136429786682,0.7942933440208435
F40M,40,1.000046326,4,0.8283960938453674,0.051088572369583134,0.1716502321546327,0.8080179691314697,0.7522727847099304,0.8339107632637024,0.8793865442276001,0.8683924078941345
F40N,40,0.75587938,4,0.5496810555458069,0.0270762029983441,0.20619832445419306,0.5958924889564514,0.5260237455368042,0.5423885583877563,0.5362330675125122,0.5478674173355103
F40P,40,0.76854361,4,0.6573769450187683,0.04705939343870638,0.11116666498123173,0.6073906421661377,0.6572825312614441,0.6696174740791321,0.6238855123519897,0.7287085652351379
F40Q,40,0.580842235,4,0.6415174841880799,0.038241251776794535,0.06067524918807987,0.6245693564414978,0.6056593060493469,0.6293256282806396,0.6422714591026306,0.7057616710662842
F40E,40,0.93514729,4,0.5654507637023926,0.08275795974547716,0.3696965262976074,0.5996293425559998,0.47878631949424744,0.5726340413093567,0.4941902458667755,0.6820138692855835
F40C,40,0.7872960940000001,4,0.6455471515655518,0.04722266266849726,0.14174894243444836,0.6473034620285034,0.6218479871749878,0.6077215075492859,0.6247447729110718,0.7261180281639099
F40R,40,0.703345762,4,0.6543884754180909,0.04426852412406416,0.04895728658190912,0.6020364165306091,0.6218900680541992,0.6496848464012146,0.6969482898712158,0.7013827562332153
F40S,40,0.739185491,4,0.6180780053138732,0.029928077572599007,0.12110748568612673,0.6391447186470032,0.5862296223640442,0.624552845954895,0.5880333185195923,0.6524295210838318
F40T,40,0.7145452459999999,4,0.6573041081428528,0.03161959465112758,0.05724113785714713,0.6488100290298462,0.6358607411384583,0.6435211896896362,0.6450943350791931,0.7132342457771301
F40V,40,0.7503085279999999,4,0.713642954826355,0.038216351873079854,0.03666557317364494,0.6849763989448547,0.6776984333992004,0.7202094793319702,0.7110387086868286,0.7742917537689209
F40W,40,1.0481867459999998,4,0.9399409294128418,0.049692244217574504,0.10824581658715804,0.9925981760025024,0.9196285605430603,0.915351927280426,0.881030261516571,0.9910957217216492
F40G,40,0.732654075,4,0.6027715086936951,0.04314578613271088,0.1298825663063049,0.584700345993042,0.5898358225822449,0.5606551170349121,0.6039421558380127,0.6747241020202637
F40A,40,0.610487306,4,0.6714184522628784,0.0471878088480982,0.06093114626287843,0.681603193283081,0.6420862674713135,0.6221652030944824,0.6657600402832031,0.745477557182312
F40I,40,0.7162694940000001,4,0.7641675710678101,0.047686680158279655,0.04789807706781002,0.7334194183349609,0.7084022760391235,0.7597348690032959,0.7885977029800415,0.8306835889816284
H41A,41,0.813636957,1,0.7825859546661377,0.02503298438080782,0.031051002333862376,0.7747878432273865,0.7846176624298096,0.8111395835876465,0.7973335385322571,0.7450511455535889
H41S,41,0.940475809,1,0.7303661942481995,0.04793574945446498,0.21010961475180057,0.6755166053771973,0.7303256988525391,0.7387874126434326,0.8037617206573486,0.7034395337104797
H41C,41,0.975500791,1,0.6949444770812988,0.04406549585452989,0.2805563139187012,0.6508996486663818,0.7180929183959961,0.7515266537666321,0.7040551900863647,0.6501479744911194
H41E,41,0.900131595,1,0.7501448869705201,0.04140692314180814,0.1499867080294799,0.7185897827148438,0.7269192934036255,0.7963983416557312,0.7147396206855774,0.7940773963928223
H41G,41,0.849893654,1,0.7423188209533691,0.04467064032325667,0.10757483304663096,0.7018158435821533,0.7418438196182251,0.7291627526283264,0.8178771734237671,0.7208945155143738
H41K,41,0.356967474,1,0.6413641691207885,0.06892881673003569,0.2843966951207885,0.673766553401947,0.6977309584617615,0.6522275805473328,0.6611763834953308,0.5219193696975708
H41L,41,0.704964337,1,0.7311044454574585,0.06503836059535174,0.0261401084574584,0.6979227662086487,0.7181696891784668,0.8405558466911316,0.7283017635345459,0.6705721616744995
H41M,41,0.978901947,1,0.8762130379676819,0.1222283941932155,0.10268890903231809,0.7831462621688843,0.7489722967147827,1.0596431493759155,0.8776089549064636,0.9116945266723633
H41N,41,0.782660664,1,0.6664621353149414,0.0681918073567362,0.11619852868505864,0.6726870536804199,0.6265684962272644,0.5915324687957764,0.7730058431625366,0.6685168147087097
H41R,41,0.725664868,1,0.6935250639915467,0.04848461281532387,0.03213980400845329,0.7223353981971741,0.7227016687393188,0.7226493954658508,0.6892078518867493,0.6107310056686401
H41T,41,0.870478353,1,0.7543379426002502,0.05670689375422372,0.11614041039974976,0.7566128969192505,0.6994355320930481,0.7986252307891846,0.8211462497711182,0.6958698034286499
H41Q,41,0.707891864,1,0.7602095007896423,0.02490837809184567,0.0523176367896423,0.7438591122627258,0.7412676811218262,0.7631859183311462,0.802102267742157,0.7506325244903564
H41W,41,1.089810715,1,0.727342176437378,0.08135315912381129,0.36246853856262207,0.6737865805625916,0.647840142250061,0.8482571840286255,0.7694024443626404,0.6974245309829712
H41Y,41,1.039261697,1,0.9285140633583069,0.04083934228024747,0.11074763364169304,0.9547799825668335,0.9234541654586792,0.8851161003112793,0.9833495020866394,0.895870566368103
H41V,41,0.941057282,1,0.7261234164237976,0.05439801488729351,0.21493386557620242,0.687382698059082,0.7102833390235901,0.8154121041297913,0.7362470626831055,0.6812918782234192
Q42C,42,0.84087866,0,0.8972832679748535,0.050737850412335146,0.05640460797485347,0.9531211256980896,0.8749591112136841,0.8802064657211304,0.8331435322761536,0.94498610496521
Q42A,42,0.908078217,0,0.8968365907669067,0.04750557726536778,0.011241626233093327,0.9255095720291138,0.9594204425811768,0.8737480640411377,0.8895078301429749,0.8359970450401306
Q42G,42,0.785987608,0,0.8682714581489563,0.05641928430419361,0.08228385014895634,0.9033695459365845,0.8876054286956787,0.8996578454971313,0.7685319781303406,0.8821924924850464
Q42I,42,1.327248652,0,0.8511036276817322,0.08897579056992774,0.4761450243182678,0.9760650992393494,0.8944856524467468,0.841407835483551,0.744477391242981,0.7990821599960327
Q42K,42,1.175453728,0,0.8768029928207397,0.017226061675168713,0.2986507351792602,0.8870046138763428,0.8675863146781921,0.8887612223625183,0.889967679977417,0.8506951332092285
Q42L,42,1.125785297,0,0.8386356949806213,0.03752024335158926,0.28714960201937867,0.886252760887146,0.8355688452720642,0.864951491355896,0.7945203185081482,0.8118850588798523
Q42E,42,1.284582934,0,0.8803368091583252,0.016034369068954023,0.40424612484167466,0.9011638164520264,0.8821280598640442,0.8565914630889893,0.8845714926719666,0.8772292137145996
Q42M,42,1.194322075,0,0.8657003045082092,0.04864700219309318,0.32862177049179087,0.9067436456680298,0.8434085845947266,0.852148175239563,0.8035712838172913,0.9226298332214355
Q42P,42,0.75830919,0,0.6109947025775909,0.0857184606393355,0.14731448742240905,0.640961766242981,0.5808924436569214,0.6866612434387207,0.6707188487052917,0.4757392108440399
Q42R,42,0.90905113,0,0.8878508806228638,0.03893937945890134,0.02120024937713627,0.9060581922531128,0.8201769590377808,0.9153324961662292,0.907701313495636,0.8899854421615601
Q42S,42,0.880192538,0,0.9166769862174988,0.05107027668156515,0.036484448217498855,0.9750882387161255,0.9619026184082031,0.8924917578697205,0.9017931818962097,0.8521091341972351
Q42V,42,1.001315921,0,0.8180721998214722,0.03968200594250115,0.18324372117852783,0.8800979852676392,0.8343358039855957,0.8017582893371582,0.7866845726966858,0.787484347820282
Q42W,42,0.8492270959999999,0,0.9211460232734681,0.06174276699163523,0.07191892727346816,0.9617636203765869,0.886073112487793,0.8939176797866821,0.8565149903297424,1.0074607133865356
Q42D,42,1.0026451790000002,0,0.9843998908996582,0.08985413552330464,0.018245288100341983,1.0764656066894531,0.956510066986084,0.8467568159103394,0.9947062730789185,1.047560691833496
Q42F,42,0.875557395,0,0.9901928424835205,0.03748005143982811,0.1146354474835205,1.045210361480713,1.0052340030670166,0.9884670972824097,0.9597800374031067,0.9522727131843567
E43G,43,0.946975045,4,0.8619401335716248,0.09954890387963611,0.08503491142837516,0.7912930250167847,0.8112733364105225,0.8641165494918823,1.0332679748535156,0.8097497820854187
E43W,43,0.743885043,4,0.9749244689941406,0.06595630993424213,0.23103942599414062,0.9038922190666199,0.9719625115394592,0.9805394411087036,1.0797441005706787,0.9384840726852417
E43A,43,1.013489715,4,1.0541932582855225,0.10346605324433293,0.0407035432855225,0.9380771517753601,1.074312686920166,1.127815842628479,1.1732287406921387,0.9575318694114685
E43H,43,0.23386132,4,0.9768699288368226,0.060351117517355835,0.7430086088368225,0.92876797914505,1.0059661865234375,1.0414552688598633,1.009751558303833,0.8984086513519287
E43K,43,0.8554086670000001,4,0.9810552358627319,0.05281079327218224,0.12564656886273184,0.940409779548645,0.9478868246078491,0.9854310750961304,1.0704265832901,0.9611219167709351
E43L,43,0.92329073,4,1.0884277820587158,0.07538232970405337,0.16513705205871587,1.0128132104873657,1.0945444107055664,1.147254467010498,1.1757923364639282,1.0117344856262207
E43M,43,1.029977677,4,1.21667320728302,0.06690453455191979,0.18669553028302,1.1177897453308105,1.2042343616485596,1.2676280736923218,1.2890095710754395,1.2047042846679688
E43N,43,0.181864701,4,1.0350000023841859,0.03032094987862686,0.8531353013841859,1.030317783355713,1.0258125066757202,1.0450267791748047,1.0785338878631592,0.995309054851532
E43P,43,1.138065775,4,0.9460723161697387,0.07935001484884972,0.1919934588302613,0.8859431147575378,0.997489333152771,1.009577989578247,1.0005056858062744,0.8368454575538635
E43R,43,0.970275822,4,0.9549368143081665,0.05763473798445012,0.015339007691833495,0.9233083128929138,0.953143298625946,1.037188172340393,0.9770303964614868,0.8840138912200928
E43S,43,0.8277226409999999,4,0.928751003742218,0.09319516035552618,0.10102836274221805,0.8670703768730164,0.9695827960968018,0.9612056612968445,1.0415840148925781,0.8043121695518494
E43T,43,0.56991909,4,1.002515482902527,0.0869304368210738,0.43259639290252694,0.9087721109390259,1.1202476024627686,1.0183539390563965,1.0397638082504272,0.9254399538040161
E43Y,43,0.77244577,4,1.0439242839813232,0.07575600889178401,0.27147851398132317,0.9735045433044434,1.0925062894821167,1.0016241073608398,1.1527740955352783,0.999212384223938
E43C,43,0.991528707,4,1.0252000212669372,0.08209355197822824,0.03367131426693726,0.9356836676597595,1.0079841613769531,1.0999555587768555,1.1203975677490234,0.9619791507720947
E43V,43,0.956675713,4,1.0576791048049927,0.054829875031457205,0.10100339180499274,0.992733359336853,1.068272352218628,1.1096656322479248,1.108810544013977,1.0089136362075806
Q44R,44,0.919387831,3,0.9032997846603393,0.033303506955117884,0.016088046339660655,0.9091984629631042,0.8739104866981506,0.9157050848007202,0.8680831789970398,0.9496017098426819
Q44C,44,1.064431737,3,0.9174904465675354,0.035677194770536914,0.14694129043246462,0.8768529295921326,0.9117026329040527,0.9701043367385864,0.9319912195205688,0.8968011140823364
Q44D,44,1.070390267,3,1.0528404593467713,0.04757988607221829,0.017549807653228777,1.0428440570831299,1.071033000946045,1.119391679763794,1.0419416427612305,0.988991916179657
Q44E,44,1.093197427,3,1.118359136581421,0.05379008861705788,0.025161709581420943,1.0665615797042847,1.088622808456421,1.1967923641204834,1.0894982814788818,1.1503206491470337
Q44F,44,1.149534551,3,0.9451151728630066,0.03442176885466525,0.2044193781369933,0.9456557631492615,0.9124488830566406,0.9603208303451538,0.994181215763092,0.912969172000885
Q44G,44,0.96808086,3,0.7598716974258423,0.038672470710874186,0.20820916257415778,0.7239585518836975,0.7671236395835876,0.8201740980148315,0.7281934022903442,0.7599087953567505
Q44K,44,0.70895816,3,0.9905468821525574,0.06333134569655882,0.28158872215255737,1.0896211862564087,0.9502833485603333,0.9779351949691772,0.9263356924057007,1.008558988571167
Q44L,44,0.794420737,3,0.8639989733695984,0.04224296270667401,0.06957823636959837,0.8525344729423523,0.8905104994773865,0.9201962947845459,0.8109475374221802,0.8458060622215271
Q44M,44,0.953041265,3,0.9783180356025696,0.02286629847139467,0.02527677060256961,0.9600359797477722,0.9977805614471436,1.0071083307266235,0.9562459588050842,0.9704193472862244
Q44P,44,0.858696845,3,0.7158573389053344,0.03541495441691055,0.14283950609466556,0.7110205292701721,0.6842291951179504,0.7742141485214233,0.7181022763252258,0.6917205452919006
Q44A,44,1.1482351,3,0.8698613166809082,0.06792362975486393,0.2783737833190918,0.8715890645980835,0.8740475177764893,0.9784135818481445,0.8196679949760437,0.80558842420578
Q44S,44,1.021538694,3,0.9326826333999634,0.038881523204510604,0.08885606060003659,0.9475822448730469,0.9406049251556396,0.9473080635070801,0.963189423084259,0.8647285103797913
Q44V,44,1.171919602,3,0.8877729892730712,0.04638719913034833,0.28414661272692876,0.8744440674781799,0.8620984554290771,0.9697121977806091,0.8581053018569946,0.8745049238204956
Q44W,44,0.789538065,3,0.8611237168312073,0.028777886822058268,0.07158565183120724,0.8907352685928345,0.8201687932014465,0.8814822435379028,0.8442992568016052,0.8689330220222473
Q44T,44,0.934169447,3,0.8461639285087585,0.04126972640881415,0.0880055184912415,0.8354600667953491,0.8567216396331787,0.9113930463790894,0.8239662647247314,0.8032786250114441
G45Y,45,0.8247926109999999,2,0.8572652220726014,0.12883702237815658,0.032472611072601465,0.7690356373786926,0.7476566433906555,1.0340609550476074,0.9547326564788818,0.7808402180671692
G45W,45,0.75032742,2,0.9617233872413635,0.09176860331421437,0.21139596724136356,0.8217712044715881,0.9632419943809509,0.966866672039032,0.9774402379989624,1.0792968273162842
G45T,45,1.0197123609999998,2,0.9756815791130066,0.11224012089179097,0.044030781886993275,0.7847325205802917,1.0663596391677856,1.0076855421066284,0.9755158424377441,1.044114351272583
G45S,45,0.699632348,2,1.0088504791259765,0.06934886902342978,0.3092181311259765,0.9094969034194946,1.0454707145690918,1.0947637557983398,1.0109561681747437,0.9835648536682129
G45R,45,0.698674598,2,0.8861294269561768,0.06360264491135048,0.18745482895617682,0.8105575442314148,0.9407992362976074,0.8749357461929321,0.8436926007270813,0.9606620073318481
G45Q,45,0.7820836459999999,2,1.0164372205734253,0.07459725736888793,0.23435357457342543,0.9441248774528503,0.9778655171394348,1.14044988155365,1.0160709619522095,1.003674864768982
G45V,45,0.962136106,2,1.047956120967865,0.1425612536953314,0.08582001496786495,0.9145267009735107,1.248896598815918,0.9145345091819763,1.041282296180725,1.1205404996871948
G45N,45,0.6592178679999999,2,0.8137614011764527,0.14288430316616482,0.15454353317645275,0.6635782122612,0.8476999998092651,1.0406389236450195,0.7449607849121094,0.7719290852546692
G45P,45,0.98597835,2,1.0338834285736085,0.05586855026047765,0.047905078573608484,0.9539905786514282,1.0385878086090088,1.111018419265747,1.024895191192627,1.040925145149231
G45D,45,0.5140012429999999,2,0.9858839035034179,0.11784738175084271,0.471882660503418,0.9092020988464355,0.9127098321914673,1.1804757118225098,0.9113103151321411,1.0157215595245361
G45E,45,0.750267516,2,0.9094065070152283,0.05502926288336311,0.15913899101522833,0.8472505807876587,0.9437265396118164,0.8514092564582825,0.9488366842269897,0.955809473991394
G45A,45,0.884148411,2,1.0667771697044373,0.09081932341417753,0.1826287587044373,0.9582170844078064,1.1397714614868164,0.9777498245239258,1.119287371635437,1.1388601064682007
G45H,45,0.909384292,2,0.8646899938583374,0.08770339360543064,0.04469429814166259,0.7086939811706543,0.9070179462432861,0.8992011547088623,0.9168621301651001,0.8916747570037842
G45I,45,1.086063201,2,0.9516560077667237,0.06476189335496599,0.13440719323327632,0.8626860976219177,1.0063142776489258,0.9035723209381104,1.001983404159546,0.9837239384651184
G45L,45,1.122581214,2,0.9854425668716431,0.07478246433441439,0.13713864712835688,0.8765677809715271,1.0185787677764893,0.9676464796066284,0.9835947155952454,1.0808250904083252
H46A,46,0.920580162,4,0.7259970784187317,0.07169781194781392,0.1945830835812683,0.7787522673606873,0.6844274401664734,0.7577254772186279,0.7885748147964478,0.6205053925514221
H46C,46,0.303537123,4,0.6232160031795502,0.13867147505738406,0.31967888017955015,0.7455191016197205,0.5261581540107727,0.6750544309616089,0.7377797961235046,0.43156853318214417
H46E,46,0.742183343,4,0.3371307134628296,0.13244857420348813,0.4050526295371704,0.2384321689605713,0.30937427282333374,0.30531591176986694,0.5681238174438477,0.2644073963165283
H46G,46,0.7575145759999999,4,0.6317455768585205,0.04028199086801622,0.12576899914147943,0.6976742744445801,0.6085300445556641,0.6410768032073975,0.6147682666778564,0.5966784954071045
H46L,46,0.6978034959999999,4,0.5695302307605743,0.09285122790017675,0.12827326523942562,0.6705073714256287,0.5544295310974121,0.5043035745620728,0.6581832766532898,0.4602274000644684
H46M,46,0.910000716,4,0.7845860838890075,0.04917962356575344,0.12541463211099246,0.8554072976112366,0.7265543341636658,0.7742791771888733,0.8076542615890503,0.7590353488922119
H46N,46,1.275275088,4,0.9382176518440246,0.05575659245731911,0.3370574361559753,0.9730690717697144,0.8406981229782104,0.9716911315917969,0.9618668556213379,0.9437630772590637
H46Q,46,0.720920373,4,0.6782566666603088,0.0714480637714688,0.04266370633969119,0.6974912285804749,0.6966304183006287,0.7216677069664001,0.7230263948440552,0.5524675846099854
H46R,46,0.7054580579999999,4,0.4091939151287079,0.13819987644415746,0.29626414287129205,0.38780608773231506,0.34278884530067444,0.49445846676826477,0.5897016525268555,0.2312145233154297
H46S,46,1.337112515,4,0.7646657466888428,0.06131164343592678,0.5724467683111573,0.8041848540306091,0.6864403486251831,0.7657685875892639,0.8411184549331665,0.7258164882659912
H46V,46,0.7818282529999999,4,0.6090510487556458,0.131788446964474,0.17277720424435417,0.6778349280357361,0.6395761966705322,0.5979622006416321,0.7378504872322083,0.3920314311981201
H46P,46,0.840881117,4,0.6173449277877807,0.06359566965219278,0.2235361892122193,0.6545912623405457,0.5424812436103821,0.6988235116004944,0.6235666871070862,0.5672619342803955
H46Y,46,0.850615828,4,0.8357388615608216,0.07836105454361367,0.014876966439178463,0.8244243264198303,0.8855639696121216,0.7057351469993591,0.860691249370575,0.9022796154022217
H46W,46,0.998770321,4,0.6392818689346313,0.053192266757879,0.3594884520653686,0.7088424563407898,0.6148837804794312,0.6484051942825317,0.6586524844169617,0.5656254291534424
Q47W,47,0.961118932,3,0.891100537776947,0.03003107308296594,0.070018394223053,0.8866807222366333,0.8807422518730164,0.8511677980422974,0.9045029878616333,0.9324089288711548
Q47V,47,1.334619866,3,1.0346975564956664,0.029226408588665157,0.2999223095043335,0.9969291687011719,1.0763227939605713,1.045750617980957,1.0237571001052856,1.0307281017303467
Q47T,47,0.944877224,3,0.8822724938392639,0.06118691598287437,0.06260473016073609,0.8828736543655396,0.9575270414352417,0.9200121760368347,0.8522657155990601,0.7986838817596436
Q47S,47,0.8537238000000001,3,1.0148024797439574,0.058603251737209934,0.1610786797439573,1.0706983804702759,1.0861997604370117,0.965827465057373,0.9706423282623291,0.9806444644927979
Q47R,47,0.941794178,3,0.9807042956352234,0.05393358130639822,0.03891011763522345,0.9548917412757874,0.9351896643638611,0.9615321755409241,0.9788645505905151,1.0730433464050293
Q47P,47,1.169366183,3,1.0611867666244508,0.06507633094814362,0.10817941637554918,1.1027685403823853,1.1325128078460693,1.0855090618133545,1.0001757144927979,0.9849677085876465
Q47N,47,0.957887449,3,0.9127951860427856,0.04015049095917478,0.04509226295721436,0.9029476642608643,0.9655333757400513,0.9242656230926514,0.8543031215667725,0.9169261455535889
Q47I,47,1.231264242,3,1.0410245537757874,0.06454862419450222,0.19023968822421256,1.0197975635528564,1.0038455724716187,1.1520566940307617,1.038379430770874,0.9910435080528259
Q47G,47,0.911907837,3,0.926059079170227,0.0513566514349209,0.014151242170227007,0.9188158512115479,0.8878861665725708,0.8760052919387817,0.9423476457595825,1.0052404403686523
Q47F,47,0.940662211,3,0.9884257197380066,0.07301346636311419,0.04776350873800661,1.0778759717941284,0.9352500438690186,0.9275614023208618,0.9437641501426697,1.0576770305633545
Q47E,47,0.975376145,3,0.914848268032074,0.03984217538412184,0.06052787696792605,0.8970191478729248,0.9007666110992432,0.8693393468856812,0.9339946508407593,0.9731215834617615
Q47D,47,0.841561683,3,1.0107532262802124,0.07939676031868369,0.16919154328021235,0.9094771146774292,1.0387632846832275,1.0269402265548706,1.1176602840423584,0.9609252214431763
Q47C,47,0.8947847659999999,3,0.9825973987579346,0.07480794658046767,0.08781263275793472,0.9217103719711304,1.0058854818344116,0.9113016128540039,0.9773654937744141,1.096724033355713
Q47L,47,1.12535277,3,1.0852282762527465,0.04264584244577928,0.040124493747253354,1.136265754699707,1.1128867864608765,1.062988042831421,1.026862382888794,1.0871384143829346
L48E,48,0.712804489,1,0.5908517122268677,0.06808285004149323,0.12195277677313232,0.5436598062515259,0.58411705493927,0.5104774832725525,0.6381237506866455,0.6778804659843445
L48D,48,0.689198056,1,0.581880533695221,0.057134187079924556,0.10731752230477898,0.5201107263565063,0.5654011368751526,0.5409408211708069,0.6316994428634644,0.6512505412101746
L48G,48,0.980042121,1,0.6523239016532898,0.03937184720981058,0.3277182193467102,0.6912162899971008,0.6358940005302429,0.6038253903388977,0.6359568238258362,0.6947270035743713
L48I,48,1.316973403,1,0.9601581573486329,0.07359375975877376,0.35681524565136713,0.9450259804725647,0.9218984246253967,0.8792274594306946,1.0742253065109253,0.9804136157035828
L48R,48,0.6764069540000001,1,0.6954549431800843,0.05655477166784796,0.019047989180084213,0.772050142288208,0.681269109249115,0.7027140259742737,0.7066976428031921,0.6145437955856323
L48S,48,0.843976425,1,0.6488143801689148,0.08781108215021635,0.19516204483108524,0.7379246950149536,0.667417585849762,0.5013867616653442,0.6727278828620911,0.6646149754524231
L48T,48,0.872198448,1,0.745406711101532,0.038294345408622275,0.126791736898468,0.7651179432868958,0.7300082445144653,0.6935517191886902,0.7958340644836426,0.7425215840339661
L48V,48,0.959243928,1,0.8545768618583679,0.03378543314176661,0.10466706614163213,0.829103410243988,0.8471982479095459,0.8216732144355774,0.8698773980140686,0.9050320386886597
L48F,48,0.35962388,1,0.762796413898468,0.09612639577589974,0.40317253389846797,0.7625786066055298,0.6979676485061646,0.6771607398986816,0.9220192432403564,0.7542558312416077
L49C,49,0.6054252139999999,2,0.8181991338729858,0.03440048107101437,0.21277391987298588,0.8570321202278137,0.7812327146530151,0.8424673676490784,0.7835841774940491,0.8266792893409729
L49E,49,0.355394114,2,0.15878382921218873,0.1015863595332047,0.19661028478781126,0.052566707134246826,0.10140109062194824,0.1788385510444641,0.14111506938934326,0.31999772787094116
L49G,49,0.530239986,2,0.22123894095420837,0.06746798216544889,0.3090010450457916,0.2538299560546875,0.13658404350280762,0.249386727809906,0.16648566722869873,0.299908310174942
L49Y,49,0.720999367,2,0.34870832562446596,0.1213451164967605,0.37229104137553404,0.3368639349937439,0.1503990888595581,0.47103485465049744,0.4101022481918335,0.3751415014266968
L49I,49,0.656053098,2,0.7092426657676697,0.029899152588231736,0.0531895677676697,0.7041299343109131,0.6905537843704224,0.6796252727508545,0.7147809863090515,0.7571233510971069
L49K,49,0.666656115,2,0.1136056661605835,0.10537630930385136,0.5530504488394165,-0.04315543174743652,0.05807262659072876,0.194080650806427,0.15128105878829956,0.20774942636489868
L49R,49,0.413288282,2,0.17959080934524535,0.10933043889155282,0.23369747265475466,0.13418197631835938,0.018274545669555664,0.2981066107749939,0.2536224126815796,0.19376850128173828
L49Q,49,0.8981242759999999,2,0.3141064941883087,0.06794585984832716,0.5840177818116912,0.234552800655365,0.3657985329627991,0.29453060030937195,0.27474862337112427,0.4009019136428833
L49S,49,0.79038249,2,0.40894884467124937,0.05653949818088964,0.3814336453287507,0.4660426080226898,0.34109094738960266,0.44450315833091736,0.3556203842163086,0.4374871253967285
L49W,49,0.733150179,2,0.13589100837707518,0.1311818303229102,0.5972591706229249,0.20222479104995728,-0.0893932580947876,0.24619102478027344,0.17310017347335815,0.1473323106765747
L49V,49,0.702867558,2,0.7450883150100708,0.027858158536273516,0.042220757010070775,0.7668896913528442,0.6966444849967957,0.7577102184295654,0.755605936050415,0.7485912442207336
L49T,49,0.605786516,2,0.5044253587722778,0.0650925925184777,0.10136115722772221,0.5496498942375183,0.42546141147613525,0.5899863243103027,0.4799642860889435,0.4770648777484894
L49M,49,1.071090665,2,0.8814457893371582,0.019816246456532974,0.18964487566284183,0.8688387870788574,0.8684209585189819,0.9160476922988892,0.8754394054412842,0.8784821033477783
L49A,49,0.650187657,2,0.6019415616989136,0.05597979484146847,0.04824609530108648,0.6146040558815002,0.5391795635223389,0.6520442366600037,0.5475099086761475,0.6563700437545776
K50P,50,0.52634904,1,0.7679830431938172,0.08274689970476735,0.24163400319381712,0.8135517835617065,0.6646344065666199,0.6938718557357788,0.8487719297409058,0.8190852403640747
K50F,50,0.679435839,1,0.8930578112602234,0.07298481566794063,0.2136219722602234,0.9328758716583252,0.7656387090682983,0.9190376996994019,0.9025084972381592,0.9452282786369324
K50G,50,0.8148306,1,0.8538540005683899,0.05942745363729483,0.03902340056838993,0.8418741822242737,0.8152164220809937,0.7849795818328857,0.8961746692657471,0.9310251474380493
K50E,50,1.065826933,1,0.8862074375152588,0.12479494855336487,0.17961949548474132,0.9210842251777649,0.7650700211524963,0.749750018119812,1.0361809730529785,0.9589519500732422
K50D,50,0.903913639,1,0.8682535648345947,0.14204762387619702,0.03566007416540529,0.8637897372245789,0.7209029197692871,0.7549645304679871,0.9266310930252075,1.074979543685913
K50C,50,1.057387703,1,0.9920868039131164,0.1080898825676157,0.06530089908688363,0.8798799514770508,0.9512308239936829,0.9227601289749146,1.141618013381958,1.064945101737976
K50A,50,0.933160412,1,0.9471253395080567,0.0836450286971889,0.013964927508056668,0.9513512849807739,0.843689501285553,0.8860153555870056,1.0457713603973389,1.0087991952896118
K50L,50,0.360642343,1,0.9562515139579773,0.10383484665476357,0.5956091709579773,0.9623275995254517,0.7850199937820435,0.9727975130081177,1.0655804872512817,0.9955319762229919
K50M,50,1.021469131,1,0.9023802280426025,0.08930362587120673,0.11908890295739738,0.8670434951782227,0.7932174205780029,0.8661232590675354,1.0160428285598755,0.9694741368293762
K50H,50,0.293793344,1,1.0918328881263732,0.13875949163548074,0.7980395441263732,1.0067087411880493,0.9422748684883118,1.0409252643585205,1.2795205116271973,1.1897350549697876
K50R,50,0.850066366,1,0.9881437540054321,0.0755312482865254,0.13807738800543212,0.9559420347213745,0.9443449974060059,0.9343298077583313,1.1184067726135254,0.9876951575279236
K50N,50,1.013310961,1,0.8490943670272827,0.13874916714082502,0.16421659397271726,0.8221198320388794,0.716164231300354,0.7642008662223816,0.8679625391960144,1.0750243663787842
K50V,50,0.812352128,1,0.9913781881332397,0.08417152128273961,0.17902606013323974,1.0191283226013184,0.8823719620704651,0.9241861701011658,1.0743705034255981,1.0568339824676514
K50W,50,0.775976722,1,0.8887741327285766,0.08208978993872489,0.11279741072857663,0.878446102142334,0.796849250793457,0.8397692441940308,0.9166686534881592,1.0121374130249023
K50Y,50,0.978434977,1,0.9581879734992981,0.09577515506250223,0.020247003500701966,0.9695844054222107,0.8137872815132141,0.9277457594871521,1.013209342956543,1.0666130781173706
K50S,50,0.942563815,1,0.8808347463607789,0.06950297503724005,0.06172906863922112,0.9209005832672119,0.7955679893493652,0.8163859248161316,0.9475293159484863,0.923789918422699
K50I,50,0.647143979,1,1.0225081205368043,0.08953183647481305,0.3753641415368043,1.0970664024353027,0.9472643136978149,0.9077378511428833,1.1026636362075806,1.0578083992004395
K51R,51,1.157886354,4,0.8787829041481018,0.0476731547211661,0.27910344985189817,0.8568121790885925,0.9316661953926086,0.890676736831665,0.8086256980895996,0.9061337113380432
K51P,51,0.8370651440000001,4,0.5641651153564453,0.06805006775949213,0.2729000286435548,0.6115212440490723,0.5720043182373047,0.451667845249176,0.5618177056312561,0.6238144636154175
K51S,51,0.957963043,4,0.8841010689735412,0.03289639695232278,0.07386197402645878,0.9020625352859497,0.8740991353988647,0.8567683100700378,0.8552435636520386,0.9323318004608154
K51T,51,1.137022857,4,0.8960873246192932,0.015168749412072071,0.24093553238070686,0.9188305139541626,0.8763980865478516,0.8939370512962341,0.8933537006378174,0.8979172706604004
K51V,51,0.990520409,4,0.7716601252555847,0.03342587615177555,0.21886028374441535,0.7964185476303101,0.7380068302154541,0.7394280433654785,0.7717417478561401,0.8127054572105408
K51W,51,0.791602648,4,0.7321783661842346,0.05510803591758045,0.05942428181576542,0.7817672491073608,0.712764322757721,0.7705904841423035,0.7502492070198059,0.6455205678939819
K51L,51,1.29619135,4,0.7726731300354004,0.01782055256985104,0.5235182199645996,0.7854447960853577,0.7477460503578186,0.7780482172966003,0.7613334655761719,0.7907931208610535
K51H,51,1.149210114,4,0.74651700258255,0.06257016310336763,0.4026931114174499,0.7739406228065491,0.7428821921348572,0.7497969269752502,0.6477836966514587,0.818181574344635
K51A,51,0.941761634,4,0.8093043684959411,0.051660781491458196,0.1324572655040589,0.836005449295044,0.7617788910865784,0.7862139344215393,0.7755558490753174,0.8869677186012268
K51E,51,1.1325583,4,0.7103103041648865,0.009740964044742976,0.4222479958351134,0.7114294767379761,0.7166256308555603,0.6933093667030334,0.7137482762336731,0.7164387702941895
K51G,51,0.755564527,4,0.8067554831504822,0.06362029731124381,0.05119095615048219,0.8589993715286255,0.7346405982971191,0.7535296082496643,0.8061850666999817,0.8804227709770203
K51M,51,0.59313058,4,0.8154197335243225,0.021951551595438528,0.22228915352432255,0.8321295380592346,0.8316142559051514,0.8062966465950012,0.7809459567070007,0.8261122703552246
K51D,51,-0.281478786,4,0.7461688280105591,0.047464571184159636,1.027647614010559,0.7968280911445618,0.7196395397186279,0.7240793108940125,0.6939072608947754,0.7963899374008179
H52S,52,0.912434626,3,0.8258084058761597,0.03412981786067715,0.08662622012384036,0.7822564840316772,0.8612658977508545,0.8586875796318054,0.8210708498954773,0.8057612180709839
H52A,52,0.491713216,3,0.7833750486373902,0.031110730855334823,0.29166183263739015,0.745843231678009,0.7881759405136108,0.831529438495636,0.774653971195221,0.7766726613044739
H52R,52,1.254600401,3,0.759784197807312,0.02181226668563621,0.49481620319268804,0.7560757398605347,0.7718579173088074,0.7898471355438232,0.7334486842155457,0.7476915121078491
H52G,52,0.84376967,3,0.7487111210823059,0.033402855624614855,0.09505854891769416,0.7330310940742493,0.7574825882911682,0.797498345375061,0.7487848401069641,0.7067587375640869
H52I,52,1.007934511,3,0.7443178057670593,0.04937226629440554,0.2636167052329407,0.7601651549339294,0.7001928091049194,0.789778470993042,0.787388801574707,0.6840637922286987
H52M,52,0.7372655779999999,3,0.9503419637680054,0.027394373519714306,0.21307638576800547,0.9444465637207031,0.9650866985321045,0.9199361205101013,0.9893406629562378,0.9328997731208801
H52W,52,0.853687775,3,0.8427420020103454,0.04059876489638295,0.0109457729896546,0.849306046962738,0.9106947183609009,0.823179304599762,0.8197206854820251,0.8108092546463013
H52V,52,0.739201665,3,0.8543229103088379,0.028980924162513612,0.11512124530883794,0.8803250789642334,0.866290807723999,0.8708913326263428,0.8073242902755737,0.8467830419540405
H52T,52,0.954168922,3,0.7862279176712036,0.0541378836201256,0.16794100432879644,0.8133807182312012,0.7294595241546631,0.8632100820541382,0.7436281442642212,0.7814611196517944
H52E,52,1.095555812,3,0.8673497438430786,0.0330768439893387,0.22820606815692135,0.8372896909713745,0.8681147694587708,0.8984847068786621,0.8310670852661133,0.9017924666404724
H52D,52,1.011702503,3,0.8892374873161316,0.052970506938243796,0.12246501568386836,0.8722583651542664,0.8793405890464783,0.9782309532165527,0.880406379699707,0.8359511494636536
L53Y,53,0.8412637759999999,1,0.9919589638710022,0.07422232101500482,0.15069518787100233,0.9168159365653992,0.9659290313720703,0.9440157413482666,1.10039484500885,1.0326392650604248
L53N,53,0.349066958,1,0.5404780983924866,0.08637180899572307,0.19141114039248663,0.4536054730415344,0.45583081245422363,0.6447649002075195,0.5425315499305725,0.6056577563285828
L53P,53,0.346569832,1,0.2775550544261932,0.0847571893743315,0.06901477757380681,0.25135111808776855,0.24105948209762573,0.42466118931770325,0.2628662586212158,0.20783722400665283
L53D,53,0.617742528,1,0.7181200742721557,0.053536826966819794,0.10037754627215578,0.756891667842865,0.715737521648407,0.6838832497596741,0.6507816910743713,0.7833062410354614
L53E,53,0.7725272470000001,1,0.562470805644989,0.06784538882701738,0.21005644135501111,0.5441173315048218,0.5056086778640747,0.5247735381126404,0.6782824993133545,0.5595719814300537
L53Q,53,0.678553448,1,0.5328253388404847,0.12308587049420963,0.14572810915951528,0.36263003945350647,0.5639236569404602,0.6688384413719177,0.6123501658439636,0.4563843905925751
L53F,53,1.086079668,1,1.1003993272781372,0.08414925892031049,0.014319659278137165,1.0591257810592651,1.0975371599197388,0.9979585409164429,1.2255346775054932,1.121840476989746
L53R,53,0.671531113,1,0.5625990033149719,0.05126294826696139,0.10893210968502809,0.47440820932388306,0.5720784664154053,0.5987187623977661,0.5985989570617676,0.5691906213760376
L53S,53,0.904681987,1,0.6945591688156127,0.054508451198221376,0.21012281818438727,0.6824964284896851,0.606391966342926,0.7233467698097229,0.7473828196525574,0.7131778597831726
L53G,53,0.806383121,1,0.44887500405311587,0.08361361494714378,0.3575081169468841,0.4339454472064972,0.32857656478881836,0.49071210622787476,0.5553996562957764,0.43574124574661255
L53H,53,0.7858623709999999,1,0.7939705610275268,0.07110653859223673,0.00810819002752694,0.7434813380241394,0.7163045406341553,0.7964320778846741,0.8135862350463867,0.9000486135482788
L53T,53,0.7311712440000001,1,0.7986673951148987,0.07052584135992876,0.0674961511148986,0.751885712146759,0.7300867438316345,0.7787036895751953,0.9078552722930908,0.8248055577278137
L53V,53,0.8866727390000001,1,0.8119742155075074,0.07400103516989637,0.07469852349249273,0.8265370726585388,0.7390995025634766,0.7415762543678284,0.9159702062606812,0.8366880416870117
L53W,53,1.03111966,1,0.7337496399879455,0.07325865847295118,0.2973700200120546,0.6985936760902405,0.6228089332580566,0.7704269289970398,0.7712544202804565,0.8056642413139343
L53M,53,1.132795715,1,0.952485990524292,0.08395126225919036,0.18030972447570814,0.8899423480033875,0.9249306917190552,0.8679175972938538,1.0162177085876465,1.063421607017517
L53K,53,0.607608611,1,0.3999606013298035,0.10677245642887667,0.20764800967019648,0.3276665508747101,0.3704372048377991,0.5256687998771667,0.49621742963790894,0.2798130214214325
L53C,53,0.723469875,1,0.8038365840911865,0.0640410046251525,0.08036670909118648,0.8587323427200317,0.7265328168869019,0.7590163350105286,0.8771175146102905,0.7977839112281799
L53I,53,1.007460909,1,0.9209803700447082,0.10775221946947307,0.08648053895529173,0.9888033270835876,0.813472330570221,0.8140027523040771,1.0578925609588623,0.9307308793067932
D54S,54,1.098083091,3,1.0305932760238647,0.06258823571672649,0.06748981497613515,0.962517499923706,1.0749292373657227,1.0098598003387451,0.990981936454773,1.114677906036377
D54T,54,1.300242284,3,0.9899808168411255,0.05928325435282152,0.3102614671588746,0.9296033382415771,0.9824634790420532,0.9905114769935608,0.9600750803947449,1.0872507095336914
D54R,54,0.554731128,3,0.8781565308570862,0.047121331471582546,0.3234254028570862,0.8409995436668396,0.8821284770965576,0.8912972211837769,0.8285477757453918,0.947809636592865
D54P,54,1.119669044,3,0.9756570339202881,0.05084036954802739,0.14401201007971176,0.9536856412887573,0.9338181614875793,0.9789997935295105,0.9499157667160034,1.0618658065795898
D54M,54,0.354271984,3,0.839311158657074,0.04635248594711927,0.48503917465707397,0.8924098014831543,0.8073036074638367,0.883558988571167,0.788506031036377,0.824777364730835
D54L,54,0.820952769,3,0.8494482636451721,0.06891773685044135,0.028495494645172093,0.8010680675506592,0.8127877712249756,0.8375729918479919,0.8255301117897034,0.9702823758125305
D54K,54,0.738426135,3,0.824534010887146,0.016271506948249474,0.08610787588714597,0.8314940333366394,0.8169534802436829,0.8045101165771484,0.8218352794647217,0.8478771448135376
D54G,54,0.876155177,3,0.9304937124252319,0.02751790359346545,0.054338535425231926,0.8833752870559692,0.9559018015861511,0.9392766952514648,0.9380807876586914,0.9358339905738831
D54F,54,0.702349071,3,0.8535098195075989,0.02793278347698835,0.15116074850759886,0.8392671346664429,0.8292848467826843,0.867391049861908,0.8355018496513367,0.8961042165756226
D54A,54,0.892217997,3,1.0051253318786622,0.06742495010837436,0.11290733487866211,0.9480715394020081,0.950813889503479,0.9731627106666565,1.0582611560821533,1.0953173637390137
D54W,54,0.799171925,3,0.8122000336647034,0.029562888485537713,0.013028108664703386,0.8287757635116577,0.8072759509086609,0.8229766488075256,0.7633746862411499,0.8385971188545227
D54E,54,0.609995168,3,1.0282716631889344,0.05893796632435436,0.4182764951889344,1.0493460893630981,1.059618353843689,1.023992657661438,0.9290645718574524,1.0793366432189941
D54I,54,0.501069878,3,0.7161197185516357,0.030828643890171235,0.21504984055163567,0.7007096409797668,0.7306365966796875,0.7360440492630005,0.6693527102470398,0.7438555955886841
T55A,55,0.984158144,1,0.9703152537345886,0.041014342392058804,0.013842890265411412,0.9829858541488647,0.9059121012687683,0.9607819318771362,1.0159940719604492,0.9859023094177246
T55Y,55,0.563126824,1,0.7468417167663575,0.059189191340793826,0.18371489276635744,0.7145800590515137,0.6826654672622681,0.7171607613563538,0.8130707740783691,0.8067315220832825
T55V,55,0.93984946,1,0.8475988388061524,0.06008548115960612,0.09225062119384764,0.8225854635238647,0.7946951389312744,0.8105907440185547,0.944068431854248,0.8660544157028198
T55R,55,0.426209846,1,0.8041465282440186,0.05234794093682098,0.37793668224401855,0.8816162347793579,0.7781817317008972,0.8217637538909912,0.7977474927902222,0.7414234280586243
T55N,55,0.859149402,1,0.7497063279151917,0.08456022436240414,0.10944307408480836,0.7264838814735413,0.678581953048706,0.7244531512260437,0.8967243432998657,0.7222883105278015
T55M,55,0.963160502,1,0.9388387680053711,0.04641742204552203,0.02432173399462889,0.9269282817840576,0.8848171234130859,0.9255510568618774,1.0119423866271973,0.9449549913406372
T55L,55,0.973260919,1,0.8238325357437134,0.05705886476239391,0.1494283832562866,0.8123286366462708,0.7797704935073853,0.8195378184318542,0.9213607907295227,0.7861649394035339
T55K,55,0.977485229,1,0.6231868028640747,0.03637030993533553,0.3542984261359253,0.6219332814216614,0.6397708654403687,0.6157886385917664,0.6688613295555115,0.5695798993110657
T55G,55,0.798255064,1,0.9286329507827759,0.033029373594762684,0.13037788678277584,0.8989948630332947,0.9109756946563721,0.9140514135360718,0.9824467897415161,0.9366959929466248
T55F,55,0.866474593,1,0.7521904110908508,0.04412990481488457,0.11428418190914913,0.7436946034431458,0.7042117118835449,0.8245090246200562,0.7387838363647461,0.7497528791427612
T55E,55,0.6086250670000001,1,0.758862042427063,0.09776793995821921,0.15023697542706294,0.7331141233444214,0.6812059283256531,0.7645938992500305,0.9233226776123047,0.6920735836029053
T55D,55,0.922244037,1,0.9551002383232117,0.09578261527681316,0.03285620132321165,1.0175273418426514,0.8470600843429565,0.899790346622467,1.0861083269119263,0.9250150918960571
T55S,55,1.047032369,1,0.9616047859191894,0.06329640440214972,0.08542758308081067,0.9160525798797607,0.9205944538116455,0.9670709371566772,0.9352549314498901,1.0690510272979736
T55C,55,0.877225892,1,0.8825681447982788,0.07035316317923475,0.005342252798278824,0.7834621071815491,0.8996982574462891,0.891006588935852,0.9781064987182617,0.8605672717094421
F56D,56,0.792125512,0,0.7772200107574463,0.07071221367474477,0.014905501242553743,0.7972104549407959,0.8678415417671204,0.6796823740005493,0.7407668828964233,0.8005988001823425
F56Y,56,1.078607302,0,0.872482180595398,0.05938453475619716,0.20612512140460204,0.8549266457557678,0.914695143699646,0.783299446105957,0.8732754588127136,0.9362142086029053
F56W,56,0.917436192,0,0.9048237562179565,0.09408451235181424,0.012612435782043518,0.8793670535087585,0.8599680066108704,0.8367017507553101,0.8777995109558105,1.0702824592590332
F56G,56,0.780489233,0,0.6219918906688691,0.09981291688920627,0.15849734233113089,0.6958262920379639,0.6930668950080872,0.4525713622570038,0.6473544239997864,0.6211404800415039
F56T,56,0.826268323,0,0.8801244735717774,0.0991644063516936,0.053856150571777395,1.0126328468322754,0.8997194766998291,0.7366478443145752,0.8954214453697205,0.8562007546424866
F56S,56,0.844496397,0,0.8331851482391357,0.07604344165249281,0.011311248760864312,0.8855818510055542,0.8703128695487976,0.7191571593284607,0.7920330762863159,0.8988407850265503
F56V,56,0.991266483,0,1.0195385456085204,0.08859312442152652,0.028272062608520443,1.1356942653656006,1.0649255514144897,0.9742493629455566,1.0207172632217407,0.9021062850952148
F56P,56,0.6002267020000001,0,0.4943590462207794,0.08414301963374235,0.10586765577922064,0.49454623460769653,0.5936104655265808,0.3651176989078522,0.5349692106246948,0.48355162143707275
F56L,56,0.974693583,0,0.9751202225685119,0.06318487515619112,0.00042663956851196616,1.0149281024932861,1.0479953289031982,0.8807476162910461,0.9658209085464478,0.9661091566085815
F56K,56,1.197611178,0,0.828967547416687,0.12532797442645907,0.36864363058331306,0.9679857492446899,0.8682499527931213,0.6253414750099182,0.8322769403457642,0.8509836196899414
F56H,56,0.8152670209999999,0,0.9350569009780884,0.0468279880657964,0.11978987997808843,0.9583864808082581,0.906073272228241,0.867912769317627,0.9607555270195007,0.9821564555168152
F56A,56,0.180895976,0,0.7940017104148864,0.09039121437084675,0.6131057344148865,0.9020267724990845,0.857671856880188,0.6755632162094116,0.7948794364929199,0.7398672699928284
F56C,56,0.910840683,0,0.9889495372772217,0.08895291056726534,0.0781088542772217,1.1329741477966309,0.898941695690155,0.9823314547538757,0.9366244673728943,0.9938759207725525
F56R,56,0.916572659,0,0.7844931483268738,0.0813518210947907,0.13207951067312618,0.8876686692237854,0.7284004092216492,0.6856449246406555,0.8383945226669312,0.7823572158813477
L57Y,57,0.793296135,1,0.8258981704711914,0.036616275409453024,0.03260203547119145,0.7796851992607117,0.8231800198554993,0.8649401664733887,0.8595377206802368,0.8021477460861206
L57T,57,0.6827096509999999,1,0.9569431900978088,0.08129354584186771,0.2742335390978089,1.0010654926300049,0.8725126385688782,0.8694040775299072,0.9932652711868286,1.0484684705734253
L57G,57,0.933711966,1,0.782888662815094,0.03775536806615994,0.150823303184906,0.7669632434844971,0.7741353511810303,0.7911613583564758,0.74025559425354,0.8419277667999268
K58Y,58,0.944194847,3,1.0157130002975463,0.06808193676364764,0.0715181532975463,0.9356452226638794,1.0763494968414307,1.084670066833496,1.0261032581329346,0.9557969570159912
K58V,58,1.27025817,3,0.9234616756439209,0.04796705597839475,0.34679649435607907,0.8578463792800903,0.9883376359939575,0.9048539400100708,0.9243121147155762,0.9419583082199097
K58T,58,1.129904768,3,0.9817867994308471,0.03111245771908317,0.14811796856915294,1.0217849016189575,0.981293261051178,0.9870854616165161,0.9344843029975891,0.9842860698699951
K58L,58,0.755796082,3,0.8798826336860657,0.04421812172280518,0.12408655168606564,0.83662348985672,0.9468637704849243,0.8476782441139221,0.8701587915420532,0.8980888724327087
K58R,58,1.158716747,3,0.9051448941230774,0.035050201076115624,0.2535718528769225,0.8782185912132263,0.9079525470733643,0.9502785801887512,0.8636269569396973,0.9256477952003479
K58E,58,1.19584621,3,0.9870567321777344,0.03532576999469528,0.20878947782226565,0.9959783554077148,0.947182297706604,0.9737260341644287,1.0420911312103271,0.9763058423995972
K58S,58,1.110781224,3,0.8587089538574219,0.04493022016078777,0.25207227014257805,0.8973044157028198,0.9021226763725281,0.809238851070404,0.8717979788780212,0.8130808472633362
G59T,59,0.885129618,1,0.8188641309738159,0.11506872647048651,0.06626548702618407,0.6548773050308228,0.8503231406211853,0.74989914894104,0.9232199788093567,0.9160010814666748
G59S,59,0.519310602,1,0.9013834953308105,0.07954933728859995,0.3820728933308105,0.7723841071128845,0.9148623943328857,0.8884763717651367,0.9594148397445679,0.9717797636985779
G59R,59,0.846962763,1,0.8012324571609497,0.05392537396865513,0.045730305839050245,0.7290292382240295,0.859929084777832,0.8420059084892273,0.7659314274787903,0.8092666268348694
G59P,59,0.971478478,1,0.9537075519561767,0.07899234376427833,0.017770926043823243,0.8992839455604553,0.886448323726654,0.9200028777122498,0.9852234721183777,1.077579140663147
G59M,59,1.128275454,1,0.7338906645774841,0.035813741290751336,0.39438478942251587,0.6947585344314575,0.7489199042320251,0.7714313268661499,0.696563720703125,0.7577798366546631
G59L,59,0.947860255,1,0.6620770692825317,0.04445053205381962,0.2857831857174683,0.6033539175987244,0.713607668876648,0.6331142783164978,0.692547082901001,0.6677623987197876
G59K,59,0.575804993,1,0.8464630365371704,0.02391056374352084,0.2706580435371704,0.8146677017211914,0.8500319719314575,0.8386049866676331,0.881094217300415,0.847916305065155
G59H,59,0.332659803,1,0.8352787733078003,0.04898638749182157,0.5026189703078003,0.7851496338844299,0.7884870171546936,0.8760571479797363,0.8345628976821899,0.8921371698379517
G59E,59,1.350505474,1,0.828359317779541,0.05853010189958872,0.522146156220459,0.7867273688316345,0.7756935954093933,0.7983004450798035,0.873798668384552,0.9072765111923218
G59D,59,1.030494363,1,0.9212678432464599,0.04518002084178647,0.10922651975354014,0.855970025062561,0.9091013669967651,0.9200520515441895,0.9787235260009766,0.9424922466278076
G59A,59,0.965397077,1,0.8523951768875122,0.05055635064698422,0.11300190011248779,0.7706416249275208,0.8873118162155151,0.8552183508872986,0.8484753370285034,0.9003287553787231
G59V,59,0.858239348,1,0.7392751216888428,0.0440897069027101,0.11896422631115722,0.6621940732002258,0.752117395401001,0.7526596784591675,0.7547781467437744,0.7746263146400452
G59I,59,0.7454354990000001,1,0.5869253873825073,0.09884948815557061,0.15851011161749273,0.45598065853118896,0.7204571962356567,0.5390329360961914,0.5897331237792969,0.6294230222702026
G59Y,59,0.755329831,1,0.7513130068778991,0.04881152942490737,0.004016824122100804,0.7184523940086365,0.7780755162239075,0.7157219052314758,0.7192497253417969,0.8250654935836792
G59C,59,0.8221077840000001,1,0.8456607460975647,0.11074616090266241,0.023552962097564634,0.7915650606155396,0.7555357217788696,0.8401798009872437,1.0362151861190796,0.8048079609870911
K60H,60,1.055516634,0,0.9162606000900269,0.06156376854100884,0.1392560339099731,0.888239860534668,0.8804945349693298,0.9517483711242676,0.8547919392585754,1.0060282945632935
K60F,60,1.2821095809999998,0,0.7266343474388123,0.07730102385283971,0.5554752335611876,0.6587989330291748,0.6996805667877197,0.8529012203216553,0.7435673475265503,0.6782236695289612
K60E,60,0.512605934,0,0.9018262028694153,0.058479658265792524,0.3892202688694153,0.9061158895492554,0.8446303009986877,0.9944632649421692,0.8593907356262207,0.9045308232307434
K60D,60,0.8001330190000001,0,0.9577460765838623,0.07218852206005799,0.15761305758386224,0.9487440586090088,0.9037976264953613,1.0820860862731934,0.9111063480377197,0.9429962635040283
K60C,60,1.095812992,0,0.9318761944770813,0.030639389914544887,0.16393679752291868,0.9541418552398682,0.8789440989494324,0.9467704892158508,0.9472222328186035,0.9323022961616516
K60A,60,0.8235206979999999,0,0.8229326009750366,0.04268438983448173,0.0005880970249633188,0.8038349151611328,0.7966085076332092,0.8872807025909424,0.7825633883476257,0.844375491142273
K60I,60,0.7367924029999999,0,0.7542580962181091,0.10066010434086804,0.0174656932181092,0.6353539824485779,0.6804770231246948,0.893100380897522,0.770660936832428,0.791698157787323
K60G,60,0.7894395209999999,0,0.8271288514137268,0.0579165970958373,0.03768933041372691,0.8159456253051758,0.7699705958366394,0.9150019288063049,0.7848609089851379,0.849865198135376
K60Y,60,0.973068278,0,0.7901009321212769,0.03599278404698434,0.1829673458787231,0.8235769867897034,0.739782452583313,0.8136047720909119,0.8086186647415161,0.7649217844009399
K60T,60,1.097305112,0,0.8026310682296753,0.04440423775107111,0.2946740437703246,0.7515852451324463,0.7879630923271179,0.8719525933265686,0.7895547151565552,0.8120996952056885
K60S,60,0.980605921,0,0.8678201556205749,0.06385815074847996,0.11278576537942508,0.8744463324546814,0.806502640247345,0.9595223665237427,0.8080018162727356,0.8906276226043701
K60R,60,1.080414305,0,1.0644145488739014,0.04819194407412576,0.015999756126098497,1.0433039665222168,1.0903644561767578,1.030973196029663,1.0210812091827393,1.1363499164581299
K60Q,60,1.099253934,0,0.9759422063827514,0.05307369560003579,0.12331172761724862,1.0033169984817505,0.9577736854553223,0.997003972530365,0.8926681876182556,1.028948187828064
K60P,60,0.666364396,0,0.8255964875221252,0.03355589878891072,0.15923209152212525,0.7876988053321838,0.8731008768081665,0.8451526165008545,0.8097084760665894,0.812321662902832
K60N,60,1.083521014,0,0.9187041163444519,0.0493578381000638,0.16481689765554808,0.9484674334526062,0.8605874180793762,0.9866772890090942,0.9050652384757996,0.8927232027053833
K60V,60,1.029090818,0,0.7920462250709533,0.03481877301371901,0.23704459292904667,0.7844944596290588,0.761751115322113,0.8510987758636475,0.7724289298057556,0.7904578447341919
K60L,60,0.893988894,0,0.6887688040733337,0.04919374030064126,0.2052200899266663,0.6139072179794312,0.7150943279266357,0.6679620742797852,0.7399579882621765,0.7069224119186401
S61I,61,0.954422222,0,0.8348484635353088,0.05568281235074509,0.1195737584646912,0.8409555554389954,0.8016266822814941,0.7787347435951233,0.8282491564750671,0.9246761798858643
S61P,61,1.002031287,0,1.230347490310669,0.06875980162744999,0.22831620331066893,1.2980644702911377,1.1739743947982788,1.2820106744766235,1.141861081123352,1.2558268308639526
S61T,61,1.156564747,0,1.1810740947723388,0.09218059286025854,0.02450934777233882,1.294677495956421,1.1729190349578857,1.1969213485717773,1.0385441780090332,1.2023084163665771
S61K,61,0.658725336,0,0.8853161096572876,0.104390703220661,0.22659077365728753,1.0211347341537476,0.8468372821807861,0.9458367824554443,0.7449870109558105,0.8677847385406494
S61Q,61,0.663943347,0,0.9582627058029175,0.09592935243408543,0.2943193588029175,1.0326128005981445,0.9345307350158691,1.068930745124817,0.8253482580184937,0.9298909902572632
S61E,61,1.4149935059999998,0,0.9910387516021728,0.054049476576890444,0.42395475439782704,1.0320420265197754,0.9943172931671143,1.0454161167144775,0.9087724685668945,0.9746458530426025
S61C,61,1.302534354,0,0.7711461424827576,0.0463700957106555,0.5313882115172425,0.823028028011322,0.7738959789276123,0.7727248668670654,0.6965696811676025,0.7895121574401855
S61A,61,1.201722251,0,0.9262935638427734,0.06019777833311584,0.2754286871572267,0.9325204491615295,0.9954805970191956,0.9698963165283203,0.8853026032447815,0.8482678532600403
S61M,61,0.83244257,0,0.9481099963188171,0.06973402683422547,0.1156674263188171,0.998293936252594,0.9982803463935852,0.9931641817092896,0.8452880382537842,0.9055234789848328
G62A,62,1.170489569,2,1.005089569091797,0.06966445099695,0.16539999990820298,1.112251877784729,0.9846014976501465,1.019167184829712,0.9881454706192017,0.9212818145751953
G62C,62,0.734593884,2,0.959585452079773,0.034798428367157005,0.22499156807977294,1.0159211158752441,0.9235832691192627,0.9569233655929565,0.9610121250152588,0.9404873847961426
G62V,62,0.961559112,2,0.7696650266647339,0.026877256118684693,0.19189408533526608,0.7910849452018738,0.7347489595413208,0.7829902768135071,0.7924883961677551,0.7470125555992126
G62N,62,1.284472613,2,0.9680226087570191,0.09856473132533802,0.31645000424298086,1.1277885437011719,0.8826059103012085,0.994307816028595,0.9057826995849609,0.9296280741691589
G62I,62,0.7041558920000001,2,0.5921783447265625,0.09172394583626338,0.11197754727343756,0.726374626159668,0.5853570103645325,0.5150282382965088,0.6318137049674988,0.5023181438446045
G62K,62,0.98400927,2,0.8650545954704285,0.03833920926654467,0.11895467452957154,0.9142231941223145,0.8267366886138916,0.8267927169799805,0.869982123374939,0.8875382542610168
G62L,62,0.781516256,2,0.7508647799491882,0.06505524653761496,0.030651476050811755,0.8332743048667908,0.7699505090713501,0.7388618588447571,0.7591499090194702,0.653087317943573
G62M,62,1.013717589,2,0.8992425560951233,0.04578200132402904,0.11447503290487682,0.9676520824432373,0.9201442003250122,0.8852813839912415,0.8507624864578247,0.8723726272583008
G62Y,62,0.913438819,2,0.7881992101669312,0.07233020670835529,0.12523960883306884,0.8524707555770874,0.8149908185005188,0.7922999858856201,0.8165550827980042,0.6646794080734253
G62P,62,0.653149577,2,0.9806739211082458,0.11744941411456108,0.3275243441082458,1.163491129875183,0.9217979907989502,0.9745050668716431,0.9970064759254456,0.8465689420700073
G62Q,62,0.826150244,2,1.084286904335022,0.09599027234576582,0.25813666033502203,1.25034761428833,1.0289039611816406,1.0170929431915283,1.0431458950042725,1.0819441080093384
G62R,62,1.13680667,2,0.800105893611908,0.03226683507053786,0.3367007763880919,0.8327046632766724,0.7673542499542236,0.7659770250320435,0.8290120959281921,0.8054814338684082
G62E,62,0.980127758,2,0.9574326872825623,0.06918851817327819,0.022695070717437704,0.9401450157165527,0.9399916529655457,0.9226177930831909,1.0785610675811768,0.9058479070663452
G62S,62,0.946978883,2,0.9208357572555542,0.0595098173100487,0.026143125744445772,0.9717907309532166,0.8249099254608154,0.9269345998764038,0.9683322906494141,0.9122112393379211
G62D,62,0.6158459789999999,2,0.963209867477417,0.06752524244367313,0.34736388847741706,1.0720548629760742,0.900370717048645,0.9532279968261719,0.974302351474762,0.9160934090614319
G62T,62,1.070916216,2,0.9096193909645081,0.06685421572464778,0.16129682503549203,1.0264979600906372,0.8566194772720337,0.8858044147491455,0.8939836621284485,0.8851914405822754
G62W,62,0.76968451,2,0.6648404598236084,0.06222609177308753,0.10484405017639165,0.6592025756835938,0.7225935459136963,0.619055986404419,0.732403039932251,0.590947151184082
G62H,62,1.007168939,2,0.880004608631134,0.12592938962640235,0.12716433036886599,1.0870158672332764,0.7959614992141724,0.8641049861907959,0.7651054263114929,0.8878352642059326
G62F,62,0.921558523,2,0.7611299276351928,0.039622041531355734,0.16042859536480714,0.7746558785438538,0.7875983715057373,0.7845470309257507,0.7670886516571045,0.6917597055435181
L63G,63,0.964414283,4,0.5495500504970551,0.07664970991464637,0.4148642325029449,0.4394088685512543,0.6112024188041687,0.5682814121246338,0.5062265396118164,0.6226310133934021
L63F,63,0.98856794,4,0.7990347266197204,0.05949690222895831,0.18953321338027962,0.8989798426628113,0.781795859336853,0.7394168376922607,0.782367467880249,0.7926136255264282
L63K,63,0.97377919,4,0.5581194758415222,0.09541723739018154,0.4156597141584778,0.5795038342475891,0.6363938450813293,0.4616369307041168,0.4552404582500458,0.65782231092453
L63M,63,0.7391207,4,1.128679132461548,0.09123240215156819,0.389558432461548,1.0700472593307495,1.2880542278289795,1.0688304901123047,1.1039165258407593,1.1125471591949463
L63E,63,0.6753264940000001,4,0.4008730411529541,0.042721649046084276,0.27445345284704603,0.41326770186424255,0.3965713083744049,0.3356441855430603,0.4045275151729584,0.45435449481010437
L63I,63,0.8707766220000001,4,1.0185207009315491,0.029707282389041603,0.14774407893154906,0.9911515116691589,1.0688203573226929,1.0177135467529297,1.0057871341705322,1.0091309547424316
L63N,63,0.82585862,4,0.8690240740776062,0.04360997516636228,0.04316545407760619,0.9353656768798828,0.825848400592804,0.8361099362373352,0.8841723799705505,0.8636239767074585
L63D,63,0.40452542,4,0.5120680034160614,0.05286944093065096,0.10754258341606138,0.583832323551178,0.538914144039154,0.4559313654899597,0.46576574444770813,0.5158964395523071
L63Q,63,1.188222863,4,0.8112119913101197,0.040907917342273586,0.37701087168988034,0.7738624215126038,0.7865902185440063,0.806728184223175,0.8093371391296387,0.8795419931411743
L63A,63,0.986422811,4,0.8646349430084228,0.05955764709068043,0.12178786799157715,0.8352025747299194,0.9589858055114746,0.8773280382156372,0.8508012294769287,0.8008570671081543
L63R,63,0.904882515,4,0.6856006503105163,0.03344030813907518,0.21928186468948374,0.7167028784751892,0.6915149688720703,0.7095754146575928,0.6778638362884521,0.6323461532592773
L63S,63,0.870823538,4,0.9666378259658813,0.060520795940861,0.09581428796588132,0.9157160520553589,1.0189841985702515,0.9525602459907532,1.040194034576416,0.9057345986366272
L63T,63,0.914477088,4,1.1932873725891113,0.08358293323400509,0.2788102845891113,1.1022017002105713,1.3096442222595215,1.1557189226150513,1.2475084066390991,1.1513636112213135
L63V,63,0.927882715,4,0.9864803552627563,0.07456442977029942,0.05859764026275638,1.0146687030792236,1.044535517692566,0.8673741817474365,1.0438272953033447,0.9619960784912109
L63W,63,0.9589995,4,0.5312335014343261,0.076159169335908,0.4277659985656739,0.6195563673973083,0.5881235003471375,0.4827505350112915,0.4322003126144409,0.5335367918014526
L63Y,63,0.777756612,4,0.5173715114593506,0.12888842553036667,0.26038510054064945,0.6745198965072632,0.6083966493606567,0.41258206963539124,0.36755332350730896,0.5238056182861328
L63C,63,0.6245712720000001,4,1.0923346877098083,0.10954108314859735,0.4677634157098083,1.1592273712158203,1.1721556186676025,0.9387722611427307,1.1780576705932617,1.0134605169296265
R64T,64,0.963537272,0,0.8491488456726074,0.0718348173667351,0.11438842632739255,0.9070924520492554,0.9406644105911255,0.7717865109443665,0.8258380889892578,0.800362765789032
R64V,64,0.6183485129999999,0,0.5920203924179077,0.03671706236938897,0.026328120582092218,0.6309072971343994,0.6010808944702148,0.5800203084945679,0.5352641344070435,0.612829327583313
R64W,64,0.255655523,0,0.5435055494308472,0.0802955701446682,0.2878500264308472,0.4950260519981384,0.6689440608024597,0.5530180931091309,0.4562511444091797,0.5442883968353271
R64Y,64,0.433379798,0,0.6767151474952697,0.08211660294033972,0.24333534949526975,0.7481850981712341,0.6784678101539612,0.5558462142944336,0.6452339887619019,0.7558426260948181
R64S,64,0.928949838,0,0.8334726691246033,0.025452470624338853,0.0954771688753967,0.814429759979248,0.8131614327430725,0.8622143864631653,0.8603860139846802,0.8171717524528503
R64P,64,0.2975147589999999,0,0.2121762752532959,0.15290153054478076,0.085338483746704,0.06000781059265137,0.35757017135620117,0.33445993065834045,0.27188751101493835,0.036955952644348145
R64L,64,0.580996117,0,0.3947117984294891,0.05645820855359038,0.18628431857051087,0.4397284686565399,0.39061638712882996,0.3569079637527466,0.32506176829338074,0.4612444043159485
R64K,64,1.162927547,0,0.9474923610687256,0.07073431894591553,0.21543518593127442,1.0089194774627686,1.0354483127593994,0.9185587763786316,0.9016315340995789,0.8729037046432495
R64I,64,0.280403898,0,0.44047444462776186,0.09521782674311564,0.16007054662776188,0.39313754439353943,0.5781007409095764,0.4162263572216034,0.32898321747779846,0.4859243631362915
R64H,64,1.015047256,0,0.9207183718681335,0.08767303600163663,0.09432888413186635,0.9662434458732605,0.9642543792724609,0.7850264310836792,0.8837063312530518,1.0043612718582153
R64G,64,0.289937369,0,0.680698013305664,0.03513934620436464,0.39076064430566404,0.654849648475647,0.7338874340057373,0.6686985492706299,0.6973189115524292,0.648735523223877
R64F,64,0.267309438,0,0.5815945386886596,0.08152017671088643,0.3142851006886596,0.5803292393684387,0.6168283224105835,0.5893067121505737,0.4502756595611572,0.6712327599525452
R64E,64,0.3859459979999999,0,0.753871738910675,0.13434623818822589,0.36792574091067515,0.8077735304832458,0.9329155683517456,0.5822043418884277,0.7774836421012878,0.6689816117286682
R64D,64,0.634066868,0,0.780876898765564,0.10056673202881126,0.14681003076556398,0.8825836181640625,0.8780966401100159,0.6540318727493286,0.77623051404953,0.7134418487548828
R64C,64,0.8971391,0,0.890405285358429,0.05216237038584689,0.006733814641570968,0.8955294489860535,0.902584969997406,0.8353865146636963,0.850225567817688,0.968299925327301
R64A,64,0.35791139,0,0.8259114503860474,0.049093199185292924,0.4680000603860474,0.8418116569519043,0.842894434928894,0.7836320996284485,0.7703283429145813,0.8908907175064087
R64M,64,0.322471093,0,0.6258785128593445,0.07308798704471732,0.3034074198593445,0.5151196122169495,0.689301073551178,0.6541290283203125,0.5901597738265991,0.6806830763816833
R64N,64,0.993788215,0,0.9826292872428894,0.07228252216560271,0.011158927757110582,0.9808074235916138,1.098996639251709,0.9361799955368042,0.9865172505378723,0.9106451272964478
V65G,65,0.127781722,3,0.11147814989089966,0.09782383263175823,0.01630357210910033,0.18988043069839478,0.22411328554153442,0.10791635513305664,0.04822129011154175,-0.012740612030029297
V65R,65,-0.067724641,3,0.16666619777679442,0.04471793325434855,0.23439083877679442,0.11204749345779419,0.19044435024261475,0.22735249996185303,0.16443109512329102,0.1390555500984192
V65W,65,0.591839178,3,0.4709693193435669,0.0705074472869491,0.12086985865643307,0.5570986270904541,0.41058340668678284,0.4442789554595947,0.5351125001907349,0.40777310729026794
V65T,65,0.480546877,3,0.812367582321167,0.03435888418318186,0.33182070532116703,0.7691299915313721,0.8575055003166199,0.7884402275085449,0.8231602907180786,0.8236019015312195
V65S,65,0.024885631,3,0.40318933725357053,0.052366877727214156,0.3783037062535705,0.4287157952785492,0.43769457936286926,0.44593024253845215,0.32002994418144226,0.3835761249065399
V65Q,65,0.075594863,3,0.09430539608001709,0.07033911189581513,0.01871053308001709,0.062412798404693604,0.15496337413787842,0.18405985832214355,0.03235340118408203,0.03773754835128784
V65P,65,-0.138496028,3,0.32734706401824953,0.0680381756972247,0.4658430920182495,0.2702992558479309,0.29244232177734375,0.4363585114479065,0.2870766222476959,0.3505586087703705
V65M,65,0.4508106839999999,3,0.7355716347694397,0.06613700714936545,0.28476095076943975,0.7764600515365601,0.6863484382629395,0.8235193490982056,0.6604259610176086,0.7311043739318848
V65N,65,0.446856689,3,0.26978839635849,0.06368264284566263,0.17706829264150997,0.3139669597148895,0.27577778697013855,0.2964136004447937,0.3041132092475891,0.15867042541503906
V65K,65,0.04379279,3,0.14715993404388428,0.07435675874260822,0.10336714404388428,0.13220596313476562,0.19186735153198242,0.1830318570137024,0.2050478458404541,0.023646652698516846
V65I,65,0.909376936,3,1.0388682723045348,0.07155180519483391,0.1294913363045348,0.9539936780929565,0.9896805882453918,1.0363997220993042,1.0794832706451416,1.1347841024398804
V65H,65,-0.038364348,3,0.40169565081596376,0.0720229955728894,0.44005999881596375,0.37559494376182556,0.3870404362678528,0.5140308737754822,0.3175726532936096,0.4142393469810486
V65F,65,0.436361943,3,0.5723185658454895,0.06937029637887478,0.13595662284548948,0.6480053663253784,0.5354926586151123,0.49454164505004883,0.6435348391532898,0.5400183200836182
V65E,65,-0.18794096,3,0.2159997820854187,0.0601960553868964,0.4039407420854187,0.14545106887817383,0.17281335592269897,0.28693968057632446,0.2082093358039856,0.26658546924591064
V65A,65,0.7176173929999999,3,0.5870743453502655,0.0666514968276109,0.13054304764973446,0.6144413352012634,0.605974555015564,0.6429000496864319,0.4714696705341339,0.6005861163139343
V65L,65,0.584648097,3,0.6035379886627197,0.04551767310010187,0.018889891662719704,0.6438097953796387,0.5270780920982361,0.6149871945381165,0.6020797491073608,0.6297351121902466
F66C,66,0.748777318,1,0.5614508509635925,0.026243097568343858,0.18732646703640754,0.5673620104789734,0.5512622594833374,0.585675835609436,0.5212260484695435,0.5817281007766724
F66E,66,0.32608921,1,0.2925746262073517,0.07261422550063595,0.03351458379264832,0.24397367238998413,0.19141554832458496,0.3386584222316742,0.3667509853839874,0.3220745027065277
F66A,66,0.318642129,1,0.41149285435676575,0.059617372739884995,0.09285072535676575,0.379116415977478,0.32211625576019287,0.4423830211162567,0.44991424679756165,0.4639343321323395
F66D,66,-0.348595734,1,0.1949890673160553,0.09474457894847907,0.5435848013160554,0.12236416339874268,0.08750331401824951,0.183110773563385,0.30691471695899963,0.27505236864089966
F66G,66,0.122789743,1,0.2627202391624451,0.030749716074865954,0.13993049616244507,0.22416669130325317,0.25626617670059204,0.24736976623535156,0.3028230667114258,0.2829754948616028
F66K,66,0.100899155,1,0.05504201650619507,0.056165649002737905,0.04585713849380493,0.09268379211425781,-0.00913858413696289,0.12299787998199463,0.005991101264953613,0.06267589330673218
F66H,66,0.2315067,1,0.22607985734939576,0.02631507679127852,0.005426842650604252,0.18677300214767456,0.25630635023117065,0.22409725189208984,0.24270498752593994,0.22051769495010376
F66I,66,0.859013085,1,0.5898199677467346,0.13774808246780745,0.26919311725326533,0.5154273509979248,0.41480809450149536,0.561522901058197,0.7423623204231262,0.7149791717529297
F66L,66,0.83542917,1,0.8334140062332154,0.042504812373805705,0.002015163766784678,0.8576434254646301,0.7806521654129028,0.8033859729766846,0.8875881433486938,0.8378003239631653
F66M,66,1.060127439,1,0.8002031683921814,0.06973360307928719,0.25992427060781853,0.7639009952545166,0.8602688908576965,0.8437739014625549,0.8385082483291626,0.6945638060569763
F66N,66,0.170963597,1,-0.025981318950653077,0.05410768278314511,0.19694491595065308,-0.05640602111816406,-0.09752225875854492,0.035246968269348145,-0.028937816619873047,0.017712533473968506
F66P,66,-0.097986069,1,0.4370472192764282,0.022967746907573135,0.5350332882764282,0.4331958591938019,0.4080056846141815,0.47115325927734375,0.4430689215660095,0.42981237173080444
F66Q,66,-0.146317751,1,0.12782920598983766,0.07212223988319734,0.27414695698983765,0.07919639348983765,0.03668355941772461,0.22355514764785767,0.1497492790222168,0.1499616503715515
F66R,66,-0.03767219,1,0.07802859544754029,0.0691101688686305,0.11570078544754028,0.050610363483428955,-0.004057466983795166,0.17682117223739624,0.053404152393341064,0.11336475610733032
F66S,66,0.152495002,1,0.31757147908210753,0.04505061298600546,0.16507647708210754,0.2663663625717163,0.2912231683731079,0.3651236593723297,0.36490464210510254,0.30023956298828125
F66T,66,-0.044272001,1,0.04494819641113281,0.07480109748194094,0.08922019741113281,-0.03280675411224365,-0.03240245580673218,0.06009268760681152,0.1277340054512024,0.10212349891662598
F66V,66,0.286215691,1,0.5291467905044556,0.08437591380305551,0.24293109950445557,0.4913195073604584,0.4111489951610565,0.5360989570617676,0.572016716003418,0.6351497769355774
F66Y,66,0.260489725,1,0.8007009983062744,0.04783036081916442,0.5402112733062744,0.7983084917068481,0.86555016040802,0.7871584296226501,0.7340530753135681,0.8184348344802856
F66W,66,0.06378556,1,0.8324472308158875,0.042678759677917254,0.7686616708158874,0.8652625679969788,0.871241569519043,0.7710634469985962,0.848355770111084,0.8063127994537354
F67G,67,0.0670036909999999,4,0.29662161469459536,0.1055361175554157,0.22961792369459547,0.200863778591156,0.2105165719985962,0.2609834671020508,0.36635661125183105,0.44438764452934265
F67L,67,0.699556576,4,0.7038779973983764,0.10546260699489682,0.004321421398376435,0.5765852928161621,0.6613508462905884,0.6548618674278259,0.8052250742912292,0.8213669061660767
F67Q,67,0.232912704,4,0.4621866047382355,0.12401749876668143,0.22927390073823548,0.3767671585083008,0.414105087518692,0.33370596170425415,0.5698472857475281,0.6165075302124023
F67M,67,0.755276756,4,0.8709123849868774,0.06920220738529531,0.1156356289868774,0.8219012022018433,0.7973712086677551,0.8906527161598206,0.9755656719207764,0.8690711259841919
F67P,67,0.112355188,4,-0.05082533359527588,0.1555573263352534,0.16318052159527588,-0.14609605073928833,0.0015603303909301758,-0.27177321910858154,0.05511343479156494,0.10706883668899536
F67R,67,0.028245149,4,0.09161911010742188,0.08091291912707016,0.06337396110742188,0.02531188726425171,0.045647263526916504,0.04259383678436279,0.12609487771987915,0.21844768524169922
F67S,67,0.308119287,4,0.4129909336566925,0.13013556078881347,0.10487164665669246,0.24519997835159302,0.40277108550071716,0.3346586227416992,0.5568302869796753,0.5254946947097778
F67T,67,0.539029906,4,0.48753251433372496,0.11499312689314742,0.05149739166627504,0.34452810883522034,0.3867211937904358,0.5393621921539307,0.607659101486206,0.559391975402832
F67V,67,0.8547349129999999,4,0.7942440986633301,0.049121205597113964,0.06049081433666981,0.7397226095199585,0.7521615028381348,0.7966943979263306,0.856643557548523,0.8259984254837036
F67E,67,-0.066223901,4,0.28413084149360657,0.07116719494665584,0.35035474249360654,0.18677067756652832,0.3348068296909332,0.23736464977264404,0.3596523702144623,0.30205968022346497
F67W,67,0.23153904,4,0.5023648262023925,0.07777119285177327,0.2708257862023925,0.5600014925003052,0.3653576970100403,0.5293495059013367,0.5288634300231934,0.5282520055770874
F67C,67,0.625850786,4,0.8037619829177857,0.05432767800174152,0.17791119691778567,0.8658404350280762,0.7918936610221863,0.7745829224586487,0.8512930870056152,0.7351998090744019
F67A,67,0.704781161,4,0.5409854650497437,0.1269292304810109,0.16379569595025634,0.37344858050346375,0.483849436044693,0.5129169821739197,0.6812132596969604,0.6534990668296814
F67D,67,0.335368834,4,0.22357622981071473,0.12733956307065983,0.11179260418928527,0.06135904788970947,0.25034940242767334,0.19582903385162354,0.4141320288181305,0.19621163606643677
P68E,68,0.005086472,3,0.12656638622283936,0.11782372397843602,0.12147991422283937,0.13957881927490234,0.0006463527679443359,0.123141348361969,0.05681443214416504,0.31265097856521606
P68H,68,0.159791893,3,0.36261906027793883,0.052867871355818045,0.20282716727793884,0.330485075712204,0.3306948244571686,0.44236233830451965,0.31840142607688904,0.39115163683891296
P68K,68,-0.020134973,3,0.06542844772338867,0.05123118889928458,0.08556342072338867,0.09333300590515137,-0.008529722690582275,0.07574182748794556,0.0414355993270874,0.1251615285873413
P68G,68,0.23019272,3,0.3377834379673004,0.043699021596150474,0.10759071796730044,0.3108156621456146,0.3803198039531708,0.3892369270324707,0.3144795894622803,0.2940652072429657
P68Q,68,-0.330240169,3,0.1420295000076294,0.06638828060515123,0.47226966900762934,0.15529239177703857,0.16399604082107544,0.04252052307128906,0.12415319681167603,0.22418534755706787
P68M,68,0.086150381,3,0.5250480353832245,0.07163869483057439,0.43889765438322453,0.56916344165802,0.4934692680835724,0.5626201629638672,0.586358904838562,0.41362839937210083
P68L,68,-0.004127895,3,0.5064645349979401,0.05877764104866041,0.5105924299979401,0.42379632592201233,0.5494641065597534,0.5473268032073975,0.5474959015846252,0.46423953771591187
P68R,68,-0.097194497,3,0.26892678141593934,0.025112051907168455,0.36612127841593933,0.25611361861228943,0.27953359484672546,0.30490633845329285,0.23823916912078857,0.26584118604660034
P68F,68,-0.0468501309999999,3,0.5386187136173248,0.06755625569904707,0.5854688446173247,0.4583621919155121,0.5794993042945862,0.6317565441131592,0.515146017074585,0.5083295106887817
P68C,68,0.401981486,3,0.6361005306243896,0.03224003003817763,0.23411904462438965,0.5840444564819336,0.6257351040840149,0.6516632437705994,0.659936249256134,0.6591235995292664
P68A,68,0.603292929,3,0.5239823460578918,0.019827277846486458,0.07931058294210813,0.5045684576034546,0.5402086973190308,0.5100341439247131,0.5153612494468689,0.5497391819953918
P68S,68,0.298435535,3,0.3262489914894104,0.06906170527072326,0.027813456489410415,0.2791273593902588,0.3659653663635254,0.2762828767299652,0.4295600354671478,0.2803093194961548
P68T,68,0.092274726,3,0.4109147250652313,0.06645324219387486,0.3186399990652313,0.36054736375808716,0.4771519601345062,0.32494068145751953,0.46707436442375183,0.42485925555229187
P68V,68,0.096023561,3,0.6807563900947571,0.03798906539034079,0.5847328290947571,0.6410037279129028,0.6385875940322876,0.7064149379730225,0.7181904315948486,0.6995852589607239
P68W,68,0.078931942,3,0.3299723744392395,0.03251928996078099,0.25104043243923946,0.3528358042240143,0.3582019805908203,0.31142762303352356,0.3456103503704071,0.28178611397743225
P68Y,68,0.075609789,3,0.4299371659755707,0.06534969410588479,0.3543273769755707,0.42084699869155884,0.38281679153442383,0.5009233951568604,0.3531549274921417,0.49194371700286865
P68D,68,0.105575234,3,0.2426717162132263,0.11307924355065341,0.1370964822132263,0.32544493675231934,0.0825721025466919,0.19816440343856812,0.2355380654335022,0.37163907289505005
L69T,69,0.7178036320000001,0,0.7842739343643188,0.0687709342800742,0.06647030236431872,0.8540701866149902,0.8607799410820007,0.7212628722190857,0.7620444893836975,0.7232121825218201
L69V,69,0.6761294990000001,0,0.8130198359489441,0.10193775271820056,0.13689033694894404,0.8302983045578003,0.9268608093261719,0.8497104048728943,0.8093663454055786,0.6488633155822754
L69S,69,1.036094234,0,0.5916995048522949,0.0647394860996052,0.44439472914770495,0.6896848678588867,0.6169619560241699,0.5665173530578613,0.5659357905387878,0.5193975567817688
L69E,69,0.644376383,0,0.4902965009212494,0.02618695373221618,0.15407988207875062,0.44836217164993286,0.4911790192127228,0.5197043418884277,0.5011755228042603,0.4910614490509033
L69Q,69,0.609268088,0,0.672695004940033,0.052904783217166865,0.063426916940033,0.72148197889328,0.7302428483963013,0.6041653752326965,0.66060471534729,0.6469801068305969
L69P,69,0.600244798,0,0.5770972847938538,0.05685317007836656,0.023147513206146164,0.6647762060165405,0.5848573446273804,0.5830966830253601,0.5268549919128418,0.525901198387146
L69N,69,0.891979146,0,0.5856087327003479,0.04277570369397048,0.3063704132996521,0.6115787029266357,0.6161659955978394,0.550287127494812,0.6210407018661499,0.5289711356163025
L69M,69,1.01119968,0,0.9766157865524292,0.02261704464052453,0.034583893447570846,0.9706015586853027,0.9625443816184998,1.005306601524353,0.9504985213279724,0.9941278696060181
L69K,69,0.92875173,0,0.5238810241222381,0.03855930651965287,0.40487070587776186,0.570035994052887,0.5359998345375061,0.5212212800979614,0.5286055207252502,0.46354249119758606
L69F,69,0.867483198,0,0.8071674942970276,0.045505640889723885,0.060315703702972345,0.83531653881073,0.8717673420906067,0.780603289604187,0.7885954976081848,0.7595548033714294
L69H,69,0.829508424,0,0.5893544912338257,0.04716853544782822,0.24015393276617436,0.6466394066810608,0.6165813207626343,0.5336824655532837,0.6010246872901917,0.548844575881958
L69W,69,0.429876569,0,0.5946999669075013,0.04839559754460973,0.16482339790750128,0.6455190181732178,0.6262233257293701,0.5346964597702026,0.614693820476532,0.5523672103881836
L69G,69,0.624528406,0,0.7164769411087036,0.08328504817259152,0.0919485351087036,0.7803667187690735,0.82853764295578,0.6737302541732788,0.6356064081192017,0.6641436815261841
L69A,69,0.691385818,0,0.7414080977439881,0.09270402675024811,0.050022279743988096,0.8140218257904053,0.8555452823638916,0.6864634156227112,0.6287570595741272,0.7222529053688049
L69C,69,0.974158299,0,0.8848457574844361,0.08499086264621643,0.08931254151556389,0.9521448016166687,0.9970840215682983,0.8130330443382263,0.8108857274055481,0.8510811924934387
L69D,69,0.558968153,0,0.5590808987617493,0.0601422485175017,0.00011274576174924444,0.5788174271583557,0.6313101649284363,0.5860357284545898,0.5226872563362122,0.47655391693115234
L69R,69,0.763685565,0,0.5050125002861023,0.07691723975774059,0.2586730647138976,0.6114434003829956,0.4988700747489929,0.5325332283973694,0.48218584060668945,0.4000299572944641
L69Y,69,0.679500219,0,0.649993360042572,0.06902885273041455,0.029506858957427995,0.7106100916862488,0.6550911068916321,0.5342319011688232,0.6938116550445557,0.6562220454216003
L69I,69,0.76744714,0,0.9771200895309449,0.07908101042896065,0.20967294953094484,1.0044920444488525,1.0954985618591309,0.9279282689094543,0.9686586260795593,0.889022946357727
C70P,70,0.826978312,0,0.14839067459106445,0.06948141331130735,0.6785876374089356,0.13144201040267944,0.10326516628265381,0.24767249822616577,0.18652313947677612,0.07305055856704712
C70Q,70,0.601673692,0,0.27223232984542844,0.05631893311665607,0.32944136215457154,0.33524197340011597,0.2661133408546448,0.3201068043708801,0.198638916015625,0.24106061458587646
C70A,70,0.52324938,0,0.5380543768405914,0.11653378103394428,0.014804996840591444,0.5375596284866333,0.6311896443367004,0.6064136624336243,0.5759027004241943,0.3392062485218048
C70E,70,0.161016844,0,0.21455391645431518,0.0696608748371608,0.05353707245431519,0.26179540157318115,0.19140702486038208,0.24481141567230225,0.2717888355255127,0.10296690464019775
C70F,70,0.40641877,0,0.15257760286331176,0.07612707798706382,0.25384116713668825,0.04861748218536377,0.1805090308189392,0.2503771185874939,0.17162317037582397,0.11176121234893799
C70H,70,0.4101946039999999,0,0.42794578671455386,0.05777642877826884,0.017751182714553948,0.43674856424331665,0.4391712546348572,0.4557323753833771,0.47898414731025696,0.3290925920009613
C70I,70,0.257749587,0,0.31693432331085203,0.08973821028556997,0.059184736310852026,0.24600589275360107,0.19622176885604858,0.38124820590019226,0.39414504170417786,0.3670507073402405
C70G,70,0.683652004,0,0.242911297082901,0.1503979518782794,0.44074070691709905,0.3512871265411377,0.25064951181411743,0.360517293214798,0.2630353569984436,-0.0109328031539917
C70N,70,0.48266853,0,0.4888627350330353,0.05280856208174888,0.006194205033035305,0.5429187417030334,0.4344068169593811,0.5231196284294128,0.513891339302063,0.429977148771286
C70W,70,0.489047635,0,-0.07705765962600708,0.10691392874572098,0.566105294626007,-0.11382317543029785,-0.047759830951690674,0.09546971321105957,-0.151705801486969,-0.16746920347213745
C70V,70,0.6689042479999999,0,0.38358832001686094,0.11696234656737188,0.285315927983139,0.292643278837204,0.2477283477783203,0.48263290524482727,0.5182521343231201,0.37668493390083313
C70T,70,0.463046191,0,0.08123997449874878,0.10314963684110821,0.38180621650125124,0.06244736909866333,0.03689694404602051,0.10263848304748535,0.24159157276153564,-0.03737449645996094
C70S,70,0.906251509,0,0.43509995341300967,0.1811271014159287,0.4711515555869903,0.48182716965675354,0.42300957441329956,0.5090627670288086,0.6232161521911621,0.13838410377502441
C70R,70,0.680493737,0,0.43686978816986083,0.08553329610022532,0.24362394883013921,0.5513030886650085,0.40148937702178955,0.4998036324977875,0.38680773973464966,0.34494510293006897
C70L,70,0.6324429020000001,0,0.17254240512847902,0.08679614545006276,0.45990049687152107,0.1118585467338562,0.19778722524642944,0.25976550579071045,0.23848116397857666,0.054819583892822266
G71R,71,0.713449882,4,0.7381815195083619,0.019142230164647434,0.024731637508361826,0.7359196543693542,0.7249665260314941,0.7149877548217773,0.7578966617584229,0.7571370005607605
G71W,71,0.5756915770000001,4,0.7142583131790161,0.051167392758366036,0.13856673617901605,0.6253973245620728,0.7230358123779297,0.73774653673172,0.7557066082954407,0.7294052839279175
G71V,71,0.596612839,4,0.7569138050079346,0.048967356576279646,0.16030096600793464,0.7257202863693237,0.790888786315918,0.707797646522522,0.8246794939041138,0.7354828119277954
G71T,71,0.335718246,4,0.8429974555969239,0.049097632115059145,0.5072792095969239,0.8158736824989319,0.7969662547111511,0.8297103047370911,0.9241333603858948,0.8483036756515503
G71S,71,0.693195263,4,0.8587804079055786,0.06695265137742902,0.16558514490557863,0.8590809106826782,0.8251290321350098,0.8176668882369995,0.9745470881462097,0.8174781203269958
G71P,71,0.684743772,4,0.712934422492981,0.027126688088290895,0.028190650492980973,0.6846809983253479,0.6827519536018372,0.7369959354400635,0.7244455218315125,0.7357977032661438
G71D,71,0.522209625,4,0.8022870779037475,0.042241851953887945,0.2800774529037475,0.7842452526092529,0.8190900087356567,0.7616337537765503,0.8679516315460205,0.7785147428512573
G71L,71,0.565012862,4,0.7099859476089477,0.04203966452399586,0.14497308560894773,0.6863667964935303,0.6797428727149963,0.6724412441253662,0.7578811645507812,0.7534976601600647
G71K,71,0.534090152,4,0.7258671402931214,0.04194058346964663,0.1917769882931214,0.685547411441803,0.7265990376472473,0.6871805787086487,0.744391918182373,0.7856167554855347
G71I,71,0.549433911,4,0.7462277770042419,0.03914186396208067,0.19679386600424187,0.7123628854751587,0.7383724451065063,0.7229425311088562,0.8123812675476074,0.745079755783081
G71F,71,0.49973041,4,0.7241714596748352,0.027186220898285696,0.2244410496748352,0.6921181082725525,0.7192345261573792,0.7109866142272949,0.7646206617355347,0.7338973879814148
G71E,71,0.5999012979999999,4,0.7628415107727051,0.015554949488673805,0.1629402127727052,0.7426600456237793,0.7654150724411011,0.7531681656837463,0.7831230759620667,0.769841194152832
G71N,71,0.664714695,4,0.8219717979431153,0.04776859914101484,0.15725710294311523,0.8109541535377502,0.7786257266998291,0.8019630908966064,0.9036614298820496,0.8146545886993408
G71C,71,0.522633928,4,0.838725471496582,0.04156085785273855,0.3160915434965821,0.8581329584121704,0.8292757272720337,0.7957832217216492,0.9002468585968018,0.8101885914802551
G71A,71,0.674141854,4,0.7984363436698914,0.034385968014178904,0.12429448966989132,0.7702824473381042,0.7683337330818176,0.8037285208702087,0.8532041311264038,0.7966328859329224
K72W,72,0.354655719,3,0.5137996137142181,0.13100232750784413,0.15914389471421814,0.5669876933097839,0.4456900358200073,0.5566875338554382,0.32813629508018494,0.6714965105056763
K72Q,72,0.918386794,3,0.5911627292633057,0.04836592339375779,0.3272240647366943,0.5527717471122742,0.6579480767250061,0.592397928237915,0.5377317667007446,0.6149641275405884
K72P,72,0.538285872,3,0.587370079755783,0.11114891536557753,0.04908420775578304,0.5426032543182373,0.5540611743927002,0.6501598954200745,0.44968000054359436,0.7403460741043091
K72N,72,0.443145276,3,0.6183242321014404,0.03896118993540156,0.1751789561014404,0.6167921423912048,0.5616574883460999,0.6397807002067566,0.6073436737060547,0.6660471558570862
K72T,72,0.7792093590000001,3,0.5464178681373596,0.03432532206288084,0.2327914908626405,0.485803484916687,0.5608648657798767,0.5631643533706665,0.5534846186637878,0.56877201795578
K72M,72,0.420656749,3,0.5135475873947144,0.04368515534020201,0.0928908383947144,0.497587651014328,0.5416679978370667,0.5501450300216675,0.4441128075122833,0.5342244505882263
K72L,72,0.378633681,3,0.4982516229152679,0.08600483776486378,0.11961794191526792,0.5269399881362915,0.5133933424949646,0.6083421111106873,0.3734930753707886,0.4690895974636078
K72H,72,0.73074343,3,0.6404279708862305,0.041044740143589026,0.09031545911376948,0.6612266898155212,0.6255617141723633,0.7006378173828125,0.5956850051879883,0.619028627872467
K72G,72,0.77013765,3,0.5790313601493835,0.05946098263757469,0.1911062898506165,0.5835933089256287,0.5045597553253174,0.628531813621521,0.5348436832427979,0.6436282396316528
K72R,72,0.738619625,3,0.6781488060951233,0.058123970292579014,0.06047081890487671,0.6789436340332031,0.7649632096290588,0.6108949780464172,0.6430115103721619,0.6929306983947754
K72V,72,0.452384935,3,0.4956654250621796,0.09390460382972365,0.0432804900621796,0.43588533997535706,0.4247090220451355,0.6550000309944153,0.4605410695075989,0.5021916627883911
K72A,72,0.83989875,3,0.6390491485595703,0.08839960927788078,0.20084960144042974,0.6518145203590393,0.5625299215316772,0.7281827926635742,0.5342372059822083,0.7184813022613525
K72C,72,0.501604311,3,0.5307346403598785,0.0389908546428293,0.02913032935987847,0.5867999792098999,0.5487672090530396,0.5081655383110046,0.48527660965919495,0.5246638655662537
K72D,72,0.69989271,3,0.35654098391532896,0.13527365384130285,0.343351726084671,0.36305364966392517,0.1664862036705017,0.4575662910938263,0.2895820438861847,0.506016731262207
K72E,72,0.680666557,3,0.406633186340332,0.09725603655319957,0.274033370659668,0.3263026177883148,0.3183067739009857,0.5246193408966064,0.36725425720214844,0.49668294191360474
A73K,73,0.54844998,3,0.701731514930725,0.05951279234457557,0.15328153493072505,0.7346996665000916,0.6458173394203186,0.7785598039627075,0.6387379169464111,0.7108428478240967
A73C,73,1.010780311,3,0.9627342581748962,0.06827898836118577,0.04804605282510377,0.8532643914222717,0.9831981062889099,1.0408518314361572,0.9746602177619934,0.9616967439651489
A73E,73,0.48405513,3,0.7738783478736877,0.06298047897194069,0.2898232178736877,0.8309096097946167,0.7151883244514465,0.8472815155982971,0.7134355902671814,0.762576699256897
A73I,73,0.361524997,3,0.47550384402275087,0.05659882805576751,0.11397884702275085,0.532963216304779,0.47176164388656616,0.5282021760940552,0.4453056752681732,0.39928650856018066
A73Y,73,0.589102052,3,0.6933714509010315,0.04993253906290476,0.10426939890103148,0.6398941874504089,0.6816610097885132,0.7257280945777893,0.6578726768493652,0.7617012858390808
A73V,73,0.313198839,3,0.6756732940673829,0.05557238852049173,0.36247445506738285,0.6823551654815674,0.675096333026886,0.754336953163147,0.6688372492790222,0.5977407693862915
A73T,73,0.812739366,3,1.0478589296340943,0.06959575673199128,0.23511956363409436,1.1383816003799438,0.9942452907562256,1.0250210762023926,1.1028109788894653,0.9788357019424438
A73S,73,0.226536911,3,0.9646359205245971,0.062127179268643105,0.7380990095245972,1.0261297225952148,0.9842929840087891,1.0145782232284546,0.9086892008781433,0.889489471912384
A73G,73,0.8066049040000001,3,0.7670470356941224,0.04208993651888658,0.03955786830587771,0.7737165689468384,0.7773050665855408,0.8100816607475281,0.6965268850326538,0.7776049971580505
A73Q,73,0.956803243,3,0.5469090640544891,0.06822397773387298,0.40989417894551083,0.49355781078338623,0.48874685168266296,0.6562432050704956,0.5627044439315796,0.5332930088043213
A73N,73,0.8632872709999999,3,1.1189456939697267,0.10474507342517102,0.25565842296972674,1.1090294122695923,0.9629833698272705,1.2239638566970825,1.0920054912567139,1.2067463397979736
A73L,73,1.072722717,3,0.5213835775852204,0.03320575596868159,0.5513391394147796,0.4795362949371338,0.5594764947891235,0.5478479266166687,0.49884846806526184,0.5212087035179138
A73W,73,0.5971540329999999,3,0.628278911113739,0.019591949289002375,0.031124878113739096,0.6314917206764221,0.6202787160873413,0.6003823280334473,0.653243899345398,0.6359978914260864
A73R,73,0.707401762,3,0.7640061140060425,0.043864864929381756,0.05660435200604241,0.7329564094543457,0.7174997925758362,0.8136795163154602,0.7486778497695923,0.807217001914978
V74W,74,0.5585349270000001,2,0.7899941205978394,0.04301383588880593,0.23145919359783929,0.8315862417221069,0.7681800127029419,0.8327788710594177,0.7321852445602417,0.7852402329444885
V74T,74,0.797247114,2,0.9083341479301452,0.060418446188807415,0.11108703393014518,0.8983645439147949,0.8801546096801758,1.0105650424957275,0.9008257389068604,0.8517608046531677
V74E,74,0.727032618,2,0.6654099762439728,0.0998899553770741,0.06162264175602716,0.7014623284339905,0.7141768336296082,0.7176359295845032,0.7066958546638489,0.4870789349079132
V74S,74,0.872544861,2,0.8155289649963379,0.04634941046874731,0.05701589600366208,0.8523157835006714,0.8294187188148499,0.8160082101821899,0.8435149788856506,0.7363871335983276
V74R,74,0.949383777,2,0.7630542755126953,0.040149964590036114,0.18632950148730465,0.7833117246627808,0.7616137266159058,0.7998843193054199,0.7747965455055237,0.6956650614738464
V74Q,74,0.541276338,2,0.802655565738678,0.03859344637585318,0.26137922773867805,0.8493605256080627,0.7787967920303345,0.7978706359863281,0.8324915170669556,0.754758358001709
V74P,74,0.810226612,2,0.8048166990280151,0.05565861456211806,0.005409912971984898,0.7767452001571655,0.7760412096977234,0.8522005081176758,0.8746846318244934,0.7444119453430176
V74M,74,0.738121143,2,0.8850819587707519,0.10204068346862433,0.14696081577075193,0.8211625218391418,0.7526919841766357,1.0093687772750854,0.9526809453964233,0.8895055651664734
V74L,74,0.663329614,2,0.7321600079536438,0.04538608304936803,0.06883039395364376,0.7562041878700256,0.758266270160675,0.659687340259552,0.7705102562904358,0.7161319851875305
V74K,74,0.42439599,2,0.778109097480774,0.06078925857668053,0.35371310748077395,0.6812775135040283,0.7707132697105408,0.8425654172897339,0.8122212886810303,0.7837679982185364
V74I,74,1.228923121,2,0.7830057740211487,0.04622271750034818,0.4459173469788513,0.8072428107261658,0.7646225094795227,0.7139230370521545,0.7940119504928589,0.8352285623550415
V74H,74,0.7914053759999999,2,0.8289344191551209,0.10305301425585887,0.037529043155120956,0.8679440021514893,0.8317413330078125,0.8673921823501587,0.9234247207641602,0.6541698575019836
V74G,74,0.6633993220000001,2,0.7653795719146729,0.04518231650688249,0.1019802499146728,0.8233324885368347,0.7331994771957397,0.801949679851532,0.7498761415481567,0.7185400724411011
V74D,74,0.915551133,2,0.744970726966858,0.13062744429003623,0.17058040603314206,0.7565865516662598,0.7419069409370422,0.9500225186347961,0.6784817576408386,0.5978558659553528
V74C,74,0.831443588,2,0.8592135190963746,0.047660828849256896,0.0277699310963746,0.850237250328064,0.8269500732421875,0.8550169467926025,0.9407316446304321,0.8231316804885864
V74A,74,0.660985642,2,0.8264034867286683,0.06129105180793685,0.16541784472866827,0.8972002863883972,0.8013418316841125,0.7991541624069214,0.8822478652000427,0.7520732879638672
E75F,75,0.52507436,4,0.9140628695487976,0.07813538504992337,0.3889885095487976,1.0101228952407837,0.8788789510726929,0.9855909943580627,0.8539189696311951,0.8418025374412537
E75D,75,0.6895286709999999,4,1.2378182411193848,0.08295832360097513,0.5482895701193848,1.2385103702545166,1.2595100402832031,1.291522741317749,1.3029205799102783,1.0966274738311768
E75A,75,0.554583236,4,0.9969034194946289,0.05892522064510851,0.44232018349462887,1.0808336734771729,0.9424710869789124,0.9925680756568909,1.0264302492141724,0.9422140121459961
E75P,75,0.513758217,4,0.9179275155067443,0.12525396091615085,0.4041692985067443,1.0935101509094238,0.805084228515625,0.8564433455467224,1.0050787925720215,0.8295210599899292
E75G,75,0.626242724,4,0.937084412574768,0.0637502586386654,0.310841688574768,1.041928768157959,0.8818440437316895,0.8943595886230469,0.9471257925033569,0.9201638698577881
E75H,75,0.820508041,4,0.9723055720329284,0.10297141179288465,0.15179753103292848,1.0191106796264648,0.8611915707588196,1.045981526374817,1.0734601020812988,0.8617839813232422
E75Y,75,0.619784671,4,0.9111839294433594,0.09156891148136045,0.29139925844335934,0.934888482093811,0.8691500425338745,1.0314195156097412,0.9362626075744629,0.7841989994049072
E75I,75,0.679828232,4,0.8941539168357849,0.049119013117639665,0.21432568483578496,0.8809539079666138,0.8468995690345764,0.9135655164718628,0.9695589542388916,0.85979163646698
E75K,75,0.646022226,4,0.6654238939285279,0.0783087247124107,0.01940166792852782,0.7792349457740784,0.5669574737548828,0.6912935972213745,0.6313652992248535,0.65826815366745
E75L,75,0.484122386,4,0.9717234611511231,0.05484307860948002,0.48760107515112305,1.0564568042755127,0.9357881546020508,0.9125301837921143,0.9758981466293335,0.977944016456604
E75W,75,0.623699076,4,0.8861218333244324,0.09843585451291265,0.26242275732443243,1.0232807397842407,0.7677740454673767,0.940168023109436,0.8631954193115234,0.836190938949585
E75M,75,0.8859041529999999,4,1.107761263847351,0.10917451305898251,0.22185711084735116,1.27359938621521,1.056837558746338,1.1631361246109009,1.0198601484298706,1.025373101234436
E75N,75,0.855512245,4,0.9741683959960937,0.09003921399193421,0.11865615099609372,1.0490405559539795,0.8261734247207642,1.0439534187316895,0.9711272716522217,0.980547308921814
E75C,75,0.531775024,4,1.211112380027771,0.12261760415882152,0.679337356027771,1.4138237237930298,1.102286696434021,1.19752836227417,1.2145315408706665,1.1273915767669678
E75Q,75,0.5855118979999999,4,0.8515586853027344,0.1390586421792872,0.26604678730273446,1.092463493347168,0.7537072896957397,0.8051574230194092,0.841411828994751,0.765053391456604
E75R,75,0.077222291,4,0.692835021018982,0.06712135365567577,0.615612730018982,0.7848591804504395,0.5967296957969666,0.7065048217773438,0.6815757751464844,0.6945056319236755
E75S,75,0.6640276979999999,4,0.8802749156951905,0.06610525645668089,0.2162472176951905,0.9754872918128967,0.8137564659118652,0.9189267754554749,0.8359290361404419,0.8572750091552734
E75T,75,0.493151126,4,0.8408984065055847,0.04094086158073642,0.3477472805055847,0.866202175617218,0.7719756364822388,0.8685058355331421,0.8343502879142761,0.8634580969810486
E75V,75,0.7030906109999999,4,1.0003647446632384,0.07592869212658072,0.2972741336632385,1.0644611120224,0.9313099384307861,1.0496079921722412,1.0516331195831299,0.9048115611076355
M76W,76,0.522570633,4,0.41163039207458496,0.06042867527158655,0.11094024092541499,0.4544195532798767,0.40628084540367126,0.4776988923549652,0.32098573446273804,0.3987669348716736
M76C,76,0.5590716579999999,4,0.929871940612793,0.06657783833117253,0.3708002826127931,0.9956878423690796,0.9827973246574402,0.952202320098877,0.8507235646247864,0.8679486513137817
M76Y,76,0.483147285,4,0.5754357695579528,0.03615792177132821,0.09228848455795285,0.538407564163208,0.5814562439918518,0.5909974575042725,0.5415607690811157,0.6247568130493164
M76D,76,-0.083007945,4,0.4977045118808746,0.05796638612778834,0.5807124568808746,0.414616197347641,0.4988383948802948,0.4756205379962921,0.5318945646286011,0.5675528645515442
M76E,76,0.142669408,4,0.36817362904548645,0.11470396998162055,0.22550422104548645,0.1927892565727234,0.39753207564353943,0.46052679419517517,0.32072368264198303,0.46929633617401123
M76F,76,0.209508632,4,0.5219089686870575,0.04701466545662239,0.31240033668705747,0.5267343521118164,0.4749716520309448,0.5365048050880432,0.4807875454425812,0.5905464887619019
M76G,76,0.14025185,4,0.5511472702026368,0.06820033250864188,0.41089542020263675,0.5040827393531799,0.6322664022445679,0.5473219752311707,0.4677017331123352,0.6043635010719299
M76I,76,0.794304786,4,0.7844277858734131,0.09279924330244547,0.009877000126586877,0.6417371034622192,0.8963969349861145,0.8045490980148315,0.7664037942886353,0.8130519986152649
M76K,76,0.1383627469999999,4,0.29915395975112913,0.06479924312995514,0.16079121275112923,0.25438523292541504,0.2879805862903595,0.3874865770339966,0.22665834426879883,0.3392590582370758
M76L,76,0.589518798,4,0.9016367673873902,0.11819039007365868,0.3121179693873902,0.8555015921592712,1.0404013395309448,0.9876375198364258,0.7376848459243774,0.8869585394859314
M76P,76,0.296885619,4,0.6295731544494629,0.04704549080778144,0.33268753544946295,0.6200953722000122,0.6744074821472168,0.6712321639060974,0.5590341687202454,0.6230965852737427
M76Q,76,0.278592723,4,0.6249297976493835,0.08348193534752761,0.3463370746493835,0.5782554149627686,0.654495894908905,0.7395968437194824,0.5173418521881104,0.6349589824676514
M76R,76,0.141718108,4,0.3324269652366638,0.048131280761621396,0.1907088572366638,0.35359010100364685,0.25805413722991943,0.37860730290412903,0.3597109019756317,0.31217238306999207
M76T,76,0.338968662,4,0.7991753578186035,0.09201731893488821,0.4602066958186035,0.7281709313392639,0.940998911857605,0.8158915638923645,0.7074360847473145,0.8033792972564697
M76V,76,0.403415002,4,0.8767481923103333,0.08460038871236109,0.4733331903103333,0.7772981524467468,0.9831206798553467,0.9433891773223877,0.8517282009124756,0.8282047510147095
M76A,76,0.542332939,4,0.8278241157531738,0.10598894046431322,0.2854911767531738,0.8008741140365601,0.9721383452415466,0.7666881680488586,0.7046749591827393,0.8947449922561646
M76N,76,0.257959719,4,0.5995104670524597,0.05809988929952366,0.3415507480524597,0.5269891023635864,0.5775961875915527,0.5749443769454956,0.6527421474456787,0.6652805209159851
M76S,76,0.143149184,4,0.828699791431427,0.09842133297829525,0.685550607431427,0.7369591593742371,0.9707062244415283,0.8660069704055786,0.7352216243743896,0.8346049785614014
K77Y,77,0.484005865,2,0.7938517928123474,0.07935769795901308,0.30984592781234743,0.8027162551879883,0.8995983600616455,0.7484731078147888,0.828061044216156,0.6904101967811584
K77A,77,1.008137898,2,0.8666946172714234,0.05573125914860794,0.1414432807285766,0.946487545967102,0.8589557409286499,0.8235882520675659,0.8953481912612915,0.8090933561325073
K77C,77,1.261167252,2,0.9051712870597839,0.07506236183493774,0.355995964940216,0.9550194144248962,0.8974308967590332,0.9177919030189514,0.9735562801361084,0.7820579409599304
K77E,77,0.568623086,2,0.7903724908828735,0.10129787415592945,0.22174940488287354,0.8452064394950867,0.8930302858352661,0.7916801571846008,0.7972552180290222,0.6246903538703918
K77G,77,0.855657595,2,0.8906627774238587,0.08770546023977265,0.03500518242385864,1.0000957250595093,0.9024145603179932,0.9098019599914551,0.8854762315750122,0.7555254101753235
K77H,77,1.084346009,2,0.8200668811798095,0.11602383383767344,0.2642791278201906,0.9265301823616028,0.8374703526496887,0.7986900806427002,0.9039139747619629,0.6337298154830933
K77I,77,0.410642141,2,0.8568915724754333,0.05782368322186009,0.44624943147543333,0.888443112373352,0.9023783802986145,0.8962636590003967,0.8301816582679749,0.7671910524368286
K77P,77,0.4910237739999999,2,0.7499949693679809,0.19261143316847465,0.258971195367981,0.9426268935203552,0.7438919544219971,0.7508510947227478,0.8727453351020813,0.4398595690727234
K77Q,77,0.976944744,2,0.743579375743866,0.1203562481862428,0.23336536825613396,0.8385723829269409,0.8270121216773987,0.6425615549087524,0.8247862458229065,0.5849645733833313
K77L,77,0.95050096,2,0.8533315539360047,0.05934723548715567,0.09716940606399527,0.8843804001808167,0.8618970513343811,0.8719728589057922,0.8983880281448364,0.7500194311141968
K77W,77,0.441910487,2,0.7703250050544739,0.08140907979854978,0.32841451805447386,0.7796084880828857,0.8656631708145142,0.7480752468109131,0.8111347556114197,0.6471433639526367
K77R,77,0.947680742,2,0.8292952418327332,0.03089715433623754,0.11838550016726679,0.8533599972724915,0.8174840807914734,0.863845705986023,0.8260287046432495,0.7857577204704285
K77S,77,0.784892715,2,0.8423681020736694,0.057090152645447166,0.05747538707366939,0.8736187219619751,0.8241299986839294,0.8861144185066223,0.8780331611633301,0.7499442100524902
K77T,77,0.902081595,2,0.9030925989151001,0.0722359688238419,0.0010110039151001171,0.9958865642547607,0.8487000465393066,0.9420063495635986,0.9134236574172974,0.8154463768005371
K77V,77,0.988776566,2,0.8253868699073792,0.04072469524373477,0.16338969609262077,0.8216060400009155,0.8286861181259155,0.8742153644561768,0.8403023481369019,0.7621244788169861
W78P,78,0.268593823,1,0.07960505485534668,0.05978667641526658,0.18898876814465332,0.11386728286743164,0.08327031135559082,0.15440475940704346,-0.0008598566055297852,0.047342777252197266
W78Q,78,0.653705055,1,0.5242119610309601,0.08337934241208991,0.12949309396903985,0.49460670351982117,0.4332953691482544,0.6584944128990173,0.5009044408798218,0.5337588787078857
W78R,78,0.490737844,1,0.5091041088104248,0.09924824318453904,0.018366264810424804,0.4516397714614868,0.44973427057266235,0.6780779957771301,0.44654810428619385,0.5195204019546509
W78S,78,0.737459682,1,0.6278754472732544,0.06739219356452024,0.10958423472674561,0.6403603553771973,0.5207812786102295,0.7078691124916077,0.6309404373168945,0.639426052570343
W78T,78,0.61274177,1,0.6859844088554382,0.040785622449427954,0.07324263885543825,0.6905369162559509,0.6333624124526978,0.7233067154884338,0.6566206812858582,0.7260953187942505
W78V,78,0.970219923,1,0.720688009262085,0.053210754930961966,0.24953191373791506,0.7880241274833679,0.6676968336105347,0.7529566884040833,0.666921079158783,0.727841317653656
W78L,78,0.729502331,1,0.6342937469482421,0.07275082357587638,0.0952085840517578,0.5872090458869934,0.5485308766365051,0.7182077765464783,0.6177746653556824,0.6997463703155518
W78I,78,0.461693371,1,0.7326765537261963,0.0494783170049306,0.2709831827261963,0.7017178535461426,0.7020378112792969,0.8140679597854614,0.6995978951454163,0.7459612488746643
W78Y,78,0.910678766,1,1.000668227672577,0.05151773424244437,0.08998946167257693,0.974062979221344,0.924394965171814,1.0166840553283691,1.038541316986084,1.0496578216552734
W78G,78,0.37175362,1,0.43248929977416994,0.05871631796052209,0.06073567977416994,0.4369361996650696,0.4113766551017761,0.5297999382019043,0.3747923672199249,0.4095413386821747
W78M,78,0.757922678,1,0.7608847975730896,0.142063960380499,0.002962119573089561,0.8902196884155273,0.615547776222229,0.8894824385643005,0.6045818328857422,0.8045922517776489
W78N,78,0.59750926,1,0.41103640794754026,0.0608845005250878,0.18647285205245978,0.4872903823852539,0.333772212266922,0.45640429854393005,0.3896380066871643,0.38807713985443115
W78D,78,0.857824266,1,0.5618338286876678,0.0979009837937242,0.2959904373123321,0.6478609442710876,0.4530887007713318,0.5594986081123352,0.4774250090122223,0.6712958812713623
W78C,78,0.907156349,1,0.7814360857009888,0.013701170573644563,0.1257202632990112,0.7949084639549255,0.7619719505310059,0.7866733074188232,0.7908360362052917,0.7727906703948975
W78A,78,0.624860541,1,0.6764652371406555,0.04049260857497089,0.05160469614065555,0.6849949359893799,0.6344453692436218,0.7362456917762756,0.6433089971542358,0.6833311915397644
W78E,78,0.706560195,1,0.4963355302810669,0.07024672033938446,0.21022466471893309,0.538156270980835,0.4302263557910919,0.5968022346496582,0.4405844807624817,0.4759083092212677
F79Q,79,0.064432475,2,0.6444786787033081,0.05458030575659562,0.5800462037033081,0.6486220359802246,0.6513469815254211,0.6424007415771484,0.5631760358810425,0.7168475985527039
F79V,79,0.838378482,2,0.8751063823699952,0.04268902970754184,0.03672790036999518,0.8550221920013428,0.9402494430541992,0.8584290742874146,0.8295984268188477,0.8922327756881714
F79Y,79,0.744456333,2,0.8076200842857361,0.03283576589871181,0.06316375128573604,0.7971119284629822,0.8586333990097046,0.7953220009803772,0.7705937623977661,0.8164393305778503
F79W,79,0.66941658,2,0.9185498714447021,0.04719913128737702,0.2491332914447021,0.9552182555198669,0.9592740535736084,0.8586124777793884,0.876934826374054,0.942709743976593
F79R,79,-0.017570248,2,0.39889037013053896,0.10452656180227864,0.416460618130539,0.4783336818218231,0.3921278715133667,0.23683291673660278,0.3840407729148865,0.5031166076660156
F79S,79,0.387355957,2,0.739914333820343,0.0637404396138736,0.352558376820343,0.7068594694137573,0.7197000980377197,0.8290163278579712,0.6664597392082214,0.7775360345840454
F79T,79,0.598389898,2,0.8112064480781556,0.09706651869855981,0.2128165500781556,0.7494513988494873,0.7944362163543701,0.899539589881897,0.6928523778915405,0.9197526574134827
F79P,79,0.050409989,2,0.6085685014724731,0.12209102883985001,0.5581585124724731,0.7063894271850586,0.6072602272033691,0.4967035949230194,0.4794553220272064,0.7530339360237122
F79A,79,0.7582055059999999,2,0.9566439270973206,0.1100646808811188,0.19843842109732068,0.9932294487953186,0.93708735704422,0.991155207157135,0.7821849584579468,1.0795626640319824
F79L,79,1.003710976,2,0.9591676473617554,0.023371021614975285,0.04454332863824462,0.9375324845314026,0.9878668189048767,0.9686241149902344,0.9326425790786743,0.9691722393035889
F79E,79,0.08495675,2,0.5142121016979218,0.05322777443790998,0.4292553516979217,0.5559947490692139,0.5484357476234436,0.44510823488235474,0.4682369530200958,0.5532848238945007
F79G,79,0.074583806,2,0.6485003232955933,0.07916824093247397,0.5739165172955932,0.6761186122894287,0.5539864897727966,0.6359413266181946,0.6105726957321167,0.7658824920654297
F79D,79,0.1285838869999999,2,0.26947320699691774,0.07351464479185879,0.14088931999691784,0.2841472923755646,0.2478688359260559,0.15544795989990234,0.31236323714256287,0.34753870964050293
F79C,79,0.511651664,2,0.9044953107833862,0.12755200439495643,0.39284364678338624,0.8561272025108337,0.82616126537323,0.9408937096595764,0.7896469831466675,1.1096473932266235
F79I,79,0.840336663,2,0.8906663298606873,0.028987965422577783,0.050329666860687294,0.847504198551178,0.9151768684387207,0.888019323348999,0.8830995559692383,0.9195317029953003
F79K,79,-0.092204747,2,0.5767400860786438,0.09990127637546535,0.6689448330786438,0.568442702293396,0.6169698238372803,0.4708106517791748,0.5035684108734131,0.7239088416099548
F79M,79,0.96431738,2,1.1690900802612305,0.0901074472974458,0.2047727002612305,1.177681565284729,1.2681610584259033,1.193650484085083,1.0216033458709717,1.1843539476394653
A80H,80,0.529755703,3,0.7300076603889465,0.09986652094208656,0.20025195738894652,0.6591750979423523,0.7907639741897583,0.8037904500961304,0.5892701745033264,0.8070386052131653
A80I,80,0.531389097,3,0.742405116558075,0.037376747007513804,0.21101601955807492,0.808337390422821,0.7240049839019775,0.7192829847335815,0.7361118793487549,0.7242883443832397
A80K,80,0.3196402,3,0.551746416091919,0.05357507176917069,0.232106216091919,0.5851871371269226,0.5226720571517944,0.6216164827346802,0.483967125415802,0.5452892780303955
A80W,80,0.309716233,3,0.597530210018158,0.09452222884611428,0.287813977018158,0.699507474899292,0.69144207239151,0.5603020191192627,0.48251765966415405,0.553881824016571
A80S,80,0.975080194,3,0.7180251717567444,0.018831734055830045,0.2570550222432556,0.7141289114952087,0.7423337697982788,0.7163363695144653,0.7264722585678101,0.690854549407959
A80T,80,0.7807782590000001,3,0.5951796412467957,0.041951503949671995,0.1855986177532044,0.6093391180038452,0.62175452709198,0.6370143890380859,0.5318267345428467,0.5759634375572205
A80V,80,0.979861729,3,0.7252394795417786,0.02549632878235353,0.25462224945822143,0.7487570643424988,0.7482923865318298,0.7326669096946716,0.6993988156318665,0.6970822215080261
A80G,80,0.453088284,3,0.6024574279785156,0.027492756925405093,0.14936914397851564,0.6255479454994202,0.6185330152511597,0.5941321849822998,0.5579946041107178,0.6160793900489807
A80F,80,0.6094397420000001,3,0.7548983693122864,0.04062057229469766,0.14545862731228631,0.7403798699378967,0.7701937556266785,0.7600014209747314,0.696677029132843,0.8072397708892822
A80N,80,1.132398307,3,0.611551308631897,0.05684654593390003,0.5208469983681031,0.5850268006324768,0.660435676574707,0.5853386521339417,0.545881986618042,0.6810734272003174
A80D,80,0.616975351,3,0.5521261096000671,0.0226932475320218,0.06484924139993287,0.5271962285041809,0.5608326196670532,0.5748842358589172,0.5285689830780029,0.5691484808921814
A80R,80,0.423545989,3,0.6008184313774109,0.02321458156478896,0.17727244237741085,0.6149324178695679,0.6035747528076172,0.6258049607276917,0.564914345741272,0.5948656797409058
A80Q,80,0.509816015,3,0.7229600429534913,0.022149268349718067,0.2131440279534913,0.7473675012588501,0.7251283526420593,0.7378196120262146,0.6903536319732666,0.7141311168670654
A80P,80,0.325687179,3,0.39436501264572144,0.03326680240565295,0.06867783364572144,0.4086764454841614,0.4196294844150543,0.4206167459487915,0.3423748016357422,0.3805275857448578
A80E,80,0.422706186,3,0.6049357295036316,0.0495506028462021,0.18222954350363163,0.6743279695510864,0.5731305480003357,0.6353835463523865,0.5515178442001343,0.5903187394142151
A80M,80,0.890886615,3,0.7357573747634888,0.04003349293725203,0.1551292402365112,0.7740716338157654,0.7438996434211731,0.7669703364372253,0.6758760213851929,0.7179692387580872
A80L,80,0.856225833,3,0.7613757729530335,0.038016226358438925,0.0948500600469665,0.7545607686042786,0.8092955946922302,0.7883249521255493,0.7132731080055237,0.7414244413375854
A80Y,80,0.615863745,3,0.7057383060455322,0.07345137709235482,0.08987456104553226,0.7511191368103027,0.7014506459236145,0.6867586374282837,0.5974758863449097,0.7918872237205505
A80C,80,1.037180917,3,0.874415123462677,0.05368650511481049,0.1627657935373229,0.8618670701980591,0.8898987770080566,0.9374875426292419,0.8912864923477173,0.7915357351303101
D81V,81,0.58119918,1,0.8639665007591247,0.028149138950090132,0.2827673207591247,0.857789158821106,0.899699866771698,0.8659701347351074,0.8221824169158936,0.8741909265518188
D81Q,81,0.897921561,1,1.057490599155426,0.10868447306080921,0.159569038155426,1.0716943740844727,1.2017364501953125,0.9609864354133606,0.9398894309997559,1.1131463050842285
D81T,81,0.938723401,1,1.1086057424545288,0.07756253378273523,0.16988234145452885,1.1050795316696167,1.1863596439361572,1.1115992069244385,0.9833488464355469,1.1566414833068848
D81P,81,-0.017030179,1,0.5637497544288635,0.12779504657601073,0.5807799334288636,0.55631023645401,0.6451154947280884,0.7238959074020386,0.39375680685043335,0.4996703267097473
D81N,81,0.864545412,1,1.0108977556228638,0.09610318526875183,0.14635234362286376,0.8941188454627991,1.0403227806091309,0.9826022386550903,0.9822582602500916,1.155186653137207
D81A,81,0.8490619620000001,1,1.0584245204925538,0.04924850295284395,0.2093625584925537,1.0804649591445923,1.0223727226257324,1.0475298166275024,1.0096921920776367,1.1320629119873047
D81L,81,0.644747327,1,0.8180824518203735,0.04643369858205163,0.1733351248203735,0.792221188545227,0.8321714997291565,0.8625767230987549,0.7505260109901428,0.8529168367385864
D81R,81,0.7130893909999999,1,0.8861746311187744,0.06455153648054175,0.17308524011877446,0.9321370720863342,0.9317891597747803,0.8382827043533325,0.7964110374450684,0.9322531819343567
D81H,81,0.652514837,1,1.1168431997299195,0.07422600049276203,0.4643283627299195,1.1378933191299438,1.137847900390625,1.0374419689178467,1.0513981580734253,1.2196346521377563
D81W,81,0.522119642,1,0.7656721830368042,0.07307265770990316,0.24355254103680413,0.784943163394928,0.7425177097320557,0.8060416579246521,0.6521515846252441,0.8427067995071411
D81K,81,0.7080686959999999,1,0.8613808512687683,0.05075920788673744,0.1533121552687684,0.8407468199729919,0.9271512627601624,0.8466295599937439,0.7968159914016724,0.895560622215271
D81S,81,0.980374127,1,1.1510766983032226,0.10717092744737294,0.17070257130322253,1.0869903564453125,1.2233728170394897,1.2268002033233643,0.992165207862854,1.2260549068450928
D81C,81,0.698928806,1,1.040431261062622,0.055512078305039535,0.3415024550626221,1.0389459133148193,1.0783765316009521,0.9448496103286743,1.0693707466125488,1.0706135034561157
D81M,81,0.652636321,1,0.883988106250763,0.03861998734149874,0.23135178525076294,0.9141733646392822,0.9136804342269897,0.8538814187049866,0.8315283060073853,0.9066770076751709
D81E,81,1.024610978,1,1.0187414288520813,0.05329014677261143,0.005869549147918596,0.9851025938987732,1.0778497457504272,1.0050954818725586,0.9559179544448853,1.0697413682937622
D81F,81,0.259109634,1,0.7818192839622498,0.06517849777106317,0.5227096499622498,0.7617213129997253,0.7462812066078186,0.8458662629127502,0.7028185129165649,0.8524091243743896
D81G,81,0.6246428239999999,1,0.9690321922302246,0.03029648685387803,0.3443893682302247,0.9742565751075745,0.9279812574386597,0.9859104156494141,1.0058435201644897,0.9511691927909851
R82S,82,0.961889268,3,0.6164448380470275,0.08573878670741067,0.3454444299529724,0.6365726590156555,0.4971945881843567,0.6945159435272217,0.5619238615036011,0.692017138004303
R82Q,82,1.145812009,3,0.9736048460006714,0.08856271346727297,0.17220716299932848,1.0070371627807617,0.8827824592590332,1.034847378730774,0.8761565685272217,1.0672006607055664
R82P,82,-0.0466386129999999,3,0.29141595363616946,0.045522109862786084,0.33805456663616934,0.24766361713409424,0.31625431776046753,0.32341888546943665,0.23666363954544067,0.3330793082714081
R82M,82,0.741670215,3,0.885600483417511,0.08360922208716669,0.143930268417511,0.8541304469108582,0.7925031185150146,0.9970533847808838,0.9459944367408752,0.8383210301399231
R82L,82,1.14042191,3,0.9435644268989563,0.07119494480057059,0.19685748310104367,0.8954930901527405,1.0208560228347778,1.022095799446106,0.8926595449447632,0.886717677116394
R82K,82,0.899450075,3,0.862662386894226,0.06752972518960977,0.03678768810577393,0.7747288942337036,0.9223296642303467,0.9327853322029114,0.8657689094543457,0.817699134349823
R82I,82,0.8718637140000001,3,0.9583622574806213,0.06609288660685364,0.08649854348062125,0.9411147832870483,0.961764395236969,1.056483507156372,0.9608619213104248,0.8715866804122925
R82H,82,1.018668396,3,0.7409677386283875,0.10692352886187935,0.27770065737161254,0.8378331065177917,0.5747764110565186,0.8085452318191528,0.696235716342926,0.7874482274055481
R82T,82,0.801589113,3,0.7045403957366944,0.0967558479405626,0.09704871726330566,0.7359684705734253,0.6094022989273071,0.8531335592269897,0.6327279806137085,0.691469669342041
R82W,82,0.885725742,3,0.7850650787353516,0.0846222168670927,0.1006606632646484,0.7715651988983154,0.9120410680770874,0.7471809387207031,0.6838409900665283,0.8106971979141235
R82V,82,0.780862444,3,0.8650819420814514,0.059145887889138944,0.08421949808145135,0.8597782850265503,0.955331563949585,0.8812536001205444,0.8294548392295837,0.7995914220809937
R82N,82,0.763986782,3,0.6263643980026246,0.08601283642704213,0.13762238399737547,0.6431401371955872,0.506050169467926,0.5755137205123901,0.6906730532646179,0.7164449095726013
R82G,82,0.7732177709999999,3,0.672883927822113,0.06311833164438767,0.10033384317788685,0.5946663618087769,0.7067415118217468,0.7607696056365967,0.6507775187492371,0.6514646410942078
R82F,82,0.7115496459999999,3,0.6306196749210358,0.11802249156353002,0.08092997107896416,0.7257651090621948,0.5448513031005859,0.7245059013366699,0.4668227732181549,0.6911532878875732
R82E,82,0.949258347,3,0.7476046562194825,0.03705236503124279,0.20165369078051754,0.7956141233444214,0.7664347290992737,0.6978404521942139,0.7288256287574768,0.7493083477020264
R82D,82,0.85691384,3,0.5617584586143494,0.04497245637952486,0.2951553813856507,0.6137561798095703,0.5767200589179993,0.561212420463562,0.5670018792152405,0.49010175466537476
R82C,82,0.847516174,3,0.9114386320114136,0.08743995630314028,0.06392245801141361,0.8751869797706604,1.003151297569275,0.9471298456192017,0.9536957740783691,0.7780292630195618
R82A,82,0.991729989,3,0.6887033343315124,0.06310743167840535,0.30302665466848755,0.6777100563049316,0.6027822494506836,0.7775211334228516,0.6768530607223511,0.7086501717567444
G83L,83,0.273098535,1,0.609867000579834,0.07137650331747375,0.33676846557983403,0.5513527989387512,0.647304892539978,0.5770144462585449,0.7175143361091614,0.5561485290527344
G83A,83,0.4435682589999999,1,0.738911485671997,0.031625257743527084,0.29534322667199714,0.7719581127166748,0.7437322735786438,0.7228791117668152,0.7625619173049927,0.6934260129928589
G83C,83,0.553855208,1,0.5637783527374267,0.11143785102620764,0.009923144737426726,0.4689970016479492,0.6772636771202087,0.4365938901901245,0.6716434955596924,0.5643936991691589
G83D,83,0.454071679,1,0.8368209362030029,0.08867471542575521,0.3827492572030029,0.8173707723617554,0.8136873245239258,0.7617747783660889,0.9904752969741821,0.8007965087890625
G83F,83,0.517874348,1,0.513659131526947,0.17216299568533938,0.004215216473053007,0.4092632234096527,0.657872200012207,0.2890559136867523,0.7044008374214172,0.5077034831047058
G83I,83,0.2893733619999999,1,0.38459672331809996,0.1590468367046022,0.09522336131810005,0.27093181014060974,0.5766192674636841,0.21257257461547852,0.5247364640235901,0.33812350034713745
G83E,83,0.496315888,1,0.8471630215644836,0.09416391901463986,0.35084713356448366,0.797256350517273,0.7793933153152466,0.8409936428070068,1.0107643604278564,0.8074074387550354
G83M,83,0.527322928,1,0.7210869431495667,0.05275172047627931,0.19376401514956665,0.6526601314544678,0.7453511357307434,0.7335445284843445,0.7879404425621033,0.6859384775161743
G83Q,83,0.504660914,1,0.967989194393158,0.07098151078248736,0.463328280393158,0.960193395614624,0.9244638085365295,0.96364426612854,1.0870089530944824,0.9046355485916138
G83R,83,0.551036571,1,0.856462550163269,0.05526985885916878,0.30542597916326897,0.8171834945678711,0.835608720779419,0.8688372373580933,0.9472286701202393,0.8134546279907227
G83S,83,0.757666188,1,0.8060800433158875,0.05728352538060949,0.04841385531588749,0.770262598991394,0.7473193407058716,0.8219358921051025,0.8956402540206909,0.7952421307563782
G83T,83,0.383740673,1,0.6604721665382385,0.06610462442317247,0.2767314935382385,0.686798632144928,0.6929877400398254,0.5854462385177612,0.7391654253005981,0.5979627966880798
G83V,83,-0.0232078079999999,1,0.5262678146362305,0.14311076807528458,0.5494756226362304,0.5197541117668152,0.637300968170166,0.3252580165863037,0.685174286365509,0.4638516902923584
G83W,83,0.152343902,1,0.6018873691558838,0.07481537165633052,0.4495434671558838,0.6324358582496643,0.6880891919136047,0.5206121206283569,0.6424185633659363,0.5258811116218567
G83K,83,0.44060621,1,0.8788922071456909,0.07344283264807894,0.43828599714569094,0.8894460201263428,0.8203242421150208,0.8847241997718811,0.9924768805503845,0.8074896931648254
H84V,84,0.773993853,2,0.8723802328109741,0.011865760866798736,0.09838637981097409,0.8824694156646729,0.8783804178237915,0.8538880348205566,0.8799276351928711,0.8672356605529785
H84G,84,0.1680734019999999,2,0.5241585791110992,0.06787765702985474,0.3560851771110993,0.4745458662509918,0.5161242485046387,0.4454413652420044,0.5780311226844788,0.6066502928733826
H84L,84,0.694931231,2,0.8672170042991638,0.03620652058164561,0.17228577329916384,0.8859394192695618,0.8730414509773254,0.8485241532325745,0.8168946504592896,0.9116853475570679
H84K,84,-0.098788585,2,0.6229746460914611,0.1075431533297109,0.7217632310914611,0.44073188304901123,0.6833062767982483,0.6094182729721069,0.6856938600540161,0.6957229375839233
H84W,84,0.706101558,2,0.7359147906303406,0.0737440711749519,0.029813232630340636,0.7598116993904114,0.8402791023254395,0.6467662453651428,0.6882745027542114,0.7444424033164978
H84I,84,0.533243857,2,0.9029487252235413,0.07098077046756468,0.3697048682235413,0.8364729285240173,1.023375153541565,0.8718552589416504,0.8901983499526978,0.8928419351577759
H84F,84,1.047640138,2,0.8905971050262451,0.02082960142255939,0.15704303297375488,0.8641554117202759,0.9148725867271423,0.8801867365837097,0.9082776308059692,0.8854931592941284
H84S,84,0.539700054,2,0.7347939729690551,0.03555440077916514,0.19509391896905515,0.6773948073387146,0.7414307594299316,0.7278193235397339,0.7625848650932312,0.7647401094436646
H84D,84,0.499187726,2,0.5581692457199097,0.043090470275537425,0.05898151971990967,0.5197848677635193,0.5255415439605713,0.5563629269599915,0.5611516237258911,0.6280052661895752
H84C,84,1.03867197,2,0.7721968531608582,0.04024787264132196,0.2664751168391418,0.717893660068512,0.8186676502227783,0.7562524676322937,0.8045095205307007,0.7636609673500061
H84A,84,1.072324736,2,0.7756790041923523,0.026546647246017997,0.29664573180764764,0.7460623383522034,0.7841259241104126,0.754787802696228,0.780135452747345,0.8132835030555725
H84T,84,0.68207766,2,0.770995581150055,0.01679467932266619,0.08891792115005492,0.7907180786132812,0.7562251091003418,0.7539224028587341,0.7682202458381653,0.7858920693397522
H84Q,84,0.421945368,2,0.5049783408641815,0.032401421495029226,0.08303297286418149,0.47098755836486816,0.51333087682724,0.502021312713623,0.48352208733558655,0.5550298690795898
H84Y,84,0.642822453,2,0.9779391407966613,0.04705666271612503,0.33511668779666137,0.9828612208366394,1.0292128324508667,0.9355050325393677,1.017473578453064,0.9246430397033691
H84R,84,0.023243876,2,0.5561201691627502,0.09898550910814244,0.5328762931627502,0.3803325891494751,0.6053005456924438,0.6041873693466187,0.5799334645271301,0.6108468770980835
H84E,84,0.076864516,2,0.45946536064147947,0.05418966060507435,0.3826008446414795,0.3958257734775543,0.4562769830226898,0.4364955723285675,0.464826375246048,0.5439020991325378
H84P,84,0.163120523,2,0.3830887496471405,0.11464201094646753,0.21996822664714052,0.3512755036354065,0.24626308679580688,0.4375477433204651,0.3321196734905243,0.5482377409934998
H84N,84,0.699280085,2,0.959545910358429,0.014123142743002253,0.2602658253584289,0.9656119346618652,0.962890625,0.96269291639328,0.9350857734680176,0.9714483022689819
H84M,84,0.932835018,2,0.889842402935028,0.06507749516024433,0.042992615064971984,0.8434229493141174,0.9550174474716187,0.8948492407798767,0.8064406514167786,0.949481725692749
S85E,85,1.100556272,0,0.9614711046218872,0.08907784192192453,0.13908516737811272,0.9698744416236877,1.1019887924194336,0.8640751838684082,0.9121477007865906,0.9592694044113159
S85H,85,1.156172307,0,1.2355280876159669,0.12422724808860769,0.07935578061596682,1.1904187202453613,1.352737307548523,1.0442103147506714,1.2616121768951416,1.3286619186401367
S85I,85,1.007023119,0,1.0499788284301759,0.17903308443434396,0.04295570943017579,1.2377489805221558,1.1363357305526733,0.8355744481086731,0.8827428221702576,1.1574921607971191
S85K,85,0.979250336,0,1.136413860321045,0.04529093912382335,0.15716352432104497,1.1417593955993652,1.199247121810913,1.1551672220230103,1.0999547243118286,1.0859408378601074
S85L,85,0.914269858,0,0.818183171749115,0.07871304253244453,0.09608668625088501,0.8501272797584534,0.9095465540885925,0.7038088440895081,0.7798500061035156,0.8475831747055054
S85G,85,0.527232009,0,0.7189131379127502,0.04720294413544865,0.19168112891275024,0.7935504913330078,0.6956373453140259,0.7018588781356812,0.670770525932312,0.7327484488487244
S85M,85,0.977915856,0,0.8440130591392517,0.09076299479471493,0.13390279686074824,0.9067198634147644,0.9305332899093628,0.6982870697975159,0.8301877975463867,0.8543372750282288
S85C,85,1.148378035,0,0.9181543231010437,0.07086997093062634,0.23022371189895618,0.9779278635978699,0.9178324341773987,0.8121423721313477,0.8956372737884521,0.9872316718101501
S85Q,85,1.163564886,0,1.295895528793335,0.08580890913561083,0.13233064279333484,1.3263647556304932,1.4125536680221558,1.21915864944458,1.203476071357727,1.3179244995117188
S85R,85,0.810299546,0,1.0615594863891602,0.016993002097801062,0.2512599403891602,1.0613142251968384,1.089890480041504,1.059874415397644,1.04764986038208,1.0490684509277344
S85T,85,0.509671316,0,1.1208785772323608,0.09211671506201477,0.6112072612323608,1.1818792819976807,1.222320795059204,0.9826980829238892,1.092282772064209,1.1252119541168213
S85V,85,1.081188531,0,1.0888079881668091,0.10529939316563064,0.007619457166809118,1.177390456199646,1.217362880706787,1.0186654329299927,0.9691861867904663,1.0614349842071533
S85W,85,0.8636968829999999,0,0.763084328174591,0.07004638937827236,0.10061255482540887,0.8044310808181763,0.7439574003219604,0.7051948308944702,0.69856858253479,0.8632697463035583
S85Y,85,1.095453342,0,1.0315807104110717,0.1105783761871252,0.06387263158892842,1.096787452697754,1.0564991235733032,0.8607403039932251,0.9958018064498901,1.1480748653411865
S85A,85,1.031396953,0,1.1625367879867554,0.12095357027611744,0.1311398349867554,1.1485295295715332,1.352792739868164,1.1117091178894043,1.0234166383743286,1.1762359142303467
S85P,85,0.653511969,0,0.6013026773929596,0.16201478184099696,0.05220929160704035,0.6998914480209351,0.6048133969306946,0.7514650821685791,0.332174688577652,0.6181687712669373
S85F,85,1.042691993,0,1.0513139367103577,0.10656715153942709,0.008621943710357627,1.0745511054992676,1.1676905155181885,0.8870030045509338,1.0187197923660278,1.1086052656173706
V86N,86,-0.108885588,2,0.3421479225158691,0.04742806054595309,0.45103351051586915,0.2749561369419098,0.3608773946762085,0.39174842834472656,0.37048640847206116,0.3126712441444397
V86P,86,0.14633779,2,0.3282201707363129,0.05501365757680625,0.18188238073631288,0.2375497817993164,0.3210156261920929,0.37781989574432373,0.3625461161136627,0.3421694338321686
V86Q,86,-0.030684451,2,0.3258933901786804,0.02669805608214256,0.3565778411786804,0.2881776988506317,0.3097410798072815,0.33231502771377563,0.35030871629714966,0.3489244282245636
V86S,86,0.48198771,2,0.5136943578720092,0.045670067573891436,0.03170664787200922,0.4394906759262085,0.5456094145774841,0.5563150644302368,0.5144457221031189,0.512610912322998
V86M,86,0.173169878,2,0.5520824730396271,0.08286413243563429,0.3789125950396271,0.5225669145584106,0.6362375020980835,0.6230555176734924,0.5466617345809937,0.43189069628715515
V86T,86,0.5302238810000001,2,0.6737506508827209,0.041821972356715746,0.14352676988272084,0.6097025871276855,0.6829637289047241,0.7141562700271606,0.6578076481819153,0.7041230201721191
V86W,86,-0.051720039,2,0.33679603338241576,0.09133213039367391,0.38851607238241576,0.2600206732749939,0.23746258020401,0.36882317066192627,0.46451064944267273,0.35316309332847595
V86Y,86,0.167166321,2,0.36612085103988645,0.11925002756820212,0.19895453003988645,0.3489605188369751,0.18309175968170166,0.4569205343723297,0.4873758852481842,0.3542555570602417
V86R,86,0.142491129,2,0.3896963119506836,0.040254648503627206,0.2472051829506836,0.32029634714126587,0.40052348375320435,0.4051928222179413,0.39744606614112854,0.42502284049987793
V86L,86,0.227847047,2,0.4399043142795563,0.13444616525676062,0.2120572672795563,0.23279762268066406,0.5143413543701172,0.4708232283592224,0.5849509239196777,0.3966084420681
V86A,86,0.693419683,2,0.7130912184715271,0.04738988535226871,0.019671535471527113,0.6368052959442139,0.7218950986862183,0.7652111649513245,0.7095546722412109,0.731989860534668
V86I,86,0.90110014,2,0.604332709312439,0.050253452461924884,0.29676743068756106,0.606171727180481,0.6707799434661865,0.6331359148025513,0.5641610026359558,0.5474149584770203
V86G,86,0.010533445,2,0.3197349667549133,0.06218084656632543,0.30920152175491333,0.24294894933700562,0.3070729076862335,0.4010733366012573,0.36094218492507935,0.28663745522499084
V86F,86,-0.050254018,2,0.49284930229187013,0.0842300200393388,0.5431033202918701,0.39874327182769775,0.4629344344139099,0.5653524398803711,0.5962103605270386,0.44100600481033325
V86E,86,0.089836943,2,0.12941141724586486,0.09753644123037918,0.039574474245864855,0.024126946926116943,0.28934618830680847,0.11356908082962036,0.12389034032821655,0.09612452983856201
V86D,86,0.221338618,2,0.15871439576148988,0.12411495648619192,0.06262422223851011,0.01746189594268799,0.33674243092536926,0.21316379308700562,0.15082532167434692,0.07537853717803955
V86C,86,0.707254666,2,0.7349652171134948,0.06361409652969244,0.027710551113494852,0.7035548090934753,0.6386776566505432,0.7642134428024292,0.7948547601699829,0.7735254168510437
V86K,86,0.225446705,2,0.3226541817188263,0.03295646248066289,0.09720747671882632,0.2936856150627136,0.3422706425189972,0.3559173047542572,0.3400944769382477,0.28130286931991577
V87P,87,-0.130321974,0,-0.1371847867965698,0.1851864696388587,0.006862812796569806,-0.01708298921585083,-0.06489884853363037,0.004222691059112549,-0.15947824716567993,-0.44868654012680054
V87R,87,0.433993857,0,0.47411386370658876,0.07543885384757057,0.04012000670658877,0.5395167469978333,0.507398784160614,0.5204619765281677,0.35305312275886536,0.4501386880874634
V87S,87,0.925633862,0,0.8108289837837219,0.09744723728055707,0.11480487821627805,0.8569817543029785,0.8720332384109497,0.909428596496582,0.7321082949638367,0.6835930347442627
V87K,87,0.552743963,0,0.5193392097949981,0.07289498257181774,0.0334047532050018,0.52426677942276,0.5741298198699951,0.5951671004295349,0.41099411249160767,0.49213823676109314
V87M,87,0.73998603,0,1.140261697769165,0.11521276249621422,0.4002756677691651,1.2149162292480469,1.0563888549804688,1.153106689453125,0.9964687824249268,1.2804279327392578
V87L,87,0.668689392,0,1.017818033695221,0.08199294358109394,0.34912864169522095,1.1435514688491821,0.9952054619789124,1.0167135000228882,0.915010929107666,1.018608808517456
V87G,87,0.573647,0,0.12778003215789796,0.1345572100337733,0.44586696784210206,0.1278984546661377,0.22129219770431519,0.2961711883544922,0.019071102142333984,-0.025532782077789307
V87A,87,1.057103648,0,0.7246490478515625,0.12253733118716184,0.33245460014843753,0.7290972471237183,0.7842859625816345,0.8154309391975403,0.7818483710289001,0.5125827193260193
V87E,87,0.376577159,0,0.3357204794883728,0.14748028685641218,0.04085667951162719,0.1611422896385193,0.49916717410087585,0.2962775230407715,0.4771428406238556,0.2448725700378418
V87D,87,0.431616254,0,0.604693204164505,0.11628553241494717,0.17307695016450503,0.7475727796554565,0.6559377908706665,0.5606218576431274,0.6241350769996643,0.43519851565361023
V87C,87,0.946554708,0,0.9915757775306702,0.09716377448594009,0.0450210695306702,1.0367889404296875,0.8299880027770996,0.9779279828071594,1.0345735549926758,1.0786004066467285
V87Y,87,0.627918316,0,0.8868799448013306,0.15098062440470342,0.25896162880133056,1.1063514947891235,0.7193000316619873,0.8772873282432556,0.9492264986038208,0.7822343707084656
V87W,87,0.582624155,0,0.48961020112037656,0.15851451191355653,0.09301395387962341,0.5794878602027893,0.6092691421508789,0.6068980693817139,0.4001830518245697,0.25221288204193115
V87T,87,1.025654398,0,0.7792940258979797,0.05044782067660965,0.24636037210202022,0.7833777666091919,0.8292994499206543,0.7001661658287048,0.8151374459266663,0.7684893012046814
V87F,87,1.027003109,0,0.9403619408607483,0.13829961250751963,0.08664116813925171,1.183906078338623,0.8725584149360657,0.9207996726036072,0.8593108057975769,0.8652347326278687
G88Y,88,0.634877291,4,0.5087040781974792,0.04718752083972203,0.1261732128025208,0.4696654677391052,0.5583398342132568,0.45159828662872314,0.5489338040351868,0.5149829983711243
G88W,88,0.257854543,4,0.49519035816192625,0.030334968329018972,0.23733581516192626,0.47242817282676697,0.49636879563331604,0.46149563789367676,0.538611650466919,0.5070475339889526
G88V,88,0.010116092,4,0.6599316596984863,0.0351182992063402,0.6498155676984864,0.6316540241241455,0.6789782643318176,0.6154883503913879,0.6734439134597778,0.7000937461853027
G88T,88,0.024956206,4,0.5434122562408448,0.05555875351405402,0.5184560502408447,0.47532767057418823,0.5377397537231445,0.5061384439468384,0.590985894203186,0.6068695187568665
G88R,88,0.009312682,4,0.6161560535430908,0.03786147739810847,0.6068433715430908,0.5695028305053711,0.6531518697738647,0.591942548751831,0.65577232837677,0.6104106903076172
G88Q,88,0.195598255,4,0.45305625796318055,0.04445581555127739,0.25745800296318055,0.41421929001808167,0.4750182628631592,0.3992052376270294,0.4723939001560211,0.5044445991516113
G88S,88,0.4062094470000001,4,0.5550876021385193,0.07443192323363702,0.14887815513851915,0.49693962931632996,0.5407106876373291,0.4751625955104828,0.6481064558029175,0.6145186424255371
G88N,88,0.801895838,4,0.43506221771240233,0.07882453149958464,0.36683362028759764,0.35426297783851624,0.44319862127304077,0.3562283217906952,0.527664303779602,0.49395686388015747
G88A,88,0.618305048,4,0.8578440546989441,0.054525020172919526,0.23953900669894412,0.8446992635726929,0.8603161573410034,0.7746378183364868,0.9186238646507263,0.890943169593811
G88D,88,0.15490449,4,0.5712214410305023,0.09705853387763853,0.4163169510305023,0.4347892701625824,0.6101187467575073,0.5083534121513367,0.6322165727615356,0.6706292033195496
G88E,88,0.037050991,4,0.5108501613140106,0.05615761914435886,0.47379917031401064,0.4307365119457245,0.5065369606018066,0.4945070743560791,0.5408203601837158,0.581649899482727
G88F,88,0.256794038,4,0.5546538650989532,0.059778990292858436,0.2978598270989532,0.46572867035865784,0.6030243635177612,0.5346222519874573,0.5548629760742188,0.6150310635566711
G88I,88,0.23814768,4,0.6183584690093994,0.032487418353358055,0.3802107890093994,0.568972647190094,0.6351768970489502,0.603840172290802,0.6323987245559692,0.6514039039611816
G88M,88,0.2354204489999999,4,0.6607341885566711,0.0745506217540502,0.4253137395566712,0.5575336813926697,0.6699153184890747,0.6188465356826782,0.7446032166481018,0.7127721905708313
G88L,88,-0.00996584,4,0.6386358618736268,0.06400355923851718,0.6486017018736268,0.5441561341285706,0.6483314037322998,0.6138266921043396,0.674138069152832,0.7127270102500916
G88P,88,0.6919723529999999,4,0.5338653087615967,0.03628267464007778,0.15810704423840327,0.5164472460746765,0.5053770542144775,0.5098099708557129,0.5451313257217407,0.5925609469413757
G88K,88,0.109162201,4,0.5709067344665527,0.038496891450830836,0.4617445334665527,0.5291227102279663,0.5860159993171692,0.5324852466583252,0.6168503165245056,0.5900593996047974
V89A,89,1.037156937,0,0.593423581123352,0.10655117322644243,0.443733355876648,0.6732167601585388,0.5827072858810425,0.6577901840209961,0.6404651403427124,0.41293853521347046
V89N,89,1.120131092,0,0.21378138065338134,0.12988246757494554,0.9063497113466187,0.21966701745986938,0.24246662855148315,0.3592681288719177,0.24467313289642334,0.0028319954872131348
V89C,89,1.114549856,0,0.7743286967277527,0.07695441231349608,0.3402211592722473,0.8124057650566101,0.8296220302581787,0.8056121468544006,0.7842262983322144,0.6397772431373596
V89L,89,0.7006309279999999,0,0.7175278425216675,0.11492689906778257,0.016896914521667528,0.8463438749313354,0.705797553062439,0.7481582164764404,0.7537909746170044,0.5335485935211182
V89E,89,-0.112510229,0,0.08703801631927491,0.18995451536086594,0.1995482453192749,-0.03082752227783203,0.09256935119628906,0.17951643466949463,0.34360188245773315,-0.1496700644493103
V89F,89,0.84980812,0,0.5225293636322021,0.11095975909294441,0.3272787563677978,0.6104259490966797,0.4858049750328064,0.6577259302139282,0.4769318103790283,0.3817581534385681
V89P,89,0.1041147509999999,0,-0.05631986856460571,0.14315289715688911,0.1604346195646056,-0.09603357315063477,-0.034786224365234375,0.15875566005706787,-0.070243239402771,-0.2392919659614563
V89M,89,0.696274772,0,0.6347939014434815,0.10695582490898134,0.06148087055651852,0.7318444848060608,0.5550962686538696,0.7453153729438782,0.6401269435882568,0.5015864372253418
V89Q,89,0.675784255,0,0.07930245399475097,0.09443387119949047,0.596481801005249,0.07364743947982788,0.10591155290603638,0.2061471939086914,0.06832826137542725,-0.05752217769622803
V89K,89,-0.030623856,0,0.14845334887504577,0.14755684347572914,0.17907720487504578,0.09686052799224854,0.1328410506248474,0.30640214681625366,0.2690958082675934,-0.06293278932571411
V89S,89,0.758962165,0,0.4667558014392853,0.08777157519403171,0.2922063635607147,0.5350239276885986,0.48141857981681824,0.4043075442314148,0.5609900951385498,0.3520388603210449
V89T,89,0.82003893,0,0.5146828830242157,0.10030615344867634,0.30535604697578433,0.4638044834136963,0.6711590886116028,0.5204148292541504,0.517932653427124,0.400103360414505
V89W,89,0.600048174,0,0.3297443211078644,0.1418101034465266,0.2703038528921356,0.4851309657096863,0.2808983325958252,0.46373113989830017,0.26876920461654663,0.15019196271896362
V89Y,89,0.4645764229999999,0,0.4314236521720886,0.11335800838462262,0.03315277082791129,0.503384530544281,0.4156639575958252,0.4870225787162781,0.5108612179756165,0.24018597602844238
V89G,89,0.3563191,0,0.07595775127410889,0.13942428600833148,0.28036134872589114,0.024763047695159912,0.13911372423171997,0.20680135488510132,0.1525929570198059,-0.14348232746124268
V89R,89,0.25906234,0,0.15678642988204955,0.13725385634661375,0.10227591011795045,0.1567462682723999,0.11569839715957642,0.2911714017391205,0.27024945616722107,-0.04993337392807007
E90A,90,0.680515413,3,0.422917640209198,0.026681780378582994,0.257597772790802,0.4342659115791321,0.42866218090057373,0.4073234498500824,0.38722848892211914,0.45710816979408264
E90C,90,0.804299855,3,0.47301291227340697,0.06603507850445695,0.33128694272659304,0.4935666620731354,0.5685818195343018,0.47794392704963684,0.3961254060268402,0.4288467466831207
E90D,90,1.041070343,3,0.6598089337348938,0.04991317708189385,0.3812614092651061,0.5983492136001587,0.6735054850578308,0.6232641339302063,0.6783941984176636,0.7255316376686096
E90F,90,0.7028788429999999,3,0.32213560342788694,0.04697262175185172,0.380743239572113,0.30605942010879517,0.36806175112724304,0.33598610758781433,0.24875211715698242,0.35181862115859985
E90G,90,0.76382622,3,0.44719183444976807,0.07241294628698375,0.31663438555023193,0.33908185362815857,0.5192450284957886,0.49207597970962524,0.41082850098609924,0.4747278094291687
E90H,90,0.5792425720000001,3,0.4926156222820282,0.06990012763963359,0.08662694971797186,0.4060986042022705,0.5832155346870422,0.5161551833152771,0.44062742590904236,0.5169813632965088
E90N,90,0.862378722,3,0.42475307583808897,0.08199297616393408,0.437625646161911,0.3589780926704407,0.5228756666183472,0.45396941900253296,0.3225976228713989,0.4653445780277252
E90M,90,0.777759722,3,0.25002458691596985,0.023744250344595177,0.5277351350840301,0.24952882528305054,0.2701224386692047,0.25993138551712036,0.2096044421195984,0.26093584299087524
E90P,90,0.571795784,3,0.4761480212211609,0.08026866360525027,0.09564776277883907,0.48079997301101685,0.5813461542129517,0.4882047176361084,0.3555794060230255,0.474809855222702
E90Q,90,0.00785705,3,0.485610294342041,0.04087286369093535,0.47775324434204103,0.43781834840774536,0.5020641088485718,0.47336798906326294,0.46848994493484497,0.54631108045578
E90R,90,0.565286475,3,0.32343176007270813,0.06895829301232964,0.24185471492729183,0.27382275462150574,0.41413503885269165,0.3666863739490509,0.2431488037109375,0.31936582922935486
E90S,90,0.735238457,3,0.45986618995666506,0.032382544455957826,0.27537226704333495,0.41828101873397827,0.5067336559295654,0.46431878209114075,0.444963276386261,0.46503421664237976
E90T,90,0.604965871,3,0.39731574058532715,0.04136663196485393,0.20765013041467284,0.3445984125137329,0.457463800907135,0.3916715681552887,0.38202741742134094,0.4108175039291382
E90W,90,0.89965122,3,0.2690120041370392,0.07746683800554623,0.6306392158629608,0.3258901536464691,0.32654377818107605,0.22122085094451904,0.15521538257598877,0.31618985533714294
E90K,90,0.869076385,3,0.41258386373519895,0.08374627255291407,0.456492521264801,0.3188016414642334,0.5291450023651123,0.43820151686668396,0.3445405662059784,0.4322305917739868
E90L,90,0.583347973,3,0.275862330198288,0.026948570165630206,0.307485642801712,0.2932989299297333,0.30214276909828186,0.28964439034461975,0.25290876626968384,0.2413167953491211
E90V,90,0.774182525,3,0.32448614239692686,0.046364923341608195,0.4496963826030731,0.3336666226387024,0.3798157572746277,0.3477749824523926,0.2576031982898712,0.3035701513290405
I91P,91,0.6315997560000001,1,0.7998295783996582,0.09407256723318284,0.1682298223996581,0.7889615297317505,0.8150230050086975,0.6870751976966858,0.9447569847106934,0.7633311748504639
I91W,91,0.976058087,1,0.8435492157936096,0.07220681272336837,0.13250887120639032,0.8841055035591125,0.7181394696235657,0.860722005367279,0.8562042117118835,0.8985748887062073
I91V,91,1.125563774,1,0.9333414793014526,0.05342512829036792,0.19222229469854735,0.9586930871009827,0.9455606341362,0.8422693014144897,0.981300950050354,0.9388834238052368
I91T,91,0.743785659,1,0.768875241279602,0.06859079311695701,0.025089582279602007,0.7547198534011841,0.8312503099441528,0.6565054655075073,0.8055967688560486,0.7963038086891174
I91S,91,0.866439165,1,0.8151159167289734,0.028733955020733868,0.05132324827102652,0.8157268166542053,0.8127501010894775,0.7731384038925171,0.8539853096008301,0.8199789524078369
I91R,91,0.645627994,1,0.6449611067771912,0.03514554915791235,0.0006668872228088318,0.6917045712471008,0.625499963760376,0.6734849810600281,0.6152728199958801,0.6188431978225708
I91Q,91,0.916480096,1,0.6838870286941529,0.043156603273366796,0.23259306730584717,0.6959754228591919,0.6978108882904053,0.6802192330360413,0.6142046451568604,0.7312249541282654
I91A,91,0.4545265129999999,1,0.8826082944869995,0.061371831105631866,0.4280817814869996,0.915327787399292,0.8706091046333313,0.8039570450782776,0.966288685798645,0.8568588495254517
I91C,91,0.851693912,1,0.9217281222343445,0.0957664429951826,0.07003421023434453,0.8748977184295654,0.8756169676780701,0.824699878692627,1.0662447214126587,0.9671813249588013
I91D,91,0.596222041,1,0.6761028647422791,0.08831086963279801,0.07988082374227912,0.6061538457870483,0.8208584785461426,0.6214033961296082,0.6332315802574158,0.6988670229911804
I91E,91,0.560671595,1,0.667585802078247,0.0758090200997176,0.10691420707824706,0.6318719983100891,0.7078217267990112,0.7308818101882935,0.5506478548049927,0.7167056202888489
I91N,91,0.456711239,1,0.6374243140220642,0.03715685665528896,0.18071307502206424,0.5902231335639954,0.6772599816322327,0.6135425567626953,0.6350318193435669,0.6710640788078308
I91M,91,0.658247431,1,0.9225220441818237,0.07341669697907952,0.26427461318182366,0.9023861885070801,0.8432678580284119,0.8723794221878052,1.021568775177002,0.9730079770088196
I91L,91,0.781105985,1,0.8409960865974426,0.07688220510100652,0.05989010159744268,0.7778078317642212,0.796040415763855,0.8015521168708801,0.965695858001709,0.8638842105865479
I91K,91,0.871866622,1,0.616520357131958,0.01395284475391782,0.255346264868042,0.6277893781661987,0.6084462404251099,0.6326811909675598,0.598534345626831,0.6151506304740906
I91H,91,0.764634459,1,0.7196927666664124,0.06221429384681931,0.04494169233358769,0.7082588076591492,0.6457746028900146,0.7819151878356934,0.6776445508003235,0.7848706841468811
I91Y,91,1.135660916,1,0.9224605679512023,0.08909248359156519,0.21320034804879762,0.9473177194595337,0.76643967628479,0.939892590045929,0.98233962059021,0.9763132333755493
I91G,91,0.776385578,1,0.7701246023178101,0.04025174554297359,0.006260975682189862,0.8295296430587769,0.7310609221458435,0.7340482473373413,0.7785323262214661,0.7774518728256226
I91F,91,0.6581491079999999,1,0.8782887578010559,0.135747070241313,0.22013964980105594,0.8738592267036438,0.663910448551178,0.8660463690757751,1.014901876449585,0.9727258682250977
S92V,92,0.566696329,4,0.6968992114067077,0.10156757003175144,0.13020288240670774,0.5917490124702454,0.7106668949127197,0.8523555397987366,0.6212826371192932,0.708441972732544
S92A,92,0.58155345,4,1.0861677885055543,0.11017007329806758,0.5046143385055543,1.0426909923553467,1.263026475906372,1.06727135181427,0.9638481140136719,1.0940020084381104
S92E,92,0.391710984,4,0.5933282136917114,0.07126469851988877,0.20161722969171142,0.5622588992118835,0.549907922744751,0.6386103630065918,0.5213669538497925,0.6944969296455383
S92F,92,0.291406303,4,0.6338369250297546,0.07131668978214238,0.34243062202975466,0.5743182897567749,0.5745072364807129,0.7338319420814514,0.6038613319396973,0.6826658248901367
S92G,92,0.65759165,4,0.767824387550354,0.05398579320478913,0.11023273755035401,0.7414615154266357,0.7343308925628662,0.8223528265953064,0.71194988489151,0.8290268182754517
S92K,92,0.695901256,4,0.4567926287651062,0.08184258039945753,0.2391086272348938,0.4274367690086365,0.41064924001693726,0.5330263376235962,0.361583411693573,0.5512673854827881
S92L,92,0.471079191,4,0.6045024514198303,0.08056801136588179,0.13342326041983027,0.5661284327507019,0.5265957117080688,0.6820734739303589,0.5475149750709534,0.7001996636390686
S92M,92,0.85440277,4,0.6105126976966858,0.06316597545880033,0.24389007230331416,0.564777672290802,0.5359140038490295,0.6768290400505066,0.6025477647781372,0.6724950075149536
S92N,92,0.72179932,4,0.9772466897964478,0.16732417564114846,0.2554473697964478,0.8252232074737549,1.0968660116195679,0.9700217843055725,0.8050557971000671,1.1890666484832764
S92P,92,0.331490474,4,0.5984039783477784,0.08658260616462192,0.2669135043477784,0.6472845077514648,0.6348538398742676,0.6149905323982239,0.44546598196029663,0.6494250297546387
S92Q,92,0.377717596,4,0.7344019889831543,0.07012394158757873,0.35668439298315435,0.665790319442749,0.7224037051200867,0.8120461106300354,0.6696091890335083,0.8021606206893921
S92R,92,0.554012893,4,0.4412143051624298,0.0929409214719972,0.11279858783757019,0.40384089946746826,0.3605951964855194,0.5550304055213928,0.3605588674545288,0.5260461568832397
S92T,92,0.5587505229999999,4,0.9316086053848267,0.10666284424387294,0.37285808238482676,0.8629290461540222,0.9296807646751404,0.9527095556259155,0.8165109157562256,1.0962127447128296
S92Y,92,0.729280658,4,0.7205512404441834,0.05554972195278795,0.008729417555816577,0.6500653028488159,0.7375680208206177,0.757323682308197,0.6760146021842957,0.7817845940589905
S92W,92,0.513451388,4,0.4782442390918732,0.07644062438632765,0.03520714890812682,0.4012822210788727,0.4581409990787506,0.5897700786590576,0.42356494069099426,0.5184629559516907
E93Q,93,1.111108553,3,0.820233166217804,0.032173342811361264,0.29087538678219604,0.8338126540184021,0.8265964388847351,0.7660332918167114,0.8233759999275208,0.8513474464416504
E93A,93,1.120127477,3,0.9600739359855652,0.029088927055356997,0.1600535410144348,0.9678806066513062,0.9820994138717651,0.916069507598877,0.9871823191642761,0.9471378326416016
E93T,93,0.782746389,3,0.7942976474761962,0.053420216932945956,0.011551258476196202,0.7863615155220032,0.8841188549995422,0.7489957809448242,0.7592337131500244,0.7927783727645874
E93W,93,0.761525673,3,0.7021053314208985,0.050205242893347934,0.05942034157910148,0.6889116764068604,0.7806063890457153,0.7154656052589417,0.6781497001647949,0.6473932862281799
E93F,93,0.658455121,3,0.8538282036781311,0.07980448340121425,0.19537308267813103,0.752306342124939,0.8874739408493042,0.9578337073326111,0.8715859055519104,0.7999411225318909
E93S,93,1.081574028,3,0.8211988568305969,0.03815034366469846,0.260375171169403,0.7751164436340332,0.8791936039924622,0.8201816082000732,0.8274651765823364,0.8040374517440796
E93R,93,0.96653125,3,0.9230067014694214,0.08122879779429146,0.04352454853057852,0.7893062233924866,0.9914276599884033,0.9071746468544006,0.9757080078125,0.9514169692993164
E93G,93,0.714200976,3,0.913669764995575,0.055484054412284566,0.19946878899557496,0.8651928901672363,1.0076987743377686,0.881596028804779,0.908134937286377,0.9057261943817139
L94D,94,0.642842375,2,0.9537984728813171,0.059828280478561854,0.3109560978813172,0.8822824358940125,0.9059463143348694,1.0088664293289185,1.016061544418335,0.9558356404304504
L94E,94,1.072269726,2,0.9138438820838928,0.05000553597001863,0.15842584391610726,0.9098056554794312,0.951310932636261,0.9637346267700195,0.9083915948867798,0.8359766006469727
L94A,94,0.8090139820000001,2,1.064224648475647,0.12790889452065676,0.25521066647564694,1.024949550628662,1.1603450775146484,1.1129902601242065,1.164236307144165,0.8586020469665527
L94G,94,0.913030437,2,0.9703643679618835,0.09877197702993296,0.05733393096188355,0.9873626828193665,1.095641851425171,0.9935079216957092,0.9540731310844421,0.821236252784729
L94K,94,1.448399444,2,1.0612735748291016,0.02686644978377272,0.38712586917089853,1.0689542293548584,1.042647361755371,1.102890133857727,1.0341269969940186,1.0577491521835327
L94P,94,0.685386125,2,1.0840814352035522,0.13617980889394346,0.3986953102035522,1.140204906463623,1.1334037780761719,1.2338942289352417,1.0388380289077759,0.8740662336349487
L94Q,94,1.382178217,2,1.038008952140808,0.04282951905357858,0.3441692648591921,1.0194787979125977,1.0847761631011963,1.0816923379898071,1.0145471096038818,0.9895503520965576
L94N,94,1.120206325,2,1.0958693265914916,0.12421080318425139,0.024336998408508448,0.991567850112915,1.2760288715362549,1.1710283756256104,1.0461004972457886,0.9946210384368896
L94S,94,0.728460305,2,1.100848126411438,0.13553583573579217,0.372387821411438,1.138427734375,1.177809476852417,1.2251842021942139,1.086656928062439,0.8761622905731201
L94V,94,1.078500043,2,1.0331477284431458,0.03212288024632346,0.04535231455685418,0.9928976893424988,1.064227819442749,1.0476456880569458,1.0561459064483643,1.004821538925171
L94W,94,0.462457829,2,1.0161136627197265,0.07432697334899223,0.5536558337197265,1.1275076866149902,1.0367273092269897,1.0079213380813599,0.9818845987319946,0.9265273809432983
L94Y,94,1.014428676,2,1.1186433553695678,0.07500131113295948,0.10421467936956774,1.1600874662399292,1.1815416812896729,1.0426713228225708,1.1774402856826782,1.0314760208129883
L94R,94,1.08120895,2,1.0029451489448546,0.026064408181332793,0.0782638010551453,1.0169830322265625,0.986308753490448,0.9716871976852417,1.0384931564331055,1.001253604888916
L94T,94,1.024030622,2,1.086520540714264,0.10110053706318721,0.062489918714264014,1.0963973999023438,1.104783296585083,1.194870114326477,1.1167643070220947,0.919787585735321
Q97C,97,1.158664863,2,0.8681843638420105,0.06716494299362223,0.29048049915798957,0.8189491033554077,0.954129695892334,0.8233381509780884,0.9278830289840698,0.8166218400001526
Q97E,97,0.455829921,2,0.8470450878143311,0.046841347127513554,0.39121516681433105,0.9113891124725342,0.8434865474700928,0.8718060851097107,0.7910162210464478,0.8175274729728699
Q97G,97,0.8364230490000001,2,0.7649895668029785,0.036889535635490876,0.07143348219702161,0.7386233806610107,0.8034772276878357,0.8072118163108826,0.7397589683532715,0.7358764410018921
Q97K,97,0.249010988,2,0.9646306753158569,0.07394805726007897,0.7156196873158569,1.00241219997406,0.9311302900314331,1.018650770187378,1.0212292671203613,0.8497308492660522
Q97L,97,0.704782295,2,0.9325514674186707,0.03867805253108484,0.22776917241867067,0.9173828959465027,0.8947704434394836,0.9744274616241455,0.9026512503623962,0.9735252857208252
Q97A,97,0.878221325,2,0.8700961351394654,0.017657605053003733,0.008125189860534676,0.8862881064414978,0.8515651226043701,0.8891719579696655,0.8700234889984131,0.8534319996833801
Q97N,97,0.555308241,2,0.8064934372901916,0.08740726947498666,0.25118519629019165,0.770950436592102,0.8612707853317261,0.8477209210395813,0.8829600811004639,0.669564962387085
Q97R,97,0.969580229,2,0.9675833106040954,0.04912291655841059,0.0019969183959045456,0.9373866319656372,0.9961046576499939,0.922898530960083,1.0400359630584717,0.9414907693862915
Q97S,97,1.015369057,2,0.8709039568901062,0.05252826472542024,0.14446510010989377,0.9219884872436523,0.815669596195221,0.8447238206863403,0.8400740623474121,0.9320638179779053
Q97W,97,0.7751277409999999,2,0.8285215735435486,0.030420302967841352,0.05339383254354868,0.8301717042922974,0.8714807033538818,0.8283838629722595,0.8270763158798218,0.7854952812194824
Q97V,97,1.096753262,2,0.9494521498680115,0.04585098203362345,0.1473011121319885,0.9652788043022156,0.8703131675720215,0.9794542789459229,0.9512600898742676,0.9809544086456299
Q97T,97,0.910697768,2,0.8814476490020752,0.06821725093654463,0.029250118997924845,0.8245976567268372,0.8214511275291443,0.9056279063224792,0.9865373373031616,0.8690242171287537
Q97M,97,1.557527375,2,0.7635771751403808,0.05817288203219905,0.7939501998596192,0.7392343282699585,0.8293793797492981,0.7976700067520142,0.7737460732460022,0.6778560876846313
E98A,98,0.727942242,2,1.0274235129356384,0.07027984584607178,0.29948127093563837,0.9410639405250549,1.1103134155273438,1.035230278968811,0.9734960794448853,1.0770138502120972
E98G,98,0.918905965,2,0.8370789170265198,0.05162203973269374,0.08182704797348017,0.7740631103515625,0.8749719262123108,0.9013289213180542,0.8041187524795532,0.8309118747711182
E98N,98,1.229738616,2,0.8899252891540528,0.08903238503180227,0.3398133268459471,0.8454276919364929,0.9261730313301086,1.0302293300628662,0.8218066096305847,0.8259897828102112
E98P,98,0.230968725,2,0.3215647518634796,0.06087418804431859,0.09059602686347959,0.37900012731552124,0.37088868021965027,0.24732494354248047,0.3443606495857239,0.2662493586540222
E98R,98,0.8688282959999999,2,0.9932206153869629,0.05210294361684377,0.12439231938696305,0.9518643617630005,1.0052480697631836,0.9287785291671753,1.0250296592712402,1.0551824569702148
E98S,98,0.932410506,2,1.0609297513961793,0.0872068600036789,0.12851924539617932,0.9807991981506348,1.0129973888397217,1.194065809249878,1.0138754844665527,1.1029108762741089
E98V,98,0.512716845,2,0.7834879279136657,0.07626828042560851,0.2707710829136657,0.733755886554718,0.9154722690582275,0.7802712917327881,0.7330020666122437,0.7549381256103516
E98W,98,0.45838163,2,0.6679530143737793,0.09693112330910278,0.2095713843737793,0.5745585560798645,0.7687615752220154,0.7729501128196716,0.5857171416282654,0.6377776861190796
E98K,98,0.816736702,2,0.9923782348632812,0.06701158658305373,0.1756415328632812,0.9707915782928467,1.0995303392410278,0.9828708171844482,0.9154143333435059,0.9932841062545776
E98T,98,1.298930495,2,0.9915150761604309,0.07182201132138999,0.30741541883956913,0.9204603433609009,1.0777679681777954,1.043012022972107,0.9177372455596924,0.9985978007316589
F99A,99,0.376644301,2,0.4016904294490814,0.015117455955683567,0.025046128449081384,0.3959808051586151,0.39176541566848755,0.39403194189071655,0.42838868498802185,0.39828529953956604
F99D,99,0.074094289,2,0.13862137794494628,0.07986889847697487,0.06452708894494628,0.01898866891860962,0.21411144733428955,0.10339945554733276,0.20192015171051025,0.15468716621398926
F99G,99,0.046185082,2,0.20970290899276733,0.04767582660589668,0.16351782699276735,0.17546284198760986,0.18241524696350098,0.2477262020111084,0.16923952102661133,0.2736707329750061
F99M,99,0.6850137190000001,2,0.7492533922195435,0.05252572774762529,0.06423967321954338,0.6708660125732422,0.7882204055786133,0.8057993650436401,0.7444792985916138,0.7369018793106079
F99Q,99,0.050843127,2,0.2580877482891083,0.04307584269120521,0.2072446212891083,0.22206705808639526,0.29317498207092285,0.21184664964675903,0.2530171275138855,0.31033292412757874
F99R,99,0.116186657,2,0.31292203068733215,0.06867576529998665,0.19673537368733215,0.20274221897125244,0.3568418025970459,0.2988305389881134,0.3792717456817627,0.32692384719848633
F99S,99,0.137917667,2,0.4026105463504791,0.028188537533283837,0.26469287935047914,0.35816434025764465,0.4022667109966278,0.41754770278930664,0.4011957049369812,0.4338782727718353
F99T,99,0.333694471,2,0.39541925191879274,0.026948284309562098,0.06172478091879274,0.395474910736084,0.4303467869758606,0.41020211577415466,0.3812142610549927,0.3598581850528717
F99W,99,0.961813798,2,0.8817667484283447,0.05876457211030813,0.08004704957165532,0.8762852549552917,0.9240819215774536,0.9405501484870911,0.7894291281700134,0.8784872889518738
F99E,99,0.006225259,2,0.2061980128288269,0.04560561685138832,0.1999727538288269,0.13167577981948853,0.24952811002731323,0.19834715127944946,0.22003555297851562,0.23140347003936768
F99V,99,0.3990178029999999,2,0.5920980215072632,0.04602247742199838,0.1930802185072633,0.5224592089653015,0.6177183389663696,0.6338637471199036,0.5685323476791382,0.617916464805603
F100R,100,-0.111558857,4,0.2397962212562561,0.12117512144163071,0.3513550782562561,0.2367740273475647,0.2999300956726074,0.18869012594223022,0.07480800151824951,0.39877885580062866
F100M,100,0.993489051,4,0.6333857834339142,0.09740522651602242,0.3601032675660858,0.4705667793750763,0.6238834261894226,0.6646704077720642,0.6893031001091003,0.7185052037239075
F100L,100,0.743389339,4,0.667387330532074,0.02654486829918926,0.07600200846792604,0.6865946650505066,0.6395671963691711,0.6384027004241943,0.6781627535820007,0.6942093372344971
F100G,100,0.125695796,4,0.25059945583343507,0.08205422375714971,0.12490365983343507,0.2313227653503418,0.2791792154312134,0.16443473100662231,0.20138049125671387,0.37668007612228394
F100E,100,0.057772834,4,0.23955445289611815,0.06388003827761322,0.18178161889611816,0.2538151144981384,0.21123921871185303,0.17983585596084595,0.2092474102973938,0.3436346650123596
F100D,100,0.340549381,4,0.26282297968864443,0.052136799515373373,0.07772640131135555,0.23775368928909302,0.2944434583187103,0.20608210563659668,0.23910373449325562,0.3367319107055664
F100A,100,-0.017775561,4,0.3689077854156494,0.06173663395236429,0.3866833464156494,0.42480146884918213,0.3798733353614807,0.29754677414894104,0.31242719292640686,0.42989015579223633
F100Q,100,0.019575523,4,0.3240887761116028,0.08326974044665414,0.3045132531116028,0.2698603868484497,0.40733617544174194,0.35780811309814453,0.20681411027908325,0.3786250948905945
F100T,100,0.084793712,4,0.35399089455604554,0.09677669575602596,0.2691971825560455,0.44677555561065674,0.36036568880081177,0.19316422939300537,0.36194825172424316,0.4077007472515106
F100S,100,0.294405567,4,0.27351162433624265,0.09951679698846988,0.020893942663757326,0.32147321105003357,0.3462778627872467,0.11034512519836426,0.24732154607772827,0.3421403765678406
F100W,100,0.848176547,4,0.5710843563079834,0.022877125768441576,0.2770921906920166,0.5436869859695435,0.5896924734115601,0.5853294730186462,0.5486236214637756,0.5880892276763916
F100V,100,0.0877513809999999,4,0.527731990814209,0.07042011669550173,0.43998060981420906,0.5480005741119385,0.5557742118835449,0.4030724763870239,0.5563086271286011,0.5755040645599365
T101G,101,1.023025164,1,0.7872872948646545,0.03570097304036143,0.23573786913534556,0.814304530620575,0.7283872365951538,0.7838300466537476,0.7934970259666443,0.8164176344871521
T101H,101,0.863284937,1,1.0003596782684325,0.11602650235965102,0.13707474126843255,0.9186817407608032,0.9064829349517822,0.9426320791244507,1.1795375347137451,1.0544641017913818
T101I,101,1.100441848,1,0.6991629481315613,0.05795141684172557,0.4012788998684387,0.6867971420288086,0.6939950585365295,0.6278182864189148,0.7895047664642334,0.6976994872093201
T101K,101,1.444354036,1,0.36131433248519895,0.05152458185150333,1.083039703514801,0.33378201723098755,0.4330799877643585,0.379524827003479,0.36494606733322144,0.29523876309394836
T101L,101,0.7429758870000001,1,0.7693184971809387,0.04128046943984904,0.02634261018093864,0.7656151056289673,0.7064513564109802,0.7656639814376831,0.790807843208313,0.81805419921875
T101M,101,0.715452305,1,0.7805883049964905,0.053298311792354135,0.06513599999649045,0.804684042930603,0.6925092935562134,0.7705721259117126,0.8272327184677124,0.8079433441162109
T101R,101,1.043145952,1,0.8802611589431762,0.05105402348072679,0.16288479305682368,0.8853073716163635,0.807151198387146,0.9209296107292175,0.8550592660903931,0.9328583478927612
T101S,101,0.957006594,1,0.9549362063407898,0.05104146073908949,0.0020703876592101933,0.9009822010993958,0.9074196815490723,1.0120891332626343,0.9546942710876465,0.9994957447052002
T101V,101,1.1876195,1,0.8701583981513977,0.03108036635192211,0.3174611018486023,0.8728404641151428,0.8221701383590698,0.8672294616699219,0.908096194267273,0.880455732345581
T101W,101,0.8328280690000001,1,0.807031786441803,0.06144045469921042,0.025796282558197103,0.8503126502037048,0.7541151642799377,0.8604360222816467,0.7276303172111511,0.8426647782325745
T101Y,101,0.898749847,1,0.8954802989959717,0.14284222211326295,0.0032695480040283442,0.8247121572494507,0.8055076599121094,0.7687757015228271,0.9645507335662842,1.113855242729187
T101E,101,1.054790574,1,0.8393113017082214,0.08952888680720256,0.21547927229177866,0.9141771197319031,0.7908502221107483,0.7076311707496643,0.9167200326919556,0.8671779632568359
T101D,101,0.7437383390000001,1,0.6331244707107544,0.13367154642081092,0.11061386828924569,0.8064960241317749,0.4596521258354187,0.5881645679473877,0.5912911891937256,0.7200184464454651
E102V,102,1.059076603,1,0.9127020001411438,0.07356912721302308,0.14637460285885628,0.887453556060791,0.9282736778259277,0.8182507753372192,1.0214552879333496,0.9080767035484314
E102T,102,0.627685139,1,0.9856348872184754,0.07618699315509239,0.35794974821847536,0.9293272495269775,0.9941655397415161,0.912260890007019,1.1064265966415405,0.9859941601753235
E102S,102,0.981693989,1,0.9168431997299195,0.05775407553342074,0.06485078927008059,0.8649940490722656,0.9308657050132751,0.9088282585144043,0.8714185357093811,1.008109450340271
E102R,102,0.699602208,1,0.7503204584121704,0.08817330647116656,0.050718250412170485,0.7462409734725952,0.8870704770088196,0.6639984250068665,0.7710514068603516,0.6832410097122192
E102P,102,-0.124315275,1,0.580329167842865,0.08009506264681802,0.7046444428428651,0.5767147541046143,0.5389304161071777,0.5123224258422852,0.7172203660011292,0.5564578771591187
E102L,102,1.005390955,1,0.9888957023620606,0.08749170466048779,0.016495252637939384,0.9440157413482666,1.0942630767822266,0.8681689500808716,0.995421290397644,1.042609453201294
E102G,102,0.821659859,1,0.8529739737510681,0.047093593724283504,0.031314114751068045,0.865268886089325,0.8217887282371521,0.8406769037246704,0.9281914830207825,0.8089438676834106
E102A,102,0.957644294,1,0.9248893618583679,0.024766932935198716,0.032754932141632054,0.9001837372779846,0.9387902617454529,0.9389469623565674,0.9501617550849915,0.8963640928268433
E102W,102,0.592748223,1,0.8262564539909363,0.056387777876912,0.23350823099093632,0.8468766808509827,0.8274410963058472,0.7400549650192261,0.821121335029602,0.8957881927490234
E102M,102,0.4169811020000001,1,1.2346068620681763,0.050819916492590544,0.8176257600681762,1.1973826885223389,1.3007968664169312,1.1798080205917358,1.2722954750061035,1.222751259803772
Q103R,103,0.739713319,1,0.731666910648346,0.047760802737932866,0.008046408351654044,0.735831618309021,0.7998872995376587,0.6812101602554321,0.7495705485343933,0.6918349266052246
Q103I,103,0.970811085,1,0.7328256845474244,0.058178176427884885,0.23798540045257566,0.7198569178581238,0.7475042343139648,0.8256814479827881,0.6799914240837097,0.6910943984985352
Q103K,103,0.7166893809999999,1,0.5052554190158844,0.06227706839924949,0.21143396198411546,0.5813858509063721,0.49806442856788635,0.45302799344062805,0.555203914642334,0.43859490752220154
Q103L,103,0.697961356,1,0.7517120003700256,0.018763778005353445,0.053750644370025635,0.7273142337799072,0.7586547136306763,0.7380847334861755,0.7741852402687073,0.7603210806846619
Q103M,103,0.937263867,1,1.0086087346076966,0.05084639560982178,0.07134486760769665,0.9643136858940125,0.9526004791259766,1.0079822540283203,1.0676946640014648,1.0504525899887085
Q103N,103,1.318612113,1,0.7850902080535889,0.0806871409659563,0.533521904946411,0.6518988609313965,0.8018344640731812,0.7840690612792969,0.8674983382225037,0.8201503157615662
Q103P,103,0.280245187,1,0.06486775875091552,0.12837658010175773,0.21537742824908448,0.19157755374908447,0.054436683654785156,-0.09240555763244629,-0.024595916271209717,0.195326030254364
Q103E,103,0.54081341,1,0.8118251323699951,0.077001815987166,0.27101172236999505,0.7222069501876831,0.8073239922523499,0.7609414458274841,0.9201271533966064,0.848526120185852
Q103S,103,0.941461153,1,0.5919731855392456,0.06105901205589874,0.3494879674607544,0.5484148859977722,0.5575053691864014,0.5424619913101196,0.6806738972663879,0.6308097839355469
Q103T,103,0.733412808,1,0.663154947757721,0.05722359527160191,0.07025786024227898,0.5978438854217529,0.6243096590042114,0.700077474117279,0.7397846579551697,0.6537590622901917
Q103G,103,0.875714553,1,0.39567779898643496,0.11505676544513471,0.48003675401356505,0.46051913499832153,0.30988451838493347,0.24181336164474487,0.4482097625732422,0.5179622173309326
Q103W,103,0.960395205,1,0.8497684121131897,0.0455694662864445,0.11062679288681032,0.8558496832847595,0.9121744632720947,0.7942154407501221,0.8678473830223083,0.8187550902366638
Q103Y,103,0.8302446240000001,1,0.8057969570159912,0.028731097167963734,0.02444766698400891,0.8076076507568359,0.8439275622367859,0.7652970552444458,0.7959697246551514,0.8161827921867371
Q103V,103,0.878548915,1,0.8231480836868286,0.06945492743113814,0.05540083131317142,0.8537453413009644,0.7091862559318542,0.8887548446655273,0.8533640503883362,0.8106899261474609
Q103C,103,0.806072494,1,0.8858299016952514,0.05152917304608048,0.07975740769525141,0.816897988319397,0.8670148849487305,0.9471371173858643,0.9255762100219727,0.872523307800293
Q103A,103,1.064708317,1,0.6167896270751954,0.06096343522915289,0.44791868992480466,0.6216268539428711,0.5614279508590698,0.5564923882484436,0.640566885471344,0.703834056854248
Q103D,103,0.6738935840000001,1,0.5295880019664765,0.10504786530026838,0.14430558203352362,0.4827072322368622,0.4912355840206146,0.39875009655952454,0.6354343295097351,0.6398127675056458
Q103F,103,1.036046477,1,0.7595694065093994,0.07891193175824528,0.27647707049060055,0.682803750038147,0.8856646418571472,0.7041529417037964,0.7662106156349182,0.7590150833129883
N104Q,104,1.159599808,0,0.8929073810577393,0.051941894948902036,0.2666924269422608,0.8496341705322266,0.8672406077384949,0.9190831780433655,0.8565793037414551,0.9719996452331543
N104V,104,0.7091337870000001,0,0.737365460395813,0.023746097835304847,0.028231673395812895,0.7393481731414795,0.756028950214386,0.6963620185852051,0.7502607703208923,0.744827389717102
N104R,104,0.849926865,0,0.7894891142845154,0.01750568633265863,0.06043775071548463,0.7736973166465759,0.8013846278190613,0.7691077589988708,0.793728232383728,0.8095276355743408
N104A,104,0.976297603,0,0.8635611057281494,0.03869630549451,0.11273649727185064,0.8365725874900818,0.8706452250480652,0.9097675681114197,0.8134633898735046,0.8873567581176758
N104C,104,1.103856117,0,0.9122331738471985,0.02251694080668061,0.1916229431528016,0.8985057473182678,0.9037193059921265,0.8870264291763306,0.9342130422592163,0.9377013444900513
N104W,104,0.649229707,0,0.7032368063926697,0.03010675343642587,0.05400709939266968,0.6967315077781677,0.7291079759597778,0.7362282872200012,0.6921403408050537,0.6619759202003479
N104G,104,0.962471342,0,0.8510676980018616,0.05211955049223033,0.1114036439981384,0.8234342336654663,0.8346853852272034,0.886066198348999,0.7901231050491333,0.9210295677185059
N104L,104,0.7655003779999999,0,0.7622182011604309,0.02300810502041444,0.0032821768395689954,0.7567301988601685,0.773572564125061,0.7366448044776917,0.7956330180168152,0.7485104203224182
N104P,104,-0.143211171,0,0.5300877451896667,0.10497805070796898,0.6732989161896668,0.492195188999176,0.6200263500213623,0.5829894542694092,0.5921807885169983,0.36304694414138794
N104E,104,0.921943281,0,0.8377519369125366,0.04348876639013691,0.08419134408746343,0.8677943348884583,0.823611319065094,0.8822025060653687,0.7710686922073364,0.8440828323364258
L105A,105,0.59903854,3,0.9836753368377685,0.03909619942984592,0.3846367968377685,0.9321275949478149,0.9857932329177856,0.9582360982894897,1.0199804306030273,1.022239327430725
L105W,105,0.6746811640000001,3,0.8480085015296936,0.03294690454038072,0.17332733752969354,0.8602029085159302,0.8962019681930542,0.8474034667015076,0.8116626143455505,0.8245715498924255
L105F,105,0.558224167,3,0.9992927670478821,0.05260527944435629,0.44106860004788206,0.9840037226676941,1.046403408050537,0.9824708700180054,1.0559046268463135,0.9276812076568604
L105G,105,0.4333239270000001,3,0.7108352065086365,0.03879663607859046,0.2775112795086364,0.6433984041213989,0.7131914496421814,0.7384342551231384,0.7282909750938416,0.7308609485626221
L105H,105,0.511506244,3,0.8567251443862915,0.05027877152051254,0.34521890038629155,0.7834750413894653,0.8769973516464233,0.8764175772666931,0.9145596623420715,0.8321760892868042
L105K,105,0.418197995,3,0.6213409900665283,0.07136405680382744,0.20314299506652833,0.5681188106536865,0.7042917013168335,0.628291666507721,0.6734886169433594,0.5325141549110413
L105Q,105,0.978194723,3,0.8868784427642822,0.08029016034157795,0.0913162802357178,0.7995620369911194,0.8475961089134216,0.911595344543457,1.0113649368286133,0.8642737865447998
L105R,105,0.292580279,3,0.5991301298141479,0.034318550791274285,0.30654985081414793,0.5948972105979919,0.5783395171165466,0.6146597266197205,0.6484565138816833,0.5592976808547974
L105S,105,0.659200771,3,0.8443114280700683,0.08121227990636956,0.18511065707006835,0.7146978974342346,0.8385757207870483,0.8792168498039246,0.9350691437721252,0.853997528553009
L105T,105,0.975707077,3,0.9567771673202514,0.05372044405143024,0.018929909679748613,0.8783565163612366,0.9771518111228943,0.932380199432373,1.0201908349990845,0.975806474685669
L105V,105,1.001206339,3,1.0931984186172485,0.07085745961339614,0.09199207961724865,1.084764003753662,1.197155237197876,1.0366278886795044,1.1249382495880127,1.0225067138671875
L105C,105,0.929031941,3,1.1034244537353515,0.06227568196508869,0.1743925127353515,1.1314539909362793,1.1466056108474731,1.0161274671554565,1.1620275974273682,1.0609076023101807
S106W,106,0.935593563,3,1.0044402122497558,0.0680285536114027,0.06884664924975581,0.9534223675727844,0.9804245233535767,0.9498714804649353,1.024767518043518,1.1137151718139648
S106L,106,0.8839600040000001,3,0.9877173781394959,0.1379046777451029,0.10375737413949582,0.889020562171936,0.919929563999176,1.0529136657714844,0.8765679597854614,1.2001551389694214
S106H,106,0.8302251009999999,3,1.0336682796478271,0.026748121972113334,0.20344317864782724,1.036073923110962,1.0319323539733887,1.0680701732635498,0.9931700229644775,1.0390949249267578
S106G,106,0.995061708,3,0.8039742588996888,0.02846103961650335,0.19108744910031128,0.7702227830886841,0.7794207334518433,0.8384909629821777,0.812423050403595,0.8193137645721436
S106M,106,0.759597675,3,0.9689011216163635,0.04862778906543451,0.20930344661636358,1.0405948162078857,0.9101071357727051,0.9568734169006348,0.9495325684547424,0.9873976707458496
S106N,106,0.6382889279999999,3,0.8327837944030761,0.06983797790327001,0.19449486640307623,0.8146713972091675,0.8272775411605835,0.9075459241867065,0.728937566280365,0.8854865431785583
S106E,106,0.983290721,3,1.0259719014167785,0.027325423037516974,0.042681180416778486,1.0189599990844727,0.9809182286262512,1.0449225902557373,1.0421496629714966,1.042909026145935
S106V,106,1.052288069,3,1.0598720550537108,0.08162440504195442,0.007583986053710801,0.9560045003890991,1.0109516382217407,1.126381754875183,1.0514215230941772,1.1546008586883545
S106A,106,1.192223754,3,0.9479514002799988,0.06569997217915077,0.24427235372000122,0.8691405057907104,0.8975233435630798,0.9871919751167297,0.9547267556190491,1.0311744213104248
S106C,106,0.538471661,3,1.097370719909668,0.02324180022247745,0.5588990589096681,1.120383620262146,1.0658409595489502,1.089682698249817,1.0905299186706543,1.1204164028167725
S106P,106,1.022214102,3,0.868179190158844,0.05635521100438704,0.15403491184115592,0.8164726495742798,0.8709233999252319,0.8691491484642029,0.8255797028541565,0.9587710499763489
S106D,106,1.152484032,3,0.9381543278694153,0.05588533758257499,0.21432970413058472,0.9953920245170593,0.9337882399559021,0.9869542121887207,0.8586176037788391,0.9160195589065552
S106Q,106,0.920688336,3,0.9810797214508057,0.08128050534819187,0.06039138545080569,0.9256284832954407,1.0559699535369873,0.8747116923332214,0.9881422519683838,1.0609462261199951
S106R,106,0.8983175290000001,3,0.9345818519592285,0.07157865813158115,0.036264322959228434,0.8438541293144226,0.9128062725067139,0.9298180937767029,0.9437692165374756,1.0426615476608276
S106T,106,1.289193868,3,0.8898084044456482,0.03156758194067159,0.39938546355435167,0.9215576648712158,0.885454535484314,0.9226301908493042,0.8538366556167603,0.8655629754066467
Y107S,107,0.502494855,1,0.4866583585739136,0.05658588586877296,0.01583649642608642,0.537900984287262,0.43520599603652954,0.5426000952720642,0.49655604362487793,0.42102867364883423
Y107A,107,0.54081823,1,0.7669458270072937,0.06585920625943166,0.2261275970072938,0.8401029109954834,0.6880396008491516,0.7435446381568909,0.8305062055587769,0.7325357794761658
Y107C,107,0.885699737,1,0.860114574432373,0.08305550065036572,0.025585162567626996,0.9078165292739868,0.9160897731781006,0.7406094074249268,0.9303880929946899,0.8056690692901611
Y107R,107,0.588544823,1,0.4827229201793671,0.0896139194537477,0.10582190282063292,0.564178466796875,0.4087006151676178,0.5899051427841187,0.4566556215286255,0.3941747546195984
Y107E,107,0.603570705,1,0.41661199927330017,0.07969909184157463,0.18695870572669981,0.40551573038101196,0.41693630814552307,0.491718053817749,0.47818446159362793,0.29070544242858887
Y107H,107,0.635290928,1,0.6810337901115417,0.04162468246258267,0.04574286211154177,0.7428672909736633,0.6657481789588928,0.7011775374412537,0.6366478800773621,0.6587280631065369
Y107K,107,0.465448125,1,0.5073150157928467,0.07572867969351213,0.04186689079284667,0.5239471197128296,0.46372127532958984,0.551464319229126,0.5953271389007568,0.40211522579193115
Y107L,107,0.503508149,1,0.7682857394218445,0.04351997762408161,0.26477759042184457,0.8263105750083923,0.7196446061134338,0.749807596206665,0.7458115220069885,0.7998543977737427
Y107M,107,0.8970014620000001,1,0.8339323401451111,0.06568808801151856,0.063069121854889,0.9309691190719604,0.7680679559707642,0.7941725850105286,0.8689484596252441,0.8075035810470581
Y107Q,107,0.028021266,1,0.4840279400348663,0.07116699184384391,0.45600667403486633,0.44150510430336,0.47948628664016724,0.5918459892272949,0.503450334072113,0.4038519859313965
Y107W,107,0.6852683559999999,1,0.70000718832016,0.04412349133469691,0.014738832320160045,0.7561280727386475,0.7318317890167236,0.6747498512268066,0.6912721395492554,0.6460540890693665
Y107V,107,0.738049698,1,0.8719220757484436,0.04353771472387593,0.13387237774844363,0.9142637848854065,0.8315029740333557,0.8223342299461365,0.9124978184700012,0.8790115714073181
Y107T,107,0.226724716,1,0.6528373122215271,0.05545011477564984,0.4261125962215271,0.7210351824760437,0.6048102378845215,0.6272276043891907,0.7038820385932922,0.6072314977645874
Y107G,107,0.210264383,1,0.6070770263671875,0.08789751912461702,0.3968126433671875,0.7228729724884033,0.5318355560302734,0.6145936846733093,0.6559180617332458,0.5101648569107056
S108C,108,0.6873855520000001,0,0.9741602897644043,0.04210944848136286,0.2867747377644042,1.0239360332489014,0.9670406579971313,0.9436209797859192,0.9259210228919983,1.0102827548980713
S108D,108,0.450107841,0,1.0227938652038575,0.06733221281463507,0.5726860242038575,0.9281879663467407,1.0994181632995605,0.9833154678344727,1.0443273782730103,1.058720350265503
S108A,108,0.8942671809999999,0,1.0467916965484618,0.08389303433915295,0.15252451554846191,0.9556230306625366,1.070556640625,0.9698746204376221,1.0805777311325073,1.1573264598846436
S108G,108,0.8426186040000001,0,0.7921051383018494,0.02757740129671957,0.05051346569815074,0.7638347744941711,0.8222393989562988,0.7628328800201416,0.8129609227180481,0.7986577153205872
S108R,108,1.02286623,0,0.852652084827423,0.05566047581288744,0.17021414517257694,0.8006598353385925,0.82960045337677,0.8207753300666809,0.8712868094444275,0.9409379959106445
S108M,108,0.890372704,0,0.9606472373008728,0.0317346281574558,0.07027453330087274,0.9667603969573975,0.9719173908233643,1.0042458772659302,0.9373576045036316,0.9229549169540405
S108E,108,0.947984448,0,0.9895099878311158,0.09230434596450399,0.04152553983111573,0.8382314443588257,1.0519728660583496,0.9734492301940918,1.0142346620559692,1.0696617364883423
S108Q,108,0.580069541,0,1.0933450698852538,0.09963358716688124,0.5132755288852539,0.9494713544845581,1.1130242347717285,1.078736424446106,1.0965125560760498,1.2289807796478271
S108P,108,-0.222172031,0,0.2166284441947937,0.11213225829685525,0.4388004751947937,0.16659003496170044,0.24056768417358398,0.1976245641708374,0.08778750896453857,0.3905724287033081
S108K,108,0.7324011840000001,0,0.9061622381210327,0.06858537040242915,0.1737610541210326,0.7967695593833923,0.8899946808815002,0.9467914700508118,0.9228373169898987,0.9744181632995605
S108Y,108,0.8770281999999999,0,1.0039206624031067,0.08407921673428179,0.1268924624031068,0.8881797194480896,0.9948258399963379,0.9676498174667358,1.0685784816741943,1.1003694534301758
S108W,108,0.992361555,0,0.9650483727455139,0.0819279411503047,0.02731318225448609,0.8972812294960022,0.9543535709381104,0.896650493144989,0.980686366558075,1.096270203590393
S108V,108,1.041419985,0,0.9923836946487427,0.09971855579610965,0.04903629035125745,0.8701541423797607,1.089850664138794,1.0561050176620483,0.9003922939300537,1.0454163551330566
S108L,108,1.090333328,0,1.0343300580978394,0.09615340852049185,0.056003269902160646,0.9031367301940918,1.157745122909546,1.001693844795227,1.01808762550354,1.090986967086792
E109A,109,1.168551546,0,1.0778146982192993,0.07052883757960138,0.09073684778070068,1.0798985958099365,1.1809349060058594,1.0004172325134277,1.0259497165679932,1.1018730401992798
E109C,109,1.288333626,0,1.137086319923401,0.07956862464820637,0.1512473060765991,1.2502433061599731,1.179136037826538,1.0487741231918335,1.1225533485412598,1.0847247838974
E109G,109,0.88621228,0,0.729041314125061,0.05184822625044213,0.15717096587493895,0.7608324289321899,0.7853795289993286,0.6882320046424866,0.7488743662834167,0.6618882417678833
E109H,109,0.5770036820000001,0,0.8036424040794372,0.07954375636802444,0.22663872207943714,0.7701883912086487,0.9061399102210999,0.8278186321258545,0.8231932520866394,0.6908718347549438
E109K,109,1.159474775,0,1.0605890870094299,0.08130321694646062,0.09888568799057018,1.0082753896713257,0.9427216649055481,1.1070702075958252,1.1222647428512573,1.1226134300231934
E109L,109,0.652016213,0,0.8556547403335572,0.021879453562407558,0.20363852733355714,0.8320493698120117,0.8842158913612366,0.8373802304267883,0.8545928001403809,0.8700354099273682
E109Q,109,0.903415366,0,0.9225372672080994,0.07002589308745398,0.019121901208099312,0.8431506156921387,0.9295101165771484,0.8986635804176331,0.9072064161300659,1.0341556072235107
E109S,109,0.50892823,0,0.9350792765617371,0.03730845721995169,0.4261510465617371,0.9342116117477417,0.9760170578956604,0.876988410949707,0.9307835102081299,0.9573957920074463
E109Y,109,1.198191146,0,0.8166641592979431,0.07496558522368227,0.381526986702057,0.7907196879386902,0.7466257214546204,0.8572999238967896,0.9271566271781921,0.7615188360214233
E109T,109,0.953618404,0,1.0640576124191283,0.08810212208003845,0.11043920841912835,1.1190317869186401,1.0718629360198975,0.9563229084014893,1.174135446548462,0.9989349842071533
E109V,109,0.857701541,0,1.0546125769615173,0.06099946695904211,0.19691103596151738,1.0322461128234863,1.09661066532135,1.028672695159912,0.9805434346199036,1.1349899768829346
E109W,109,1.054902996,0,0.8062824130058288,0.04159940660354385,0.24862058299417122,0.8358850479125977,0.831946849822998,0.8349543809890747,0.7414863705635071,0.7871394157409668
E109R,109,1.066268236,0,0.9721347689628601,0.0594597261056769,0.09413346703713987,0.9466792345046997,0.9340488910675049,0.9325423836708069,0.9729204177856445,1.0744829177856445
E110S,110,1.263190004,4,0.861570680141449,0.08076626109735499,0.4016193238585509,0.8604246973991394,0.9611054062843323,0.905958890914917,0.8350226879119873,0.7453417181968689
E110W,110,0.872937704,4,0.7416873574256897,0.043889335455241686,0.13125034657431034,0.7796651124954224,0.6677701473236084,0.7589248418807983,0.738251268863678,0.7638254165649414
E110V,110,0.957663153,4,0.9366033792495727,0.0731045015991409,0.021059773750427335,0.8709774017333984,1.0165026187896729,0.8939857482910156,1.0158464908599854,0.8857046365737915
E110T,110,1.037243895,4,0.9366674304008484,0.10398187022555923,0.1005764645991516,0.8728031516075134,1.1215603351593018,0.8905514478683472,0.8940998911857605,0.9043223261833191
E110R,110,0.8397282840000001,4,0.713612973690033,0.023601913345623837,0.12611531030996714,0.7522948980331421,0.7109255790710449,0.7074301242828369,0.7097092270851135,0.6877050399780273
E110Q,110,1.268339718,4,0.9146676778793335,0.07817898118050079,0.35367204012066655,0.9756760597229004,0.9793235063552856,0.9536805748939514,0.8593858480453491,0.8052724003791809
E110P,110,0.201582081,4,0.24752435684204102,0.03877234953816543,0.045942275842041025,0.27861541509628296,0.2004982829093933,0.28074556589126587,0.2107563614845276,0.26700615882873535
E110L,110,1.053308483,4,0.7137332677841186,0.03702582847423109,0.3395752152158813,0.6623300909996033,0.7631938457489014,0.7284865975379944,0.7004252076148987,0.7142305970191956
E110K,110,1.209303897,4,0.8376345753669738,0.06579493828426623,0.37166932163302624,0.8237624168395996,0.8380848169326782,0.7883201241493225,0.9487630724906921,0.7892424464225769
E110G,110,0.7984870890000001,4,0.6826242208480835,0.025558262274423833,0.1158628681519166,0.7188807129859924,0.681819498538971,0.6937735676765442,0.6659409999847412,0.6527063250541687
E110C,110,0.918814426,4,0.8872082710266114,0.08240823631806461,0.03160615497338859,0.9460266828536987,0.9852123260498047,0.7741345763206482,0.8787023425102234,0.8519654273986816
E110A,110,0.91015449,4,0.8517163872718811,0.04186595389483677,0.05843810272811889,0.8631657361984253,0.9027076959609985,0.8608025908470154,0.8445818424224854,0.787324070930481
E110M,110,1.08768326,4,0.8118157744407654,0.06745834320688007,0.27586748555923457,0.8570908308029175,0.8880006670951843,0.7437055706977844,0.738845944404602,0.8314358592033386
P111G,111,0.995157849,2,0.7568950653076172,0.027610646123244403,0.23826278369238285,0.7161437273025513,0.7843140363693237,0.7550910711288452,0.7805739641189575,0.7483525276184082
P111A,111,1.209633942,2,0.98591388463974,0.07551046428294257,0.22372005736026002,0.9520713090896606,1.0869039297103882,0.8820473551750183,1.0048261880874634,1.0037206411361694
P111D,111,1.108677369,2,0.9234086513519287,0.09305701849506415,0.1852687176480713,0.8123381733894348,0.9944225549697876,0.9513998627662659,1.0200021266937256,0.8388805389404297
P111E,111,1.101823323,2,0.8766634225845337,0.06540498777397358,0.2251599004154664,0.8560793399810791,0.9700573682785034,0.8412078619003296,0.9128057360649109,0.8031668066978455
P111H,111,1.368589237,2,1.1097304582595826,0.04884414488471481,0.2588587787404173,1.0893973112106323,1.1863675117492676,1.060256004333496,1.1261309385299683,1.0865005254745483
P111T,111,0.952037103,2,1.107438564300537,0.1083709918136544,0.1554014613005371,1.0359593629837036,1.2966464757919312,1.0405960083007812,1.069635272026062,1.0943557024002075
P111I,111,1.238227397,2,0.9781029343605041,0.1355745023724142,0.26012446263949585,0.8862776756286621,1.2102248668670654,0.884227454662323,0.980575442314148,0.9292092323303223
P111S,111,0.8205831709999999,2,1.0693403840065003,0.057436137615014725,0.24875721300650044,0.9930799603462219,1.122407078742981,1.0263080596923828,1.0863415002822876,1.118565320968628
P111V,111,1.068787366,2,1.0223953008651734,0.07685059815698526,0.04639206513482663,0.9592098593711853,1.1476202011108398,0.9627357125282288,1.0351388454437256,1.0072718858718872
P111W,111,0.73052674,2,0.9464492082595826,0.09692590357100259,0.2159224682595826,0.8556285500526428,1.0781943798065186,0.9542252421379089,0.9953348636627197,0.8488630056381226
P111Y,111,0.757158212,2,1.0255342841148376,0.13442214338175204,0.2683760721148376,0.8735578656196594,1.2208234071731567,1.005866527557373,1.085740327835083,0.941683292388916
P111Q,111,0.994599447,2,0.9818513989448547,0.1019883085942534,0.012748048055145289,0.9621815085411072,1.1596310138702393,0.9000158905982971,0.9417098164558411,0.9457187652587891
P111M,111,1.011382839,2,1.0092679619789124,0.07134808213675473,0.00211487702108748,0.9245368242263794,1.118761420249939,0.9792479872703552,1.023707628250122,1.0000859498977661
P111K,111,0.8302280009999999,2,0.8367966532707214,0.11533473257101917,0.006568652270721453,0.7540279030799866,1.000294804573059,0.7042396068572998,0.8815740346908569,0.8438469171524048
P111R,111,1.096706717,2,0.9142827391624451,0.0789305551723913,0.18242397783755493,0.8559439182281494,1.0368168354034424,0.8546602725982666,0.9503161311149597,0.8736765384674072
I112Y,112,0.8779130740000001,2,0.8333709597587585,0.07179074199304947,0.04454211424124155,0.8281199336051941,0.7302444577217102,0.8466708064079285,0.9321749210357666,0.8296446800231934
I112W,112,0.74572353,2,0.7860899329185486,0.0336754531774769,0.04036640291854854,0.8078029155731201,0.735914409160614,0.8135628700256348,0.8064826726913452,0.7666867971420288
I112R,112,0.587452548,2,0.6954334378242493,0.041941582391201306,0.10798088982424925,0.6982583403587341,0.6415599584579468,0.7248234152793884,0.6673542857170105,0.7451711893081665
I112Q,112,0.617345142,2,0.7409935474395752,0.030120883124212895,0.12364840543957523,0.7283649444580078,0.6996065974235535,0.740986168384552,0.7558093070983887,0.780200719833374
I112P,112,0.394147082,2,0.6635690450668335,0.04373011451603531,0.26942196306683347,0.6497786045074463,0.597344160079956,0.7152557969093323,0.6771830320358276,0.6782836318016052
I112N,112,1.26455778,2,0.7369295239448548,0.025866769644997192,0.5276282560551453,0.7607868313789368,0.6943984627723694,0.732474148273468,0.7461522817611694,0.7508358955383301
I112G,112,0.688952117,2,0.7551912426948547,0.045084264643683696,0.06623912569485468,0.8029223084449768,0.7095404267311096,0.7624990940093994,0.7076565623283386,0.7933378219604492
I112F,112,0.7805690940000001,2,0.7990386605262756,0.03939124392160034,0.018469566526275516,0.7982953190803528,0.7882777452468872,0.7415931224822998,0.8478889465332031,0.8191381692886353
I112E,112,0.382373222,2,0.7059361100196838,0.048636532103517635,0.3235628880196838,0.6919361352920532,0.658315122127533,0.6735203266143799,0.7253315448760986,0.7805774211883545
I112C,112,0.321947834,2,0.9144002079963685,0.027131727836447593,0.5924523739963685,0.8811155557632446,0.897385835647583,0.91050124168396,0.9358754754066467,0.9471229314804077
I112V,112,0.988918897,2,0.9418175458908081,0.02413666527722797,0.04710135110919189,0.9534070491790771,0.9521557092666626,0.9257527589797974,0.9690013527870178,0.9087708592414856
I112A,112,0.722588973,2,0.7949600458145142,0.012402781972262683,0.07237107281451416,0.806110680103302,0.7878376245498657,0.7952466607093811,0.8074801564216614,0.7781251072883606
T113Q,113,0.946503747,4,0.8141182780265808,0.051346648889300656,0.13238546897341918,0.8599708080291748,0.7750703692436218,0.7966620922088623,0.7621846795082092,0.8767034411430359
T113V,113,0.926773885,4,0.9083144068717957,0.045042618057813455,0.018459478128204365,0.8602394461631775,0.8816381096839905,0.9661458134651184,0.8884466886520386,0.9451019763946533
T113P,113,1.012535145,4,0.9147611141204834,0.04579020927769288,0.09777403087951653,0.9634528756141663,0.878490149974823,0.8662194013595581,0.9037368297576904,0.9619063138961792
T113N,113,0.889885369,4,0.8516871213912964,0.02969113666698878,0.038198247608703606,0.8318495154380798,0.8215888738632202,0.8793227672576904,0.8874790668487549,0.8381953835487366
T113R,113,0.936979291,4,0.8932217955589294,0.06146786939564573,0.04375749544107055,0.9766513705253601,0.8622651100158691,0.8281129598617554,0.8616228103637695,0.9374567270278931
T113W,113,1.008587044,4,0.8375792980194092,0.0835315869925031,0.17100774598059076,0.8528307676315308,0.7338927388191223,0.7752992510795593,0.8838657140731812,0.9420080184936523
T113K,113,0.111547721,4,0.8761551976203918,0.02162274195379456,0.7646074766203919,0.8992787599563599,0.84404057264328,0.8698902726173401,0.8751662969589233,0.8924000859260559
T113I,113,0.644271546,4,0.9228128433227539,0.039189509773977386,0.2785412973227539,0.9279794692993164,0.8704572916030884,0.9765714406967163,0.9347580075263977,0.9042980074882507
T113S,113,1.149590669,4,0.8863663077354431,0.03911333303046869,0.26322436126455684,0.9175833463668823,0.8367893695831299,0.9290691018104553,0.8910355567932129,0.8573541641235352
T113F,113,0.808273445,4,0.805483055114746,0.05574513778159857,0.00279038988525393,0.770508885383606,0.7288979887962341,0.8172987699508667,0.8446866273880005,0.8660230040550232
T113E,113,1.074851595,4,0.901497995853424,0.050507286342749244,0.1733535991465759,0.9038253426551819,0.8387501835823059,0.8936085104942322,0.89168781042099,0.9796181321144104
T113M,113,1.120373301,4,1.000762367248535,0.04421744749989605,0.11961093375146503,1.026515245437622,1.0151926279067993,0.9284786581993103,1.0414005517959595,0.9922247529029846
T113L,113,0.894651055,4,0.9007178902626037,0.039986798054800494,0.006066835262603765,0.9343521595001221,0.8863663077354431,0.8470690846443176,0.8897066712379456,0.9460952281951904
T113A,113,0.8181145059999999,4,1.028954267501831,0.023454333344400537,0.21083976150183115,1.0213091373443604,1.065362572669983,1.0028959512710571,1.0194251537322998,1.035778522491455
T113D,113,1.126273166,4,0.7932010293006897,0.033483594233236,0.33307213669931035,0.8216018080711365,0.7488375306129456,0.765754222869873,0.8122262954711914,0.817585289478302
T113G,113,0.99307854,4,0.9909025311470032,0.04140633760675452,0.002176008852996736,1.0205457210540771,0.9571921825408936,0.987097442150116,1.043815016746521,0.9458622932434082
E114Y,114,0.8221772940000001,3,0.850384521484375,0.07273865090843053,0.028207227484374986,0.7769024968147278,0.9211176633834839,0.8915233612060547,0.766646683216095,0.8957324028015137
E114W,114,0.6934523570000001,3,0.8543048620223999,0.021773153807708095,0.16085250502239978,0.8487136363983154,0.8606149554252625,0.8856231570243835,0.8254181742668152,0.8511543869972229
E114V,114,0.686673678,3,0.9290821552276611,0.05161327874639429,0.24240847722766112,0.9489476680755615,0.8784611821174622,0.9809106588363647,0.8696050047874451,0.9674862623214722
E114T,114,0.8923045559999999,3,0.8335678339004516,0.044608310411931716,0.05873672209954828,0.7874771356582642,0.8658857941627502,0.840185821056366,0.7885581254959106,0.8857322931289673
E114S,114,1.086163973,3,0.8958253502845764,0.05675420199896468,0.19033862271542346,0.849036455154419,0.9184963703155518,0.8842008709907532,0.8451141119003296,0.9822789430618286
E114Q,114,0.958631543,3,0.9245334506034851,0.039324954645162016,0.034098092396514845,0.8715403079986572,0.9624444246292114,0.9068825244903564,0.9175225496292114,0.964277446269989
E114M,114,0.7306630340000001,3,0.9107889056205749,0.0525455452413472,0.1801258716205748,0.9334055185317993,0.8588240742683411,0.974319338798523,0.8536231517791748,0.9337724447250366
E114L,114,0.806209327,3,0.8275157451629639,0.049064310711469133,0.021306418162963858,0.8281165361404419,0.8856265544891357,0.8536887168884277,0.7537343502044678,0.8164125680923462
E114K,114,0.902073739,3,0.6873524904251098,0.03771765305710959,0.21472124857489017,0.6754732131958008,0.7186208367347717,0.7305957078933716,0.636797308921814,0.6752753853797913
E114G,114,1.034725595,3,0.8842523097991943,0.06528877698439482,0.15047328520080572,0.7736358046531677,0.90584397315979,0.9464449882507324,0.9054264426231384,0.8899103403091431
E114F,114,0.77774087,3,0.8313544273376465,0.05371572641412183,0.0536135573376465,0.7730354070663452,0.8357752561569214,0.9067240953445435,0.7873789072036743,0.853858470916748
E114D,114,1.079041007,3,0.9211191654205322,0.05743755224293084,0.15792184157946787,0.8556259870529175,1.002321720123291,0.9257326126098633,0.8786677718162537,0.9432477355003357
E114C,114,1.024539319,3,0.9030589818954468,0.04162635556926017,0.1214803371045533,0.9289906024932861,0.877485990524292,0.9585712552070618,0.8531895875930786,0.8970574736595154
E114R,114,0.724624623,3,0.865549635887146,0.03987373790872912,0.14092501288714598,0.8315839767456055,0.8913335800170898,0.8859681487083435,0.8144345879554749,0.9044278860092163
E114I,114,0.429154745,3,0.7834870934486389,0.06225235404639105,0.35433234844863887,0.8305623531341553,0.8213024139404297,0.8159615397453308,0.6805695295333862,0.7690396308898926
E114A,114,1.2287090509999998,3,0.9822448849678039,0.0598799165991401,0.2464641660321959,0.962859570980072,0.9711108207702637,1.0116360187530518,0.9022541046142578,1.0633639097213745
I115M,115,1.008122108,1,1.0252575635910035,0.07938069722079617,0.01713545559100349,0.9775822162628174,0.9574127793312073,0.9726678729057312,1.1360818147659302,1.082543134689331
I115K,115,1.133367836,1,0.9761007905006409,0.08355057053323922,0.157267045499359,1.0287137031555176,0.9224244952201843,0.8676668405532837,1.0783929824829102,0.9833059310913086
I115G,115,0.8851045120000001,1,0.9046769976615906,0.059481432551151216,0.019572485661590533,0.8422055244445801,0.9453950524330139,0.8509620428085327,0.9046058654785156,0.9802165031433105
I115R,115,0.76317516,1,0.9701435565948486,0.0686054847713333,0.20696839659484867,0.959425687789917,1.0163875818252563,0.8546570539474487,1.0056792497634888,1.0145682096481323
P116T,116,0.2617694989999999,4,0.9378973126411438,0.09797007592563833,0.6761278136411439,0.9776098728179932,1.0562795400619507,0.9730917811393738,0.8792137503623962,0.8032916188240051
P116S,116,1.081131952,4,0.8858692526817322,0.06658641688987055,0.19526269931826779,0.9021064639091492,0.9770749807357788,0.8927792310714722,0.8645175695419312,0.7928680181503296
P116A,116,0.7629031559999999,4,0.9534147381782532,0.06321967522637571,0.19051158217825326,0.9149971008300781,1.0481423139572144,0.9889011383056641,0.9132223725318909,0.9018107652664185
P116E,116,0.8307780309999999,4,0.8051378488540649,0.03605613227038679,0.025640182145934998,0.8517187833786011,0.7908765077590942,0.7790996432304382,0.8346260786056519,0.7693682312965393
P116G,116,0.774366373,4,0.863252067565918,0.032255973712022074,0.088885694565918,0.8371255993843079,0.8597874045372009,0.9018164277076721,0.8899080753326416,0.8276228308677673
P116D,116,1.029883953,4,0.8194127082824707,0.06261663106557054,0.2104712447175292,0.8703186511993408,0.717180609703064,0.8170647621154785,0.870689332485199,0.8218101859092712
P116K,116,0.757085157,4,0.9026269435882568,0.0738336657412217,0.14554178658825678,0.8855274319648743,0.925950825214386,0.9774839878082275,0.9397990703582764,0.78437340259552
P116L,116,0.967893742,4,0.7667169570922852,0.030863722332836685,0.20117678490771485,0.7626142501831055,0.7831749320030212,0.8056120872497559,0.7597525119781494,0.7224310040473938
P116M,116,0.8873577159999999,4,0.8836814045906067,0.0786633994474674,0.0036763114093931737,0.8189788460731506,0.9301636219024658,0.8846213221549988,0.9878582954406738,0.7967849373817444
P116N,116,0.798706012,4,0.9286783456802368,0.08194593683937541,0.12997233368023675,0.9967973232269287,0.936836838722229,0.996609628200531,0.9163278341293335,0.7968201041221619
P116R,116,0.866110465,4,0.9453434944152832,0.07184960160841065,0.07923302941528321,0.9663655757904053,0.9986683130264282,1.0201627016067505,0.8886604309082031,0.8528604507446289
P116W,116,0.6697759329999999,4,0.7171530246734619,0.0286189774276962,0.047377091673461935,0.6954500675201416,0.6805707216262817,0.7514520287513733,0.7279611825942993,0.7303311228752136
P116V,116,0.995438783,4,0.8358066082000732,0.07597850426754492,0.15963217479992675,0.8113678097724915,0.8901463747024536,0.933732271194458,0.8017396330833435,0.7420469522476196
P116H,116,0.957915718,4,0.9292985677719117,0.06005742480461963,0.028617150228088306,0.8706312775611877,0.9497328996658325,1.0196409225463867,0.9261428713798523,0.8803448677062988
T118E,118,0.968561259,3,0.33010239601135255,0.025184631836880966,0.6384588629886474,0.3233374059200287,0.32863089442253113,0.3204570412635803,0.3056051731109619,0.37248146533966064
T118K,118,0.935110089,3,0.4652149438858032,0.05425831437037904,0.46989514511419683,0.4365795850753784,0.429038941860199,0.5505650043487549,0.4221460521221161,0.48774513602256775
T118P,118,0.914555342,3,0.4304617941379547,0.10950393536434413,0.4840935478620453,0.3851003050804138,0.32348325848579407,0.602121114730835,0.4698370099067688,0.3717672824859619
T118L,118,0.740609471,3,0.8168932199478149,0.03431369204056958,0.07628374894781498,0.7888863682746887,0.7910512089729309,0.8212093114852905,0.8099409341812134,0.8733782768249512
T118Q,118,0.431430156,3,0.5540513634681702,0.040606000540145744,0.12262120746817018,0.5185693502426147,0.5249863862991333,0.6207895874977112,0.5571540594100952,0.5487574338912964
T118M,118,1.028596151,3,0.8588474035263062,0.043869227295459425,0.16974874747369373,0.8027829527854919,0.8401265144348145,0.9023752212524414,0.844300389289856,0.904651939868927
T118G,118,1.0794473759999998,3,0.8024459838867187,0.03542335118133031,0.2770013921132811,0.8284143805503845,0.742750346660614,0.8284825682640076,0.8002146482467651,0.8123679757118225
T118R,118,1.075945956,3,0.5603531002998352,0.05645550755650832,0.5155928557001648,0.6095485687255859,0.49998459219932556,0.6081878542900085,0.49887052178382874,0.5851739645004272
T118F,118,0.821936138,3,0.594610047340393,0.04044205579291806,0.22732609065960696,0.6346325874328613,0.6228251457214355,0.6114977598190308,0.5629098415374756,0.5411849021911621
T118V,118,1.102547436,3,0.9579962015151977,0.03484619387721944,0.14455123448480234,0.9220540523529053,0.9212990403175354,0.9945234656333923,0.9868278503417969,0.9652765989303589
T118C,118,0.664138517,3,0.9543654561042786,0.03138887369627563,0.29022693910427855,0.9359762072563171,0.9454226493835449,0.9265087842941284,1.0066986083984375,0.9572210311889648
T118A,118,0.926080768,3,0.887669312953949,0.06634973616641462,0.038411455046051035,0.7901552319526672,0.8747475147247314,0.9393404722213745,0.959102988243103,0.8750003576278687
T118S,118,1.1260705359999998,3,0.8574860692024231,0.04877316595964388,0.26858446679757675,0.8257945775985718,0.9148800373077393,0.8971520662307739,0.7973522543907166,0.852251410484314
T118W,118,0.566295592,3,0.7159548282623291,0.07045959418291992,0.14965923626232913,0.7397009134292603,0.632104754447937,0.6675599813461304,0.7252851724624634,0.8151233196258545
K119L,119,0.436804662,1,0.7258228421211242,0.051867389055816636,0.28901818012112424,0.7976576685905457,0.6776562333106995,0.7232873439788818,0.6761993765830994,0.754313588142395
K119M,119,0.68244842,1,0.6284496068954468,0.02777290310091279,0.05399881310455312,0.6598720550537109,0.5968190431594849,0.6056171655654907,0.652434229850769,0.6275055408477783
K119N,119,0.581489331,1,0.6741206169128418,0.09819920733598146,0.09263128591284175,0.8098015189170837,0.6267686486244202,0.5747924447059631,0.6163974404335022,0.7428430318832397
K119P,119,0.107780174,1,0.3934135437011719,0.11866692809484172,0.28563336970117187,0.5423117280006409,0.3968525826931,0.2292696237564087,0.4590326249599457,0.33960115909576416
K119E,119,0.306043937,1,0.6753946304321289,0.061594451487834496,0.3693506934321289,0.7497442960739136,0.6612603068351746,0.5958982110023499,0.7233906984329224,0.6466796398162842
K119R,119,0.81886623,1,0.9485833525657654,0.04883730327112287,0.1297171225657654,1.0001044273376465,0.9022707939147949,0.9090281128883362,1.0017191171646118,0.9297943115234375
K119S,119,0.917280608,1,0.8124940752983093,0.03678571759785122,0.1047865327016907,0.8335968852043152,0.7644796967506409,0.7837987542152405,0.8282028436660767,0.8523921966552734
K119T,119,0.935183029,1,0.7231237769126893,0.05861182519921127,0.2120592520873108,0.7564449310302734,0.6463856101036072,0.6784343123435974,0.7463946342468262,0.7879593968391418
K119V,119,0.586869996,1,0.8316963672637939,0.08886726580686564,0.24482637126379392,0.813445508480072,0.6839200854301453,0.8914490938186646,0.8748054504394531,0.8948616981506348
K119W,119,0.611573067,1,0.72553551197052,0.05694823895828726,0.11396244497052,0.7087743878364563,0.6931496262550354,0.682494044303894,0.7189956307411194,0.824263870716095
K119Y,119,0.782340266,1,0.7821768522262573,0.05766973851439397,0.00016341377374262667,0.8125202655792236,0.7387147545814514,0.7163311243057251,0.782670795917511,0.8606473207473755
K119G,119,0.438653156,1,0.6536662936210632,0.08584760547724052,0.21501313762106322,0.7262759208679199,0.5659501552581787,0.5628742575645447,0.670129120349884,0.7431020140647888
K119Q,119,0.75738944,1,0.9151121735572815,0.06032934856709962,0.1577227335572815,0.9373762011528015,1.005784511566162,0.8676354885101318,0.8555044531822205,0.9092602133750916
K119A,119,0.712084852,1,0.7691258907318115,0.044075537321790044,0.05704103873181143,0.8263580799102783,0.7194547653198242,0.7424601912498474,0.7548631429672241,0.8024932742118835
K119C,119,0.787917696,1,1.0103183388710022,0.08353317837353287,0.22240064287100225,0.9055697917938232,1.050459384918213,0.9422067999839783,1.0460082292556763,1.1073474884033203
V120W,120,0.580382445,3,0.7031903982162475,0.0587177405914555,0.12280795321624749,0.6636183261871338,0.6517224311828613,0.7680762410163879,0.6661476492881775,0.7663873434066772
V120L,120,0.7319386440000001,3,0.7665579795837403,0.03407565486042636,0.034619335583740196,0.7274941802024841,0.793948233127594,0.7641175985336304,0.7399783730506897,0.807251513004303
V120I,120,0.7555648490000001,3,0.8782400846481323,0.0685257861884129,0.12267523564813221,0.8984993696212769,0.9227748513221741,0.7692330479621887,0.8583381175994873,0.9423550367355347
V120G,120,0.453207831,3,0.678135359287262,0.09160039475514706,0.22492752828726198,0.5709571838378906,0.7590087056159973,0.7559204697608948,0.5885233283042908,0.7162671089172363
V120F,120,0.8325521659999999,3,0.7354065537452698,0.022905336028017153,0.09714561225473017,0.7030869126319885,0.7595653533935547,0.750326931476593,0.7214214205741882,0.7426321506500244
V120E,120,0.468481881,3,0.5318782210350037,0.05678779637968648,0.06339634003500372,0.5122886896133423,0.6304397583007812,0.5273867249488831,0.4927089512348175,0.4965669810771942
V120D,120,0.147098822,3,0.24553030133247375,0.0784603308038362,0.09843147933247376,0.23664504289627075,0.273585706949234,0.1795148253440857,0.17329013347625732,0.364615797996521
V120C,120,0.878196742,3,0.8455493092536926,0.056597414403586586,0.032647432746307326,0.8161427974700928,0.7882880568504333,0.8500514030456543,0.9379819631576538,0.8352823257446289
V120A,120,0.936949615,3,0.8749186277389527,0.08824019852703886,0.06203098726104728,0.7467865347862244,0.888497531414032,0.9878584742546082,0.8458388447761536,0.9056117534637451
V120Q,120,0.946189695,3,0.8984364748001099,0.08370486177842562,0.047753220199890145,0.7917134761810303,0.9231281876564026,0.8559656143188477,0.9038000702857971,1.0175750255584717
V120R,120,0.808562442,3,0.8077479720115661,0.03916916528727571,0.0008144699884339301,0.784554123878479,0.86659175157547,0.8099176287651062,0.7622253894805908,0.8154509663581848
V120S,120,0.846247264,3,0.7849991917610168,0.06979422713653147,0.06124807223898321,0.7003653049468994,0.833670973777771,0.8673933744430542,0.7294850945472717,0.7940812110900879
V120T,120,0.941493406,3,0.8851429581642151,0.04081235056943197,0.05635044783578491,0.8285274505615234,0.928812563419342,0.8966153264045715,0.8592569828033447,0.9125024676322937
F121Y,121,1.007462839,2,1.047983717918396,0.08656089157139213,0.04052087891839595,0.999220609664917,1.0443391799926758,1.1832717657089233,1.060592532157898,0.9524945020675659
F121W,121,0.679499245,2,0.9190090537071228,0.07708496043974924,0.2395098087071228,0.88653165102005,0.925023078918457,0.8227310180664062,1.0345795154571533,0.9261800050735474
F121V,121,0.692736215,2,0.7286475658416748,0.021798237196082943,0.03591135084167474,0.7448249459266663,0.7509396076202393,0.7361307144165039,0.7017858624458313,0.7095566987991333
F121S,121,0.179098753,2,0.6065408229827881,0.08712918462760125,0.4274420699827881,0.5335637331008911,0.7407044172286987,0.628852367401123,0.6038858294487,0.5256977677345276
F121T,121,0.140270893,2,0.5623515605926513,0.08960516259637265,0.42208066759265134,0.4934389293193817,0.6719728112220764,0.6420938968658447,0.5316007733345032,0.4726513922214508
F121A,121,0.568239064,2,0.5714488804340363,0.08213600539526579,0.0032098164340362834,0.47969260811805725,0.7008247971534729,0.5888031125068665,0.5467654466629028,0.5411584377288818
F121R,121,0.266472179,2,0.5835918307304382,0.039370762725343636,0.3171196517304382,0.6117594838142395,0.6301250457763672,0.5707209706306458,0.5285486578941345,0.5768049955368042
F121C,121,1.188875305,2,0.7394819259643555,0.03332313038071379,0.4493933790356446,0.7527095079421997,0.726492702960968,0.6987606287002563,0.7312595844268799,0.7881872057914734
F121D,121,0.65932383,2,0.28556819558143615,0.017496404086647346,0.3737556344185639,0.2572110891342163,0.2805902063846588,0.2926006615161896,0.2983870804309845,0.2990519404411316
F121G,121,0.043888102,2,0.27514112591743467,0.05233149748251909,0.23125302391743469,0.20225763320922852,0.3480297029018402,0.2708366811275482,0.2650061845779419,0.2895754277706146
F121H,121,0.245694688,2,0.8693466067314148,0.04505552612790496,0.6236519187314149,0.8709462285041809,0.8437162637710571,0.8403265476226807,0.946916937828064,0.8448270559310913
F121E,121,-0.120171195,2,0.4632001221179962,0.05085693979138759,0.5833713171179962,0.49615854024887085,0.4994184672832489,0.4563271105289459,0.3774608373641968,0.48663565516471863
F121K,121,0.4621286779999999,2,0.6657463073730469,0.09397146542535056,0.20361762937304695,0.7265622019767761,0.6356728076934814,0.7967346906661987,0.569337785243988,0.60042405128479
F121L,121,0.816671465,2,0.8186298847198487,0.04296737491828245,0.0019584197198486697,0.8271845579147339,0.7589498162269592,0.8757213950157166,0.8310196995735168,0.8002739548683167
F121N,121,0.265664405,2,0.6738223433494568,0.06786902979687326,0.4081579383494568,0.5899251699447632,0.7508388757705688,0.719127893447876,0.6911044716835022,0.6181153059005737
F121P,121,-0.380088325,2,0.06231380701065063,0.1250208115175932,0.44240213201065065,0.055145323276519775,0.17584902048110962,0.1939713954925537,-0.10095709562301636,-0.012439608573913574
F121I,121,0.708917358,2,0.79909188747406,0.06484983519522543,0.09017452947406002,0.8892081379890442,0.8288108706474304,0.7422068119049072,0.731557309627533,0.8036763072013855
K122R,122,0.965115351,0,1.0727987051010133,0.06034695516844609,0.10768335410101326,1.07242751121521,1.1250309944152832,0.9792144298553467,1.0604169368743896,1.1269036531448364
K122P,122,0.3703778929999999,0,0.30689934492111204,0.0656235173215404,0.06347854807888786,0.2798641324043274,0.20559197664260864,0.3429715931415558,0.3346826136112213,0.37138640880584717
K122A,122,0.545087014,0,0.9831852316856384,0.09963207345737207,0.4380982176856384,1.149682879447937,0.9640434980392456,0.9081234931945801,0.9059842824935913,0.9880920052528381
K122Q,122,0.956860233,0,1.0084047794342041,0.03645228440654777,0.05154454643420414,0.9847018718719482,1.0680482387542725,0.9802414178848267,0.9908690452575684,1.0181633234024048
K122S,122,0.869291708,0,0.9922235012054443,0.05928008732410104,0.12293179320544434,1.0253738164901733,0.9906059503555298,0.9051269292831421,0.9762705564498901,1.0637402534484863
K122C,122,0.87182333,0,1.3160224676132202,0.089348915758813,0.44419913761322016,1.396831750869751,1.295005440711975,1.2722487449645996,1.2009696960449219,1.4150567054748535
K122V,122,1.006365823,0,1.0678956985473633,0.07625017218726685,0.06152987554736322,1.1606395244598389,1.1067558526992798,0.9676482677459717,1.0161365270614624,1.0882983207702637
K122W,122,0.6032837289999999,0,0.8752522110939026,0.03280360086192545,0.2719684820939027,0.868532657623291,0.8868415951728821,0.861445426940918,0.8355942964553833,0.9238470792770386
K122Y,122,0.843062005,0,1.0052183508872985,0.07365431393728489,0.16215634588729855,1.0244758129119873,0.8796645998954773,1.0111052989959717,1.071068525314331,1.0397775173187256
K122N,122,0.63062517,0,0.7148474216461181,0.049566480284003955,0.08422225164611818,0.7012317180633545,0.7899130582809448,0.6563663482666016,0.7304314374923706,0.6962945461273193
K122T,122,1.049894498,0,0.9844109654426575,0.07195302416141429,0.06548353255734252,0.9928548336029053,1.0114928483963013,0.8693408966064453,0.9823533892631531,1.0660128593444824
K122M,122,0.71086716,0,0.8041084170341491,0.02892916793200311,0.0932412570341491,0.8037915229797363,0.7826603055000305,0.7717697620391846,0.8174111843109131,0.8449093103408813
K122F,122,0.800606418,0,0.9741678714752198,0.05948266856595638,0.17356145347521978,1.0648131370544434,0.9152714610099792,0.9874294996261597,0.9263786673545837,0.9769465923309326
K122D,122,0.053636719,0,0.7706054449081421,0.08724818364080487,0.7169687259081421,0.8565172553062439,0.8268886804580688,0.6301342248916626,0.7788729071617126,0.7606141567230225
K122E,122,0.529665857,0,0.9534139513969422,0.07627202487613348,0.42374809439694217,0.9523433446884155,1.0762851238250732,0.8705079555511475,0.9504199028015137,0.9175134301185608
K122G,122,0.50892448,0,0.6701117038726807,0.050721733626841924,0.1611872238726807,0.615637481212616,0.730473518371582,0.6279772520065308,0.6632595658302307,0.7132107019424438
K122H,122,0.33817578,0,1.2021697759628296,0.03408449227400254,0.8639939959628296,1.1695069074630737,1.2227586507797241,1.1932729482650757,1.1748583316802979,1.2504520416259766
K122I,122,1.165175117,0,0.8791801571846009,0.08677240973063931,0.28599495981539913,0.8591358661651611,1.0306613445281982,0.8275308609008789,0.8607199788093567,0.8178527355194092
K122L,122,0.74568242,0,0.999833345413208,0.058396593649111796,0.25415092541320805,1.086135983467102,1.013088583946228,0.9243150949478149,0.9913380146026611,0.9842890501022339
S123R,123,0.148026268,4,0.5758976578712464,0.0667310544771051,0.4278713898712464,0.6810709238052368,0.5005685091018677,0.5639009475708008,0.5473136901855469,0.5866342186927795
S123Y,123,0.695645121,4,0.8861890316009522,0.041448260256242285,0.19054391060095222,0.8924803137779236,0.9325662851333618,0.8964964151382446,0.818699836730957,0.8907023072242737
S123A,123,0.660565771,4,0.7347561240196228,0.0377742195300127,0.07419035301962273,0.7634868621826172,0.7461522221565247,0.7696001529693604,0.6781942844390869,0.7163470983505249
S123E,123,1.052478689,4,0.6618621349334717,0.047846773039621496,0.3906165540665283,0.703994631767273,0.6477158069610596,0.6409645080566406,0.6003516912460327,0.7162840366363525
S123V,123,0.540319065,4,0.7334136724472046,0.020885818441916348,0.19309460744720452,0.7456730008125305,0.7549034357070923,0.7419859170913696,0.7213011384010315,0.703204870223999
S123W,123,0.65375618,4,0.742463231086731,0.02600168108208638,0.08870705108673094,0.7259387969970703,0.7073502540588379,0.7512348890304565,0.7538290023803711,0.773963212966919
S123P,123,0.105589043,4,0.6193871259689331,0.02602713492034642,0.513798082968933,0.5979183912277222,0.60832679271698,0.5998393893241882,0.6593592762947083,0.6314917802810669
S123M,123,0.330440583,4,0.7529952049255371,0.019328543686585313,0.42255462192553706,0.7516639828681946,0.7360400557518005,0.7835428714752197,0.7369450926780701,0.7567840218544006
S123L,123,0.007717462,4,0.6819222331047058,0.03249491588417292,0.6742047711047058,0.7065913081169128,0.6675841212272644,0.6924407482147217,0.6322448253631592,0.710750162601471
S123G,123,0.939442529,4,0.6742688179016113,0.051828609437648714,0.2651737110983887,0.7360281944274902,0.6764802932739258,0.6101400852203369,0.6368430852890015,0.7118524312973022
S124F,124,0.878673006,2,0.7678894758224487,0.0920852299408031,0.11078353017755127,0.888445258140564,0.8029029369354248,0.6382763981819153,0.7322982549667358,0.7775245308876038
S124N,124,0.576369555,2,0.9315293908119202,0.1448353667462107,0.35515983581192023,0.9062792658805847,1.1584159135818481,0.9705544114112854,0.7855846285820007,0.8368127346038818
S124P,124,1.155961028,2,0.690096378326416,0.10380004048339789,0.4658646496735839,0.8019793033599854,0.6678694486618042,0.6048688888549805,0.7946820259094238,0.5810822248458862
S124L,124,0.93456585,2,0.8495038151741028,0.05908471794731013,0.08506203482589725,0.9344081878662109,0.8537413477897644,0.7675816416740417,0.8459224104881287,0.8458654880523682
S124K,124,1.207311992,2,0.8304394960403443,0.0326455039216482,0.37687249595965566,0.7986456155776978,0.8746359944343567,0.8364272117614746,0.7978586554527283,0.8446300029754639
S124I,124,0.937546776,2,0.8342609882354737,0.16657261233573137,0.10328578776452635,1.033522605895996,0.94162517786026,0.6720157265663147,0.6548161506652832,0.8693252801895142
S124A,124,1.110310947,2,0.9902542471885681,0.05792179707179656,0.12005669981143197,0.996971845626831,1.0205249786376953,0.8924251198768616,0.9979045391082764,1.0434447526931763
S124D,124,1.0778696490000002,2,1.0602240562438965,0.08740675800661428,0.017645592756103667,1.1779192686080933,1.0999321937561035,1.0730053186416626,0.9595416188240051,0.9907218813896179
S124Y,124,0.996411403,2,0.7879379749298095,0.08405817578765244,0.20847342807019043,0.7359493374824524,0.7679989337921143,0.8227849006652832,0.6986337304115295,0.9143229722976685
S124W,124,0.900435975,2,0.7506009221076966,0.036400741625507556,0.14983505289230348,0.7237187623977661,0.8066554665565491,0.7177361249923706,0.7656452655792236,0.7392489910125732
S124V,124,1.10059832,2,0.9324821829795837,0.06758847694319091,0.16811613702041628,0.9784383773803711,0.8723182082176208,0.9179934859275818,0.8696311116218567,1.0240297317504883
S124H,124,0.849315145,2,0.9967613220214844,0.06868902266443908,0.14744617702148433,1.052258014678955,0.9599362015724182,1.01750910282135,0.8957210183143616,1.058382272720337
S124Q,124,1.2217755609999998,2,1.0120158195495605,0.07822817318069264,0.2097597414504393,1.0608406066894531,0.98131263256073,0.959159255027771,0.9351629018783569,1.1236037015914917
S124E,124,0.832002193,2,0.9289288878440857,0.08681567771668447,0.09692669484408567,0.9363470077514648,1.0123966932296753,0.7960487604141235,0.997816801071167,0.9020351767539978
S124G,124,1.075064775,2,0.6820149779319763,0.08204776816438213,0.3930497970680237,0.7275912761688232,0.5884261131286621,0.6051186919212341,0.7789449095726013,0.7099938988685608
S124R,124,0.7338547320000001,2,0.7591917514801025,0.03931025578517459,0.025337019480102474,0.7381285429000854,0.8156377673149109,0.7099706530570984,0.7701672315597534,0.7620545625686646
S125Q,125,0.871203242,1,0.7486960649490356,0.05348682142768554,0.12250717705096437,0.7324692606925964,0.8347461223602295,0.7489185333251953,0.7393849492073059,0.6879614591598511
S125A,125,0.827444438,1,0.8652777791023254,0.08102078683477987,0.03783334110232539,0.9815004467964172,0.7587825655937195,0.8909708857536316,0.8397864699363708,0.855348527431488
S125L,125,1.007647745,1,0.6376632809638977,0.033391313724577036,0.3699844640361024,0.6334380507469177,0.6210688948631287,0.6925495862960815,0.637569785118103,0.6036900877952576
S125E,125,0.994671549,1,0.874794316291809,0.11381503153564139,0.11987723270819095,0.8760862946510315,0.9113826155662537,0.793893575668335,1.0429414510726929,0.7496676445007324
S125G,125,0.801125847,1,1.0035421133041382,0.12140773986427535,0.20241626630413823,1.160109519958496,0.8952654600143433,0.9043636322021484,1.105114221572876,0.9528577327728271
S125K,125,0.8920599909999999,1,0.6060048639774323,0.11681097861986807,0.28605512702256763,0.6095052361488342,0.5014265775680542,0.6780830025672913,0.7583717107772827,0.48263779282569885
S125W,125,1.112026132,1,0.7341226935386658,0.06534182804576334,0.37790343846133423,0.7917835116386414,0.7830479145050049,0.764595091342926,0.6428042650222778,0.6883826851844788
S125V,125,0.917957409,1,0.8447715520858765,0.05645196044964406,0.07318585691412349,0.8340921998023987,0.7598536610603333,0.8401021957397461,0.9085741639137268,0.8812355399131775
S125T,125,1.242813521,1,1.0980228900909423,0.034906782023076934,0.14479063090905764,1.1149225234985352,1.0591728687286377,1.065981388092041,1.1077736616134644,1.1422640085220337
S125R,125,0.591509399,1,0.7469759464263916,0.07394212875554686,0.15546654742639165,0.8137807250022888,0.7955381870269775,0.7750498056411743,0.7198245525360107,0.6306864619255066
S125C,125,1.092673452,1,1.0741219162940978,0.11453165675812599,0.01855153570590229,1.1678496599197388,1.132190227508545,0.8936650156974792,1.1490236520767212,1.0278810262680054
G126E,126,0.802536412,2,0.654873275756836,0.08920177755231266,0.14766313624316407,0.6079147458076477,0.7103372812271118,0.7812209129333496,0.5601514577865601,0.6147419810295105
G126C,126,1.020476273,2,0.8480491995811462,0.07422967013535982,0.17242707341885388,0.9140625596046448,0.8602405190467834,0.8853535652160645,0.85910964012146,0.7214797139167786
G126Y,126,0.812249152,2,0.5594482123851776,0.0796564420362141,0.2528009396148224,0.5523401498794556,0.6052243709564209,0.6679984331130981,0.4683055579662323,0.5033725500106812
G126F,126,0.816455322,2,0.5470093548297882,0.07098551511951551,0.26944596717021185,0.5026184320449829,0.6270087957382202,0.6053915023803711,0.5445095896720886,0.4555184543132782
G126R,126,0.781014889,2,0.6699135065078735,0.042029745139606445,0.11110138249212653,0.6671062111854553,0.6079628467559814,0.7259864807128906,0.6698776483535767,0.6786343455314636
G126V,126,0.7357114790000001,2,0.6607434511184692,0.06611662175343196,0.0749680278815309,0.630102813243866,0.7082409858703613,0.7394912838935852,0.5709922313690186,0.6548899412155151
G126W,126,0.531272391,2,0.6466819047927856,0.07461085517267699,0.11540951379278563,0.6627010107040405,0.6871983408927917,0.7391403317451477,0.5532011985778809,0.5911686420440674
N127C,127,0.942902901,0,1.0641241073608398,0.09585718533014222,0.12122120636083988,1.2012778520584106,1.1003550291061401,1.0719261169433594,0.9647161960601807,0.9823453426361084
N127E,127,1.004794983,0,0.7908181190490723,0.01677684720611667,0.21397686395092774,0.7709277272224426,0.7853039503097534,0.8052088618278503,0.7816268801689148,0.8110231757164001
N127F,127,0.76670739,0,0.8390174984931946,0.048456478555710406,0.07231010849319464,0.9056011438369751,0.8721520304679871,0.7868744134902954,0.812966525554657,0.8174933791160583
N127G,127,0.764228149,0,0.8220351815223694,0.03237001819435414,0.057807032522369406,0.8669830560684204,0.7900145649909973,0.8283385038375854,0.7909606099128723,0.8338791728019714
N127I,127,0.641558556,0,0.8043024659156799,0.04748653076016559,0.16274390991567989,0.7827534079551697,0.8875243663787842,0.7732738852500916,0.7790473699569702,0.798913300037384
N127L,127,0.975602299,0,0.8632002830505371,0.04327663774903894,0.11240201594946286,0.9234361052513123,0.8932117223739624,0.8225544691085815,0.8320673108100891,0.8447318077087402
N127V,127,0.8599130140000001,0,0.8495059370994568,0.036201706143353565,0.010407076900543322,0.9088294506072998,0.8344411849975586,0.8445735573768616,0.8111556172370911,0.8485298752784729
N127R,127,0.998579398,0,0.9041472673416138,0.055976142332400364,0.09443213065838618,0.8233816623687744,0.9355182647705078,0.878498911857605,0.913807213306427,0.9695302844047546
N127S,127,1.305198269,0,0.8475484728813172,0.02149560215433024,0.45764979611868273,0.861128032207489,0.8115233778953552,0.8447301387786865,0.8557669520378113,0.8645938634872437
N127Y,127,1.00534637,0,0.8740568876266479,0.04567511321794864,0.13128948237335214,0.8285147547721863,0.8332699537277222,0.9318850040435791,0.867607593536377,0.9090071320533752
N127A,127,0.74960265,0,0.9528873324394226,0.03733684196642552,0.20328468243942255,1.0154460668563843,0.9240782856941223,0.9554530382156372,0.9256023168563843,0.943856954574585
I128A,128,0.335191666,0,0.5415731906890869,0.07010787431624559,0.20638152468908694,0.5531762838363647,0.5092016458511353,0.6315469741821289,0.5701683759689331,0.44377267360687256
I128Y,128,0.552149355,0,0.5827939987182618,0.08685076093532931,0.03064464371826181,0.5290811657905579,0.5613086223602295,0.6227895021438599,0.711314857006073,0.4894758462905884
I128W,128,0.149180869,0,0.369235098361969,0.1775679365197478,0.220054229361969,0.44873273372650146,0.4168679416179657,0.4235348403453827,0.5000214576721191,0.05701851844787598
I128V,128,1.012761381,0,0.8211151957511902,0.022932170905226527,0.19164618524880983,0.8496105670928955,0.8199090957641602,0.7860474586486816,0.8211250901222229,0.8288837671279907
I128T,128,0.1729281319999999,0,0.5044483304023742,0.05666626683210035,0.33152019840237434,0.4522435665130615,0.5624516010284424,0.5004560947418213,0.5615838766098022,0.4455065131187439
I128S,128,0.164465476,0,0.2292988955974579,0.061714233250703895,0.06483341959745789,0.17610418796539307,0.29834476113319397,0.27710187435150146,0.23825496435165405,0.15668869018554688
I128R,128,0.118515339,0,0.028152716159820557,0.05115379230896963,0.09036262284017944,-0.01530301570892334,0.08206218481063843,0.03286480903625488,0.07317686080932617,-0.03203725814819336
I128P,128,0.3040622089999999,0,0.0851061463356018,0.05027200976474458,0.2189560626643981,0.06414139270782471,0.16793382167816162,0.08966279029846191,0.06896406412124634,0.03482866287231445
I128M,128,0.728536022,0,0.6939093828201294,0.061841432299862525,0.03462663917987063,0.6957221031188965,0.6927115321159363,0.6751614212989807,0.7889318466186523,0.6170200109481812
I128L,128,0.738383076,0,0.7455952167510986,0.04420066721330075,0.007212140751098661,0.7348066568374634,0.7472781538963318,0.7571216225624084,0.8058656454086304,0.6829040050506592
I128K,128,-0.154900074,0,0.12256886959075927,0.06302497218111011,0.27746894359075924,0.15616309642791748,0.16047316789627075,0.11398714780807495,0.16617834568023682,0.016042590141296387
I128H,128,0.1901104589999999,0,0.30129191279411316,0.14061328776649112,0.11118145379411326,0.4213610291481018,0.32312941551208496,0.21760421991348267,0.4387606084346771,0.10560429096221924
I128G,128,0.059733759,0,0.08323875665664673,0.052106108940496824,0.023504997656646737,-0.00550997257232666,0.10425704717636108,0.09448343515396118,0.13173401355743408,0.09122925996780396
I128F,128,0.551402314,0,0.7271129488945007,0.08374460749804605,0.17571063489450078,0.8074092864990234,0.7739697098731995,0.7247297763824463,0.7409517765045166,0.5885041952133179
I128E,128,0.190058238,0,0.07007063627243042,0.09424132472877296,0.11998760172756957,-0.02182835340499878,0.040544331073760986,0.05684340000152588,0.22950518131256104,0.04528862237930298
I128D,128,-0.047180836,0,0.06912386417388916,0.10058461194880426,0.11630470017388916,-0.010059535503387451,0.08005726337432861,0.0921599268913269,0.21925866603851318,-0.03579699993133545
I128N,128,-0.009880142,0,0.037450659275054934,0.09379638234370577,0.047330801275054936,-0.015253186225891113,0.1164175271987915,0.04971134662628174,0.13062816858291626,-0.09425055980682373
I128C,128,0.634910425,0,0.6820978999137879,0.0657013790793934,0.04718747491378794,0.6964231729507446,0.7223865389823914,0.6945369243621826,0.7293040752410889,0.5678387880325317
S129C,129,0.6341313120000001,1,1.0259191274642945,0.12216075550615672,0.3917878154642944,0.9016673564910889,0.9920222759246826,0.9360264539718628,1.1961055994033813,1.1037739515304565
S129M,129,0.7461086809999999,1,0.9164998412132264,0.07491208485208109,0.17039116021322642,0.8958696126937866,0.8011565208435059,0.946208119392395,1.0027146339416504,0.9365503191947937
S129V,129,0.92273686,1,0.6660084962844849,0.10505719274066777,0.2567283637155151,0.6759698390960693,0.5827502608299255,0.5370436906814575,0.7710171341896057,0.7632615566253662
S129R,129,0.897678795,1,0.7946586966514587,0.03897896759558014,0.10302009834854131,0.7860283851623535,0.7812953591346741,0.7553634643554688,0.8599593043327332,0.7906469702720642
S129P,129,0.059876242,1,0.21825239658355713,0.07246521440862219,0.15837615458355714,0.22540169954299927,0.31248849630355835,0.11179095506668091,0.2398476004600525,0.20173323154449463
S129N,129,0.949614538,1,0.8452545404434204,0.03497218079569724,0.10435999755657954,0.8921356797218323,0.8444225788116455,0.8005427122116089,0.8632089495658875,0.8259627819061279
S129L,129,0.781452923,1,0.8372320652008056,0.07914669767315152,0.0557791422008056,0.7773081660270691,0.7471625804901123,0.8253733515739441,0.910584032535553,0.9257321953773499
S129K,129,1.187849869,1,0.8817968010902405,0.07531101224051982,0.3060530679097594,0.8653458952903748,0.8759320974349976,0.8045431971549988,1.007267713546753,0.8558951020240784
S129W,129,1.229139152,1,0.8863605260848999,0.09269016056798123,0.3427786259151,0.8843286037445068,0.7713499069213867,0.8287699222564697,1.0095187425613403,0.9378354549407959
S129I,129,1.047120333,1,0.6743557095527649,0.15165903899478414,0.37276462344723515,0.6476672887802124,0.5721826553344727,0.4963034987449646,0.7957996129989624,0.8598254919052124
S129G,129,0.588451591,1,0.6585329055786133,0.05271120133184076,0.07008131457861333,0.5747931599617004,0.6689596772193909,0.6816748976707458,0.7167748808860779,0.6504619121551514
S129F,129,0.608919574,1,0.8444613695144654,0.059813087242503116,0.2355417955144654,0.7930115461349487,0.7718698978424072,0.8714559078216553,0.8711206912994385,0.914848804473877
S129E,129,0.8248885440000001,1,0.9188604116439819,0.04933436612412859,0.0939718676439818,0.9475769996643066,0.8426985740661621,0.9267333745956421,0.9723013043403625,0.9049918055534363
S129D,129,0.7935548579999999,1,0.8773791909217834,0.10512204712831935,0.08382433292178348,1.0500001907348633,0.8436402082443237,0.7982959747314453,0.898588240146637,0.796371340751648
S129A,129,1.212606577,1,0.8959418892860412,0.06509229075863834,0.31666468771395884,0.8760456442832947,0.8418028950691223,0.8792716860771179,1.0092265605926514,0.87336266040802
S129H,129,1.467040197,1,0.9019150972366333,0.08254294819014772,0.5651250997633667,0.8682147860527039,0.8136674761772156,0.8706678152084351,1.0315184593200684,0.9255069494247437
L130I,130,0.842021501,2,0.970308494567871,0.02513914433106092,0.1282869935678711,1.0050233602523804,0.9487419724464417,0.9851799607276917,0.9452542662620544,0.9673429131507874
L130K,130,0.086315951,2,0.08391717672348023,0.12336994968241477,0.0023987742765197717,0.15146470069885254,0.021960556507110596,-0.09288966655731201,0.11224871873855591,0.2268015742301941
L130G,130,0.032457362,2,0.13191711902618408,0.13468252691056457,0.09945975702618409,0.145430326461792,-0.05030679702758789,0.08542728424072266,0.15629351139068604,0.3227412700653076
L130M,130,0.8916395890000001,2,0.8631844639778137,0.05933572960134983,0.02845512502218639,0.8334112763404846,0.7897608280181885,0.8570907115936279,0.9477971792221069,0.8878623247146606
L130E,130,0.023363911,2,-0.023896384239196777,0.10069928544648762,0.04726029523919678,-0.0778544545173645,-0.0788835883140564,-0.05453091859817505,-0.06352901458740234,0.1553160548210144
L130P,130,0.293088673,2,0.2687380015850067,0.055266949241003754,0.024350671414993308,0.2692117691040039,0.27331534028053284,0.1769387125968933,0.3102636933326721,0.3139604926109314
L130D,130,-0.156676191,2,-0.1030133843421936,0.10176475024012453,0.053662806657806386,-0.14026111364364624,-0.14120042324066162,-0.16555464267730713,-0.14616036415100098,0.07810962200164795
L130F,130,0.849222547,2,0.6484232723712922,0.11632830162209962,0.20079927462870784,0.6743862628936768,0.44323310256004333,0.696029543876648,0.699679970741272,0.7287874817848206
L130R,130,0.19980743,2,0.11332533955574035,0.13002842269656412,0.08648209044425965,0.10916143655776978,0.12540477514266968,-0.08977150917053223,0.1510406732559204,0.27079132199287415
L130S,130,-0.028143189,2,0.17822266817092897,0.10363682467428866,0.20636585717092898,0.21804875135421753,0.07947242259979248,0.11990213394165039,0.13352465629577637,0.340165376663208
L130T,130,0.282731574,2,0.34023351669311525,0.09662533309019551,0.05750194269311526,0.4309130907058716,0.27868232131004333,0.26363810896873474,0.26820412278175354,0.459729939699173
L130V,130,1.10033117,2,0.8718043327331543,0.06772335002300359,0.22852683726684575,0.9583612680435181,0.7715033292770386,0.8603863716125488,0.8712232708930969,0.8975474238395691
L130W,130,0.294200706,2,0.19094096422195433,0.11773082299033645,0.10325974177804564,0.15668857097625732,0.026440680027008057,0.16748952865600586,0.2706478536128998,0.3334381878376007
L130A,130,0.498265051,2,0.589677357673645,0.1160208502290455,0.09141230667364503,0.5886660218238831,0.45084190368652344,0.5795930624008179,0.556879997253418,0.7724058032035828
Y131W,131,0.8218662170000001,0,0.7520242214202881,0.03292785863452654,0.06984199557971194,0.7142099738121033,0.7857658863067627,0.7380420565605164,0.7344990968704224,0.7876040935516357
Y131V,131,0.543668886,0,0.7508366107940674,0.03409074740224264,0.20716772479406742,0.7085298895835876,0.7720944285392761,0.7461452484130859,0.7316624522209167,0.7957510352134705
Y131T,131,0.133867645,0,0.42495394349098203,0.09929689726683322,0.291086298490982,0.29121342301368713,0.4923625886440277,0.5284615755081177,0.35343122482299805,0.4593009054660797
Y131S,131,0.07317947,0,0.41717777848243714,0.08760178557181966,0.3439983084824372,0.3473737835884094,0.4158809185028076,0.5605550408363342,0.34461820125579834,0.41746094822883606
Y131R,131,0.114924076,0,0.4587471842765808,0.11177533323666203,0.3438231082765808,0.360606849193573,0.41216927766799927,0.6099059581756592,0.368050754070282,0.5430030822753906
Y131P,131,-0.069617774,0,0.12537089586257935,0.08417563177130986,0.19498866986257934,0.023268699645996094,0.2012222409248352,0.21113479137420654,0.13458561897277832,0.056643128395080566
Y131M,131,0.858334934,0,0.7211874723434448,0.060505014394772565,0.13714746165655523,0.6332165002822876,0.748304545879364,0.692062258720398,0.7409500479698181,0.7914040088653564
Y131L,131,1.129506915,0,0.7988641023635864,0.0374610745212927,0.3306428126364135,0.7947211861610413,0.7971813678741455,0.8392800092697144,0.740571141242981,0.82256680727005
Y131K,131,-0.1679439039999999,0,0.46288575530052184,0.14486960773792582,0.6308296593005217,0.32268470525741577,0.44973140954971313,0.6279648542404175,0.32137802243232727,0.5926697850227356
Y131H,131,0.874782915,0,0.730463182926178,0.057761133164251514,0.1443197320738221,0.733944296836853,0.7782711982727051,0.7785900235176086,0.6372252702713013,0.7242851257324219
Y131G,131,0.051872079,0,0.2793543815612793,0.0943760365884752,0.22748230256127927,0.18256020545959473,0.20209431648254395,0.41355738043785095,0.3265252709388733,0.27203473448753357
Y131E,131,-0.152517999,0,0.27689274549484255,0.13792509764852234,0.4294107444948425,0.0798526406288147,0.20579320192337036,0.4368327856063843,0.31125694513320923,0.3507281541824341
Y131C,131,0.611355569,0,0.8605017185211181,0.04184725832806445,0.24914614952111813,0.9202747941017151,0.8690268397331238,0.8354659080505371,0.8088983297348022,0.8688427209854126
Y131A,131,0.291488328,0,0.4995306611061096,0.1140950559883935,0.2080423331061096,0.3385722041130066,0.5396477580070496,0.6504757404327393,0.4588254690170288,0.5101321339607239
Y131I,131,1.031468986,0,0.7693162441253663,0.08605381332789298,0.26215274187463367,0.7792682647705078,0.7777374982833862,0.7741824388504028,0.6369543075561523,0.8784387111663818
C132Y,132,0.417266412,4,0.8304323077201843,0.038639677944052465,0.4131658957201843,0.8680235743522644,0.8015382885932922,0.8618626594543457,0.7792947888374329,0.8414422273635864
C132W,132,0.641004814,4,0.6724447846412659,0.06333745497085666,0.03143997064126591,0.7335698008537292,0.6739020347595215,0.7299033403396606,0.5824097394943237,0.6424390077590942
C132V,132,0.628884682,4,0.7824981808662415,0.034327281735422155,0.15361349886624143,0.7382702827453613,0.8279961347579956,0.7774838209152222,0.80246901512146,0.7662716507911682
C132S,132,0.910517216,4,0.8094136834144592,0.05538605121261088,0.10110353258554083,0.7747628092765808,0.7778308391571045,0.8119828701019287,0.7778459787368774,0.9046459197998047
C132R,132,1.0015523240000002,4,0.613420832157135,0.039493868769262,0.3881314918428651,0.6442749500274658,0.6514976620674133,0.5669368505477905,0.628885805606842,0.5755088925361633
C132Q,132,1.456350735,4,0.9405421257019043,0.061159537909930305,0.5158086092980957,0.9141117930412292,1.033320426940918,0.905990481376648,0.8801677823066711,0.9691201448440552
C132L,132,0.741143815,4,0.7926482915878296,0.02745965039167607,0.05150447658782953,0.7587600350379944,0.8304410576820374,0.8015428185462952,0.7980471253395081,0.774450421333313
C132F,132,0.4350724929999999,4,0.6801607370376587,0.035666740995365785,0.24508824403765878,0.7049325704574585,0.7056934833526611,0.6279075741767883,0.6577832698822021,0.7044867873191833
C132D,132,0.448581114,4,0.4417349636554718,0.09361108428427702,0.006846150344528179,0.5917826890945435,0.4730719029903412,0.4006154537200928,0.3753337264060974,0.3678710460662842
C132A,132,1.07748794,4,0.8480123281478882,0.07155218991688413,0.22947561185211174,0.77475506067276,0.7658059597015381,0.8885685205459595,0.9128037691116333,0.89812833070755
C132G,132,0.8633297679999999,4,0.749013078212738,0.02379546927016461,0.11431668978726195,0.7492561936378479,0.764311671257019,0.7273937463760376,0.7242586612701416,0.779845118522644
C133H,133,0.348741319,4,0.628393292427063,0.10809142416031489,0.279651973427063,0.800830602645874,0.5640553832054138,0.5274267792701721,0.5884857177734375,0.6611679792404175
C133G,133,0.746832092,4,0.8276992678642273,0.047871196401742644,0.08086717586422731,0.8082046508789062,0.7736243605613708,0.8513511419296265,0.807618260383606,0.897697925567627
C133I,133,1.010430635,4,0.790283715724945,0.049249997446087865,0.22014691927505503,0.773572564125061,0.8153313994407654,0.7601351737976074,0.7393480539321899,0.8630313873291016
C133K,133,-0.045243664,4,0.7261240720748902,0.06392198145450827,0.7713677360748902,0.7434292435646057,0.750229001045227,0.6529001593589783,0.672764241695404,0.8112977147102356
C133L,133,0.951264017,4,0.718568754196167,0.06150875965997578,0.23269526280383301,0.7024938464164734,0.6888547539710999,0.6681724786758423,0.7082387208938599,0.8250839710235596
C133M,133,0.803223357,4,0.8567233443260193,0.08349941782872339,0.05349998732601924,0.773717999458313,0.7622102499008179,0.9005914330482483,0.8989478945732117,0.9481491446495056
C133N,133,0.17374645,4,0.7103248000144958,0.1346467639430156,0.5365783500144958,0.87520432472229,0.756853461265564,0.6331346035003662,0.5244655013084412,0.7619661092758179
C133Q,133,0.510490859,4,0.8678137183189392,0.08909696765010416,0.35732285931893915,0.858022928237915,0.8183903098106384,0.802139937877655,0.8377833962440491,1.0227320194244385
C133F,133,0.551968922,4,0.6293397426605225,0.04836973894007264,0.07737082066052248,0.6722475290298462,0.5824294090270996,0.571167528629303,0.6605048775672913,0.6603493690490723
C133R,133,0.10173833,4,0.6614874601364136,0.044865601786701556,0.5597491301364136,0.6704632043838501,0.600715696811676,0.6761024594306946,0.6390103101730347,0.7211456298828125
C133S,133,0.728041763,4,0.7924902081489563,0.05516900453810565,0.06444844514895631,0.7306389808654785,0.826618492603302,0.765839695930481,0.7696985602378845,0.8696553111076355
C133T,133,1.031600625,4,0.9085843801498413,0.03406491016669998,0.12301624485015872,0.8591814637184143,0.925385594367981,0.9230964183807373,0.8898395895957947,0.9454188346862793
C133V,133,0.874575853,4,0.7095976948738099,0.027238488066029385,0.1649781581261901,0.7031304836273193,0.6790022850036621,0.6908758282661438,0.7310333847999573,0.7439464926719666
C133W,133,-0.0802870909999999,4,0.6112907528877258,0.029790163942347486,0.6915778438877257,0.58805912733078,0.5878092050552368,0.6215120553970337,0.600481390953064,0.6585919857025146
C133Y,133,-0.284056678,4,0.6674203395843505,0.06040805760703727,0.9514770175843505,0.7135670185089111,0.6002643704414368,0.6328680515289307,0.6441144943237305,0.7462877631187439
C133P,133,-0.291681536,4,0.25557339787483213,0.08756096228067534,0.5472549338748322,0.22349590063095093,0.2259206771850586,0.1823561191558838,0.2385094165802002,0.40758487582206726
C133E,133,0.046230334,4,0.37907426953315737,0.07870509776077153,0.3328439355331574,0.3809088170528412,0.39333847165107727,0.2858082056045532,0.33736103773117065,0.4979548156261444
C133D,133,-0.22276821,4,0.36590068936347964,0.05784679012187288,0.5886688993634797,0.36930471658706665,0.43890073895454407,0.3113245964050293,0.3058561086654663,0.40411728620529175
C133A,133,1.006951748,4,0.9657823443412781,0.05142468081262549,0.041169403658722015,0.9579756259918213,0.9148882627487183,0.9506929516792297,0.9527943134307861,1.052560567855835
S134H,134,0.8366271000000001,0,1.2437941312789917,0.07621833292033839,0.4071670312789917,1.2296490669250488,1.3530205488204956,1.1816492080688477,1.2852139472961426,1.1694378852844238
S134C,134,0.744038104,0,0.9408128023147583,0.0685894230693892,0.19677469831475825,0.8778096437454224,0.9380340576171875,0.8893231749534607,0.9479052424430847,1.0509918928146362
S134E,134,0.537175868,0,0.7741678714752197,0.07423314175284004,0.23699200347521976,0.7696214914321899,0.7275598645210266,0.679874062538147,0.8606823682785034,0.8331015706062317
S134F,134,0.411003875,0,0.4091165721416473,0.02559029891626546,0.0018873028583527018,0.4372609257698059,0.38895541429519653,0.40637725591659546,0.3800406754016876,0.43294858932495117
S134G,134,0.6478025279999999,0,0.6384969592094422,0.07483541597660343,0.009305568790557772,0.56442791223526,0.7488855123519897,0.679731011390686,0.5964052677154541,0.6030350923538208
S134K,134,0.926729879,0,0.6231722354888916,0.03624384625034452,0.3035576435111085,0.6489476561546326,0.5810036063194275,0.5900304317474365,0.6635388135910034,0.632340669631958
S134A,134,0.7577032920000001,0,0.7386913180351258,0.03927121718826943,0.019011973964874307,0.7475844621658325,0.788390040397644,0.6943836808204651,0.7036684155464172,0.7594299912452698
S134L,134,0.201890385,0,0.5117285668849945,0.03672810943874118,0.30983818188499446,0.560833752155304,0.4832456707954407,0.5067242383956909,0.4720902144908905,0.5357489585876465
S134N,134,1.037654795,0,1.3494386196136474,0.0941552617071582,0.3117838246136475,1.4790308475494385,1.3659756183624268,1.233159065246582,1.3815605640411377,1.2874670028686523
S134P,134,0.8201612159999999,0,0.7061628818511962,0.04526805307134232,0.11399833414880367,0.7534339427947998,0.7317561507225037,0.7009505033493042,0.6336609721183777,0.7110128402709961
S134R,134,0.726127145,0,0.7104480385780334,0.0517242515750932,0.01567910642196657,0.7854099869728088,0.6562489867210388,0.6672970652580261,0.7176331877708435,0.72565096616745
S134T,134,0.853485973,0,0.8219813704490662,0.04500359750418343,0.03150460255093379,0.8204986453056335,0.8884148597717285,0.7797554731369019,0.8392934203147888,0.7819444537162781
S134V,134,-0.033983616,0,0.5591949462890625,0.038394591988861713,0.5931785622890625,0.5724559426307678,0.5437352657318115,0.5574605464935303,0.5088595747947693,0.6134634017944336
S134W,134,0.569629656,0,0.4961859941482544,0.044734767578457305,0.07344366185174567,0.48824867606163025,0.5288736820220947,0.5168663263320923,0.4214434325695038,0.5254978537559509
S134Y,134,0.525160335,0,0.5638198852539062,0.09515059307435067,0.038659550253906216,0.500706672668457,0.5550167560577393,0.519099235534668,0.5140834450721741,0.7301933169364929
S134M,134,0.535252937,0,0.5313067674636841,0.05284706523900266,0.00394616953631588,0.6161869168281555,0.4871799945831299,0.502977728843689,0.5012228488922119,0.5489663481712341
I135H,135,0.5118077679999999,4,0.3827356338500977,0.04042825779565206,0.12907213414990226,0.3422202169895172,0.4208236634731293,0.42186373472213745,0.3394744396209717,0.38929611444473267
I135G,135,0.004512548,4,0.22378624081611634,0.082519686787064,0.21927369281611633,0.23809564113616943,0.1898919939994812,0.13160818815231323,0.20502805709838867,0.3543073236942291
I135K,135,0.311545827,4,0.10064656734466552,0.056021194064449394,0.21089925965533446,0.05067986249923706,0.08688873052597046,0.056109845638275146,0.12296700477600098,0.186587393283844
I135E,135,-0.071383447,4,0.14068591594696045,0.10776063690735849,0.21206936294696044,0.002405107021331787,0.2073063850402832,0.04848527908325195,0.20066893100738525,0.24456387758255005
I135F,135,-0.686968318,4,0.9112347602844239,0.03677381911958351,1.5982030782844239,0.8752428889274597,0.9599948525428772,0.8933954238891602,0.8872637748718262,0.9402768611907959
I135L,135,1.145693432,4,0.95823575258255,0.10864659574875336,0.18745767941745006,0.8615230321884155,0.8594722747802734,0.9554807543754578,0.9923384189605713,1.1223642826080322
I135D,135,0.064066197,4,0.18779674768447877,0.09783365306636604,0.12373055068447876,0.06985300779342651,0.19785809516906738,0.10763901472091675,0.27262628078460693,0.2910073399543762
I135P,135,0.501489163,4,0.4234645485877991,0.05418191152418329,0.07802461441220093,0.41059207916259766,0.3758608102798462,0.3992384076118469,0.41513657569885254,0.516494870185852
I135Q,135,0.226995036,4,0.37689756155014037,0.037557995300536114,0.14990252555014036,0.3415461778640747,0.43198341131210327,0.3768649995326996,0.34292030334472656,0.3911729156970978
I135R,135,0.042758816,4,0.22471542954444884,0.03918018772438019,0.18195661354444884,0.2293451428413391,0.22120094299316406,0.17740398645401,0.21038931608200073,0.28523775935173035
I135S,135,-0.0299444289999999,4,0.377120703458786,0.04352586177617151,0.4070651324587859,0.314544677734375,0.3859190046787262,0.35400626063346863,0.42243531346321106,0.40869826078414917
I135T,135,0.484328848,4,0.5425426363945007,0.04378815614903857,0.058213788394500754,0.49180495738983154,0.5088343620300293,0.5623546838760376,0.6020419597625732,0.547677218914032
I135M,135,0.988440488,4,0.8500530242919921,0.11934264215342187,0.1383874637080078,0.761699378490448,0.7720014452934265,1.054996371269226,0.8179800510406494,0.8435878753662109
I135C,135,0.815285094,4,1.0720442533493042,0.0969224576587842,0.25675915934930416,1.0506277084350586,0.9204097986221313,1.0773036479949951,1.1590627431869507,1.1528173685073853
I135V,135,0.8527444479999999,4,0.8507685899734497,0.07392942447359561,0.0019758580265502035,0.8225985169410706,0.7783610820770264,0.7938382029533386,0.9390196800231934,0.9200254678726196
I135W,135,0.8285499129999999,4,0.8152291059494019,0.07366018274661706,0.013320807050598016,0.7240867614746094,0.7610102891921997,0.8160167336463928,0.8891451954841614,0.885886549949646
I135A,135,0.58472698,4,0.623125433921814,0.010934747832140743,0.03839845392181396,0.6189415454864502,0.6286771297454834,0.6371844410896301,0.6229386329650879,0.6078854203224182
I135Y,135,1.199369153,4,0.8047937750816345,0.07731157765169312,0.3945753779183654,0.7793073058128357,0.7486913800239563,0.7245033979415894,0.8689659833908081,0.9025008082389832
F136A,136,0.41150659,1,0.7051119923591613,0.053087409279030086,0.2936054023591613,0.7784806489944458,0.6875454187393188,0.711077094078064,0.7168803215026855,0.6315764784812927
F136D,136,0.769529605,1,0.5596456587314605,0.08338234774982058,0.20988394626853946,0.6457161903381348,0.5151857733726501,0.629203200340271,0.5649229288101196,0.4432002007961273
F136E,136,0.524400106,1,0.6295707583427429,0.03715581407253135,0.10517065234274292,0.65997713804245,0.6346859931945801,0.6476939916610718,0.6401927471160889,0.5653039216995239
F136G,136,0.55804232,1,0.5805523455142975,0.05680103703456944,0.022510025514297483,0.6310026049613953,0.6284704804420471,0.5935906171798706,0.5539035797119141,0.4957944452762604
F136K,136,0.89149209,1,0.4627611219882965,0.1142359003100555,0.42873096801170346,0.529247522354126,0.5724509954452515,0.49476948380470276,0.43945276737213135,0.277884840965271
F136L,136,0.868554037,1,0.892826235294342,0.05825927462764315,0.024272198294342018,0.956638514995575,0.8816023468971252,0.8003919720649719,0.9082408547401428,0.9172574877738953
F136M,136,0.590545195,1,0.9852189183235168,0.08038153389347215,0.3946737233235168,0.9568778276443481,1.0201270580291748,0.8723390102386475,1.0904804468154907,0.9862702488899231
F136Q,136,0.625251896,1,0.7145051240921021,0.06486693937244316,0.08925322809210212,0.751128077507019,0.799987256526947,0.6520577073097229,0.720054566860199,0.6492980122566223
F136R,136,0.553899225,1,0.47919737696647646,0.11267071265869798,0.07470184803352353,0.5985230803489685,0.4575966000556946,0.5377626419067383,0.5021224021911621,0.2999821603298187
F136S,136,0.603857489,1,0.655224347114563,0.049008801717054455,0.051366858114562985,0.6806288957595825,0.6833356618881226,0.7034104466438293,0.6227889657020569,0.5859577655792236
F136V,136,0.599868913,1,0.7611642479896545,0.023936602237995385,0.16129533498965454,0.7711387276649475,0.7378107309341431,0.7331029176712036,0.7825464010238647,0.7812224626541138
F136W,136,0.977479179,1,0.7988685131072998,0.09892112246243696,0.17861066589270025,0.7857837080955505,0.9693683981895447,0.7649028897285461,0.7608775496482849,0.7134100198745728
D137G,137,0.690449158,4,0.8347672820091248,0.02225472625881321,0.1443181240091248,0.833295464515686,0.8023922443389893,0.8418636322021484,0.8319773077964783,0.8643077611923218
D137L,137,0.754379336,4,0.5860915362834931,0.07628591219667234,0.16828779971650687,0.5891023874282837,0.5823976397514343,0.5675548911094666,0.4891013205051422,0.7023014426231384
D137R,137,0.590356973,4,0.7379638671875,0.048530910528231504,0.14760689418749995,0.7155178785324097,0.7217352986335754,0.761109471321106,0.6824926137924194,0.8089640736579895
D137V,137,0.726391983,4,0.49319360256195066,0.08942823694246821,0.2331983804380493,0.4671083688735962,0.5613408088684082,0.4546649754047394,0.37923410534858704,0.6036197543144226
D137W,137,0.411571305,4,0.4824775278568268,0.10819977923089844,0.0709062228568268,0.4362412095069885,0.38223594427108765,0.541904091835022,0.40912267565727234,0.6428837180137634
L138F,138,0.719442307,3,0.9541284322738648,0.08982029086700642,0.2346861252738648,0.9506263732910156,1.095812439918518,0.8807089328765869,0.8732879161834717,0.9702064990997314
L138A,138,0.939481173,3,0.6662135243415832,0.04284556705346147,0.2732676486584168,0.6343033313751221,0.675159752368927,0.6716480851173401,0.6199259757995605,0.7300304770469666
L138E,138,0.6222007070000001,3,0.2927761375904083,0.08755179686472593,0.32942456940959175,0.2774723470211029,0.2718549370765686,0.34306254982948303,0.16878008842468262,0.40271076560020447
L138G,138,0.045070367,3,0.3633004665374756,0.04034017224894728,0.3182300995374756,0.3891734778881073,0.2959969639778137,0.3561100661754608,0.38142842054367065,0.39379340410232544
L138K,138,0.1094951719999999,3,0.34416645765304565,0.05903738346178807,0.23467128565304574,0.38111668825149536,0.3970479369163513,0.3829287588596344,0.2777300179004669,0.2820088863372803
L138P,138,-0.036320829,3,0.3785626232624054,0.0255805919818436,0.4148834522624054,0.40379101037979126,0.36750781536102295,0.3397791087627411,0.3857783377170563,0.3959568440914154
L138R,138,-0.072999168,3,0.3239322125911713,0.05580760158094412,0.3969313805911713,0.3960261344909668,0.31894826889038086,0.35177189111709595,0.24520987272262573,0.307704895734787
L138S,138,0.495141691,3,0.401876825094223,0.05099161798572322,0.09326486590577698,0.4504943788051605,0.31749844551086426,0.4236449599266052,0.3957306146621704,0.4220157265663147
L138T,138,0.447916755,3,0.5588464260101318,0.03902013719205554,0.11092967101013179,0.5482969284057617,0.5104675889015198,0.5807787179946899,0.5421798229217529,0.6125090718269348
L138V,138,1.14724571,3,0.8704925179481506,0.04912857139794489,0.27675319205184934,0.7984289526939392,0.8810162544250488,0.848458468914032,0.8986272811889648,0.9259316325187683
L138W,138,0.605973997,3,0.7927110433578491,0.0518902901276776,0.18673704635784916,0.8336169123649597,0.7849615812301636,0.7988576292991638,0.7089232802391052,0.8371958136558533
P139M,139,0.647141732,4,1.213469958305359,0.09963043305782045,0.566328226305359,1.106824278831482,1.3686087131500244,1.207402229309082,1.2330420017242432,1.151472568511963
P139T,139,1.271765327,4,1.5629384517669678,0.08794989874655751,0.2911731247669678,1.4295073747634888,1.6584267616271973,1.5937187671661377,1.6055439710617065,1.5274953842163086
P139S,139,0.711527625,4,1.313825249671936,0.06559413831837604,0.602297624671936,1.2438033819198608,1.419009804725647,1.279220461845398,1.3087575435638428,1.3183350563049316
P139A,139,0.966039756,4,1.179223394393921,0.06394038798508224,0.21318363839392096,1.1025638580322266,1.2574105262756348,1.2281639575958252,1.1353495121002197,1.1726291179656982
P139C,139,0.408842759,4,1.246418571472168,0.10305727419966608,0.8375758124721681,1.1686718463897705,1.4072482585906982,1.192285418510437,1.2920395135879517,1.1718478202819824
P139E,139,0.96809956,4,1.2286335229873657,0.07463204542670265,0.26053396298736575,1.1063389778137207,1.2863585948944092,1.2817418575286865,1.210853934288025,1.2578742504119873
P139V,139,0.943332067,4,1.1669235229492188,0.06292327360935186,0.2235914559492187,1.1283072233200073,1.2689101696014404,1.1864515542984009,1.1334569454193115,1.1174917221069336
P139F,139,1.062203325,4,1.0010051608085633,0.023535639079016586,0.061198164191436755,0.9643518924713135,1.0240751504898071,0.9921984076499939,1.0146294832229614,1.0097708702087402
P139G,139,0.978152538,4,1.266877293586731,0.06639779499994189,0.28872475558673094,1.2334916591644287,1.385244607925415,1.2305573225021362,1.2407963275909424,1.2442965507507324
P139W,139,0.963300891,4,0.9636320829391479,0.052851032255979064,0.00033119193914787903,0.9703783392906189,1.0174152851104736,0.8923563957214355,1.0083550214767456,0.9296553730964661
P139Y,139,0.644178308,4,1.0441260933876038,0.06662657683622891,0.3999477853876038,0.9732509255409241,1.1219241619110107,1.0239635705947876,1.1063624620437622,0.9951293468475342
P139Q,139,1.180560689,4,1.3485490560531617,0.088344960623942,0.16798836705316167,1.2508983612060547,1.483797311782837,1.3340438604354858,1.3751771450042725,1.2988286018371582
P139H,139,1.152086439,4,1.2553967714309693,0.056820935074897536,0.10331033243096921,1.1577208042144775,1.3048312664031982,1.276999831199646,1.2613465785980225,1.276085376739502
P139R,139,1.022363995,4,1.1744118213653565,0.03175394597659426,0.1520478263653564,1.2087976932525635,1.1936317682266235,1.185706377029419,1.1530940532684326,1.1308292150497437
P139L,139,0.964184579,4,1.1672093152999878,0.08499688414145344,0.20302473629998785,1.0657991170883179,1.2465872764587402,1.240123987197876,1.1951625347137451,1.0883736610412598
R140I,140,1.23741293,1,1.0335835933685302,0.06162241829758774,0.20382933663146985,1.1185328960418701,0.9845141172409058,0.9660305976867676,1.0652329921722412,1.0336073637008667
R140K,140,0.8894341459999999,1,0.9520803809165954,0.04803351493374901,0.06264623491659549,0.9298227429389954,0.9839202165603638,0.9413421154022217,1.0143176317214966,0.8909991979598999
R140M,140,0.507550773,1,1.0641138792037963,0.06784794002314755,0.5565631062037963,1.0887258052825928,1.0214500427246094,0.9766438007354736,1.154083490371704,1.079666256904602
R140F,140,0.416613771,1,0.9489652633666992,0.08153070643645544,0.5323514923666992,1.0127791166305542,0.9638502597808838,0.8284579515457153,0.9111359119415283,1.0286030769348145
R140E,140,0.952784054,1,0.9188424468040466,0.10247308763114041,0.033941607195953405,1.0286022424697876,0.8645901679992676,0.886719822883606,1.0205235481262207,0.7937764525413513
R140A,140,0.796224499,1,1.0497540712356568,0.0726455857046594,0.25352957223565675,1.0400851964950562,0.9336014986038208,1.0604662895202637,1.1271177530288696,1.0874996185302734
R140P,140,0.660449894,1,1.0743616580963136,0.039140271937442336,0.4139117640963136,1.0743293762207031,1.1026008129119873,1.061596393585205,1.1168813705444336,1.0164003372192383
R140Q,140,1.008661658,1,1.067313051223755,0.03931822266320166,0.0586513932237549,1.1031488180160522,1.0717902183532715,1.0664345026016235,1.092879056930542,1.0023126602172852
R140S,140,0.7540329379999999,1,1.0425625562667846,0.04129268160088079,0.2885296182667847,1.0019077062606812,1.0673742294311523,1.0160653591156006,1.102160930633545,1.0253045558929443
R140T,140,0.892016563,1,1.1209775924682617,0.06144218175719651,0.2289610294682617,1.0553979873657227,1.1657447814941406,1.066290020942688,1.1971653699874878,1.1202898025512695
R140V,140,0.88782767,1,0.9897527456283569,0.053870635771736876,0.10192507562835695,0.9580872654914856,0.9372923970222473,0.9681864976882935,1.0726227760314941,1.0125747919082642
R140W,140,0.8534161140000001,1,0.9533730268478393,0.03837933509306701,0.09995691284783925,0.987359344959259,0.9095698595046997,0.9963617324829102,0.9222975969314575,0.9512766003608704
R140G,140,0.939024805,1,1.0041762471199036,0.05639869096309725,0.06515144211990365,0.9747523069381714,0.9512020349502563,0.9927132725715637,1.0986192226409912,1.0035943984985352
R140L,140,1.110746645,1,1.014237403869629,0.04481985920999986,0.09650924113037118,1.0004528760910034,1.0154398679733276,0.9542962312698364,1.07896888256073,1.022029161453247
T141C,141,0.637545619,1,0.88226158618927,0.12466187791003368,0.24471596718927002,0.817027747631073,0.844575822353363,0.9667418003082275,1.048292875289917,0.7346696853637695
T141D,141,0.600664355,1,1.0729099988937378,0.061273665097579255,0.4722456438937378,0.9886053800582886,1.1470386981964111,1.0365490913391113,1.0984764099121094,1.0938804149627686
T141Y,141,0.651553832,1,0.9501826286315918,0.04252836677087503,0.2986287966315917,0.9353066086769104,0.9035094976425171,0.9616957902908325,0.9336637854576111,1.016737461090088
T141W,141,0.8410863279999999,1,0.8916263580322266,0.07071641645607543,0.050540030032226624,0.9993841648101807,0.8648243546485901,0.9213691353797913,0.8180914521217346,0.8544626832008362
T141V,141,1.07920013,1,0.8879974603652954,0.028198532156744838,0.19120266963470467,0.9250627160072327,0.8585929274559021,0.9101296067237854,0.8710358738899231,0.8751661777496338
T141G,141,0.861732871,1,0.9651547908782959,0.029519728292084116,0.10342191987829596,1.004400372505188,0.9500745534896851,0.9380526542663574,0.9444963932037354,0.9887499809265137
T141S,141,0.923949672,1,1.0126384496688843,0.023225369271586013,0.08868877766888428,0.9920859336853027,1.0469367504119873,0.9899117946624756,1.01611328125,1.0181444883346558
T141R,141,0.857157635,1,0.822950565814972,0.03951498517948673,0.03420706918502803,0.8338484168052673,0.8152775168418884,0.8773657083511353,0.7672427892684937,0.821018397808075
T141Q,141,0.989280371,1,0.9073736190795898,0.0736245877667651,0.08190675192041019,0.9996819496154785,0.9447534084320068,0.8194996118545532,0.8466658592224121,0.9262672662734985
T141P,141,0.6899411440000001,1,0.769999098777771,0.09125483113455563,0.08005795477777089,0.917351245880127,0.7004252672195435,0.7970287799835205,0.7339297533035278,0.7012604475021362
T141M,141,1.2226320309999998,1,0.9204254269599914,0.043670410036496396,0.30220660404000843,0.9726587533950806,0.9255955219268799,0.8887061476707458,0.865527331829071,0.9496393799781799
T141L,141,0.978762426,1,0.873010003566742,0.036390829297961155,0.105752422433258,0.8838136196136475,0.9109194278717041,0.8725090622901917,0.8129813075065613,0.8848266005516052
T141K,141,0.981185453,1,0.6541118741035461,0.07685839153836864,0.32707357889645394,0.6481761932373047,0.7881722450256348,0.6083643436431885,0.6046892404556274,0.6211573481559753
T141I,141,0.839334285,1,0.7761927366256713,0.03701325497953855,0.06314154837432862,0.7556008100509644,0.8301873207092285,0.7991359829902649,0.7516707181930542,0.744368851184845
T141A,141,0.834077685,1,1.000649082660675,0.07956747818123744,0.16657139766067508,1.0423612594604492,1.0531619787216187,0.8924635052680969,0.9404547214508057,1.0748039484024048
T141E,141,0.606547895,1,1.1339054584503174,0.09171483604154447,0.5273575634503175,1.1155176162719727,1.2877556085586548,1.0430043935775757,1.1254560947418213,1.0977935791015625
T141F,141,1.001332998,1,1.0716058731079101,0.03105220102931913,0.07027287510791003,1.1098837852478027,1.0638158321380615,1.08071768283844,1.0247507095336914,1.0788613557815552
N142I,142,0.974903625,3,0.9636571049690247,0.04857124828410816,0.011246520030975371,0.9407219886779785,0.993310809135437,1.0291635990142822,0.9513350129127502,0.9037541151046753
N142W,142,0.8483341109999999,3,0.8486536502838135,0.04115217506622025,0.00031953928381356356,0.8592500686645508,0.8864606618881226,0.8838817477226257,0.7911182045936584,0.8225575685501099
N142A,142,1.037556018,3,0.9417983651161194,0.08813682480256782,0.09575765288388072,0.9413897395133972,0.9127903580665588,1.091320514678955,0.863562822341919,0.8999283909797668
N142C,142,1.16377013,3,1.0402020812034607,0.03815822795598075,0.12356804879653938,1.004626750946045,1.0679926872253418,1.0454472303390503,0.9981386065483093,1.0848051309585571
N142D,142,0.929706359,3,0.9903622150421143,0.07239274489972254,0.06065585604211432,0.9896868467330933,1.1063272953033447,0.9114269018173218,0.9545373916625977,0.9898326396942139
N142E,142,0.836494739,3,0.9521672368049622,0.0777246861636088,0.11567249780496214,1.0181483030319214,1.0479836463928223,0.8776448965072632,0.8833486437797546,0.9337106943130493
N142F,142,0.8637566459999999,3,1.041805338859558,0.012079593475327784,0.17804869285955816,1.0502442121505737,1.053450584411621,1.0224874019622803,1.0401253700256348,1.0427191257476807
N142G,142,0.908922729,3,0.8539214730262756,0.04529272081902214,0.055001255973724406,0.8147900104522705,0.8961144089698792,0.8416057229042053,0.8100733160972595,0.9070239067077637
N142K,142,0.565184004,3,1.0716087579727174,0.06951662803800132,0.5064247539727174,1.1306174993515015,1.1247752904891968,1.1036872863769531,0.9713045358657837,1.0276591777801514
N142H,142,1.03740564,3,0.9085565686225892,0.03455465859918062,0.12884907137741086,0.8577098250389099,0.9470846652984619,0.8975392580032349,0.9327270984649658,0.907721996307373
N142T,142,1.039011735,3,1.0109068870544433,0.05307303520685103,0.028104847945556788,1.0323207378387451,1.038991093635559,1.0450172424316406,1.0208762884140015,0.9173290729522705
N142S,142,0.730480013,3,1.061382818222046,0.03640822810334246,0.33090280522204596,1.0445911884307861,1.09432053565979,1.0659842491149902,1.0080033540725708,1.0940147638320923
N142R,142,0.938583172,3,0.9442846536636352,0.06865298041929808,0.005701481663635266,0.9233940839767456,0.9532637000083923,1.0488616228103638,0.8585431575775146,0.9373607039451599
N142Q,142,0.973642089,3,1.0657516717910767,0.038611694855789885,0.09210958279107662,1.1132029294967651,1.1011896133422852,1.0337748527526855,1.032006025314331,1.0485849380493164
N142P,142,1.09735495,3,0.7275118112564087,0.04238810414565427,0.3698431387435912,0.7532690167427063,0.7805001139640808,0.714730978012085,0.6682921648025513,0.7207667827606201
N142L,142,0.719524035,3,1.013442587852478,0.051416848637783084,0.29391855285247803,1.0286970138549805,1.03103506565094,1.075882911682129,0.9940297603607178,0.937568187713623
N142V,142,0.8913770109999999,3,1.0244733572006226,0.08060229163870601,0.13309634620062272,1.0913851261138916,1.0047582387924194,1.1251611709594727,0.9554353952407837,0.9456268548965454
N142Y,142,1.047238888,3,1.029521679878235,0.048042480354759144,0.017717208121765138,1.0003881454467773,0.97199547290802,1.0987532138824463,1.0301916599273682,1.0462799072265625
I143A,143,0.335844252,3,0.5413609504699707,0.06377141404950865,0.20551669846997067,0.46852654218673706,0.5268248319625854,0.6411455273628235,0.5540881156921387,0.5162197351455688
I143C,143,1.45756502,3,0.809691846370697,0.07475581357240411,0.6478731736293031,0.8908491134643555,0.7651777863502502,0.843795895576477,0.7031843662261963,0.845452070236206
I143V,143,1.263761717,3,0.8795341730117798,0.04370378610320019,0.3842275439882201,0.9067710041999817,0.8616660237312317,0.937819242477417,0.8245731592178345,0.8668414354324341
I143E,143,0.653008477,3,0.6015604496002197,0.042767486676913206,0.05144802739978027,0.6127472519874573,0.6422476768493652,0.6377723217010498,0.570647120475769,0.5443878769874573
I143F,143,1.240083015,3,0.7912395358085632,0.04197140711371701,0.44884347919143674,0.7460755705833435,0.8241273760795593,0.8461244106292725,0.7715004086494446,0.7683699131011963
I143G,143,0.33935773,3,0.6401872396469116,0.05681872960176496,0.3008295096469116,0.6027606129646301,0.6484915018081665,0.7345036268234253,0.6221340894699097,0.5930463671684265
I143H,143,1.039450084,3,0.5426918685436248,0.0971601806621537,0.4967582154563752,0.5019280910491943,0.657917320728302,0.635432243347168,0.47010838985443115,0.44807329773902893
I143L,143,1.059994443,3,0.7364129781723022,0.04121700379834523,0.3235814648276977,0.7152678966522217,0.7681699395179749,0.7914566397666931,0.7123777270317078,0.6947926878929138
I143M,143,0.688677845,3,0.7638364434242249,0.04966886823970592,0.0751585984242249,0.7979093790054321,0.7463291883468628,0.796698272228241,0.6839000582695007,0.7943453192710876
I143P,143,0.762103596,3,0.5213943064212799,0.052073792713949726,0.24070928957872006,0.5789381265640259,0.47252440452575684,0.5490153431892395,0.46008679270744324,0.5464068651199341
I143Q,143,0.668221837,3,0.6264450550079346,0.04809155099856405,0.04177678199206547,0.6333538293838501,0.5783698558807373,0.6606990098953247,0.5765392780303955,0.6832633018493652
I143R,143,0.477507561,3,0.5165948510169983,0.04701794373154936,0.03908729001699829,0.4613907039165497,0.5500615835189819,0.5492932796478271,0.4690075218677521,0.5532211661338806
I143Y,143,0.479123925,3,0.8078425645828247,0.06149194642644752,0.32871863958282466,0.8145817518234253,0.8153455257415771,0.7682822346687317,0.7394528985023499,0.9015504121780396
I143W,143,0.617692011,3,0.7536705613136292,0.08316177051450956,0.13597855031362915,0.8923885226249695,0.7124254107475281,0.6810688972473145,0.717366635799408,0.7651033401489258
I143S,143,0.36896023,3,0.6647599220275879,0.026047408113439172,0.29579969202758793,0.6728411316871643,0.6242625117301941,0.6942022442817688,0.6745309233665466,0.6579627990722656
G144Y,144,0.537500535,0,0.7943175792694092,0.09729550997734283,0.2568170442694092,0.8767266869544983,0.7205414175987244,0.7425654530525208,0.7109401226043701,0.9208142161369324
G144P,144,1.113422754,0,0.8382391929626465,0.06997713687833185,0.2751835610373534,0.9229266047477722,0.7573767900466919,0.8460778594017029,0.7788020968437195,0.886012613773346
G144N,144,0.580830052,0,0.896876049041748,0.049312633784369474,0.31604599704174796,0.9497824907302856,0.8851680755615234,0.8380797505378723,0.8658068776130676,0.9455430507659912
G144M,144,1.014773773,0,0.8551347613334656,0.07303300897286405,0.15963901166653438,0.9509133100509644,0.8020012974739075,0.7827579975128174,0.8272325992584229,0.9127686023712158
G144W,144,0.6768340629999999,0,0.7864829659461975,0.06785577828122823,0.10964890294619756,0.8290009498596191,0.6854165196418762,0.7800999879837036,0.7728692293167114,0.8650281429290771
G144L,144,0.7938665690000001,0,0.8206693768501282,0.09905411059382763,0.02680280785012812,0.9543770551681519,0.7117974758148193,0.8484399318695068,0.7336986064910889,0.855033814907074
G144H,144,0.772655835,0,0.9022244215011597,0.11467514540338246,0.12956858650115965,0.8699062466621399,0.9139682650566101,0.8690381646156311,0.7727833390235901,1.0854260921478271
G144V,144,0.551644946,0,0.8796069860458374,0.09289605442645886,0.3279620400458374,1.0236164331436157,0.7812482714653015,0.8785063624382019,0.8178858757019043,0.8967779874801636
G144A,144,0.713773593,0,0.8500628352165223,0.032605110058204156,0.13628924221652228,0.8459131717681885,0.8886443376541138,0.8540865778923035,0.7992833852767944,0.8623867034912109
G144S,144,0.930602722,0,0.88317312002182,0.060130980280913626,0.047429601978180025,0.9822192192077637,0.8855710625648499,0.8208858370780945,0.8629915118217468,0.8641979694366455
G144R,144,0.7455349720000001,0,0.8108151912689209,0.04939756161077419,0.0652802192689208,0.8315919041633606,0.793364942073822,0.7935027480125427,0.7521318197250366,0.8834845423698425
G144E,144,0.8531215120000001,0,0.9908574223518372,0.10429837306368732,0.13773591035183708,1.142347812652588,0.863844633102417,1.0326529741287231,0.9733426570892334,0.9420990347862244
K145Y,145,1.141677036,2,1.0770912647247315,0.07867691561736273,0.06458577127526843,0.9721782207489014,1.1285415887832642,1.083749771118164,1.0299005508422852,1.1710861921310425
K145W,145,0.593450234,2,0.9501251220703125,0.039931562582889484,0.35667488807031256,0.8998658657073975,0.9746112823486328,0.9223740100860596,0.9998002052307129,0.9539742469787598
K145P,145,0.8398020070000001,2,0.9722900032997132,0.0425271111117069,0.13248799629971308,0.9575186967849731,0.9212926626205444,1.0161479711532593,0.9496913552284241,1.0167993307113647
K145R,145,0.757032602,2,1.076423978805542,0.04549616501118988,0.3193913768055421,1.0056054592132568,1.0814224481582642,1.0646072626113892,1.1086853742599487,1.121799349784851
K145A,145,0.767310996,2,0.9000955820083618,0.024547360382276846,0.13278458600836185,0.886536180973053,0.8760195374488831,0.9335988759994507,0.8861028552055359,0.9182204604148865
K145C,145,0.867666355,2,0.9229223728179932,0.06226053276657147,0.055256017817993164,0.8497114777565002,0.957783043384552,0.9608296155929565,0.8619338274002075,0.9843538999557495
K145E,145,1.5223772619999998,2,0.7821301102638245,0.02105291234605614,0.7402471517361753,0.7662714719772339,0.8033618330955505,0.8016654253005981,0.7834377288818359,0.7559140920639038
K145G,145,0.925447755,2,0.9113116264343262,0.057977352329228446,0.014136128565673811,0.8708057403564453,0.9624247550964355,0.9845553636550903,0.8818776607513428,0.8568946123123169
K145I,145,1.048079581,2,0.6875147938728332,0.0729186069882636,0.3605647871271669,0.7806994318962097,0.7145440578460693,0.6096709370613098,0.6168461441993713,0.715813398361206
K145L,145,0.595327069,2,0.8248435020446777,0.028556696381109813,0.22951643304467773,0.8405205011367798,0.8507155179977417,0.7914981245994568,0.7962340712547302,0.8452492952346802
K145M,145,0.8125673790000001,2,0.9270765781402588,0.03588088409933879,0.1145091991402587,0.9248156547546387,0.9239593744277954,0.9575140476226807,0.8704192638397217,0.9586745500564575
K145Q,145,0.8749883359999999,2,1.0824512243270874,0.041405037005341365,0.20746288832708748,1.0846233367919922,1.046462893486023,1.1248879432678223,1.03501558303833,1.1212663650512695
K145V,145,0.909986072,2,0.8156036138534546,0.0271156264037611,0.09438245814654544,0.7892657518386841,0.8076298832893372,0.8478959798812866,0.7927497625350952,0.8404766917228699
K145T,145,0.979311495,2,0.8830536961555481,0.03211719517772902,0.09625779884445196,0.867516040802002,0.9208710193634033,0.8503717184066772,0.9140644669532776,0.8624452352523804
K145S,145,0.970234992,2,0.960556435585022,0.038650403045582954,0.009678556414977946,0.9054588079452515,0.9481292963027954,0.9835575819015503,1.0079678297042847,0.957668662071228
F146W,146,-0.222997184,2,0.7923688650131225,0.052731809362655556,1.0153660490131224,0.8481575846672058,0.7302209138870239,0.8285272121429443,0.8120843768119812,0.7428542375564575
F146M,146,0.511176702,2,0.8896531105041504,0.07684242212640688,0.37847640850415043,1.012727975845337,0.8238954544067383,0.8975480198860168,0.8883432149887085,0.8257508873939514
F146A,146,0.449429643,2,0.7681468009948731,0.06927296716417798,0.3187171579948731,0.7864493131637573,0.6948590278625488,0.7158203721046448,0.8717673420906067,0.7718379497528076
F146G,146,-0.002421903,2,0.3052921175956726,0.07425137342308996,0.3077140205956726,0.21550095081329346,0.2773643732070923,0.27564939856529236,0.35182300209999084,0.4061228632926941
F146K,146,0.108531114,2,0.32431319952011106,0.0859782962197175,0.21578208552011108,0.3526979386806488,0.3082151710987091,0.23080462217330933,0.45564866065979004,0.27419960498809814
F146V,146,0.700379972,2,0.815540874004364,0.025448500167596023,0.11516090200436402,0.8402128219604492,0.8139334321022034,0.8154661655426025,0.8333286046981812,0.7747633457183838
F146T,146,0.2075239739999999,2,0.7122622847557067,0.09895912053895706,0.5047383107557069,0.6821156740188599,0.7287806272506714,0.6149303317070007,0.8734787702560425,0.6620060205459595
F146S,146,-0.050419335,2,0.49090777039527894,0.05709319676408701,0.541327105395279,0.44277846813201904,0.5174134969711304,0.43085065484046936,0.5709707140922546,0.49252551794052124
F146R,146,-0.006794589,2,0.2810597479343414,0.0711845474507106,0.2878543369343414,0.2541099190711975,0.2577807307243347,0.21874231100082397,0.4036048948764801,0.27106088399887085
F146Q,146,0.666396737,2,0.5799865007400513,0.06038482771470016,0.0864102362599487,0.6195919513702393,0.5932894945144653,0.48216110467910767,0.5688207745552063,0.6360691785812378
F146N,146,0.392421168,2,0.3453914999961853,0.04662183133588641,0.047029668003814695,0.31683114171028137,0.3299998641014099,0.2942408621311188,0.37708184123039246,0.408803790807724
F146L,146,0.596091504,2,0.8267590761184692,0.024075223539326715,0.23066757211846922,0.7927217483520508,0.8526611924171448,0.8241094946861267,0.8467087745666504,0.8175941705703735
F146E,146,-0.085222962,2,0.42145952582359314,0.06969011256058058,0.5066824878235932,0.4333961009979248,0.4547345042228699,0.29870593547821045,0.45307815074920654,0.46738293766975403
D147V,147,0.183237094,0,0.4160820245742798,0.06838026673876733,0.2328449305742798,0.39157578349113464,0.505346417427063,0.3369438350200653,0.46668004989624023,0.37986403703689575
D147W,147,0.0926336,0,0.4060028612613678,0.11302996464862328,0.3133692612613678,0.20849233865737915,0.4883761703968048,0.467282772064209,0.42579740285873413,0.4400656223297119
D147T,147,0.394638736,0,0.6767302870750427,0.06377851503459937,0.2820915510750427,0.6317204833030701,0.6732601523399353,0.777041494846344,0.688413143157959,0.6132161617279053
D147Q,147,0.54826425,0,0.7187113046646119,0.048944598489702625,0.17044705466461185,0.6849128603935242,0.7837079763412476,0.7506766319274902,0.7116121053695679,0.6626469492912292
D147P,147,-0.0583245909999999,0,0.5116839468479156,0.10717802146241982,0.5700085378479155,0.533616304397583,0.603884756565094,0.58655846118927,0.4993334710597992,0.33502674102783203
D147M,147,0.21440355,0,0.45411760807037355,0.10483185277209284,0.23971405807037355,0.36343294382095337,0.590645432472229,0.34516772627830505,0.4454589784145355,0.5258829593658447
D147R,147,0.462325009,0,0.6216201066970826,0.08459552245141597,0.15929509769708255,0.6928573846817017,0.6743109226226807,0.6643874049186707,0.5885308384895325,0.48801398277282715
D147L,147,0.082365232,0,0.44867387413978577,0.073439052813024,0.36630864213978576,0.38983669877052307,0.557715892791748,0.37823113799095154,0.43583375215530396,0.4817518889904022
D147S,147,0.398271892,0,0.7745866656303406,0.020156584553864505,0.3763147736303406,0.7890269756317139,0.7734148502349854,0.7974877953529358,0.7673801183700562,0.7456235885620117
D147I,147,-0.051443558,0,0.26460921168327334,0.11688367847136992,0.31605276968327334,0.11876225471496582,0.3956335484981537,0.1660175919532776,0.32664376497268677,0.3159888982772827
D147G,147,0.313933883,0,0.695963978767395,0.0548411257719366,0.382030095767395,0.7117753028869629,0.7393583655357361,0.697988748550415,0.728667140007019,0.602030336856842
D147E,147,0.688561843,0,0.7052661061286927,0.05352920424946749,0.016704263128692665,0.6220296621322632,0.7552958726882935,0.6996178030967712,0.7496281266212463,0.6997590661048889
D147A,147,0.432785725,0,0.6568290233612061,0.05433560533035545,0.22404329836120607,0.6592077612876892,0.7461161017417908,0.6133711338043213,0.6524861454963684,0.6129639744758606
D147K,147,0.116822059,0,0.5384841382503509,0.08658468601242181,0.42166207925035093,0.4984380602836609,0.6601225137710571,0.5661608576774597,0.5423824787139893,0.42531678080558777
M148S,148,0.569592311,4,0.7652939915657043,0.08758117480110154,0.19570168056570436,0.6623374223709106,0.9035228490829468,0.7537595629692078,0.770155131816864,0.7366949915885925
M148R,148,0.465110057,4,0.35018134117126465,0.04121672365184062,0.11492871582873537,0.3772263526916504,0.33918872475624084,0.28396517038345337,0.3875151574611664,0.36301130056381226
M148I,148,0.78776511,4,0.9654030680656434,0.12185803699635132,0.1776379580656433,0.8300813436508179,1.1513128280639648,0.9325320720672607,1.0079530477523804,0.9051360487937927
M148Q,148,0.42219629,4,0.608318316936493,0.06829993279779803,0.186122026936493,0.529512882232666,0.7072919607162476,0.641170859336853,0.5909882187843323,0.5726276636123657
M148N,148,0.226717449,4,0.49962924122810365,0.09220467051765142,0.2729117922281037,0.39339616894721985,0.5780042409896851,0.546977162361145,0.5739882588386536,0.4057803750038147
M148L,148,1.127937479,4,0.8590686559677124,0.0743190388039224,0.26886882303228765,0.7571249604225159,0.9619483351707458,0.8472533226013184,0.8859297037124634,0.8430869579315186
M148K,148,-0.02857315,4,0.4079743564128876,0.048961182262374524,0.4365475064128876,0.398436576128006,0.4232916831970215,0.4842151403427124,0.36037346720695496,0.37355491518974304
M148W,148,0.903184039,4,0.7578494787216187,0.05550749279770893,0.14533456027838132,0.7032591104507446,0.8173326253890991,0.7200139760971069,0.7305496335029602,0.8180920481681824
M148H,148,0.7453244840000001,4,0.5867604672908783,0.09582294076870816,0.1585640167091218,0.45292505621910095,0.6556036472320557,0.7000362873077393,0.5563028454780579,0.5689345002174377
M148F,148,0.988229257,4,0.8260509133338928,0.05047402209309312,0.16217834366610717,0.7746904492378235,0.9091961979866028,0.8135074377059937,0.804243803024292,0.8286166787147522
M148E,148,0.048377817,4,0.35993191599845886,0.14159663414784332,0.3115540989984589,0.13391751050949097,0.4510699510574341,0.4075641334056854,0.31771934032440186,0.489388644695282
M148A,148,0.955463391,4,1.0892764329910278,0.12808983309371172,0.13381304199102784,1.0191198587417603,1.312225341796875,1.067943811416626,1.0544006824493408,0.9926924705505371
M148Y,148,1.092338033,4,0.6793898820877076,0.07870984168572936,0.41294815091229253,0.6079496741294861,0.73005211353302,0.7311517596244812,0.7474182844161987,0.5803775787353516
M148T,148,0.7397198509999999,4,0.7477228879928589,0.09789536745522591,0.00800303699285898,0.6155799627304077,0.8854291439056396,0.7411947846412659,0.7787516713142395,0.7176588773727417
M148G,148,0.4931549329999999,4,0.6260778546333313,0.11700052609499245,0.13292292163333141,0.5410799980163574,0.7348999977111816,0.7532294988632202,0.6143283843994141,0.48685139417648315
M148V,148,1.301631901,4,0.9520084738731385,0.1580883004152251,0.34962342712686145,0.7749330401420593,1.2001256942749023,0.9491552114486694,0.9664775729179382,0.8693508505821228
I149A,149,0.673636735,4,0.751426899433136,0.033454447502729565,0.07779016443313602,0.7524483799934387,0.7679609060287476,0.7241490483283997,0.7149901390075684,0.7975860238075256
I149E,149,-0.096939161,4,0.14650670289993287,0.07550702142156197,0.24344586389993286,0.05221074819564819,0.14187383651733398,0.148842453956604,0.1269007921218872,0.2627056837081909
I149G,149,0.002943866,4,0.2433225393295288,0.1249867894457021,0.2403786733295288,0.15262627601623535,0.3491118848323822,0.14776134490966797,0.15966129302978516,0.40745189785957336
I149C,149,0.967704156,4,0.5166134536266327,0.05772390168263638,0.45109070237336735,0.5382855534553528,0.5430921912193298,0.4839545786380768,0.4348040223121643,0.5829309225082397
I149M,149,0.8790978620000001,4,0.8862908005714416,0.028350516590744546,0.007192938571441543,0.9049783945083618,0.8675159215927124,0.901203989982605,0.9119004011154175,0.8458552956581116
I149P,149,-0.176185901,4,0.20356451272964476,0.08180595685920333,0.3797504137296448,0.13101261854171753,0.269588828086853,0.17968785762786865,0.12900704145431519,0.3085262179374695
I149Q,149,0.211545838,4,0.1361361026763916,0.05614641887866165,0.07540973532360842,0.09401339292526245,0.1811423897743225,0.08931535482406616,0.10494279861450195,0.21126657724380493
I149R,149,-0.008227534,4,0.2261871039867401,0.055995964778372424,0.23441463798674012,0.18550139665603638,0.28259098529815674,0.20931798219680786,0.16585183143615723,0.28767332434654236
I149S,149,0.4830503379999999,4,0.1565365433692932,0.08517046589326423,0.32651379463070673,0.05168330669403076,0.20773255825042725,0.14750546216964722,0.1061667799949646,0.26959460973739624
I149T,149,0.663087223,4,0.3492849111557007,0.08207661216816832,0.3138023118442993,0.22487735748291016,0.42469459772109985,0.3976316452026367,0.3081086575984955,0.3911122977733612
I149V,149,0.83206912,4,0.8248321056365967,0.02585899866205664,0.0072370143634032935,0.8264167308807373,0.8353641629219055,0.7801206111907959,0.845065712928772,0.8371933102607727
I149W,149,0.010001173,4,0.2325188100337982,0.087492599544585,0.2225176370337982,0.26523977518081665,0.2513282895088196,0.09755104780197144,0.21300768852233887,0.33546724915504456
I149K,149,-0.117612843,4,0.117159903049469,0.05003534553378051,0.234772746049469,0.05324012041091919,0.16058170795440674,0.10937809944152832,0.08897650241851807,0.17362308502197266
I149L,149,0.933976122,4,0.668939733505249,0.04822849537488166,0.265036388494751,0.7188445329666138,0.6828476190567017,0.6111614108085632,0.6255276799201965,0.7063174247741699
W150Y,150,0.996656934,3,0.8976426720619202,0.10307494355040983,0.09901426193807983,0.7615637183189392,1.0429999828338623,0.9379166960716248,0.8719098567962646,0.8738231062889099
W150K,150,-0.098672951,3,0.1257248640060425,0.060567010269450335,0.2243978150060425,0.21885746717453003,0.11981606483459473,0.1409376859664917,0.05890536308288574,0.0901077389717102
W150V,150,0.730351451,3,0.915589201450348,0.1197564885859211,0.18523775045034796,0.814063310623169,1.0121194124221802,1.073030948638916,0.8135488033294678,0.8651835322380066
W150T,150,-0.171078943,3,0.5547429382801056,0.11487304385399835,0.7258218812801056,0.6800861954689026,0.6377356052398682,0.5728215575218201,0.3955686092376709,0.48750272393226624
W150S,150,0.129664913,3,0.38175889253616335,0.12727422255249562,0.25209397953616336,0.5672783851623535,0.3007294237613678,0.40750691294670105,0.23100191354751587,0.4022778272628784
W150R,150,-0.106853065,3,0.1745058059692383,0.06474940781003914,0.2813588709692383,0.2206101417541504,0.14414125680923462,0.18188714981079102,0.0810900330543518,0.24480044841766357
W150Q,150,0.218859271,3,0.2969806671142578,0.05833800517891876,0.07812139611425781,0.31512364745140076,0.20670956373214722,0.31126415729522705,0.2855406701564789,0.36626529693603516
W150P,150,0.1957304,3,0.32537835240364077,0.07184132881979365,0.12964795240364077,0.3919171690940857,0.26508989930152893,0.2799556255340576,0.27513569593429565,0.41479337215423584
W150N,150,-0.248575976,3,0.26081121563911436,0.12374730602799201,0.5093871916391144,0.391614705324173,0.18912982940673828,0.2190508246421814,0.11591148376464844,0.3883492350578308
W150M,150,0.853359883,3,0.9173190355300903,0.11137860903619716,0.06395915253009032,0.8479141592979431,0.9161004424095154,1.1007144451141357,0.8118941783905029,0.9099719524383545
W150L,150,0.743478145,3,0.9920963883399964,0.16422149651095783,0.24861824333999638,0.8989695906639099,1.018476963043213,1.267218828201294,0.8644180297851562,0.9113985300064087
W150G,150,-0.037896594,3,0.140618634223938,0.13437894963820177,0.178515228223938,0.33424144983291626,-0.0259055495262146,0.1546318531036377,0.06543099880218506,0.17469441890716553
W150F,150,1.053759595,3,0.9424617528915405,0.16884097870046322,0.1112978421084595,0.8505860567092896,0.9646103978157043,1.228352665901184,0.8339458703994751,0.8348137736320496
W150D,150,0.042487328,3,0.20863037705421447,0.1313079773397485,0.16614304905421448,0.25454598665237427,0.08748304843902588,0.11752337217330933,0.1692284345626831,0.4143710434436798
W150C,150,1.244798776,3,0.685768973827362,0.033733780849621024,0.5590298021726381,0.7191477417945862,0.6962834000587463,0.7132917642593384,0.6469343900680542,0.6531875729560852
W150A,150,0.543043268,3,0.6057741343975067,0.1172404346848279,0.06273086639750669,0.7523019909858704,0.6417885422706604,0.6261585354804993,0.4294486343860626,0.5791729688644409
D151A,151,0.10838866,0,0.480644428730011,0.08311602317786491,0.372255768730011,0.5042141675949097,0.48338958621025085,0.5932510495185852,0.4598672389984131,0.3625001013278961
D151Y,151,0.042464252,0,0.21228262186050414,0.0514604379199967,0.16981836986050414,0.24027371406555176,0.22069960832595825,0.25673991441726685,0.21924352645874023,0.12445634603500366
D151F,151,0.330510791,0,0.17185845375061035,0.09535656294611426,0.15865233724938968,0.16914713382720947,0.20573747158050537,0.28291821479797363,0.18064391613006592,0.020845532417297363
D151G,151,-0.050815658,0,0.49941028356552125,0.15195858949933658,0.5502259415655213,0.668270468711853,0.5543543100357056,0.5824339985847473,0.4045984447002411,0.2873941957950592
D151I,151,-0.261268766,0,0.024004459381103516,0.13326597046938207,0.2852732253811035,0.120083749294281,-0.03079545497894287,0.16909831762313843,0.031776487827301025,-0.17014080286026
D151K,151,-0.188740028,0,0.2781154036521912,0.17785379007869698,0.4668554316521912,0.3450811803340912,0.333350270986557,0.39894580841064453,0.35006892681121826,-0.036869168281555176
D151L,151,-0.012472921,0,0.2238166868686676,0.11206257170870693,0.2362896078686676,0.18732303380966187,0.2622547745704651,0.393248051404953,0.18302303552627563,0.09323453903198242
D151M,151,0.006031764,0,0.2494124174118042,0.09643650672452615,0.2433806534118042,0.26824885606765747,0.26999199390411377,0.3715318441390991,0.233689546585083,0.10359984636306763
D151P,151,0.159888696,0,0.21439404487609864,0.11884727289647352,0.05450534887609865,0.25660276412963867,0.2504246234893799,0.30044126510620117,0.25976502895355225,0.004736542701721191
D151Q,151,-0.347170065,0,0.4310188889503479,0.06758716329921197,0.7781889539503479,0.49060091376304626,0.460097998380661,0.48806071281433105,0.35616233944892883,0.36017248034477234
D151R,151,0.030802403,0,0.2840117812156677,0.176523837581783,0.25320937821566775,0.33780786395072937,0.3833116590976715,0.3910442888736725,0.33642879128456116,-0.0285336971282959
D151S,151,0.167695498,0,0.6481495261192322,0.03389027270955833,0.48045402811923216,0.6913297176361084,0.6138156056404114,0.6444424390792847,0.6179764270782471,0.6731834411621094
D151T,151,-0.165389938,0,0.3885291159152985,0.05977586905214477,0.5539190539152985,0.45033586025238037,0.42739611864089966,0.31574079394340515,0.33412060141563416,0.415052205324173
D151V,151,0.0377927979999999,0,0.1333947956562042,0.12133307492546976,0.09560199765620431,0.22428882122039795,0.05897843837738037,0.2824094593524933,0.11842811107635498,-0.01713085174560547
D151W,151,-0.0477033029999999,0,0.01896193027496338,0.09212632267382793,0.06666523327496328,-0.06423157453536987,0.11103957891464233,0.12363094091415405,-0.013868629932403564,-0.061760663986206055
D151E,151,0.41018779,0,0.35935189127922057,0.13199681231183688,0.05083589872077943,0.50538170337677,0.2481600046157837,0.4238869547843933,0.4256438910961151,0.19368690252304077
D151C,151,0.014237202,0,0.650125014781952,0.04788542572355545,0.6358878127819519,0.7190452218055725,0.642642617225647,0.6546487212181091,0.5842037796974182,0.6500847339630127
R152I,152,0.988128667,3,0.6197158813476562,0.04979943906905138,0.3684127856523438,0.7047373056411743,0.6197691559791565,0.600896954536438,0.5781551599502563,0.5950208306312561
R152K,152,1.03451952,3,0.7366403460502624,0.03186534773105128,0.2978791739497375,0.7877434492111206,0.7376606464385986,0.7306106686592102,0.7003579139709473,0.7268290519714355
R152L,152,0.571817162,3,0.6792195916175843,0.07108484877647554,0.10740242961758428,0.7786012887954712,0.7307628989219666,0.6360341906547546,0.6275745034217834,0.6231250762939453
R152M,152,0.753261605,3,0.6867839932441712,0.04690003959017744,0.06647761175582878,0.7508145570755005,0.6991769075393677,0.6774482131004333,0.6864622831344604,0.6200180053710938
R152P,152,0.6306687910000001,3,0.6412039160728454,0.051860394561128176,0.010535125072845375,0.7094913721084595,0.6494845151901245,0.6163356900215149,0.5702353119850159,0.6604726910591125
R152Q,152,0.745356233,3,0.7147750854492188,0.08159204982852689,0.03058114755078123,0.7776741981506348,0.78729647397995,0.595795750617981,0.6670439839363098,0.7460650205612183
R152S,152,0.900414218,3,0.6913908243179321,0.059820023118366476,0.2090233936820679,0.7823551893234253,0.7057880163192749,0.6336696147918701,0.641442060470581,0.6936992406845093
R152T,152,0.982710551,3,0.6476386785507202,0.04298427755968924,0.33507187244927983,0.7192108631134033,0.6047543287277222,0.6299581527709961,0.6368545889854431,0.6474154591560364
R152V,152,1.048866495,3,0.6378852128982544,0.049494324827545434,0.41098128210174556,0.7138066291809082,0.6567713618278503,0.6107063889503479,0.6221331357955933,0.5860085487365723
R152W,152,0.589376326,3,0.7221698522567749,0.14395345638485418,0.13279352625677487,0.8947435617446899,0.6679202318191528,0.5210655927658081,0.7074507474899292,0.8196691274642944
R152E,152,0.50836146,3,0.6738347291946412,0.09880636913251716,0.16547326919464111,0.8123873472213745,0.6123248338699341,0.5798799991607666,0.6227088570594788,0.7418726086616516
R152C,152,1.140908599,3,0.6661178350448609,0.0781302408639368,0.4747907639551392,0.7561652660369873,0.7255329489707947,0.5694760084152222,0.6077388525009155,0.6716760993003845
R152A,152,0.963840147,3,0.6920913577079773,0.046941698643571214,0.27174878929202273,0.7609434127807617,0.7011338472366333,0.6476881504058838,0.6483342051506042,0.7023571729660034
R152G,152,0.801891293,3,0.7102989554405212,0.051320064119610306,0.09159233755947871,0.7486585378646851,0.7525545954704285,0.6373031735420227,0.6755006313323975,0.7374778389930725
G153D,153,1.240302916,4,0.8623496294021606,0.051261271835023395,0.37795328659783944,0.9136589765548706,0.8442740440368652,0.8313722610473633,0.9186207056045532,0.8038221597671509
G153M,153,1.024802252,4,0.8625940442085266,0.06126566036216737,0.16220820779147338,0.7714317440986633,0.8347925543785095,0.8897362351417542,0.9306197166442871,0.886389970779419
G153A,153,0.7155379040000001,4,0.8495373129844666,0.05045252861504889,0.1339994089844665,0.7974025011062622,0.870065450668335,0.7946018576622009,0.9046344757080078,0.8809822797775269
G153P,153,-0.025151594,4,0.7337449073791504,0.047832304941213655,0.7588965013791504,0.7404989004135132,0.7169193625450134,0.6778402328491211,0.8086927533149719,0.7247732877731323
G153Q,153,0.579101859,4,0.8021928787231445,0.08530330702387424,0.2230910197231445,0.712978720664978,0.7780467867851257,0.7386229634284973,0.9115282893180847,0.8697876334190369
G153R,153,1.000562517,4,0.6834434151649476,0.08274303441345146,0.31711910183505254,0.5484994053840637,0.6645867824554443,0.7561237812042236,0.7351277470588684,0.7128793597221375
G153S,153,0.751826335,4,0.8920289039611816,0.08323176888016119,0.14020256896118166,0.8084959983825684,0.9079873561859131,0.824158787727356,1.017624855041504,0.9018775224685669
G153T,153,0.782749771,4,0.9938075423240662,0.0871224285386023,0.21105777132406622,0.9655840992927551,0.9797987937927246,0.8832056522369385,1.122457504272461,1.0179916620254517
G153V,153,0.6607466989999999,4,0.6812442183494568,0.05033111397264294,0.020497519349456872,0.650638997554779,0.6129223704338074,0.6906391382217407,0.7113122940063477,0.7407082915306091
G153W,153,0.78763158,4,0.6331899046897889,0.09958148332885326,0.15444167531021114,0.505348801612854,0.6722221374511719,0.7337421178817749,0.5510970950126648,0.7035393714904785
G153Y,153,0.375386747,4,0.6333993673324585,0.06691733332422664,0.2580126203324585,0.5312589406967163,0.6736995577812195,0.6556769013404846,0.6053473949432373,0.7010140419006348
G153L,153,1.063706823,4,0.7456170678138733,0.056781333002144586,0.3180897551861267,0.6984672546386719,0.6840202212333679,0.7376324534416199,0.8028979301452637,0.8050674796104431
G153K,153,0.700527187,4,0.6915843963623047,0.08785201890574386,0.00894279063769532,0.6160709857940674,0.5964389443397522,0.7524039149284363,0.6899991035461426,0.803009033203125
G153I,153,0.31633048,4,0.6444616913795471,0.08808620616389685,0.3281312113795471,0.6469557285308838,0.5262243747711182,0.5939978361129761,0.7089718580245972,0.7461586594581604
G153E,153,0.741569782,4,0.7658861756324769,0.025612472830797213,0.02431639363247684,0.7825528383255005,0.7657114267349243,0.724783718585968,0.7914943695068359,0.7648885250091553
G153C,153,0.657823776,4,0.9289319276809692,0.10061128979535336,0.27110815168096924,0.8381441831588745,1.0322906970977783,0.9544926881790161,1.0103267431259155,0.8094053268432617
G153N,153,1.040360234,4,0.9033128976821899,0.1041928677865862,0.13704733631781008,0.847603440284729,0.8773338794708252,0.7892655730247498,1.0623490810394287,0.940012514591217
A154C,154,0.597243321,3,0.8515653967857361,0.040661887338465895,0.25432207578573607,0.851410984992981,0.8366642594337463,0.7921898365020752,0.8818514347076416,0.8957104682922363
A154W,154,0.046993655,3,0.38476796746253966,0.053384193599493826,0.33777431246253964,0.39889007806777954,0.43978163599967957,0.4278937578201294,0.3311258554458618,0.32614850997924805
A154S,154,1.009387479,3,0.8361742734909058,0.038420532409229435,0.17321320550909414,0.8269547820091248,0.809307336807251,0.9030758142471313,0.8121901154518127,0.829343318939209
A154R,154,0.281567674,3,0.37302273511886597,0.0760374604801223,0.09145506111886598,0.32182765007019043,0.43380066752433777,0.4530356228351593,0.3847762942314148,0.27167344093322754
A154Q,154,0.28180113,3,0.32520468831062316,0.09752175765310002,0.04340355831062315,0.27228936553001404,0.42596396803855896,0.3619294762611389,0.38333162665367126,0.18250900506973267
A154P,154,0.257741751,3,0.5513950407505035,0.07769102384698107,0.2936532897505035,0.4814128279685974,0.6701169610023499,0.4988792836666107,0.5187422037124634,0.5878239274024963
A154N,154,0.128270012,3,0.49602184891700746,0.07544200678609024,0.36775183691700747,0.45314085483551025,0.5924018621444702,0.4320889115333557,0.562460720539093,0.44001689553260803
A154M,154,0.674977945,3,0.660171914100647,0.0582433936609945,0.014806030899352951,0.6698880195617676,0.6996428966522217,0.722602367401123,0.6342797875404358,0.5744464993476868
A154L,154,0.696359113,3,0.6176759600639343,0.050892399493113034,0.07868315293606565,0.6063370108604431,0.6975906491279602,0.6337498426437378,0.5739251375198364,0.5767771601676941
A154K,154,0.230562036,3,0.34917951226234434,0.06419498302078562,0.11861747626234434,0.3703751862049103,0.3791733980178833,0.3520185947418213,0.4048316478729248,0.23949873447418213
A154I,154,-0.11905204,3,0.6983599901199341,0.025166828440272102,0.8174120301199341,0.6743897199630737,0.7047509551048279,0.7265925407409668,0.6699656844139099,0.7161010503768921
A154H,154,0.260954235,3,0.41449785232543945,0.10823911993043119,0.15354361732543947,0.2664179503917694,0.5293987989425659,0.4668287932872772,0.47129586338996887,0.33854785561561584
A154T,154,0.293765463,3,0.7128409385681153,0.03526346704948665,0.41907547556811525,0.6993950009346008,0.7223848700523376,0.7700841426849365,0.6849993467330933,0.6873413324356079
A154G,154,0.7821992259999999,3,0.6247797250747681,0.04297857805665013,0.15741950092523183,0.6356412768363953,0.6403170824050903,0.5498394966125488,0.6598920226097107,0.6382087469100952
A154E,154,-0.29951677,3,0.34891902208328246,0.12506702503811837,0.6484357920832824,0.17528033256530762,0.5017980933189392,0.42990294098854065,0.3371475338935852,0.3004662096500397
A154D,154,-0.346437825,3,0.43539962768554685,0.09022644113901528,0.7818374526855468,0.3474501371383667,0.5715810656547546,0.47673478722572327,0.3738378584384918,0.40739428997039795
A154Y,154,0.436483956,3,0.3661509096622467,0.038865282596644644,0.07033304633775328,0.3246665298938751,0.3518954813480377,0.4239524304866791,0.38480162620544434,0.34543848037719727
A154F,154,0.293179474,3,0.5704201936721802,0.0236660741173324,0.2772407196721802,0.5897977352142334,0.569286584854126,0.5468155145645142,0.5476839542388916,0.5985171794891357
A154V,154,0.228663437,3,0.839004123210907,0.05424524949804562,0.610340686210907,0.7722955942153931,0.8657664060592651,0.8985089063644409,0.7913312315940857,0.8671184778213501
L155W,155,0.581632556,2,0.5523731350898743,0.03114172983732238,0.029259420910125677,0.5704525709152222,0.5112466812133789,0.541748583316803,0.5449065566062927,0.5935112833976746
L155I,155,0.867876942,2,0.6350584626197815,0.061576175259031196,0.2328184793802185,0.5583359599113464,0.6188416481018066,0.7236434817314148,0.661322832107544,0.6131483912467957
L155H,155,-0.238943813,2,0.434206223487854,0.07875466263182292,0.673150036487854,0.3310297727584839,0.4274258315563202,0.5067670345306396,0.5167537927627563,0.38905468583106995
L155G,155,-0.005632958,2,0.29882645010948183,0.024537398812548662,0.30445940810948185,0.28286561369895935,0.2873912453651428,0.3365872800350189,0.2771633267402649,0.31012478470802307
L155F,155,0.8174208479999999,2,0.7439193248748779,0.06983624464200114,0.07350152312512204,0.6316996812820435,0.8075225353240967,0.7938058972358704,0.729494571685791,0.7570739388465881
L155E,155,0.893437046,2,0.2893149256706238,0.048102279348221415,0.6041221203293762,0.2638930678367615,0.229109525680542,0.33101823925971985,0.27750906348228455,0.34504473209381104
L155D,155,0.279900329,2,0.33350843787193296,0.03545064401696114,0.05360810887193296,0.27130264043807983,0.3603687286376953,0.34168437123298645,0.3469998240470886,0.3471866250038147
L155Y,155,0.457880299,2,0.5057452321052551,0.07911186199781756,0.047864933105255136,0.4367818832397461,0.43705642223358154,0.601821780204773,0.5788096189498901,0.4742564558982849
L155K,155,-0.137427956,2,0.17089954614639283,0.09477306143451066,0.3083275021463928,0.09090179204940796,0.05564826726913452,0.24639391899108887,0.2718575596809387,0.18969619274139404
L155V,155,0.686782569,2,0.6183749139308929,0.08017202144456197,0.06840765506910707,0.49236926436424255,0.7068468928337097,0.6172392964363098,0.6627749800682068,0.6126441359519958
L155T,155,1.045919669,2,0.45675129294395445,0.04540871422903596,0.5891683760560457,0.433517724275589,0.44224315881729126,0.5280239582061768,0.4095262885093689,0.47044533491134644
L155S,155,-0.003767202,2,0.42043704986572267,0.05693748221319663,0.4242042518657227,0.32843658328056335,0.4552595615386963,0.45643913745880127,0.4012722074985504,0.46077775955200195
L155R,155,0.135572959,2,0.267212849855423,0.051719463611724706,0.131639890855423,0.22373586893081665,0.21492284536361694,0.30789804458618164,0.33285120129585266,0.256656289100647
L155Q,155,-0.38359484,2,0.5071078956127166,0.0753230167525971,0.8907027356127166,0.4172724783420563,0.4392317533493042,0.5923475027084351,0.5512423515319824,0.5354453921318054
L155N,155,0.0508294409999999,2,0.4206502616405487,0.048030905037056294,0.3698208206405488,0.3419678509235382,0.4301292896270752,0.4614635407924652,0.4558021128177643,0.41388851404190063
L155M,155,1.034515156,2,1.0118361115455627,0.07143784260569516,0.022679044454437358,0.9969906806945801,1.1027506589889526,1.055983543395996,0.9888264536857605,0.9146292209625244
L155C,155,1.068303036,2,0.6645818471908569,0.023407792817604817,0.4037211888091432,0.6553213000297546,0.6568775177001953,0.6904506683349609,0.634267270565033,0.6859924793243408
L155A,155,0.18938991,2,0.4597774088382721,0.06159191484524061,0.2703874988382721,0.37928006052970886,0.4812569320201874,0.4800589680671692,0.5386075973510742,0.4196834862232208
V156W,156,0.866117218,3,0.5713234663009643,0.04934916514059226,0.29479375169903566,0.49603360891342163,0.6063596606254578,0.5832363367080688,0.5515693426132202,0.6194183826446533
V156Y,156,0.7000604979999999,3,0.7494138479232788,0.05473345508547788,0.04935334992327889,0.7483194470405579,0.664311408996582,0.7470155358314514,0.7735982537269592,0.8138245940208435
V156S,156,0.795479602,3,0.7519408822059631,0.056844157682768216,0.043538719794036895,0.768417477607727,0.7261033654212952,0.7629804015159607,0.674086332321167,0.8281168341636658
V156D,156,1.111935786,3,0.8424156904220581,0.07162022907369406,0.269520095577942,0.8745601177215576,0.7187716364860535,0.8508219122886658,0.8656076788902283,0.9023171067237854
V156C,156,0.927603896,3,0.7253674268722534,0.11196109475843974,0.20223646912774662,0.725950300693512,0.6905655264854431,0.6722754240036011,0.623593807220459,0.914452075958252
V156A,156,0.7990302359999999,3,0.7785872697830201,0.05143395094500018,0.02044296621697983,0.7969064712524414,0.7661763429641724,0.7539581060409546,0.719718873500824,0.8561765551567078
V156R,156,0.565081038,3,0.6580090343952179,0.13121534860249282,0.09292799639521787,0.4470296800136566,0.6432358622550964,0.7871930599212646,0.6689563989639282,0.7436301708221436
V156H,156,0.650712509,3,0.8106707692146301,0.06556174886373833,0.1599582602146301,0.840944766998291,0.7348253726959229,0.818067729473114,0.7599691152572632,0.8995468616485596
V156Q,156,0.786053074,3,0.7142119765281677,0.08620923019890311,0.07184109747183232,0.6898044347763062,0.6792064309120178,0.7832773923873901,0.6019372344017029,0.8168343901634216
V156P,156,0.716938952,3,0.7340651869773864,0.06086355161994667,0.017126234977386412,0.7796039581298828,0.677352249622345,0.6878778338432312,0.7091320157051086,0.8163598775863647
V156M,156,0.68907909,3,0.8253950476646423,0.05018324160104773,0.13631595766464233,0.8390809297561646,0.7652091979980469,0.8308963179588318,0.7939661741256714,0.8978226184844971
V156L,156,0.687873014,3,0.7867557048797608,0.04001614366843744,0.09888269087976076,0.7782950401306152,0.7507514357566833,0.8206138610839844,0.7482718229293823,0.8358463644981384
V156K,156,0.317339565,3,0.653411591053009,0.14565655579168682,0.33607202605300907,0.43497681617736816,0.6133705377578735,0.8094534873962402,0.6500810384750366,0.7591760754585266
V156I,156,0.2386397589999999,3,0.9614329934120178,0.07265351547110609,0.7227932344120179,0.8747875690460205,0.9582967758178711,0.9522429704666138,1.0765492916107178,0.945288360118866
V156T,156,1.345745471,3,0.8400810718536377,0.054455716508819065,0.5056643991463624,0.8140095472335815,0.7855565547943115,0.8770274519920349,0.8076317310333252,0.9161800742149353
V156E,156,0.7101368859999999,3,0.7693347811698914,0.03846471508909763,0.05919789516989149,0.7497195601463318,0.7265186905860901,0.7650893330574036,0.7756616473197937,0.8296846747398376
V156G,156,0.77358706,3,0.6521068453788758,0.054053573429485934,0.12148021462112424,0.6266069412231445,0.6640248894691467,0.6114925742149353,0.6168481111526489,0.7415617108345032
A157V,157,0.73310437,2,0.6281892895698548,0.041572735068983444,0.10491508043014519,0.6146248579025269,0.6103420853614807,0.6812556982040405,0.6583505868911743,0.5763732194900513
A157R,157,0.8245883420000001,2,0.4593754470348358,0.057460495744886105,0.3652128949651643,0.4792689383029938,0.46476900577545166,0.4630188047885895,0.523492157459259,0.36632832884788513
A157Y,157,0.699057679,2,0.6011022806167603,0.08357733083715439,0.09795539838323974,0.6177257299423218,0.6950791478157043,0.6502810120582581,0.5639296770095825,0.47849583625793457
A157T,157,0.550628813,2,0.6311262845993042,0.07509670716232797,0.0804974715993042,0.6733437776565552,0.6346548199653625,0.6740134954452515,0.6734008193016052,0.5002185106277466
A157Q,157,0.880112916,2,0.41709768772125244,0.09737129832626554,0.4630152282787475,0.5159001350402832,0.5154584646224976,0.30282193422317505,0.40722766518592834,0.34408023953437805
A157P,157,-0.058073506,2,0.6684114575386048,0.03995278966628781,0.7264849635386048,0.6140055060386658,0.7004045248031616,0.7138537764549255,0.6509320139884949,0.6628614664077759
A157W,157,0.741272713,2,0.5708301067352295,0.04941702873836011,0.17044260626477048,0.5866309404373169,0.6187015771865845,0.5644900798797607,0.5948096513748169,0.48951828479766846
A157M,157,0.904114445,2,0.6920470356941223,0.04888459838875938,0.21206740930587775,0.7127137780189514,0.7690154910087585,0.6551604270935059,0.6607397198677063,0.6626057624816895
A157N,157,0.819277371,2,0.49268084168434145,0.10560922046951812,0.3265965293156585,0.5851198434829712,0.5949326157569885,0.4940679669380188,0.45115578174591064,0.338128000497818
A157K,157,0.616060273,2,0.3280929684638977,0.10035495750370865,0.2879673045361023,0.4450913667678833,0.3309536278247833,0.19346767663955688,0.4001083970069885,0.2708437740802765
A157I,157,0.546355603,2,0.5020847976207733,0.04306486084891303,0.044270805379226674,0.5061085820198059,0.5489076972007751,0.48250195384025574,0.5330229997634888,0.439882755279541
A157H,157,1.025589353,2,0.5481618463993072,0.06847521796687371,0.4774275066006928,0.5979277491569519,0.6234270334243774,0.5553115606307983,0.5122950077056885,0.4518478810787201
A157G,157,0.841541443,2,0.6514513611793518,0.029108019461456726,0.19009008182064824,0.6674346923828125,0.6845133304595947,0.614189863204956,0.6284905076026917,0.6626284122467041
A157E,157,0.802953453,2,0.3844214916229248,0.11360593185971359,0.41853196137707516,0.5059067606925964,0.43859344720840454,0.2563907504081726,0.45117852091789246,0.270037978887558
A157D,157,1.3241216690000002,2,0.3855751037597656,0.092404806023673,0.9385465652402345,0.4487500488758087,0.4721553921699524,0.3154308497905731,0.4311458468437195,0.2603933811187744
A157C,157,0.825507475,2,0.7351099014282226,0.06451802019811899,0.09039757357177736,0.769494891166687,0.8008856177330017,0.7533416152000427,0.7195069789886475,0.6323204040527344
A157L,157,0.639755415,2,0.5443142414093017,0.0968372088565967,0.09544117359069826,0.5526857972145081,0.6735257506370544,0.44778817892074585,0.5965317487716675,0.45103973150253296
I158Q,158,0.715404203,1,0.44331094622612,0.12579993036340759,0.27209325677387997,0.33824625611305237,0.520879864692688,0.6267704367637634,0.3799448013305664,0.3507133722305298
I158P,158,-0.030877851,1,0.03596392869949341,0.11679124366498944,0.06684177969949341,-0.13807612657546997,0.18288695812225342,0.054913461208343506,0.07390046119689941,0.006194889545440674
I158M,158,0.698522,1,0.7641808748245239,0.021383810490556533,0.06565887482452393,0.7640713453292847,0.7290168404579163,0.7811225056648254,0.7816383838653564,0.7650552988052368
I158L,158,0.909929706,1,0.7155650734901429,0.03692386381789321,0.19436463250985714,0.6900511980056763,0.7055892944335938,0.7407340407371521,0.765537679195404,0.6759131550788879
I158G,158,0.054891307,1,0.024016046524047853,0.14192250367437861,0.030875260475952147,-0.14164304733276367,0.1601874828338623,0.18496298789978027,-0.03737175464630127,-0.04605543613433838
I158K,158,0.008475889,1,0.12762515544891356,0.11692828827831048,0.11914926644891356,0.051471054553985596,0.24431216716766357,0.22236067056655884,0.1525922417640686,-0.03261035680770874
I158C,158,0.849589212,1,0.3866225898265839,0.17538852944738303,0.46296662217341616,0.40611615777015686,0.49796605110168457,0.5447240471839905,0.09462642669677734,0.38968026638031006
I158R,158,0.260171547,1,0.2221642792224884,0.10806113941307405,0.038007267777511594,0.11016029119491577,0.30694401264190674,0.3376988172531128,0.24775424599647522,0.1082640290260315
I158S,158,0.332994352,1,0.23019933104515075,0.13476375833133206,0.10279502095484924,0.11321616172790527,0.41687703132629395,0.31183913350105286,0.2092832326889038,0.0997810959815979
I158T,158,1.030569848,1,0.43329030871391294,0.10827110773598146,0.5972795392860871,0.27424681186676025,0.5535125732421875,0.5127636194229126,0.41293734312057495,0.4129911959171295
I158V,158,1.2334991000000002,1,0.8582961440086365,0.04463916091810524,0.37520295599136366,0.9055763483047485,0.8150858283042908,0.8500562310218811,0.9039212465286255,0.8168410658836365
I158A,158,0.580445235,1,0.321153461933136,0.15438646883880874,0.259291773066864,0.20720529556274414,0.43516460061073303,0.5149604678153992,0.1435832977294922,0.3048536479473114
I158Y,158,0.592732394,1,0.1803169548511505,0.11754905927856751,0.4124154391488495,0.16691690683364868,0.3259935975074768,0.2712928354740143,0.08702695369720459,0.0503544807434082
I158W,158,0.520754461,1,0.4909877717494965,0.08198229223976002,0.02976668925050352,0.5495204329490662,0.5800184011459351,0.5075632333755493,0.43880441784858704,0.3790323734283447
I158E,158,0.19402102,1,0.1889037847518921,0.1387430952166597,0.005117235248107893,0.05641597509384155,0.26786619424819946,0.38376158475875854,0.16948950290679932,0.06698566675186157
N159A,159,0.594080495,1,0.9386860370635987,0.07373153944141347,0.3446055420635986,0.9682287573814392,0.9190652370452881,0.8545318841934204,1.048776388168335,0.9028279185295105
N159C,159,0.958975174,1,1.0105584859848022,0.08512205516196344,0.05158331198480226,0.9428749680519104,1.0452345609664917,1.0354812145233154,1.1207746267318726,0.9084270596504211
N159D,159,0.780089702,1,0.8552493453025818,0.07416290848828788,0.07515964330258174,0.8951925039291382,0.8478608727455139,0.7476794123649597,0.9473718404769897,0.8381420969963074
N159E,159,0.7404472040000001,1,0.9116013288497925,0.09010497439746187,0.17115412484979242,1.0280003547668457,0.9338321685791016,0.8005481362342834,0.9512902498245239,0.8443357348442078
N159I,159,0.326003777,1,0.719833493232727,0.04301438152590338,0.39382971623272706,0.7548373937606812,0.6583318710327148,0.7332310080528259,0.6937651634216309,0.7590020298957825
N159K,159,0.706279353,1,0.8659755945205688,0.06598644456426855,0.15969624152056883,0.9437541365623474,0.8614274263381958,0.7994773387908936,0.9213546514511108,0.8038644194602966
N159P,159,0.447801674,1,1.0094698548316956,0.09580583651573824,0.5616681808316957,1.1009504795074463,1.0154893398284912,0.9275357723236084,1.1053105592727661,0.8980631232261658
N159M,159,0.481679742,1,0.8138328194618225,0.09365727242292718,0.3321530774618225,0.9477990865707397,0.7525481581687927,0.7210339903831482,0.8716930747032166,0.7760897874832153
N159Q,159,0.424934026,1,0.9408175826072693,0.09168865569274048,0.5158835566072693,1.021615982055664,1.0249874591827393,0.8335345387458801,0.9704593420028687,0.8534905910491943
N159R,159,0.7708005379999999,1,0.8976949691772461,0.08357075282907865,0.1268944311772462,0.9635151624679565,0.8681738376617432,0.781217634677887,0.9923333525657654,0.8832348585128784
N159S,159,0.869428002,1,0.8624424934387207,0.06470709038455406,0.00698550856127933,0.8331912159919739,0.8528204560279846,0.801848292350769,0.9720981121063232,0.8522543907165527
N159T,159,0.603563088,1,0.9349386334419251,0.06478174149762346,0.33137554544192505,1.0165663957595825,0.8793841600418091,0.8632997870445251,0.9785429239273071,0.9368999004364014
N159V,159,0.6117219660000001,1,0.8359315991401672,0.04883552387342654,0.22420963314016717,0.8875863552093506,0.8222483396530151,0.7631881237030029,0.8731673955917358,0.8334677815437317
N159W,159,0.600120416,1,0.8071510314941406,0.03427902283188918,0.2070306154941406,0.8445599675178528,0.7567923665046692,0.7906696796417236,0.8163869380950928,0.8273462057113647
N159Y,159,0.75901804,1,0.8181742906570435,0.057289341516755854,0.05915625065704355,0.912983238697052,0.7680889964103699,0.8167628645896912,0.8151062726974487,0.7779300808906555
N159L,159,0.503512605,1,0.8534557342529296,0.05190149080037668,0.3499431292529297,0.8919172883033752,0.7990896701812744,0.8058768510818481,0.9173009991645813,0.8530938625335693
N159G,159,0.711190859,1,0.9392656445503235,0.0977191353652513,0.22807478555032346,1.0616549253463745,0.928166925907135,0.810443639755249,1.0043563842773438,0.8917063474655151
P160R,160,0.635273298,0,0.6910735845565796,0.0383299109087025,0.05580028655657965,0.6889427304267883,0.6791587471961975,0.6463115215301514,0.6888751983642578,0.7520797252655029
P160V,160,0.512560066,0,0.8179909706115722,0.038841494035834284,0.3054309046115722,0.854183554649353,0.8362177014350891,0.7584888339042664,0.800049364566803,0.8410153985023499
P160K,160,0.7894013590000001,0,0.5293190896511077,0.053492151671776185,0.26008226934889234,0.4889596402645111,0.6181203722953796,0.4883064031600952,0.5150818824768066,0.5361271500587463
P160H,160,0.8856743020000001,0,0.7040721654891968,0.04250706372859409,0.18160213651080326,0.682267427444458,0.7247358560562134,0.7163712978363037,0.6432145237922668,0.7537717223167419
P160G,160,0.57565407,0,0.7554604649543762,0.037488983026131795,0.17980639495437623,0.6951193809509277,0.7865955233573914,0.7496744990348816,0.759436845779419,0.7864760756492615
P160N,160,0.261464528,0,0.637109351158142,0.0928821804348075,0.37564482315814207,0.5258798599243164,0.7411677241325378,0.66014564037323,0.556198239326477,0.7021552920341492
P160Q,160,0.556739067,0,0.7281816005706787,0.05049612507299934,0.17144253357067873,0.6676311492919922,0.8075794577598572,0.720097005367279,0.7155277132987976,0.7300726771354675
P160S,160,0.6850035329999999,0,0.8542390704154968,0.05521934690842225,0.1692355374154969,0.8382900357246399,0.9351864457130432,0.7816759943962097,0.8649439811706543,0.851098895072937
P160T,160,0.543506531,0,0.8324138641357421,0.0818842143562814,0.28890733313574213,0.7250992655754089,0.8638963103294373,0.7694739699363708,0.8827964663505554,0.9208033084869385
P160M,160,0.515836992,0,0.7575850129127503,0.036317542168332426,0.24174802091275027,0.7243719100952148,0.7543106079101562,0.7634259462356567,0.7301397323608398,0.8156768679618835
P160W,160,0.759410762,0,0.6809496402740478,0.03026598263126518,0.07846112172595221,0.7186297178268433,0.6571643948554993,0.6679435968399048,0.6530367136001587,0.7079737782478333
P160E,160,0.6793521,0,0.7617260217666626,0.0618359926745716,0.08237392176666258,0.7239131927490234,0.7639909982681274,0.6810948848724365,0.8372749090194702,0.8023561239242554
P160C,160,0.686423608,0,0.773319661617279,0.025882992977096,0.08689605361727903,0.7924022078514099,0.7942299842834473,0.7392582297325134,0.7516381740570068,0.7890697121620178
P160A,160,0.859466225,0,0.8228703379631043,0.044082898630785135,0.03659588703689576,0.8168088793754578,0.8264895081520081,0.753152072429657,0.8703339099884033,0.8475673198699951
P160L,160,0.513894312,0,0.7605082750320434,0.04220501987294165,0.24661396303204342,0.6876187920570374,0.7942727208137512,0.7682861089706421,0.7684255242347717,0.7839382290840149
G161F,161,0.866722043,1,0.888934600353241,0.13198680057173956,0.022212557353241014,0.9036060571670532,0.959846019744873,0.7219157814979553,1.0585463047027588,0.8007588386535645
G161E,161,0.7920662940000001,1,0.9562596321105957,0.06952631286913749,0.16419333811059567,0.9001461863517761,0.8855746984481812,0.9519894123077393,1.0577301979064941,0.9858576655387878
G161D,161,1.002285105,1,0.846481728553772,0.13939722693877551,0.15580337644622788,0.8445720076560974,0.7338594198226929,0.6835740208625793,0.9878084063529968,0.9825947880744934
G161P,161,1.114900882,1,0.6875383257865906,0.05592062468042249,0.42736255621340935,0.7626679539680481,0.6484145522117615,0.6188682913780212,0.7103621959686279,0.6973786354064941
G161V,161,1.157891477,1,0.8947799563407898,0.06415898887355119,0.2631115206592102,0.9137787222862244,0.8808517456054688,0.8094257712364197,0.9868952631950378,0.8829482793807983
G161S,161,0.69062484,1,0.9777345418930053,0.05355873321853589,0.28710970189300533,0.9889994859695435,0.9902493953704834,0.9121963977813721,1.0534931421279907,0.9437342882156372
G161T,161,1.073604011,1,1.0339749574661254,0.09142136845003833,0.03962905353387458,1.0619330406188965,0.9950224161148071,0.9142053127288818,1.1635369062423706,1.0351771116256714
G161Q,161,1.161488404,1,0.961238169670105,0.05709059377606357,0.20025023432989497,1.0337071418762207,0.9212688207626343,0.8914695382118225,0.9975629448890686,0.9621824026107788
G161W,161,0.843907348,1,0.8739851236343383,0.05190758339309871,0.030077775634338333,0.8190212845802307,0.9024062752723694,0.819087028503418,0.9322938919067383,0.8971171379089355
G161Y,161,0.882831404,1,1.0700525164604187,0.07030327053730925,0.18722111246041861,1.0657159090042114,1.0177357196807861,0.986039936542511,1.145987868309021,1.134783148765564
G161H,161,1.106057419,1,1.083123755455017,0.10610490500264497,0.02293366354498305,1.0870349407196045,0.9578120708465576,1.0160404443740845,1.236743450164795,1.117987871170044
G161I,161,0.7854771859999999,1,0.832184636592865,0.13288540930174872,0.046707450592865074,0.9036902785301208,0.8490005135536194,0.664834201335907,1.0022926330566406,0.7411055564880371
G161L,161,0.893959995,1,0.9614631772041321,0.1187719369769484,0.0675031822041321,1.0101577043533325,1.001923680305481,0.7801398634910583,1.0949922800064087,0.9201023578643799
G161A,161,1.03007002,1,1.0240126609802247,0.04071623823704807,0.006057359019775221,1.041669249534607,0.9666061401367188,1.0037269592285156,1.0339016914367676,1.0741592645645142
G161M,161,1.274922588,1,0.9205800890922546,0.1620688520568697,0.3543424989077453,0.9300779104232788,0.9108054637908936,0.7533775568008423,1.1816586256027222,0.8269808888435364
G161N,161,1.332027045,1,0.9851815223693847,0.16413051757973138,0.3468455226306153,0.8966031074523926,1.0071009397506714,0.8808180093765259,1.2629330158233643,0.8784525394439697
G161R,161,1.019789037,1,1.0181969165802003,0.07077705937802946,0.0015921204197997252,1.0283582210540771,1.0054817199707031,0.9151389598846436,1.1132802963256836,1.0287253856658936
G161C,161,0.59902396,1,0.8641791462898254,0.10591693195250437,0.2651551862898254,0.8375324606895447,0.8677459955215454,0.8125189542770386,1.0406336784362793,0.7624646425247192
D162R,162,0.8369760690000001,2,0.7174745321273803,0.034966823839162324,0.11950153687261977,0.6809173822402954,0.7054129838943481,0.7420468330383301,0.764965295791626,0.6940301656723022
D162Y,162,0.790706375,2,0.7139098763465881,0.07547111898771942,0.07679649865341187,0.7830148935317993,0.5868105292320251,0.7553398013114929,0.7224948406219482,0.721889317035675
D162A,162,0.8763180740000001,2,0.8051070928573608,0.017765706904606337,0.07121098114263924,0.7961568832397461,0.8279936909675598,0.7956746816635132,0.8195803165435791,0.786129891872406
D162C,162,0.881621323,2,0.8219706773757934,0.021926545813928472,0.05965064562420652,0.8013558387756348,0.8303792476654053,0.7959055304527283,0.8383067846298218,0.8439059853553772
D162E,162,1.068309965,2,0.7128928422927856,0.039583244118842856,0.3554171227072145,0.717957615852356,0.6944910287857056,0.6574061512947083,0.7624031901359558,0.7322062253952026
D162G,162,0.725313167,2,0.704520297050476,0.037451343874293906,0.020792869949524007,0.6630536913871765,0.7335425019264221,0.6753491163253784,0.7511327266693115,0.6995234489440918
D162K,162,0.6897800470000001,2,0.845007598400116,0.06180700133238891,0.1552275514001159,0.8239609003067017,0.7471604943275452,0.8668286800384521,0.899695634841919,0.8873922824859619
D162L,162,0.941067074,2,0.8264976501464844,0.03222282046490389,0.11456942385351565,0.8198641538619995,0.8178676962852478,0.8188457489013672,0.8810462355613708,0.7948644161224365
D162I,162,1.015705595,2,0.8972244262695312,0.050196528739745255,0.11848116873046877,0.8900642395019531,0.9646104574203491,0.8507079482078552,0.9305497407913208,0.850189745426178
D162P,162,-0.07588725,2,0.41923550367355344,0.06720648497621594,0.49512275367355346,0.37107574939727783,0.50365149974823,0.3333854675292969,0.440759539604187,0.44730526208877563
D162Q,162,0.921493597,2,0.8668838977813721,0.049629626801295276,0.054609699218627905,0.9304909706115723,0.7952351570129395,0.8748756647109985,0.8843606114387512,0.8494570851325989
D162S,162,1.069043881,2,0.7855115056037902,0.027307202091873456,0.2835323753962098,0.8240863084793091,0.7566632628440857,0.7619234919548035,0.7902025580406189,0.7946819067001343
D162T,162,0.8464079409999999,2,0.8109640955924988,0.025712638565551893,0.03544384540750112,0.8125576376914978,0.846766471862793,0.7743268609046936,0.807615339756012,0.8135541677474976
D162V,162,0.905223953,2,0.875852108001709,0.05646999585593199,0.02937184499829104,0.8504801988601685,0.9594628214836121,0.8246328234672546,0.9075055718421936,0.8371791243553162
D162W,162,0.932180213,2,0.6722388148307801,0.0694873204386685,0.2599413981692199,0.5759347081184387,0.6306944489479065,0.730390191078186,0.7417196035385132,0.6824551224708557
D162M,162,0.971167107,2,0.8337719321250916,0.031203574594032165,0.13739517487490838,0.8799076080322266,0.8104410767555237,0.8298565149307251,0.8469997644424438,0.8016546964645386
R163L,163,0.7541352179999999,0,0.84246666431427,0.036412313311692666,0.08833144631427003,0.8580062985420227,0.8223450183868408,0.8959581255912781,0.8353275656700134,0.8006963133811951
R163S,163,0.1051269319999999,0,0.6949639558792114,0.0571694833578384,0.5898370238792116,0.6296190619468689,0.6454755067825317,0.7494167685508728,0.7531392574310303,0.6971691846847534
R163Q,163,0.776164924,0,0.8820955395698548,0.04249099884957108,0.10593061556985472,0.9193007349967957,0.8789370059967041,0.8105222582817078,0.9015217423439026,0.9001959562301636
R163P,163,-0.003914414,0,0.5593830823898316,0.04190129604253733,0.5632974963898316,0.5646617412567139,0.5696281790733337,0.5289876461029053,0.6209279894828796,0.5127098560333252
R163N,163,-0.245940201,0,0.4989225685596466,0.08638802751859374,0.7448627695596466,0.3798709213733673,0.5185449123382568,0.5019353628158569,0.6200557351112366,0.4742059111595154
R163M,163,0.8527986609999999,0,0.7691388130187988,0.06952156038095819,0.08365984798120107,0.7893701195716858,0.7550784945487976,0.8771228790283203,0.6954820156097412,0.7286405563354492
R163K,163,0.6678754929999999,0,0.6359510719776154,0.09337479102087441,0.031924421022384575,0.6336214542388916,0.7167788147926331,0.609488308429718,0.7245692014694214,0.4952975809574127
R163A,163,0.626511162,0,0.7580164670944214,0.01899475350171342,0.13150530509442138,0.7350122332572937,0.7408475279808044,0.7742644548416138,0.7758540511131287,0.7641040682792664
R163G,163,0.051079154,0,0.6100928068161011,0.042082983047587175,0.5590136528161012,0.5845442414283752,0.5585965514183044,0.6115170121192932,0.669327974319458,0.6264782547950745
R163F,163,0.09575882,0,0.8300994753837585,0.12039165076324887,0.7343406553837585,0.7706148624420166,0.7872777581214905,1.0445810556411743,0.7615521550178528,0.7864715456962585
R163E,163,0.205239791,0,0.4318400800228119,0.07409433821797856,0.22660028902281187,0.37150976061820984,0.45546188950538635,0.339314341545105,0.5170774459838867,0.47583696246147156
R163D,163,0.058478981,0,0.3061781883239746,0.10843128909434814,0.2476992073239746,0.1269860863685608,0.30911773443222046,0.31398314237594604,0.4086051881313324,0.37219879031181335
R163C,163,0.41715995,0,0.9053143501281739,0.028570072329783324,0.48815440012817385,0.8938979506492615,0.871586799621582,0.8907802700996399,0.9367566704750061,0.9335500597953796
R163T,163,0.872939527,0,0.7173691630363465,0.030982601174938548,0.15557036396365354,0.6847338080406189,0.7481207251548767,0.7453688383102417,0.6855500936508179,0.723072350025177
R163H,163,0.7638518470000001,0,0.7585022926330567,0.058054584670308176,0.005349554366943399,0.696434736251831,0.786748468875885,0.6947267651557922,0.8065212965011597,0.8080801963806152
R163W,163,1.009407332,0,0.7703137040138245,0.021752466519878274,0.23909362798617562,0.7445834875106812,0.7774731516838074,0.7910977602005005,0.7499074339866638,0.7885066866874695
R163V,163,0.5460411999999999,0,0.8701758623123169,0.044200849355808876,0.324134662312317,0.8859472870826721,0.8656948208808899,0.9347925186157227,0.8165732026100159,0.8478714823722839
K164Y,164,0.978803935,4,0.6790887594223023,0.058402577084756456,0.29971517557769767,0.7081115245819092,0.6270745992660522,0.6241533160209656,0.7630046606063843,0.6730996966362
K164D,164,0.962601088,4,0.7597972393035889,0.02081046561491334,0.2028038486964111,0.7923479080200195,0.7640171647071838,0.7514952421188354,0.7360551953315735,0.755070686340332
K164E,164,1.098436653,4,0.8227516531944274,0.03613909512546925,0.2756849998055726,0.8138831853866577,0.8857716917991638,0.8048921227455139,0.8145163059234619,0.7946949601173401
K164F,164,0.804223088,4,0.7688784122467041,0.03181861217183125,0.03534467575329592,0.7602164149284363,0.7393081784248352,0.8092193603515625,0.7949409484863281,0.7407071590423584
K164G,164,1.012153962,4,0.8491081953048706,0.0326093525873299,0.16304576669512938,0.832671046257019,0.8664790987968445,0.8532976508140564,0.8038214445114136,0.8892717361450195
K164L,164,1.07252936,4,0.857538104057312,0.05333768420977208,0.2149912559426881,0.8399474024772644,0.9406659603118896,0.8101850152015686,0.8780460357666016,0.8188461065292358
K164M,164,1.071437125,4,0.8999280810356141,0.09052562632574838,0.17150904396438604,0.8704187273979187,1.016675591468811,0.9054357409477234,0.9370642900466919,0.770046055316925
K164C,164,1.087459625,4,1.0254455924034118,0.02089375605644756,0.06201403259658811,1.031531572341919,1.0529855489730835,1.0269992351531982,1.020691156387329,0.9950204491615295
K164N,164,1.288797111,4,0.6869231343269349,0.09623449660790467,0.6018739766730652,0.6786551475524902,0.8133259415626526,0.7518126368522644,0.5910129547119141,0.5998089909553528
K164Q,164,1.443363259,4,0.7504722118377686,0.029117193429208252,0.6928910471622315,0.7919542789459229,0.7380315661430359,0.7601566314697266,0.7127779126167297,0.7494406700134277
K164R,164,0.861586443,4,0.9377151250839233,0.03738234731535916,0.07612868208392332,0.9183351993560791,0.9731978178024292,0.9824559688568115,0.9144501686096191,0.9001364707946777
K164S,164,0.8408282909999999,4,0.8848133444786072,0.030297626896063135,0.04398505347860726,0.8717516660690308,0.9259774684906006,0.8553380370140076,0.9071441292762756,0.8638554215431213
K164W,164,1.069175843,4,0.7341639995574951,0.03743198815219686,0.3350118434425049,0.7519384026527405,0.6883711814880371,0.7232519388198853,0.7876501083374023,0.7196083664894104
K164T,164,1.201773563,4,0.8662837028503418,0.07233714211312771,0.3354898601496581,0.8271840214729309,0.9903995394706726,0.8704243898391724,0.8233644962310791,0.820046067237854
K164V,164,0.7520594629999999,4,0.9548805356025696,0.06787641222543879,0.20282107260256965,0.9359613656997681,1.0720642805099487,0.9374281764030457,0.8948661088943481,0.9340827465057373
K164P,164,1.162294341,4,0.8732340335845947,0.049485716653701134,0.2890603074154052,0.8885423541069031,0.890281617641449,0.9339908361434937,0.8017377257347107,0.8516176342964172
K164A,164,1.131942124,4,0.9050907850265503,0.0573860279030617,0.22685133897344978,0.924582839012146,0.9873476028442383,0.8996576070785522,0.8829965591430664,0.8308693170547485
C165W,165,1.143701678,1,0.9592441201210022,0.06311364665927242,0.18445755787899776,0.9856970906257629,0.8686532378196716,0.9717429876327515,1.0376818180084229,0.9324454665184021
C165V,165,1.317465686,1,0.8681424736976624,0.05369418857457803,0.4493232123023376,0.902451753616333,0.7938607931137085,0.8883517980575562,0.9240330457687378,0.8320149779319763
C165T,165,1.281577884,1,1.0266424059867858,0.09166740090759629,0.25493547801321426,1.082878828048706,0.9066044092178345,1.0529203414916992,1.1309771537780762,0.9598312973976135
C165S,165,1.089056742,1,0.9547894954681396,0.0826520862540513,0.13426724653186028,0.9678440690040588,0.9176378846168518,0.8818732500076294,1.0920436382293701,0.9145486354827881
C165R,165,1.153511982,1,1.1455395221710205,0.10206988142421411,0.007972459828979428,1.1555345058441162,1.080264687538147,1.0731931924819946,1.3187466859817505,1.0999585390090942
C165Q,165,1.381132174,1,1.1135182142257691,0.09414462550230665,0.26761395977423086,1.093204140663147,1.0063166618347168,1.2077114582061768,1.2142045497894287,1.046154260635376
C165P,165,1.4079486,1,0.5976424813270569,0.14752788925727106,0.8103061186729432,0.5853859186172485,0.4034814238548279,0.6170819997787476,0.8163331151008606,0.5659299492835999
C165N,165,1.321390428,1,0.8027784943580627,0.18290813441771056,0.5186119336419373,0.9243946075439453,0.7369254231452942,0.6631097793579102,1.0588189363479614,0.6306437253952026
C165M,165,0.7312095000000001,1,1.1157272219657899,0.1268561114757062,0.3845177219657898,1.181240439414978,0.9934536814689636,1.0389468669891357,1.3056139945983887,1.059381127357483
C165L,165,0.977053873,1,1.0547852158546447,0.06519530473266123,0.07773134285464467,1.117653727531433,0.9916777610778809,0.9865939021110535,1.1212129592895508,1.0567877292633057
C165K,165,0.594384763,1,0.9707384705543518,0.1978059256964524,0.3763537075543518,1.0488286018371582,0.9332953095436096,0.8966988325119019,1.2548009157180786,0.7200686931610107
C165H,165,0.635657616,1,1.0366184949874877,0.11760686533484073,0.40096087898748767,0.9920172691345215,0.9642484784126282,1.1521801948547363,1.1691248416900635,0.9055216908454895
C165G,165,0.6468502070000001,1,0.893127727508545,0.09687707470647794,0.2462775205085449,0.9715196490287781,0.8014585971832275,0.8764966726303101,1.0136003494262695,0.8025633692741394
C165E,165,1.011497402,1,0.8861560463905335,0.11484181587712526,0.12534135560946658,0.8486660718917847,0.8498925566673279,0.9274630546569824,1.0569777488708496,0.7477807998657227
C165D,165,1.047063869,1,0.8355989336967469,0.132332287288716,0.21146493530325317,0.8735618591308594,0.7135909199714661,0.8148449063301086,1.0425915718078613,0.7334054112434387
C165A,165,0.814817839,1,0.9931736826896668,0.08423891560959393,0.17835584368966673,0.9936728477478027,0.8935213685035706,1.0402010679244995,1.1055030822753906,0.9329700469970703
Y166N,166,-0.197535087,4,0.39887313842773436,0.08184565948897699,0.5964082254277343,0.30729734897613525,0.36660057306289673,0.37349748611450195,0.420620322227478,0.5263499617576599
Y166P,166,-0.048427537,4,0.26181837916374207,0.09908315690776735,0.3102459161637421,0.23358356952667236,0.24299508333206177,0.20019316673278809,0.1969655156135559,0.4353545606136322
Y166R,166,-0.0194996869999999,4,0.40492629408836367,0.05319594186579624,0.42442598108836355,0.411598801612854,0.3670189678668976,0.3522680997848511,0.4047667384147644,0.48897886276245117
Y166M,166,0.4148525320000001,4,0.7480585217475891,0.035574086721505645,0.333205989747589,0.7628268599510193,0.7630966305732727,0.734032928943634,0.6938184499740601,0.7865177392959595
Y166L,166,0.1824551539999999,4,0.736651611328125,0.05042015445738409,0.5541964573281251,0.7575745582580566,0.7166123986244202,0.7376018762588501,0.6674453616142273,0.8040238618850708
Y166K,166,-0.18202303,4,0.3945359706878662,0.06650699079025901,0.5765590006878663,0.39208757877349854,0.3439183533191681,0.3615564703941345,0.36567333340644836,0.5094441175460815
Y166I,166,0.246226916,4,0.7534306883811951,0.03000894658202799,0.5072037723811951,0.7655361294746399,0.7271712422370911,0.7363936305046082,0.73748779296875,0.8005646467208862
Y166G,166,0.122923063,4,0.35665367245674134,0.0462085320369193,0.23373060945674135,0.3521275520324707,0.3225969970226288,0.32360926270484924,0.34943583607673645,0.4354987144470215
Y166E,166,-0.209463793,4,0.44131228923797605,0.05434677330731009,0.650776082237976,0.4051249921321869,0.43890181183815,0.41239476203918457,0.41430985927581787,0.535830020904541
Y166C,166,0.17959228,4,0.6794144153594971,0.04839411741306057,0.4998221353594971,0.6835333704948425,0.6677244305610657,0.610237717628479,0.7450262904167175,0.6905502676963806
Y166A,166,0.02438584,4,0.6321564078330993,0.05492401869202251,0.6077705678330994,0.6441971659660339,0.5986798405647278,0.5698621273040771,0.6326996088027954,0.7153432965278625
Y166T,166,-0.083539595,4,0.6030343890190124,0.05384765753475155,0.6865739840190124,0.5823860764503479,0.5762062668800354,0.5863205194473267,0.5714403390884399,0.6988187432289124
Y166V,166,0.178540325,4,0.7096297740936279,0.04606418759655051,0.531089449093628,0.6766434907913208,0.7103917002677917,0.7229137420654297,0.6597571969032288,0.7784427404403687
Y166W,166,0.08795375,4,0.7499820709228515,0.03708076682140548,0.6620283209228515,0.6953696012496948,0.7502502799034119,0.7615035176277161,0.744303822517395,0.79848313331604
Y166Q,166,0.1326365659999999,4,0.5035286903381347,0.08635616321099869,0.37089212433813484,0.4416876435279846,0.4985499680042267,0.43502578139305115,0.4933065176010132,0.6490735411643982
A167V,167,1.001110479,3,0.8289515256881714,0.05324466877340209,0.17215895331182862,0.8429129719734192,0.8911547064781189,0.8176826238632202,0.8467187285423279,0.7462885975837708
A167W,167,0.685148456,3,0.5167892813682556,0.09477808344101511,0.16835917463174432,0.6187729835510254,0.6078698039054871,0.5064043402671814,0.44030722975730896,0.41059204936027527
A167M,167,0.7820617259999999,3,0.7301280736923218,0.02278515861873742,0.0519336523076781,0.7363084554672241,0.7043517827987671,0.7206452488899231,0.7239149808883667,0.7654199004173279
A167S,167,0.895408986,3,0.7160053849220276,0.062187409421533286,0.17940360107797237,0.7521332502365112,0.7337781190872192,0.6657033562660217,0.63900226354599,0.7894099354743958
A167Y,167,0.596724551,3,0.556363433599472,0.06570354559556357,0.040361117400527946,0.6259304285049438,0.45529904961586,0.5755561590194702,0.5922662615776062,0.53276526927948
A167R,167,0.975801014,3,0.8114645719528198,0.033425344722866436,0.16433644204718012,0.8426395654678345,0.8197020292282104,0.7911438941955566,0.7642749547958374,0.8395624160766602
A167H,167,0.255187245,3,0.456662255525589,0.0761662466446495,0.20147501052558897,0.4592505395412445,0.32734739780426025,0.48411333560943604,0.48636531829833984,0.5262346863746643
A167P,167,-0.145245177,3,0.44185643196105956,0.04800491733665277,0.5871016089610596,0.4560326039791107,0.489726722240448,0.48110494017601013,0.38598501682281494,0.39643287658691406
A167K,167,0.603439254,3,0.8535759687423706,0.06248446175119046,0.25013671474237065,0.8920431137084961,0.83436119556427,0.7882517576217651,0.811651349067688,0.9415724277496338
A167G,167,0.853178332,3,0.6474713563919068,0.024025586552334034,0.20570697560809326,0.6669356226921082,0.6431988477706909,0.6418259143829346,0.6124131679534912,0.6729832291603088
A167F,167,0.688755442,3,0.5190806210041046,0.06401749701949999,0.16967482099589548,0.6156265735626221,0.5503403544425964,0.46637189388275146,0.4657733142375946,0.4972909688949585
A167E,167,-0.113441352,3,0.5456528544425965,0.06191857957468519,0.6590942064425964,0.5334173440933228,0.5302219390869141,0.568020761013031,0.463350772857666,0.6332534551620483
A167D,167,0.000575645,3,0.4305071711540222,0.07090894545653897,0.4299315261540222,0.45758965611457825,0.3554737865924835,0.4846501052379608,0.35393252968788147,0.500889778137207
A167C,167,1.120371241,3,0.9593502163887024,0.03647606100348585,0.16102102461129753,0.9202461242675781,0.9311386942863464,0.9504095315933228,0.9996629357337952,0.9952937960624695
A167Q,167,0.683395979,3,0.7510251998901367,0.03977360601110843,0.06762922089013668,0.7218799591064453,0.8038932085037231,0.7155217528343201,0.7309020757675171,0.782929003238678
D168V,168,0.8593181790000001,0,0.5980415582656861,0.08156108360924808,0.261276620734314,0.5833509564399719,0.6207478642463684,0.4640854001045227,0.6621736884117126,0.6598498821258545
D168W,168,0.69618443,0,0.6717853307723999,0.0595076802038999,0.024399099227600085,0.7040703892707825,0.7509264349937439,0.6009448766708374,0.6740429401397705,0.6289420127868652
D168T,168,1.0187375159999998,0,0.8282350540161133,0.07079550448093627,0.19050246198388654,0.7857506275177002,0.8789623379707336,0.7503058910369873,0.8032084107398987,0.9229480028152466
D168S,168,1.461746049,0,0.8612349629402161,0.05213312500414071,0.600511086059784,0.8143450021743774,0.8978275060653687,0.8341691493988037,0.8255879282951355,0.934245228767395
D168Y,168,1.161230675,0,0.5685372531414032,0.11436540278309207,0.5926934218585969,0.6457905769348145,0.5822069644927979,0.3779838979244232,0.6677951216697693,0.5689097046852112
D168R,168,0.8982321520000001,0,0.8000615477561951,0.03367303382174945,0.09817060424380497,0.7848321199417114,0.8291887044906616,0.7497653365135193,0.8297288417816162,0.8067927360534668
D168F,168,0.7932617009999999,0,0.4978513538837433,0.0967789421486626,0.29541034711625663,0.41003865003585815,0.5984010696411133,0.3939967751502991,0.5919197201728821,0.49490055441856384
D168P,168,0.772771876,0,0.3594913840293884,0.08026516931432713,0.41328049197061156,0.2698514759540558,0.441293865442276,0.30578166246414185,0.3342994749546051,0.4462304413318634
D168Q,168,1.020066453,0,0.8303593754768371,0.05804416605772662,0.18970707752316296,0.8123952150344849,0.8547399044036865,0.7378659844398499,0.8856397271156311,0.8611560463905334
D168E,168,1.206582555,0,0.8675140619277955,0.03353111803844652,0.33906849307220455,0.8535450100898743,0.9235440492630005,0.8349174857139587,0.8680509328842163,0.8575128316879272
D168G,168,1.053762406,0,0.7998585104942322,0.042160535055656784,0.25390389550576775,0.7883353233337402,0.8262990117073059,0.7309147715568542,0.8325941562652588,0.8211492896080017
D168A,168,0.96774506,0,0.7944896221160889,0.037558829221732246,0.17325543788391118,0.7703112363815308,0.8441964983940125,0.7462324500083923,0.8055049777030945,0.8062029480934143
D168L,168,0.8841057240000001,0,0.6142434716224671,0.07688296175176366,0.26986225237753303,0.5518273115158081,0.6304155588150024,0.5231733322143555,0.7126098275184631,0.653191328048706
D168M,168,0.993976895,0,0.5633861780166626,0.09307083906770737,0.4305907169833374,0.42348581552505493,0.5978386998176575,0.5208220481872559,0.6136839389801025,0.6611003875732422
D168N,168,1.285258692,0,0.8682733535766601,0.06688265689834688,0.41698533842333985,0.8279866576194763,0.9472036957740784,0.783896803855896,0.8605212569236755,0.9217583537101746
D168K,168,1.038026173,0,0.7680716276168823,0.07464992710668017,0.2699545453831177,0.8150027394294739,0.8224896788597107,0.638750433921814,0.7796697020530701,0.784445583820343
T169N,169,0.396465405,0,0.8382041692733765,0.06921724216891847,0.4417387642733765,0.8148674368858337,0.949658215045929,0.8528730869293213,0.7681052088737488,0.8055168986320496
T169Y,169,1.184709182,0,1.0419850945472717,0.1184058570003985,0.14272408745272824,0.8708881735801697,1.1583960056304932,0.9983556270599365,1.1482288837432861,1.0340567827224731
T169W,169,0.797354307,0,0.8952002644538879,0.08280764513634441,0.09784595745388791,0.8487710356712341,1.0394811630249023,0.8379819393157959,0.8615362644195557,0.8882309198379517
T169V,169,0.8383393690000001,0,0.900898563861847,0.05675668424674745,0.06255919486184691,0.8743773698806763,0.9814435243606567,0.8396393656730652,0.8735682964324951,0.9354642629623413
T169S,169,1.090555868,0,0.9886917471885681,0.07657067906729816,0.10186412081143192,1.114168643951416,0.9979599118232727,0.9440696835517883,0.915614902973175,0.9716455936431885
T169R,169,0.884259883,0,1.016777551174164,0.05127965355038698,0.13251766817416388,0.9888903498649597,1.1034915447235107,0.9731060862541199,0.9992159008979797,1.019183874130249
T169Q,169,0.924597019,0,1.046791183948517,0.10931442213607469,0.12219416494851687,0.9796931147575378,1.2032467126846313,0.9229674339294434,1.0259993076324463,1.1020493507385254
T169P,169,-0.045960825,0,0.2590259611606598,0.08063332590344617,0.3049867861606598,0.3036741614341736,0.3499535024166107,0.28218477964401245,0.21579033136367798,0.14352703094482422
T169M,169,1.094182252,0,0.9259198427200317,0.052486105483277964,0.16826240927996827,0.8792563676834106,0.9483062028884888,0.8608327507972717,0.9780593514442444,0.9631445407867432
T169K,169,0.709352361,0,0.9810515284538269,0.10363642110950237,0.27169916745382694,0.8095510601997375,1.0563910007476807,0.9612550735473633,1.0585061311721802,1.0195543766021729
T169I,169,0.790313137,0,0.9758499383926391,0.11401634780823136,0.18553680139263906,0.9988997578620911,1.1623201370239258,0.8691215515136719,0.9211020469665527,0.9278061985969543
T169H,169,1.215144569,0,0.9892590761184692,0.09636923971132372,0.2258854928815308,0.9374685883522034,1.1230623722076416,0.9015178680419922,1.0586349964141846,0.9256115555763245
T169G,169,0.951689447,0,0.7737281799316407,0.023486720413196962,0.17796126706835935,0.7883428335189819,0.8032813668251038,0.7440172433853149,0.7746325135231018,0.7583669424057007
T169F,169,0.80493241,0,1.1573397874832154,0.12622231598219813,0.3524073774832154,1.0818889141082764,1.358935832977295,1.0475972890853882,1.2002097368240356,1.0980671644210815
T169E,169,0.521221246,0,0.6322186708450317,0.09492165788219462,0.11099742484503172,0.49494171142578125,0.7292770147323608,0.5796937346458435,0.6596742272377014,0.6975066661834717
T169D,169,0.454454982,0,0.8223048448562622,0.08569967309603051,0.3678498628562622,0.9440406560897827,0.7794398665428162,0.8596256971359253,0.8120505213737488,0.7163674831390381
T169C,169,0.911267362,0,0.8787530064582825,0.05470857183662422,0.032514355541717554,0.9061160087585449,0.8160701990127563,0.8262730836868286,0.9411691427230835,0.904136598110199
T169L,169,1.073557734,0,1.0904721021652222,0.08910814675688988,0.016914368165222182,1.0475013256072998,1.2335889339447021,1.0968762636184692,0.9941003322601318,1.0802936553955078
M170Y,170,-0.1042432559999999,2,0.6424407243728638,0.10719790038653627,0.7466839803728638,0.7185347676277161,0.6923121213912964,0.7473490834236145,0.5309395790100098,0.5230680704116821
M170W,170,0.144445874,2,0.7647503614425659,0.08226249099953689,0.6203044874425659,0.7106558084487915,0.8434078693389893,0.8332589268684387,0.7850377559661865,0.6513914465904236
M170V,170,1.045298375,2,0.7910837888717651,0.04777048909189661,0.2542145861282349,0.7809828519821167,0.8742702007293701,0.7814418077468872,0.7598931789398193,0.7588309049606323
M170T,170,0.838175917,2,0.5815280079841614,0.07386699881492821,0.25664790901583867,0.6151225566864014,0.6076629757881165,0.6397899985313416,0.5920241475105286,0.45304036140441895
M170S,170,0.053977042,2,0.16508904695510865,0.034195697447964565,0.11111200495510865,0.1279393434524536,0.2138771414756775,0.18514639139175415,0.15173089504241943,0.14675146341323853
M170R,170,-0.0451973679999999,2,-0.03331838846206665,0.05429000452211248,0.011878979537933244,-0.0549430251121521,-0.01873844861984253,-0.004261016845703125,0.026466548442840576,-0.11511600017547607
M170Q,170,0.447951552,2,0.2845862090587616,0.16772648882806734,0.1633653429412384,0.40854284167289734,0.40969815850257874,0.3865887224674225,0.17790007591247559,0.04020124673843384
M170P,170,0.214911443,2,0.1443273901939392,0.08411618218652755,0.07058405280606081,0.11375832557678223,0.2060975432395935,0.1194988489151001,0.24818164110183716,0.03410059213638306
M170L,170,1.059493592,2,0.8898891806602478,0.07093815053240336,0.16960441133975213,0.8771835565567017,0.8933529257774353,0.9952746033668518,0.8877933621406555,0.7958414554595947
M170I,170,0.7871536579999999,2,0.836139190196991,0.04080653812397879,0.04898553219699109,0.8934683203697205,0.8207130432128906,0.8633435368537903,0.8035993576049805,0.799571692943573
M170H,170,0.015235193,2,0.25223445892333984,0.07576571146929259,0.23699926592333984,0.3138138949871063,0.266995906829834,0.30620232224464417,0.24851757287979126,0.1256425976753235
M170G,170,0.091344527,2,0.02293388843536377,0.03539229530433447,0.06841063856463622,0.048900306224823,-0.01795095205307007,0.009919345378875732,0.00445711612701416,0.06934362649917603
M170E,170,0.0020986,2,0.003562164306640625,0.07850862699951733,0.0014635643066406249,-0.0906822681427002,-0.04664444923400879,0.11607009172439575,0.025994598865509033,0.013072848320007324
M170D,170,0.206106726,2,-0.11443233489990234,0.06799526788954212,0.32053906089990236,-0.21130156517028809,-0.1416124701499939,-0.03134894371032715,-0.11168438196182251,-0.07621431350708008
M170A,170,0.562194215,2,0.4157722175121307,0.06347488669568739,0.14642199748786927,0.4732070565223694,0.4210595190525055,0.3931014835834503,0.4714878797531128,0.3200051486492157
F171D,171,0.836504428,4,0.7123986721038819,0.05573760731303898,0.12410575589611816,0.6284497976303101,0.7438059449195862,0.7188071012496948,0.7760096192359924,0.6949208974838257
F171G,171,1.027862755,4,1.041708755493164,0.09875444471147304,0.013846000493164201,0.9041877388954163,1.1532871723175049,1.1090004444122314,0.9873819947242737,1.054686427116394
F171H,171,1.234871189,4,0.8050050258636474,0.11614635808689139,0.4298661631363525,0.7928581833839417,0.9296421408653259,0.8790038824081421,0.7995471954345703,0.6239737272262573
F171K,171,1.015598749,4,0.8882816314697266,0.06540586930373812,0.12731711753027342,0.8246173858642578,0.8188753128051758,0.9648125171661377,0.936375617980957,0.8967273235321045
F171L,171,0.983145309,4,1.0906049847602843,0.0909127825483049,0.10745967576028437,0.9509653449058533,1.15702223777771,1.1850605010986328,1.0811691284179688,1.0788077116012573
F171M,171,0.410459553,4,1.2804310321807861,0.15283635329321185,0.8699714791807862,1.0417661666870117,1.4252550601959229,1.3963196277618408,1.2996368408203125,1.2391774654388428
F171P,171,0.392294876,4,0.31074475049972533,0.1891578008783863,0.08155012550027468,0.6174764037132263,0.3162958025932312,0.16675728559494019,0.14259254932403564,0.31060171127319336
F171E,171,0.480242812,4,0.5707310318946839,0.0601200271833663,0.09048821989468386,0.48101532459259033,0.5665380954742432,0.5541829466819763,0.6288747191429138,0.6230440735816956
F171W,171,1.083158054,4,0.9307750582695007,0.08403740719294987,0.1523829957304994,0.813560962677002,0.9168863296508789,0.974503219127655,1.0399901866912842,0.9089345932006836
F171S,171,0.723674162,4,0.9207413077354432,0.05455459685902883,0.19706714573544315,0.8606411218643188,0.9705485105514526,0.9844995141029358,0.9066113233566284,0.8814060688018799
F171T,171,1.182248913,4,1.0757849216461182,0.11650216993950416,0.10646399135388185,0.9668445587158203,1.2623347043991089,1.1083920001983643,1.0362513065338135,1.0051020383834839
F171V,171,0.926131367,4,1.0023687601089477,0.12739079331710146,0.07623739310894773,0.8337287902832031,1.1431652307510376,1.0924969911575317,1.0286188125610352,0.9138339757919312
F171C,171,0.915207819,4,0.9300554990768433,0.06971806344617125,0.014847680076843228,0.9153207540512085,1.0230308771133423,0.8964624404907227,0.972753643989563,0.8427097797393799
F171A,171,1.048054805,4,0.9379302978515625,0.09528686815851367,0.11012450714843758,0.8688236474990845,0.9200736880302429,1.1029545068740845,0.9206255674362183,0.8771740794181824
F171R,171,0.977762784,4,0.8559179067611694,0.05490164601929312,0.12184487723883064,0.8793982267379761,0.8387795090675354,0.9363301992416382,0.8347041606903076,0.7903774380683899
F171Q,171,0.94465952,4,0.9702730417251587,0.10318093221150756,0.02561352172515874,0.9017615914344788,1.0447694063186646,1.1097710132598877,0.9314386248588562,0.8636245727539062
L173R,173,0.524542773,2,0.33677965998649595,0.08923320703716904,0.187763113013504,0.259221613407135,0.4595174193382263,0.24598050117492676,0.3323368728160858,0.38684189319610596
L173S,173,0.5928268179999999,2,0.4592353880405426,0.10083495548724782,0.13359142995945733,0.33471018075942993,0.5293172597885132,0.5885151624679565,0.4025915265083313,0.44104281067848206
L173C,173,1.10011063,2,0.8961372137069702,0.07034624244542068,0.2039734162930299,0.8704947233200073,0.9772295951843262,0.7996559739112854,0.8819365501403809,0.9513692259788513
L173V,173,1.209407376,2,0.9476850390434265,0.039603933996922504,0.26172233695657343,0.8975897431373596,0.9591522812843323,0.915243923664093,0.977975070476532,0.9884641766548157
L173W,173,0.864455137,2,0.687061321735382,0.10916897885588774,0.17739381526461795,0.5575804710388184,0.7080532908439636,0.8235076665878296,0.5973954200744629,0.7487697601318359
L173D,173,0.1201793269999999,2,0.405235093832016,0.12158787723016135,0.2850557668320161,0.3830527663230896,0.4133661389350891,0.4932442605495453,0.21318233013153076,0.5233299732208252
L173E,173,0.027977017,2,0.3982458531856537,0.13149472866288942,0.3702688361856537,0.29704737663269043,0.4518551826477051,0.391996294260025,0.259998619556427,0.5903317928314209
L173G,173,0.1218636719999999,2,0.27055504322052004,0.08311375057032858,0.14869137122052015,0.17049551010131836,0.24622046947479248,0.3397585153579712,0.22495412826538086,0.3713465929031372
L173M,173,1.075946998,2,0.9646352171897888,0.03433449538613899,0.1113117808102112,0.9529757499694824,0.9737540483474731,0.9409776926040649,1.0201222896575928,0.9353463053703308
L173N,173,0.044378742,2,0.28458172082901,0.07304586341470277,0.24020297882901,0.1974685788154602,0.33034849166870117,0.37955108284950256,0.233248770236969,0.2822916805744171
L173Q,173,0.558714054,2,0.4685844540596008,0.0791355353685127,0.09012959994039915,0.4140329360961914,0.4908753037452698,0.47721606492996216,0.37738609313964844,0.5834118723869324
L173A,173,0.416998264,2,0.37447303533554077,0.04852556569572178,0.042525228664459236,0.32448074221611023,0.39365556836128235,0.3768521845340729,0.33327212929725647,0.44410455226898193
L173T,173,0.986236103,2,0.609401273727417,0.052546954757718534,0.37683482927258294,0.5986087322235107,0.6732861399650574,0.6456629037857056,0.5369753837585449,0.5924732089042664
L173P,173,0.141855245,2,0.0641635775566101,0.10794327793285827,0.07769166744338989,-0.07585495710372925,0.2222977876663208,0.08012765645980835,0.023042380809783936,0.0712050199508667
L174G,174,0.636278649,3,0.6760423660278321,0.0654213140737613,0.0397637170278321,0.5730464458465576,0.7130398750305176,0.6516516208648682,0.7060249447822571,0.7364489436149597
L174A,174,0.845151387,3,0.7918425798416138,0.058228270222078084,0.05330880715838626,0.791254460811615,0.8060041666030884,0.7539341449737549,0.7277601957321167,0.8802599310874939
L174C,174,0.485351035,3,0.9232110261917115,0.06870017572064438,0.4378599911917115,0.8445510268211365,0.9711943864822388,0.9347937107086182,0.8617910742759705,1.0037249326705933
L174F,174,0.971502921,3,0.7557482481002807,0.07255141941812543,0.21575467289971928,0.8239477872848511,0.7768654823303223,0.6359179615974426,0.7472049593925476,0.7948050498962402
L174H,174,0.016597236,3,0.327890682220459,0.06303203515430983,0.31129344622045896,0.27797067165374756,0.26518943905830383,0.3371769189834595,0.33459487557411194,0.4245215058326721
L174K,174,0.4324999439999999,3,0.5028039216995239,0.05532125598029325,0.07030397769952401,0.4370824694633484,0.529447078704834,0.5334304571151733,0.5628818273544312,0.45117777585983276
L174M,174,0.8308096359999999,3,1.083221983909607,0.05359025943332474,0.252412347909607,1.1082470417022705,1.1181150674819946,1.0243666172027588,1.027105689048767,1.1382755041122437
L174N,174,-0.152254619,3,0.3254461646080017,0.06216335172073768,0.4777007836080017,0.3995600938796997,0.24285924434661865,0.28425613045692444,0.3399377465248108,0.36061760783195496
L174T,174,0.6940794379999999,3,0.7816995978355408,0.05279467896276764,0.08762015983554083,0.7777336239814758,0.7757568359375,0.7157678604125977,0.7756017446517944,0.8636379241943359
L174P,174,-0.178991331,3,0.2973621904850006,0.06190560011241038,0.47635352148500065,0.34283965826034546,0.37842994928359985,0.23162966966629028,0.2830675542354584,0.2508441209793091
L174W,174,0.971381289,3,0.5111694276332855,0.05707323823325498,0.46021186136671444,0.5042524337768555,0.48107290267944336,0.4847109615802765,0.611320972442627,0.47448986768722534
L174V,174,0.895101798,3,0.914270532131195,0.049689387170979635,0.01916873413119502,0.9146069288253784,0.9771738648414612,0.8758368492126465,0.8564011454582214,0.9473338723182678
L174S,174,0.725208298,3,0.6090907573699951,0.07630155907216907,0.1161175406300049,0.5985561013221741,0.6178942322731018,0.5191222429275513,0.5814542770385742,0.7284269332885742
L174R,174,0.48162388,3,0.48303518295288084,0.040322999047000686,0.001411302952880833,0.4741204082965851,0.42274072766304016,0.5280860662460327,0.4798256754875183,0.510403037071228
L174Q,174,0.024869856,3,0.56948002576828,0.05314453358603096,0.54461016976828,0.4993423819541931,0.5521308779716492,0.5585684776306152,0.6423107981681824,0.5950475931167603
L174Y,174,0.732390449,3,0.6730876088142395,0.05859078402240988,0.0593028401857606,0.6222294569015503,0.763926088809967,0.6940141916275024,0.6253051161766052,0.6599631905555725
G175T,175,1.252663723,2,0.8766502499580383,0.01584117527485315,0.37601347304196164,0.9004753828048706,0.8814270496368408,0.8735841512680054,0.8576422929763794,0.8701223731040955
G175M,175,0.836216561,2,0.7109094500541687,0.050704650282399566,0.12530711094583125,0.6570057272911072,0.7200656533241272,0.7774743437767029,0.6637687683105469,0.7362327575683594
G175S,175,0.748885496,2,0.7835106730461121,0.01027290223381268,0.03462517704611212,0.7969589233398438,0.7805730104446411,0.7802382111549377,0.7699986696243286,0.7897845506668091
G175V,175,0.989337462,2,0.672357714176178,0.04475992863202957,0.316979747823822,0.7127945423126221,0.7073804140090942,0.6932638883590698,0.6301680207252502,0.6181817054748535
G175R,175,0.789495417,2,0.7066979527473449,0.023508196222049884,0.0827974642526551,0.666313111782074,0.7166085243225098,0.7064113020896912,0.7200551629066467,0.7241016626358032
G175Y,175,1.289619373,2,0.6757380604743958,0.08302387501953447,0.6138813125256043,0.6468002200126648,0.5803995728492737,0.7651054263114929,0.6259274482727051,0.7604576349258423
G175N,175,0.940145419,2,0.9586547017097473,0.035767568243172704,0.018509282709747277,0.9337260127067566,0.9275808930397034,0.9641656875610352,1.0172560214996338,0.9505448937416077
G175L,175,0.812994201,2,0.5747452259063721,0.0869021442972807,0.23824897509362786,0.592069149017334,0.7189132571220398,0.5172343254089355,0.5084393620491028,0.5370700359344482
G175C,175,0.561987694,2,0.7601296544075012,0.05091827791484789,0.1981419604075012,0.7197942137718201,0.7299612164497375,0.7408372163772583,0.8464386463165283,0.7636169791221619
G175I,175,0.626916777,2,0.6188496947288513,0.13300444003846187,0.008067082271148718,0.6350225210189819,0.8444828987121582,0.5315595269203186,0.5455712080001831,0.5376123189926147
G175H,175,1.070116127,2,0.7436678409576416,0.05733270459882368,0.3264482860423583,0.7048206329345703,0.7827643752098083,0.8238484263420105,0.7184044718742371,0.6885012984275818
G175F,175,0.8873363209999999,2,0.5767967700958252,0.058875233228106075,0.31053955090417473,0.515336275100708,0.6643968820571899,0.5473812818527222,0.6062138676643372,0.5506555438041687
G175A,175,1.056980787,2,0.7142699718475342,0.03095284001270885,0.34271081515246593,0.7491824626922607,0.7128667831420898,0.7322924733161926,0.6666078567504883,0.7104002833366394
G175E,175,0.6507809520000001,2,0.7976582527160645,0.09997283842920686,0.14687730071606442,0.68492192029953,0.9343634843826294,0.7287936806678772,0.7824873924255371,0.8577247858047485
G175P,175,0.960845809,2,0.5817487895488739,0.07832943422750717,0.37909701945112617,0.4812873303890228,0.514719545841217,0.6189333200454712,0.6533840894699097,0.6404196619987488
G175D,175,1.207034662,2,0.9110232591629028,0.09869623937058963,0.29601140283709726,0.8667210340499878,0.943845272064209,0.9995843172073364,0.9845319986343384,0.7604336738586426
G175K,175,1.121290891,2,0.7284678101539612,0.10086354966549928,0.3928230808460387,0.5956214666366577,0.6850622892379761,0.7038390636444092,0.8151504397392273,0.8426657915115356
G175Q,175,1.074727004,2,0.752622926235199,0.1188899469835921,0.3221040777648011,0.6292559504508972,0.6991264820098877,0.8239116668701172,0.687505841255188,0.9233146905899048
G175W,175,0.8949538370000001,2,0.5441080152988433,0.08591189294657138,0.35084582170115675,0.5805214643478394,0.6057879328727722,0.6299654245376587,0.4592958390712738,0.44496941566467285
K176W,176,0.788865122,1,0.8288300275802613,0.05614368996674387,0.03996490558026122,0.7963986992835999,0.7479180693626404,0.8862021565437317,0.8480985760688782,0.865532636642456
K176D,176,1.245939905,1,0.9842548727989197,0.07511751959347145,0.2616850322010803,1.0249091386795044,0.881689190864563,0.9416109323501587,1.0759892463684082,0.9970758557319641
K176F,176,0.84102844,1,0.9132017016410827,0.05742164368061786,0.07217326164108273,0.9176937341690063,0.8341851234436035,0.9363824725151062,0.9892210960388184,0.8885260820388794
K176G,176,1.078338241,1,0.7944481849670411,0.05788574903334838,0.2838900560329589,0.7825438380241394,0.7301919460296631,0.7582883238792419,0.878149151802063,0.8230676651000977
K176A,176,1.004644109,1,0.9500608086585999,0.06993152779546535,0.05458330034140013,0.91184401512146,0.8613182306289673,0.9887744784355164,0.9450231790542603,1.0433441400527954
K176H,176,0.809308646,1,1.0572332382202148,0.09443426624975108,0.2479245922202148,0.9986035823822021,1.0258606672286987,0.9896197319030762,1.220470666885376,1.0516115427017212
K176I,176,0.902980138,1,0.8848239064216614,0.024479913671721906,0.018156231578338566,0.8961637616157532,0.8516302108764648,0.8965399265289307,0.8677794933319092,0.912006139755249
K176L,176,1.168316915,1,0.8552889227867126,0.028916103341686566,0.31302799221328725,0.8760154843330383,0.8076290488243103,0.8780550956726074,0.8497393727302551,0.865005612373352
K176M,176,0.851077738,1,0.8395933508872986,0.05867198012925768,0.011484387112701389,0.9130415916442871,0.7934913039207458,0.8375877737998962,0.7724966406822205,0.8813494443893433
K176P,176,0.85077001,1,1.1024021863937379,0.08273812306202966,0.2516321763937379,1.105988621711731,1.0065723657608032,1.0585237741470337,1.229608178138733,1.1113179922103882
K176Q,176,1.076501442,1,0.8996525645256043,0.07550982563789624,0.17684887747439582,0.9038829207420349,0.8165234923362732,0.8974146842956543,1.0195367336273193,0.8609049916267395
K176R,176,0.93349392,1,0.9216766476631164,0.049177345574885185,0.011817272336883566,0.8781237602233887,0.8893917202949524,0.9381674528121948,0.9998346567153931,0.9028656482696533
K176S,176,0.873123205,1,0.9131598353385926,0.10499885286272075,0.040036630338592616,0.8262722492218018,0.8429715633392334,0.8777540922164917,1.0863585472106934,0.9324427247047424
K176V,176,1.151767684,1,0.9244454383850098,0.04860648135314108,0.22732224561499015,0.9292134046554565,0.8478971719741821,0.9440742135047913,0.9203317165374756,0.9807106852531433
K176C,176,0.925918063,1,0.8731199383735657,0.11604817833397282,0.052798124626434295,0.875297486782074,0.8514342308044434,0.9085146188735962,1.026444673538208,0.7039086818695068
K177Y,177,0.902803152,2,0.7968188881874084,0.08798326035696034,0.10598426381259163,0.8723413348197937,0.692149817943573,0.900154173374176,0.7388104200363159,0.7806386947631836
K177D,177,1.076337651,2,0.9346551656723022,0.07248910376164122,0.14168248532769778,0.8501355648040771,0.9035629034042358,1.0307738780975342,0.9861125946044922,0.9026908874511719
K177E,177,0.8459272659999999,2,0.8750007271766662,0.0400735421492351,0.029073461176666315,0.8693410158157349,0.8455108404159546,0.8677783012390137,0.9439989328384399,0.8483745455741882
K177F,177,0.8822539690000001,2,0.6894413948059082,0.06004243061097926,0.19281257419409192,0.7732718586921692,0.6553380489349365,0.7283596396446228,0.6252924799919128,0.6649449467658997
K177G,177,1.09591689,2,1.0183242559432983,0.09707548876926081,0.07759263405670169,0.9206764101982117,0.9538621306419373,1.0007941722869873,1.0466562509536743,1.1696323156356812
K177H,177,0.8145109290000001,2,0.9037159085273743,0.03411498005548953,0.08920497952737416,0.8890467882156372,0.8581335544586182,0.9330669045448303,0.896544337272644,0.9417879581451416
K177I,177,0.741094268,2,0.6926925659179688,0.07318304718902482,0.048401702082031206,0.8123316764831543,0.6844542622566223,0.6953693628311157,0.6194113492965698,0.6518961787223816
K177L,177,0.315703713,2,0.6385926365852356,0.10714420229973727,0.3228889235852356,0.7624179124832153,0.60625821352005,0.7149604558944702,0.4853055477142334,0.624021053314209
K177M,177,0.721641124,2,0.7877902388572693,0.06744695435618989,0.06614911485726926,0.8362310528755188,0.747878909111023,0.8353254199028015,0.6875577569007874,0.8319580554962158
K177Q,177,1.356314371,2,1.0105257153511047,0.05942055429446151,0.3457886556488954,1.0760890245437622,0.947242021560669,1.0720292329788208,0.9774075746536255,0.9798607230186462
K177R,177,0.972517946,2,0.9037693262100219,0.03882573185000321,0.06874861978997804,0.9321750998497009,0.9210865497589111,0.8635869026184082,0.9415761232376099,0.8604219555854797
K177S,177,0.53756526,2,0.8750974655151367,0.04842253220553974,0.33753220551513663,0.8862523436546326,0.8450493216514587,0.9268947839736938,0.909278154373169,0.8080127239227295
K177T,177,1.009721671,2,0.8607221007347107,0.05397841633175067,0.14899957026528943,0.9460759162902832,0.8071175813674927,0.8354151844978333,0.8779308795928955,0.8370709419250488
K177V,177,0.62540238,2,0.7035134077072144,0.05687882362542465,0.07811102770721434,0.7689481973648071,0.6578682661056519,0.7564421892166138,0.6433826684951782,0.6909257173538208
K177A,177,0.973582874,2,0.822452712059021,0.05459001531526009,0.15113016194097895,0.8483661413192749,0.7724220752716064,0.9052802920341492,0.7841017842292786,0.8020932674407959
K177W,177,0.519813905,2,0.6828495979309082,0.07154817244889453,0.16303569293090814,0.7521781921386719,0.6378011703491211,0.7018361687660217,0.5826533436775208,0.7397791147232056
F178G,178,0.933938431,4,0.6557385921478271,0.03634453661044719,0.2781998388521728,0.6774947047233582,0.7093427777290344,0.635286808013916,0.6306524872779846,0.6259161829948425
F178V,178,0.32077696,4,0.7343163251876831,0.06560556683222361,0.4135393651876831,0.6654629111289978,0.8233633637428284,0.7110117673873901,0.6911602020263672,0.780583381652832
F178A,178,0.945866325,4,0.8276974320411682,0.058346787045112314,0.11816889295883182,0.8029084801673889,0.9214251637458801,0.765601634979248,0.837289571762085,0.811262309551239
F178C,178,0.96497332,4,0.6123781144618988,0.12749356501121525,0.3525952055381012,0.7076081037521362,0.7682281732559204,0.44853708148002625,0.5462726354598999,0.5912445783615112
F178E,178,0.195084492,4,0.3967306613922119,0.11960617532905031,0.20164616939221192,0.26668769121170044,0.40413710474967957,0.33054298162460327,0.3961469233036041,0.5861386060714722
F178L,178,0.574697515,4,0.5680728197097779,0.12080785952598072,0.006624695290222138,0.3773570656776428,0.6727145314216614,0.5936899185180664,0.5328336954116821,0.6637688875198364
F178P,178,0.17825684,4,0.5994978070259094,0.1487295599497671,0.4212409670259094,0.48904624581336975,0.7513044476509094,0.3985612690448761,0.6712725758552551,0.6873044967651367
F178R,178,0.102093199,4,0.5652005434036255,0.11903070872673621,0.46310734440362544,0.5395472645759583,0.5719154477119446,0.381233274936676,0.638897716999054,0.6944090127944946
F178S,178,0.8693845040000001,4,0.6869043469429016,0.1180203508615253,0.18248015705709852,0.5471965670585632,0.821639895439148,0.5804668664932251,0.7266674041748047,0.7585510015487671
F178T,178,0.507187243,4,0.8050034999847412,0.1464577376620201,0.29781625698474123,0.7514742612838745,0.9873518943786621,0.624291181564331,0.742406964302063,0.9194931983947754
F178W,178,1.149639127,4,0.6590170741081238,0.022067936394181354,0.4906220528918761,0.67355877161026,0.6717507839202881,0.6251375675201416,0.6480934619903564,0.6765447854995728
Q179R,179,1.127419998,4,0.9382236003875732,0.055443959896839826,0.18919639761242668,0.8816877603530884,0.9739052057266235,1.0135180950164795,0.8926252126693726,0.9293817281723022
Q179P,179,-0.364130276,4,0.7323704481124877,0.049836659253116304,1.0965007241124878,0.8092728853225708,0.7217844128608704,0.6734641194343567,0.7430061101913452,0.7143247127532959
Q179M,179,0.973604915,4,1.0750283479690552,0.09412305627370006,0.1014234329690552,1.0311288833618164,1.196170687675476,1.0674899816513062,1.1305856704711914,0.9497665166854858
Q179V,179,1.11345345,4,0.9496089339256286,0.05862040711070964,0.16384451607437134,0.9506014585494995,1.0120189189910889,0.9840745329856873,0.944677472114563,0.8566722869873047
Q179W,179,0.790588944,4,0.8661934614181519,0.03551117687458858,0.07560451741815188,0.8245218396186829,0.9038217663764954,0.8878189325332642,0.8825969696044922,0.8322077989578247
Q179K,179,1.259874376,4,0.7605348348617553,0.0670520556668364,0.49933954113824464,0.6637109518051147,0.8319754004478455,0.8140057921409607,0.7352728843688965,0.7577091455459595
Q179G,179,0.792325725,4,0.6079942345619201,0.055787358580720696,0.18433149043807984,0.6310540437698364,0.579271137714386,0.582840085029602,0.5527468919754028,0.6940590143203735
Q179A,179,1.034906821,4,0.9141015410423279,0.06297041587566483,0.12080527995767221,0.8301526308059692,0.9685263633728027,0.9631714820861816,0.9446568489074707,0.8640003800392151
Q179S,179,0.954044751,4,0.9349863409996033,0.07026864549355835,0.019058410000396653,0.8431350588798523,1.0338025093078613,0.9605890512466431,0.9052189588546753,0.9321861267089844
Y180C,180,0.334484366,0,0.7304130554199219,0.06582271162724047,0.3959286894199219,0.6716868877410889,0.800679624080658,0.6620131731033325,0.7224469184875488,0.7952386736869812
Y180D,180,0.013197104,0,-0.11143813133239747,0.27337284840917525,0.12463523533239747,-0.4593791365623474,-0.07540673017501831,-0.06652027368545532,0.2856006622314453,-0.24148517847061157
Y180E,180,0.054553827,0,-0.11468859910964965,0.25697972169047056,0.16924242610964965,-0.4890367388725281,-0.10452187061309814,0.04878276586532593,0.1819433569908142,-0.2106105089187622
Y180G,180,-0.110966203,0,0.7332962393760681,0.04842884854462443,0.8442624423760682,0.6939260363578796,0.7891975045204163,0.6723387241363525,0.7541354894638062,0.756883442401886
Y180M,180,0.892290995,0,0.8876928806304931,0.08872524721231823,0.004598114369506856,0.8682416677474976,1.0027925968170166,0.7678397297859192,0.9398244023323059,0.8597660064697266
Y180L,180,0.668696869,0,0.8335239887237549,0.08067848083892033,0.16482711972375486,0.7407721877098083,0.9606741666793823,0.7989473342895508,0.8395479321479797,0.8276783227920532
Y180W,180,0.905975741,0,0.7858625650405884,0.12852248248600195,0.12011317595941162,0.6745390295982361,0.9889106750488281,0.8329656720161438,0.7337024807929993,0.6991949677467346
Y180V,180,0.771030074,0,0.8221992731094361,0.08947695553855813,0.05116919910943607,0.7555924654006958,0.9710804224014282,0.7542973160743713,0.7961918115615845,0.8338343501091003
Y180S,180,0.0265174179999999,0,0.6170406818389893,0.07032197121843574,0.5905232638389895,0.575457751750946,0.7293171286582947,0.6042208671569824,0.63056880235672,0.5456388592720032
Y180R,180,-0.043460115,0,0.3457407534122467,0.08825374434782955,0.3892008684122467,0.22766101360321045,0.43667685985565186,0.39290621876716614,0.39281606674194336,0.2786436080932617
Y180Q,180,0.089537429,0,0.5449210405349731,0.0977422980461907,0.45538361153497314,0.4577007591724396,0.6689809560775757,0.5585195422172546,0.6026449203491211,0.43675902485847473
Y180P,180,0.18939736,0,0.3418192744255066,0.13043081337736276,0.1524219144255066,0.22393512725830078,0.560886561870575,0.27513429522514343,0.3482312560081482,0.3009091317653656
Y180A,180,0.214501456,0,0.7979044914245605,0.05487619218106907,0.5834030354245605,0.7483958601951599,0.8720953464508057,0.7409700155258179,0.8012134432792664,0.8268477916717529
Y180K,180,-0.1003598219999999,0,0.4300399661064148,0.07878797988167104,0.5303997881064147,0.3802666664123535,0.483192503452301,0.5380513668060303,0.4031301438808441,0.34555914998054504
Y180N,180,0.2111101269999999,0,0.2378288745880127,0.10554406246559374,0.026718747588012792,0.14983642101287842,0.3056696057319641,0.2813872694969177,0.34868550300598145,0.10356557369232178
L181D,181,-0.197075336,1,0.029777634143829345,0.11959745024806707,0.22685297014382932,0.13510805368423462,0.0291023850440979,-0.048848509788513184,0.15747278928756714,-0.12394654750823975
L181C,181,1.03510067,1,0.7777721285820007,0.03424604409281329,0.2573285414179993,0.8063424229621887,0.7917926907539368,0.7264016270637512,0.8045322299003601,0.7597916722297668
L181A,181,1.050730525,1,0.6528638362884521,0.04569623890367519,0.39786668871154796,0.7018275260925293,0.6044665575027466,0.6265709400177002,0.7017173767089844,0.6297367811203003
L181E,181,0.163785151,1,0.04378362894058228,0.12035819418333454,0.12000152205941772,0.1465117335319519,0.11216986179351807,0.0049887895584106445,0.10501182079315186,-0.1497640609741211
L181F,181,1.054921832,1,0.8325779557228088,0.07561321013221596,0.2223438762771912,0.819157600402832,0.8162676095962524,0.7978070974349976,0.9626399278640747,0.7670175433158875
L181G,181,0.8140426890000001,1,0.3404027044773102,0.07698296520541204,0.4736399845226899,0.43606311082839966,0.3257344365119934,0.26362505555152893,0.4032406210899353,0.2733502984046936
L181I,181,1.049778539,1,0.8302535891532898,0.07733315280150602,0.21952494984671023,0.8380619287490845,0.789078414440155,0.7906928062438965,0.9614301919937134,0.7720046043395996
L181K,181,-0.063744899,1,0.08552736043930054,0.08701532397159735,0.14927225943930053,0.15118306875228882,0.10287690162658691,0.11260652542114258,0.12765103578567505,-0.06668072938919067
L181Q,181,0.452413436,1,0.27204554677009585,0.06742952287153621,0.18036788922990415,0.24575680494308472,0.23119688034057617,0.35268908739089966,0.33323606848716736,0.19734889268875122
L181V,181,0.785727416,1,0.7826915383338928,0.04093611044261837,0.003035877666107134,0.797966718673706,0.7271727323532104,0.7584323883056641,0.8338978886604309,0.7959879636764526
L181T,181,0.612393258,1,0.3531403303146362,0.08143402835913587,0.2592529276853638,0.32767894864082336,0.3135065734386444,0.3910050392150879,0.4728272259235382,0.2606838643550873
L181S,181,0.490853119,1,0.1258085250854492,0.07756203039585292,0.3650445939145508,0.14190459251403809,0.1292904019355774,0.10840374231338501,0.23308932781219482,0.01635456085205078
L181R,181,0.258974112,1,0.09035519361495972,0.029614847626657594,0.16861891838504026,0.09919202327728271,0.11185967922210693,0.10627728700637817,0.09589368104934692,0.03855329751968384
L181W,181,0.6491517170000001,1,0.6578511714935302,0.07112825483287841,0.008699454493530157,0.7309101819992065,0.7312928438186646,0.6473065614700317,0.5986024141311646,0.581143856048584
L182M,182,0.924615891,4,0.8915442705154419,0.04610159458968992,0.03307162048455803,0.9024745225906372,0.8990445137023926,0.8940434455871582,0.8174381256103516,0.9447207450866699
L182R,182,-0.012354125,4,0.35075748562812803,0.05298056423369288,0.363111610628128,0.3122031092643738,0.3764391243457794,0.28062450885772705,0.3733108639717102,0.4112098217010498
L182K,182,-0.286788491,4,0.32875214219093324,0.09183607054144868,0.6155406331909332,0.2847472131252289,0.42057234048843384,0.20750075578689575,0.31083622574806213,0.42010417580604553
L182P,182,0.974822637,4,0.16384204626083373,0.09940041729323129,0.8109805907391663,0.05818396806716919,0.12688016891479492,0.18374377489089966,0.12756407260894775,0.3228382468223572
L182Y,182,0.2596827969999999,4,0.5918462753295899,0.10022276849826436,0.33216347832959,0.6618649363517761,0.41618460416793823,0.6471043825149536,0.6239669322967529,0.6101105213165283
L182H,182,-0.051858,4,0.38584808707237245,0.10592371054662598,0.43770608707237246,0.5083349943161011,0.2882632911205292,0.27315062284469604,0.3861638605594635,0.4733276665210724
L182G,182,-0.060612464,4,0.46270751953125,0.07348007120985818,0.52331998353125,0.5077102780342102,0.44416549801826477,0.5126914978027344,0.3413950502872467,0.507575273513794
L182S,182,0.088049966,4,0.5321590542793274,0.06848786268509091,0.44410908827932744,0.5549142956733704,0.5840169787406921,0.4323046803474426,0.49346762895584106,0.5960916876792908
L182Q,182,-0.0739479879999999,4,0.5856147885322571,0.10310056958957045,0.659562776532257,0.6626386642456055,0.5662269592285156,0.41706621646881104,0.6123401522636414,0.6698019504547119
L182D,182,-0.41545856,4,0.2456212341785431,0.10017153893276198,0.6610797941785431,0.13172221183776855,0.2323102355003357,0.2319800853729248,0.22417306900024414,0.40792056918144226
L182A,182,0.48853949,4,0.8183390855789184,0.03132003740750642,0.3297995955789184,0.8720206618309021,0.8030444979667664,0.808129072189331,0.7918625473976135,0.8166386485099792
L182V,182,0.8028453720000001,4,0.9483062386512756,0.03875060322189261,0.14546086665127556,0.8982996344566345,0.9879297614097595,0.9168171882629395,0.975054144859314,0.9634304642677307
L182W,182,0.07368558,4,0.482433944940567,0.0703239543332312,0.408748364940567,0.5104253888130188,0.43973496556282043,0.4267324209213257,0.44150131940841675,0.5937756299972534
L182T,182,0.4919029479999999,4,0.7514290809631348,0.031306660738050066,0.25952613296313487,0.7876496315002441,0.7638322710990906,0.7669658064842224,0.7281519174575806,0.7105457782745361
L182C,182,0.89217717,4,1.0513607501983642,0.06808410530005156,0.1591835801983642,1.1423776149749756,1.0638436079025269,0.9753644466400146,1.0820400714874268,0.9931780099868774
C183W,183,0.698055068,1,0.7386823534965515,0.1380323649747633,0.04062728549655159,0.7044335007667542,0.7396451234817505,0.5823022723197937,0.9611799716949463,0.7058508992195129
C183V,183,0.836599833,1,1.0024170637130738,0.12387588177760434,0.16581723071307386,1.055590271949768,0.9516299962997437,0.8097975254058838,1.0778162479400635,1.1172512769699097
C183T,183,1.013076636,1,0.8531200528144837,0.06325287941305931,0.15995658318551642,0.9278149604797363,0.8127005696296692,0.7686141133308411,0.8643098473548889,0.8921607732772827
C183S,183,1.141818786,1,0.697662079334259,0.07139426047000433,0.4441567066657409,0.7421051859855652,0.6699966192245483,0.6204899549484253,0.7981042861938477,0.6576143503189087
C183A,183,0.806872123,1,0.875198757648468,0.09050207767269908,0.068326634648468,0.88787841796875,0.8006756901741028,0.7895504236221313,1.0154107809066772,0.8824784755706787
C183R,183,0.6427218610000001,1,0.5637338519096374,0.07295650466284748,0.07898800909036263,0.6025756597518921,0.6032094955444336,0.49130484461784363,0.6412889957427979,0.4802902638912201
C183Q,183,0.570654818,1,0.8012036561965943,0.040145197727251794,0.23054883819659433,0.7719563841819763,0.8515058159828186,0.7678136825561523,0.8379479050636292,0.7767944931983948
C183P,183,-0.443053341,1,0.45821555256843566,0.09284041652584311,0.9012688935684356,0.4547837972640991,0.4562550187110901,0.3735399544239044,0.6110355854034424,0.39546340703964233
C183M,183,1.069424435,1,0.9569849967956543,0.15082091754844135,0.11243943820434565,0.9470969438552856,0.9200968742370605,0.7530565857887268,1.1732110977172852,0.9914634823799133
C183L,183,1.010544005,1,0.909487509727478,0.11660061088934455,0.10105649527252203,0.9552249908447266,0.867457389831543,0.725492537021637,0.9851675629615784,1.0140950679779053
C183H,183,0.7708106509999999,1,0.8568198680877686,0.045090314645365524,0.08600921708776865,0.833609402179718,0.8244408965110779,0.8354330658912659,0.9348387122154236,0.8557772636413574
C183G,183,0.6965113820000001,1,0.39380072951316836,0.12127168282487566,0.3027106524868317,0.4041186571121216,0.40730419754981995,0.3765801787376404,0.5611170530319214,0.21988356113433838
C183E,183,0.900064295,1,0.6341006398200989,0.06336409969055755,0.26596365517990106,0.6476655006408691,0.6889661550521851,0.5249731540679932,0.6624763607978821,0.6464220285415649
V184W,184,-0.023031295,3,0.5938929915428162,0.07556617048511083,0.6169242865428162,0.5463419556617737,0.6860678791999817,0.6649453639984131,0.5229259133338928,0.5491838455200195
V184E,184,0.20949714,3,0.8869171738624573,0.058758691362283504,0.6774200338624573,0.9418498277664185,0.7955196499824524,0.8629698157310486,0.9216474890708923,0.9125990867614746
V184S,184,1.188252525,3,0.9392352819442749,0.0643535761654895,0.24901724305572515,0.8516181707382202,0.9266266822814941,0.9375200271606445,1.032222867012024,0.9481886625289917
V184R,184,0.431183875,3,0.5596235990524292,0.07390228408866083,0.1284397240524292,0.5087487697601318,0.6900836229324341,0.540047824382782,0.5244060158729553,0.5348317623138428
V184Q,184,0.8953991090000001,3,0.7921334505081177,0.03971583354355617,0.1032656584918824,0.7992445230484009,0.7434853315353394,0.8530015349388123,0.7829232811927795,0.7820125818252563
V184N,184,0.629121807,3,0.7766403198242188,0.059892526221127194,0.1475185128242188,0.7721115946769714,0.8592647314071655,0.8001956343650818,0.6959832906723022,0.7556463479995728
V184M,184,0.637424654,3,0.7180690288543701,0.0435913814001102,0.08064437485437004,0.7484044432640076,0.7233328223228455,0.751953125,0.6440158486366272,0.7226389050483704
V184L,184,1.073460008,3,0.722983431816101,0.02120784662855167,0.35047657618389905,0.6884880065917969,0.7464600205421448,0.7296707034111023,0.7265466451644897,0.7237517833709717
V184G,184,0.687155775,3,0.8291878938674927,0.05563666429738492,0.14203211886749267,0.7617957592010498,0.7768905758857727,0.8798422813415527,0.8725444674491882,0.8548663854598999
V184A,184,0.912071207,3,0.9492580175399781,0.05785482918861292,0.03718681053997808,0.930017352104187,0.9075928926467896,0.9326279759407043,1.0512717962265015,0.9247800707817078
V184T,184,1.241698654,3,0.9062948822975159,0.03119545522899769,0.33540377170248403,0.8838459253311157,0.9235996007919312,0.8995694518089294,0.9507883787155151,0.8736710548400879
V184K,184,0.791371449,3,0.6447769045829773,0.09872292069093962,0.1465945444170227,0.5857857465744019,0.8045371174812317,0.6250412464141846,0.6604245901107788,0.5480958223342896
L185K,185,0.596089755,2,0.712991738319397,0.04964312801004313,0.11690198331939694,0.6588602066040039,0.7706531286239624,0.6744265556335449,0.757910966873169,0.7031078338623047
L185A,185,0.534029713,2,0.7667620658874512,0.07164742720332176,0.2327323528874512,0.7822722792625427,0.8532066345214844,0.7769367694854736,0.65399569272995,0.7673989534378052
L185C,185,0.7991199809999999,2,0.6995366454124451,0.12317878893471264,0.09958333558755483,0.881772518157959,0.5999250411987305,0.6048647165298462,0.640275239944458,0.7708457112312317
L185E,185,1.011149941,2,0.6885424852371216,0.07531256863305592,0.3226074557628784,0.6427334547042847,0.7482963800430298,0.7888827323913574,0.64589524269104,0.616904616355896
L185G,185,0.590134258,2,0.8474231123924255,0.10020740584854566,0.25728885439242555,0.9385437369346619,0.9693536758422852,0.8013169765472412,0.7423292398452759,0.7855719327926636
L185I,185,0.871591795,2,0.949008297920227,0.04137332587994564,0.07741650292022706,0.9490947723388672,1.0128822326660156,0.919276773929596,0.957362949848175,0.9064247608184814
L185Q,185,0.994851143,2,0.8815934896469116,0.0369270777677811,0.11325765335308835,0.8569374680519104,0.9362499117851257,0.9025654792785645,0.863862156867981,0.8483524322509766
L185W,185,0.8386494059999999,2,0.6427156090736389,0.08731034386501517,0.19593379692636104,0.6225185990333557,0.5342248678207397,0.6354010105133057,0.777845025062561,0.6435885429382324
L185V,185,1.030680207,2,0.9966432809829712,0.023262501062489904,0.0340369260170289,0.9891175031661987,1.030837893486023,0.9821522235870361,0.9724639654159546,1.0086448192596436
L185T,185,0.937290463,2,0.8864410400390625,0.13943518849280634,0.05084942296093742,0.8381640911102295,1.0674066543579102,0.9610280394554138,0.694359302520752,0.8712471127510071
L185R,185,0.666826542,2,0.7080660939216614,0.04868872083245397,0.0412395519216614,0.6589145064353943,0.7024726271629333,0.7806334495544434,0.7275306582450867,0.6707792282104492
L185S,185,1.025255729,2,0.7880417108535767,0.10303659701080034,0.2372140181464233,0.9345060586929321,0.7184653878211975,0.8484667539596558,0.6800477504730225,0.7587226033210754
S186T,186,1.132857107,3,0.9286961913108825,0.06411132389723181,0.20416091568911743,0.8831479549407959,0.9817113280296326,1.012895941734314,0.8713560104370117,0.8943697214126587
S186Y,186,1.0534946790000002,3,0.6538400292396546,0.08244212882064786,0.3996546497603456,0.7036067843437195,0.7370266914367676,0.5504962205886841,0.6967923045158386,0.5812781453132629
S186W,186,0.866745977,3,0.6749281883239746,0.05932312452410704,0.1918177886760254,0.7570716738700867,0.7142589092254639,0.6404837965965271,0.6113015413284302,0.6515250205993652
S186V,186,0.774554485,3,0.7896184206008912,0.036055051721242216,0.015063935600891143,0.849327564239502,0.7873575091362,0.7520876526832581,0.7762935161590576,0.783025860786438
S186R,186,0.766670876,3,0.7337022662162781,0.03247048326991591,0.03296860978372185,0.7104220390319824,0.7780740261077881,0.7077832818031311,0.7587330341339111,0.7134989500045776
S186P,186,0.61709485,3,0.5880685210227966,0.07725224062361877,0.029026328977203364,0.5003222227096558,0.5752946734428406,0.6858294010162354,0.5326676368713379,0.6462286710739136
S186M,186,0.783224245,3,0.6504849314689636,0.09703410515971654,0.1327393135310364,0.8015255928039551,0.6950045228004456,0.5843109488487244,0.578117311000824,0.5934662818908691
S186L,186,0.953013985,3,0.5414068162441253,0.06689875920167639,0.41160716875587466,0.6149358153343201,0.4682348668575287,0.5870692729949951,0.5631026029586792,0.47369152307510376
S186H,186,0.943474536,3,0.8558022975921631,0.07604111224094826,0.08767223840783689,0.8364132046699524,0.9420368075370789,0.8236786723136902,0.9211515784263611,0.7557312250137329
S186G,186,0.770310343,3,0.8309375762939453,0.01767523187144249,0.06062723329394526,0.8204028606414795,0.8176445960998535,0.8222008347511292,0.8338890075683594,0.860550582408905
S186F,186,1.067628502,3,0.6120065152645111,0.07625149592286265,0.4556219867354889,0.6632289290428162,0.6559616923332214,0.6020001173019409,0.6559488773345947,0.4828929603099823
S186A,186,1.215861118,3,0.9838626384735107,0.03616915769153994,0.23199847952648933,0.9420982599258423,1.0261952877044678,0.9668824672698975,0.966834545135498,1.0173026323318481
S186C,186,0.96971553,3,0.8805442094802857,0.03439096191034933,0.08917132051971433,0.9000681638717651,0.8225124478340149,0.8994240760803223,0.9050722122192383,0.8756441473960876
S186E,186,0.978182546,3,0.9091311812400817,0.07676546815688619,0.06905136475991824,0.8551467061042786,0.9416923522949219,0.972842276096344,0.973555862903595,0.8024187088012695
S186D,186,1.551753299,3,0.8525603294372559,0.0574229300914617,0.6991929695627441,0.8102149963378906,0.8731825351715088,0.9354885220527649,0.8552823662757874,0.7886332273483276
Y187G,187,0.778810839,1,0.6158645629882813,0.04539834747828208,0.16294627601171874,0.6649428606033325,0.5410499572753906,0.6257314085960388,0.6265251636505127,0.6210734248161316
Y187C,187,0.6891467370000001,1,0.6484013319015502,0.051469616183383714,0.040745405098449816,0.7001747488975525,0.5959702134132385,0.6689910292625427,0.5907677412033081,0.6861029267311096
Y187N,187,1.565658962,1,0.6881637930870056,0.0721325656544356,0.8774951689129945,0.571152925491333,0.6991117596626282,0.6819247007369995,0.7624287605285645,0.7262008190155029
Y187P,187,0.65279206,1,0.5353978991508483,0.041997702621521756,0.11739416084915166,0.5890300273895264,0.4711570143699646,0.5402233004570007,0.5407312512397766,0.5358479022979736
Y187I,187,0.81712252,1,0.5844154179096221,0.1197157413936102,0.23270710209037782,0.5460212826728821,0.5189841985702515,0.4542391002178192,0.7616151571273804,0.6412173509597778
Y187D,187,0.578278999,1,0.5721337556838989,0.04404710212356553,0.006145243316101112,0.5291590690612793,0.5557593107223511,0.5430511236190796,0.5952575206756592,0.6374417543411255
Y187E,187,0.621407182,1,0.4881043553352356,0.03606048744274187,0.1333028266647644,0.4288085997104645,0.5041505694389343,0.4987890124320984,0.4845932424068451,0.5241803526878357
Y187Q,187,0.3536016629999999,1,0.5579481005668641,0.023013506715351982,0.20434643756686416,0.5758059620857239,0.5525149703025818,0.5876187086105347,0.5355384349822998,0.5382624268531799
Y187R,187,0.651363567,1,0.5044335007667542,0.05098653637186228,0.14693006623324578,0.5086606740951538,0.43467575311660767,0.5750402212142944,0.48582834005355835,0.5179625153541565
Y187S,187,0.8393139359999999,1,0.6602249026298523,0.04975076390006875,0.1790890333701476,0.6398789882659912,0.597463846206665,0.6447662115097046,0.6944897174835205,0.7245257496833801
Y187T,187,0.693424735,1,0.6315135836601258,0.04507985604326629,0.06191115133987424,0.6513733863830566,0.5577441453933716,0.6246259212493896,0.6478261351585388,0.675998330116272
Y187V,187,0.491034098,1,0.6029221296310425,0.03488161242372877,0.11188803163104255,0.5841431617736816,0.5563613176345825,0.6000338792800903,0.6347476243972778,0.6393246650695801
Y187W,187,0.678533556,1,0.7428337097167969,0.044253154100431624,0.06430015371679687,0.7973193526268005,0.7178572416305542,0.7808946371078491,0.6930899024009705,0.7250074148178101
Y187K,187,0.617637733,1,0.3784352242946625,0.03943803815554439,0.23920250870533755,0.39541110396385193,0.3826025426387787,0.3096129596233368,0.4068973958492279,0.39765211939811707
Y187L,187,0.737879383,1,0.5946194648742675,0.049062557233195,0.14325991812573247,0.6100755929946899,0.5672135949134827,0.5446999073028564,0.6715579032897949,0.5795503258705139
Y187A,187,0.617318397,1,0.628790020942688,0.07758427407071757,0.01147162394268797,0.6817672252655029,0.5104129910469055,0.6278936862945557,0.7122331261634827,0.6116430759429932
D188T,188,0.6778636579999999,3,0.41226611137390134,0.05799490626657168,0.2655975466260986,0.45560702681541443,0.45028558373451233,0.3700580596923828,0.3311198651790619,0.4542600214481354
D188G,188,0.6999487209999999,3,0.4879125773906708,0.05679472041582803,0.21203614360932915,0.48917296528816223,0.5746129751205444,0.41553881764411926,0.47661373019218445,0.4836243987083435
D188E,188,0.8224705990000001,3,0.7784245491027832,0.023712479871100492,0.04404604989721683,0.7428249716758728,0.7899361252784729,0.7763316035270691,0.7756692171096802,0.807360827922821
D188C,188,0.910335561,3,0.9133647799491882,0.03579805116631594,0.0030292189491881727,0.9468039870262146,0.9284094572067261,0.9066812992095947,0.9303008913993835,0.8546282649040222
D188V,188,0.4872327079999999,3,0.6495438814163208,0.0645668431671224,0.1623111734163209,0.6316542625427246,0.6473060846328735,0.5526260733604431,0.7007313370704651,0.7154016494750977
D188K,188,0.849053787,3,0.5867309808731079,0.0511568538727872,0.26232280612689207,0.5380581021308899,0.6147764921188354,0.5486867427825928,0.5705478191375732,0.6615857481956482
D188Y,188,0.62613277,3,0.6550008177757263,0.06572093423653783,0.02886804777572627,0.6026497483253479,0.6998080611228943,0.591614305973053,0.6357154846191406,0.7452164888381958
D188L,188,0.612120539,3,0.5745412111282349,0.06185851323178733,0.0375793278717651,0.576127290725708,0.6393442153930664,0.47323089838027954,0.5812679529190063,0.602735698223114
D188M,188,0.849540987,3,0.5255046784877777,0.07997419153764655,0.3240363085122223,0.538949728012085,0.5247473120689392,0.5088620185852051,0.4154166877269745,0.6395476460456848
D188N,188,0.954372377,3,0.796664035320282,0.035736582691597636,0.15770834167971803,0.7635545134544373,0.8453166484832764,0.8107637166976929,0.7594044208526611,0.8042808771133423
D188P,188,0.7143851109999999,3,0.6154223561286927,0.09375581710524157,0.09896275487130723,0.621818482875824,0.7646591663360596,0.5609639883041382,0.6136419177055359,0.5160282254219055
D188Q,188,0.716156053,3,0.6136325359344482,0.04398688043909514,0.10252351706555174,0.6322057843208313,0.6020905375480652,0.5418106317520142,0.6474241018295288,0.6446316242218018
D188R,188,0.641991931,3,0.6017856955528259,0.06805325576862906,0.040206235447174055,0.5586898326873779,0.6159825325012207,0.5151174664497375,0.6933102607727051,0.6258283853530884
D188W,188,0.6236202710000001,3,0.5993792295455933,0.06112795558002072,0.024241041454406753,0.618151068687439,0.6215205192565918,0.49076980352401733,0.6360985636711121,0.6303561925888062
D188S,188,0.6012539379999999,3,0.6992479562759399,0.059207740878417195,0.09799401827594001,0.684895396232605,0.791321337223053,0.6270989775657654,0.7041342258453369,0.6887898445129395
D188F,188,0.66759457,3,0.5415681302547455,0.05406090846560502,0.12602643974525451,0.546230137348175,0.5799772143363953,0.4566791355609894,0.5949795842170715,0.5299745798110962
D188A,188,0.756446108,3,0.7079881072044373,0.04645595367294649,0.04845800079556273,0.6915842890739441,0.724749743938446,0.6476383209228516,0.7016456127166748,0.7743225693702698
P189A,189,1.109478073,4,0.9126903176307678,0.04036250679627724,0.1967877553692322,0.9331620335578918,0.9211168885231018,0.9525004625320435,0.846078097820282,0.91059410572052
P189V,189,0.782343461,4,0.8723482608795166,0.03038576067556555,0.0900047998795166,0.876101553440094,0.9197601079940796,0.8361733555793762,0.8625915050506592,0.867114782333374
P189H,189,1.054655465,4,0.808795440196991,0.059952340446208174,0.24586002480300895,0.7610111832618713,0.8598219752311707,0.8871614933013916,0.7710646986961365,0.7649178504943848
P189I,189,0.710677625,4,0.7360405564308167,0.06653769898378696,0.025362931430816693,0.6561625003814697,0.8302273154258728,0.7279923558235168,0.6984643936157227,0.7673562169075012
P189K,189,0.563243159,4,0.7246440052986145,0.046156138354093254,0.1614008462986145,0.6425231695175171,0.7435874938964844,0.7523766756057739,0.7456530928611755,0.7390795946121216
P189L,189,0.642314785,4,0.7156288862228394,0.0351020376421449,0.07331410122283932,0.6743369698524475,0.7397032380104065,0.7389566898345947,0.6803157329559326,0.7448318004608154
P189M,189,0.909242201,4,0.8199906349182129,0.09573900787086281,0.08925156608178708,0.7827031016349792,0.895098865032196,0.9425581693649292,0.7693535089492798,0.7102395296096802
P189Q,189,0.929956567,4,0.7190406918525696,0.05212219969121509,0.21091587514743038,0.698793888092041,0.7241201400756836,0.6771602034568787,0.6881930828094482,0.8069361448287964
P189R,189,0.610124102,4,0.781927490234375,0.02661791214809262,0.17180338823437502,0.8053655624389648,0.7541873455047607,0.8067052364349365,0.7902857661247253,0.7530935406684875
P189S,189,0.925504456,4,0.7882201433181762,0.018935235516710874,0.13728431268182373,0.7761924862861633,0.789682924747467,0.7987385988235474,0.763987123966217,0.8124995827674866
P189T,189,0.996195356,4,0.7802783489227295,0.02646558938398452,0.21591700707727046,0.7633457779884338,0.8100430965423584,0.7991765141487122,0.7448107600212097,0.7840155959129333
P189W,189,0.911855258,4,0.7393861413002014,0.02447435210596858,0.17246911669979859,0.7571138739585876,0.7573543787002563,0.7563607096672058,0.7065849304199219,0.7195168137550354
P189G,189,0.7805956140000001,4,0.7754605174064636,0.03378066705553018,0.005135096593536503,0.7770735621452332,0.7864023447036743,0.7624658346176147,0.7294567823410034,0.8219040632247925
P189F,189,0.812872182,4,0.6533135890960693,0.057241493124617356,0.1595585929039307,0.5754199624061584,0.680269718170166,0.6957521438598633,0.610260009765625,0.7048661112785339
P189N,189,-0.069050459,4,0.5036492884159088,0.0759983145272721,0.5726997474159088,0.4181235432624817,0.6142732501029968,0.4498683512210846,0.5291019678115845,0.5068793296813965
P189D,189,0.138058555,4,0.6307175636291504,0.07049159363789627,0.49265900862915046,0.5709298849105835,0.672460675239563,0.5857434272766113,0.5895947813987732,0.734859049320221
P189C,189,0.715202584,4,0.8063315749168396,0.06105327235716068,0.09112899091683957,0.8472408056259155,0.7370854020118713,0.7847455143928528,0.7732874751091003,0.889298677444458
P189E,189,0.7661392990000001,4,0.7327488780021667,0.08325671035612157,0.0333904209978334,0.6841582655906677,0.7595401406288147,0.7258520722389221,0.6371228694915771,0.857071042060852
T190C,190,1.025938108,0,0.71595538854599,0.0997903008933901,0.3099827194540101,0.8066922426223755,0.6301892995834351,0.7100657224655151,0.606395959854126,0.8264337182044983
T190D,190,0.594263005,0,0.8406221866607666,0.035009312962909385,0.24635918166076665,0.8161009550094604,0.792245090007782,0.8640569448471069,0.8750612735748291,0.8556466698646545
T190E,190,1.101619788,0,0.8390746355056763,0.0519035696490523,0.26254515249432375,0.8777923583984375,0.8389033079147339,0.7737571001052856,0.8042310476303101,0.9006893634796143
T190F,190,1.302822807,0,0.6744187474250793,0.03795474627513044,0.6284040595749207,0.623064398765564,0.6906968355178833,0.6898130178451538,0.7191118001937866,0.649407684803009
T190G,190,0.948520574,0,0.7457888722419739,0.026973328220659454,0.20273170175802613,0.7306638360023499,0.7597428560256958,0.7136574983596802,0.7412291169166565,0.7836510539054871
T190A,190,0.8859273879999999,0,0.8572011470794678,0.0481643520206084,0.02872624092053211,0.9083987474441528,0.874879777431488,0.7912695407867432,0.8241521120071411,0.8873055577278137
T190H,190,1.303041989,0,0.5914451122283936,0.13075902978772994,0.7115968767716064,0.5421633720397949,0.6320194602012634,0.6364254355430603,0.3977586030960083,0.7488586902618408
T190S,190,1.138842301,0,0.9194021463394165,0.06400622599099078,0.21944015466058342,0.9590792655944824,0.9969252347946167,0.8348804116249084,0.9267823100090027,0.8793435096740723
T190R,190,1.136553747,0,0.735126507282257,0.023589652529651804,0.40142723971774297,0.7388032078742981,0.725350022315979,0.7034861445426941,0.7397924065589905,0.7682007551193237
T190Q,190,1.030062593,0,0.8030815720558167,0.08183323015721258,0.22698102094418338,0.8163172602653503,0.8380135893821716,0.7019520401954651,0.7466118335723877,0.9125131368637085
T190P,190,1.167383565,0,0.6743433833122253,0.059747345882231156,0.49304018168777464,0.6701611876487732,0.7337003350257874,0.6694782972335815,0.5804533958435059,0.7179237008094788
T190L,190,1.158902331,0,0.7784704804420471,0.04035877911801836,0.3804318505579528,0.7332558631896973,0.8265505433082581,0.744299590587616,0.7782864570617676,0.8099599480628967
T190W,190,1.058163747,0,0.6952347993850708,0.04221111111856978,0.3629289476149292,0.6979386806488037,0.6602874398231506,0.6961396336555481,0.6589108109474182,0.7628974318504333
T190I,190,1.065829528,0,0.7752545833587646,0.05735382619882854,0.29057494464123546,0.7709041833877563,0.8092429041862488,0.7417275309562683,0.7035374641418457,0.8508608341217041
T190V,190,1.026183978,0,0.8364152193069458,0.04657233418473273,0.1897687586930541,0.868721067905426,0.8528742790222168,0.7586484551429749,0.8297839760780334,0.8720483183860779
T190Y,190,0.948310577,0,0.6197115302085876,0.06236170320949436,0.3285990467914124,0.5557175278663635,0.633305549621582,0.6080516576766968,0.5828657150268555,0.7186172008514404
K191Y,191,0.933327639,4,0.8246923327445984,0.03894692978777151,0.10863530625540163,0.8650927543640137,0.8565961122512817,0.7995452880859375,0.772190272808075,0.8300372362136841
K191E,191,0.533354316,4,0.7214377284049988,0.04696571267052613,0.1880834124049987,0.7750206589698792,0.7475628852844238,0.6751550436019897,0.6688868999481201,0.740563154220581
K191A,191,0.912085466,4,0.9077467441558837,0.04153191070543507,0.004338721844116211,0.9560763239860535,0.94166100025177,0.8974284529685974,0.8528028726577759,0.8907650709152222
K191C,191,1.002272168,4,0.8899262309074402,0.05897486235501393,0.1123459370925598,0.8951374292373657,0.9598085880279541,0.8883872032165527,0.9092468023300171,0.7970511317253113
K191D,191,1.11093079,4,0.7480056643486023,0.07515971662676496,0.3629251256513978,0.8160972595214844,0.774230420589447,0.6600303053855896,0.6758715510368347,0.8137987852096558
K191G,191,0.773233423,4,0.7864127993583679,0.023358989755431717,0.013179376358367967,0.791699230670929,0.757152259349823,0.817162275314331,0.7701806426048279,0.7958695888519287
K191I,191,1.010450833,4,0.9244607090950012,0.06029092505326895,0.08599012390499872,0.9561254978179932,0.9874441623687744,0.9548721313476562,0.8416134715080261,0.8822482824325562
K191M,191,0.816626792,4,0.9602303981781006,0.0440458770962329,0.14360360617810064,0.9433689117431641,1.0104769468307495,0.9604790806770325,0.9902400970458984,0.8965869545936584
K191L,191,1.0075374540000002,4,0.8988197088241577,0.01724226968784467,0.10871774517584243,0.9078001976013184,0.9137718677520752,0.8918659090995789,0.9089376926422119,0.8717228770256042
K191Q,191,0.959676173,4,0.8892964959144593,0.05604396451452866,0.07037967708554071,0.8906416296958923,0.9691306948661804,0.8185739517211914,0.9078593254089355,0.8602768778800964
K191R,191,0.82572809,4,0.8901798725128174,0.030048756204747167,0.06445178251281736,0.8935930728912354,0.9229900240898132,0.915320634841919,0.8615858554840088,0.8574097752571106
K191S,191,1.010083192,4,0.9451896548271179,0.05029174525407666,0.06489353717288204,0.9889205098152161,0.9983117580413818,0.9503539204597473,0.9029064774513245,0.8854556083679199
K191T,191,0.613322385,4,0.9407842278480529,0.03736781765303068,0.3274618428480529,0.9504226446151733,0.9882405996322632,0.9595402479171753,0.9053030014038086,0.9004146456718445
K191V,191,0.852971933,4,0.9544664621353149,0.05185943351738647,0.10149452913531498,0.9497933387756348,1.0109988451004028,0.9296722412109375,0.9982001781463623,0.8836677074432373
K191W,191,0.770272032,4,0.7719046354293824,0.02118953703372179,0.0016326034293823177,0.7827736139297485,0.7584264278411865,0.7842047810554504,0.7925340533256531,0.741584300994873
K191P,191,0.567523432,4,0.5678728580474853,0.042579856172995374,0.000349426047485335,0.5703842639923096,0.5691980123519897,0.508171796798706,0.6283587217330933,0.5632514953613281
H192S,192,0.566607248,2,0.8345507860183716,0.03062414006142172,0.2679435380183717,0.8673007488250732,0.8263199925422668,0.8445781469345093,0.7863439917564392,0.8482110500335693
H192L,192,0.805825604,2,0.8667462587356567,0.04253044644635495,0.060920654735656665,0.8335671424865723,0.8847118616104126,0.9182767868041992,0.8132544755935669,0.8839210271835327
H192R,192,0.966114812,2,0.6899573802947998,0.03646447158493075,0.27615743170520024,0.6535952091217041,0.6633661985397339,0.7129440307617188,0.7412638664245605,0.6786175966262817
H192T,192,0.7115957759999999,2,0.8728547096252441,0.06801761864947693,0.16125893362524424,0.9076207280158997,0.78099125623703,0.8850436806678772,0.8332563042640686,0.9573615789413452
H192P,192,0.3274429769999999,2,0.6856817245483399,0.09646367682307701,0.35823874754833995,0.6577402353286743,0.7409374117851257,0.6653305292129517,0.5538479089736938,0.8105525374412537
H192W,192,1.201837036,2,0.7784015893936157,0.012558928085307508,0.4234354466063842,0.7964230179786682,0.7765858173370361,0.774883508682251,0.7823041081428528,0.7618114948272705
H192Y,192,1.4348937169999998,2,0.9708391666412354,0.08212381041499613,0.4640545503587644,0.9181885719299316,1.1101648807525635,0.9550313949584961,0.9672846794128418,0.9035263061523438
H192K,192,0.632419803,2,0.6287882924079895,0.07629357347703965,0.0036315105920105006,0.622061550617218,0.5385621786117554,0.6349776387214661,0.7481278777122498,0.6002122163772583
H192V,192,0.901603505,2,0.7553537011146545,0.009179432378844775,0.14624980388534548,0.7548831105232239,0.7406845688819885,0.755678653717041,0.7651899456977844,0.7603322267532349
H192G,192,0.504297616,2,0.6453124642372131,0.05417173696164452,0.1410148482372131,0.693483293056488,0.5716591477394104,0.6961286067962646,0.6093015670776367,0.6559897065162659
H192M,192,1.160371447,2,0.7571410417556763,0.026643238477145476,0.40323040524432363,0.7482615113258362,0.7235241532325745,0.7862131595611572,0.7452089786529541,0.7824974060058594
H192D,192,0.866120111,2,0.8139862775802612,0.01883675383640594,0.05213383341973876,0.8189987540245056,0.784163773059845,0.8103439807891846,0.8216263651847839,0.8347985148429871
H192C,192,0.57769972,2,0.8120142817497253,0.05618074605458419,0.23431456174972531,0.8664061427116394,0.823736310005188,0.8297742009162903,0.7167088389396667,0.8234459161758423
H192A,192,0.771618369,2,0.7302225470542908,0.029665512488014367,0.04139582194570923,0.6907005310058594,0.7260551452636719,0.7714823484420776,0.7205862998962402,0.7422884106636047
H192E,192,0.8941712820000001,2,0.7513725280761718,0.03184183644427523,0.14279875392382824,0.698530912399292,0.7560649514198303,0.7701548337936401,0.7509335875511169,0.78117835521698
P193T,193,1.328254275,3,0.7874401569366455,0.07671297677224584,0.5408141180633544,0.8447017669677734,0.8052555322647095,0.6533898115158081,0.8060912489891052,0.8277624249458313
P193Q,193,1.438637697,3,0.680249935388565,0.13204409808533502,0.7583877616114351,0.8386099934577942,0.4920816719532013,0.7335813045501709,0.6130967140197754,0.7238799929618835
P193M,193,1.489189006,3,0.6231931328773499,0.10775298657282524,0.86599587312265,0.7182801961898804,0.5006674528121948,0.5215216279029846,0.6446382999420166,0.7308580875396729
P193L,193,0.8437998879999999,3,0.6846439003944397,0.09379282631703052,0.15915598760556027,0.7944248914718628,0.5955082178115845,0.7392290234565735,0.5785378217697144,0.7155195474624634
P193K,193,0.3535127,3,0.7682938814163208,0.0972851736088388,0.4147811814163208,0.8846315145492554,0.6293160319328308,0.7314113974571228,0.8286864161491394,0.7674240469932556
P193I,193,0.500555335,3,0.8780415058135986,0.034796413736642065,0.3774861708135986,0.9108691215515137,0.8529449701309204,0.9153993725776672,0.8745175004005432,0.8364765644073486
P193H,193,1.111908436,3,0.8798447966575622,0.09240412912800568,0.2320636393424378,1.018720030784607,0.8249866366386414,0.8752467036247253,0.7742432951927185,0.9060273170471191
P193S,193,1.01501599,3,0.8074250936508178,0.035967261026637797,0.20759089634918215,0.8034495711326599,0.7959577441215515,0.7824018597602844,0.8699804544448853,0.7853358387947083
P193G,193,0.919328024,3,0.8474168419837952,0.09035934976931956,0.07191118201620483,0.9365432858467102,0.9252582788467407,0.7927967309951782,0.8596610426902771,0.7228248715400696
P193Y,193,1.454277251,3,0.7291780829429626,0.0834092432033422,0.7250991680570373,0.7485823631286621,0.8128570914268494,0.7185119390487671,0.59334397315979,0.7725950479507446
P193W,193,0.523113432,3,0.6777090191841125,0.055627054079583294,0.15459558718411248,0.702929675579071,0.6947404742240906,0.7204364538192749,0.5803788900375366,0.6900596022605896
P193E,193,0.568744726,3,1.02172611951828,0.07318390883475742,0.45298139351828004,1.1450748443603516,1.0220887660980225,0.9686607718467712,1.0075825452804565,0.9652236700057983
P193C,193,1.294834843,3,0.8186590790748596,0.03256400930235835,0.4761757639251405,0.7712799310684204,0.8003042936325073,0.8328254222869873,0.8524953126907349,0.8363904356956482
P193A,193,1.284377984,3,0.9236428499221802,0.05407768491511741,0.3607351340778199,1.0030256509780884,0.8618191480636597,0.886873185634613,0.9375640153884888,0.928932249546051
P193V,193,0.625884185,3,0.9147987127304077,0.04768069070238349,0.2889145277304077,0.9914537668228149,0.8876382112503052,0.8879045248031616,0.93089759349823,0.8760994672775269
P193R,193,0.892856358,3,0.8561638355255127,0.04601544536128409,0.03669252247448729,0.8068358898162842,0.819912314414978,0.8516404032707214,0.8832913041114807,0.9191392660140991
G194A,194,0.786605718,0,0.7924805402755737,0.05140219411533144,0.005874822275573677,0.8536792993545532,0.8424882888793945,0.7468536496162415,0.7529630661010742,0.7664183974266052
G194E,194,0.827871356,0,0.7200798630714417,0.03384854484839878,0.10779149292855827,0.7327765226364136,0.7012327909469604,0.6777918338775635,0.7207931280136108,0.7678050398826599
G194K,194,1.081274679,0,0.6302204489707947,0.09637493173192604,0.4510542300292054,0.6196011304855347,0.71336430311203,0.7405738830566406,0.514014720916748,0.56354820728302
G194L,194,0.6653913220000001,0,0.7123321652412414,0.07310901928649238,0.04694084324124137,0.7631527781486511,0.771562397480011,0.7404714822769165,0.5934943556785583,0.6929798126220703
G194M,194,0.671335193,0,0.6181795060634613,0.11848719388861717,0.053155686936538715,0.60196852684021,0.7915121912956238,0.6314299702644348,0.4582909047603607,0.6076959371566772
G194V,194,0.503560989,0,0.7302373886108399,0.035150969112444,0.22667639961083985,0.7392617464065552,0.7690565586090088,0.7558417320251465,0.6927657127380371,0.6942611932754517
G194T,194,0.957953399,0,0.723551619052887,0.08180128263972043,0.23440177994711298,0.7134650945663452,0.8396053910255432,0.6961619853973389,0.6158589720726013,0.7526666522026062
G194S,194,0.7899031479999999,0,0.8216269850730896,0.045255270680895174,0.03172383707308968,0.8167541027069092,0.8989693522453308,0.781490683555603,0.8106048703193665,0.8003159165382385
G194R,194,0.853471055,0,0.7571674704551696,0.023851377576537294,0.09630358454483035,0.7320961356163025,0.7815536260604858,0.7799608111381531,0.7341055870056152,0.7581211924552917
G194Q,194,0.57068235,0,0.7061122059822083,0.08742313646616294,0.13542985598220825,0.7040006518363953,0.8150498270988464,0.7367559671401978,0.5729128122329712,0.7018417716026306
G194P,194,0.786448154,0,0.7705176472663879,0.028497621779853904,0.01593050673361207,0.8003421425819397,0.8001402020454407,0.7553809285163879,0.75999516248703,0.7367298007011414
G194C,194,0.785899887,0,0.6670961260795594,0.03914740334879281,0.11880376092044065,0.6349364519119263,0.6639482975006104,0.7337585091590881,0.6427444219589233,0.6600929498672485
G194W,194,0.512910011,0,0.6043015241622924,0.06069988404672031,0.09139151316229244,0.5499657392501831,0.6463191509246826,0.683427631855011,0.5432619452476501,0.5985331535339355
G194Y,194,1.083303835,0,0.5398824751377106,0.10597494597054583,0.5434213598622893,0.4244172275066376,0.676639974117279,0.6171456575393677,0.45849764347076416,0.5227118730545044
P195R,195,0.526349631,4,0.735379445552826,0.04358243415536805,0.209029814552826,0.7690629959106445,0.738237738609314,0.6852373480796814,0.6983147263526917,0.7860444188117981
P195V,195,0.7550687770000001,4,0.8223659753799438,0.035620792766341954,0.06729719837994375,0.8088666796684265,0.8732367753982544,0.8366198539733887,0.7769378423690796,0.8161687254905701
P195T,195,0.652905069,4,0.7542037248611451,0.04258253971173375,0.10129865586114506,0.7714126110076904,0.7222794890403748,0.7204748392105103,0.735842227935791,0.8210094571113586
P195S,195,0.386771297,4,0.7101340174674988,0.059451161697511,0.3233627204674988,0.7549458742141724,0.6601584553718567,0.6453933119773865,0.7063729763031006,0.7837994694709778
P195Q,195,0.22300731,4,0.6946069836616516,0.08400216233339852,0.4715996736616517,0.7537170052528381,0.7187699675559998,0.5769075155258179,0.6421716213226318,0.7814688086509705
P195M,195,0.338298974,4,0.7416451215744019,0.0569307139966359,0.4033461475744019,0.7794769406318665,0.7615463137626648,0.7642738819122314,0.6406528353691101,0.7622756361961365
P195L,195,0.302559087,4,0.7651136159896851,0.0540506179582075,0.4625545289896851,0.7864176034927368,0.822095513343811,0.7090487480163574,0.7060712575912476,0.8019349575042725
P195K,195,-0.191870815,4,0.6773854255676269,0.05687165178798555,0.869256240567627,0.7372491955757141,0.6699467301368713,0.6290654540061951,0.6163613200187683,0.7343044281005859
P195G,195,0.596809469,4,0.589459377527237,0.0533628830604679,0.0073500914727629985,0.6250393390655518,0.5918281078338623,0.49978819489479065,0.5960811376571655,0.6345601081848145
P195F,195,0.51904021,4,0.5715467691421509,0.11166760634746056,0.052506559142150855,0.6566093564033508,0.5380532741546631,0.4234532117843628,0.5334059596061707,0.706212043762207
P195C,195,-0.085794496,4,0.6988304376602172,0.05998026779059924,0.7846249336602172,0.7602480053901672,0.75843346118927,0.6203488707542419,0.6784967184066772,0.67662513256073
P195A,195,0.6515592029999999,4,0.7885700464248657,0.012560772637148353,0.1370108434248658,0.7812183499336243,0.7936393618583679,0.8050636649131775,0.7720217704772949,0.790907084941864
P195E,195,0.809496898,4,0.654599392414093,0.09670194877355996,0.15489750558590698,0.7472487688064575,0.6720644235610962,0.5355970859527588,0.5744410753250122,0.7436456084251404
P195W,195,0.615349619,4,0.6288759231567382,0.02646212242611811,0.013526304156738278,0.6617699861526489,0.6534883975982666,0.6121926307678223,0.6075750589370728,0.6093535423278809
P196F,196,0.223777361,3,0.3297374427318573,0.0491386266214532,0.10596008173185728,0.26497501134872437,0.40062054991722107,0.3445759117603302,0.31919437646865845,0.3193213641643524
P196M,196,-0.317530527,3,0.5052067637443542,0.07542135960828512,0.8227372907443542,0.462934285402298,0.5807260274887085,0.5730727910995483,0.40199247002601624,0.5073082447052002
P196W,196,0.572778608,3,0.48509368896484373,0.05436882648789543,0.0876849190351563,0.492522656917572,0.46000543236732483,0.4889245927333832,0.41774827241897583,0.5662674903869629
P196G,196,0.504843779,3,0.5965261578559875,0.06528631963900422,0.09168237885598751,0.5845401287078857,0.6468881368637085,0.5827077627182007,0.5009505152702332,0.6675442457199097
P196V,196,0.58833772,3,0.5452816903591156,0.04959247379026897,0.0430560296408844,0.4604833424091339,0.5839695334434509,0.577646791934967,0.554176390171051,0.5501323938369751
P196E,196,0.135379118,3,0.6468365430831909,0.05491102867306827,0.5114574250831909,0.6656486988067627,0.7176863551139832,0.6254910230636597,0.5685303211212158,0.6568263173103333
P196S,196,0.913488738,3,0.5081017196178437,0.04195042895899214,0.4053870183821563,0.517987847328186,0.5570957064628601,0.5186411142349243,0.4416067898273468,0.5051771402359009
P196L,196,0.527973873,3,0.3903064072132111,0.05215434447983537,0.1376674657867889,0.39383187890052795,0.35714471340179443,0.475826621055603,0.38349446654319763,0.34123435616493225
P196Q,196,0.396324275,3,0.5951894044876098,0.04087692975493979,0.19886512948760982,0.5524322986602783,0.6487207412719727,0.6077092885971069,0.555597186088562,0.6114875078201294
P196I,196,0.782518457,3,0.4432196140289307,0.053180142026519404,0.3392988429710693,0.36604878306388855,0.4302431046962738,0.4339328408241272,0.48402130603790283,0.5018520355224609
P196K,196,0.183583871,3,0.42552840113639834,0.009304854815702682,0.24194453013639833,0.43272995948791504,0.4312940835952759,0.4271855652332306,0.4269205927848816,0.4095118045806885
P196A,196,0.851477371,3,0.6646029114723205,0.03652321395092844,0.18687445952767945,0.6411799192428589,0.7140015363693237,0.6245496273040771,0.6537034511566162,0.6895800232887268
P196D,196,0.600574896,3,0.6351946830749512,0.0759407848282726,0.03461978707495117,0.6773580312728882,0.7310680747032166,0.6113519668579102,0.5280479788780212,0.6281473636627197
P196R,196,0.67844626,3,0.5360110223293304,0.04418025811033913,0.14243523767066957,0.48255297541618347,0.5231325626373291,0.5780243873596191,0.5112738609313965,0.585071325302124
F197I,197,1.425996395,2,0.8046959161758422,0.04197465972039585,0.6213004788241578,0.7553975582122803,0.8597235679626465,0.7715082764625549,0.8258654475212097,0.81098473072052
F197A,197,0.892863269,2,0.762934947013855,0.016202848829096155,0.129928321986145,0.7581626772880554,0.7784147262573242,0.7553822994232178,0.7804062962532043,0.7423087358474731
F197E,197,0.597194215,2,0.622245192527771,0.06824921230529965,0.025050977527770968,0.5771730542182922,0.7070839405059814,0.5442541241645813,0.6773403882980347,0.6053744554519653
F197G,197,0.568676045,2,0.6692535758018494,0.039077212599520954,0.10057753080184939,0.6343184113502502,0.6824524998664856,0.6929072737693787,0.7138585448265076,0.6227311491966248
F197H,197,0.88914464,2,0.9254365563392639,0.0457504146580116,0.036291916339263874,0.8621957302093506,0.9131273031234741,0.9120771288871765,0.963162362575531,0.9766202569007874
F197K,197,0.840143365,2,0.7794150352478028,0.028460814476605756,0.06072832975219722,0.7451521754264832,0.8055203557014465,0.7524129152297974,0.8013206720352173,0.7926690578460693
F197P,197,0.844919104,2,0.5871161103248597,0.04523235516934871,0.25780299367514037,0.5905171632766724,0.6320566534996033,0.5295451283454895,0.6291182041168213,0.5543434023857117
F197M,197,0.498792482,2,0.9759037256240845,0.01761300250834047,0.47711124362408447,0.9851863980293274,0.9662042856216431,0.9751209020614624,0.9534894824028015,0.999517560005188
F197N,197,0.468893568,2,0.7830865263938904,0.0521546150466471,0.31419295839389044,0.7963217496871948,0.8213436603546143,0.7926890254020691,0.812884509563446,0.6921936869621277
F197Q,197,1.0093185690000002,2,0.7537250280380249,0.03446139088146031,0.2555935409619753,0.7270792126655579,0.807136058807373,0.7216479778289795,0.7648829221725464,0.7478789687156677
F197R,197,0.572132577,2,0.7261683225631714,0.04325989971645177,0.15403574556317146,0.7386835813522339,0.7757543325424194,0.6829654574394226,0.7543037533760071,0.6791344881057739
F197S,197,0.335029707,2,0.7622789859771728,0.026854532137987972,0.4272492789771728,0.7585955858230591,0.7988979816436768,0.7617798447608948,0.7684642672538757,0.7236572504043579
F197T,197,0.625962534,2,0.8579450130462647,0.026766699907898303,0.23198247904626468,0.8443605303764343,0.8970440626144409,0.8647909760475159,0.8588246703147888,0.8247048258781433
F197V,197,0.4525472479999999,2,0.7795179128646851,0.04091913032454502,0.3269706648646852,0.7669143080711365,0.8397922515869141,0.7632691264152527,0.796578586101532,0.7310352921485901
F197W,197,0.6978378129999999,2,0.7408816456794739,0.029889347324235326,0.04304383267947398,0.6948599815368652,0.7695816159248352,0.737392246723175,0.7654837369918823,0.7370906472206116
F197L,197,0.5428169939999999,2,0.8073416352272034,0.02638776550367153,0.2645246412272034,0.7967921495437622,0.8531193733215332,0.7925640344619751,0.78843092918396,0.8058016896247864
Y198V,198,1.353160467,3,0.6983084559440613,0.05966320138392729,0.6548520110559386,0.7495894432067871,0.6822994947433472,0.739200234413147,0.6020021438598633,0.7184509634971619
Y198W,198,0.7343623859999999,3,0.7691185474395752,0.04508510105813653,0.03475616143957527,0.8212411403656006,0.7873381972312927,0.7836277484893799,0.7014783024787903,0.7519073486328125
Y198K,198,1.180666305,3,0.5636736631393433,0.05424035089634479,0.6169926418606566,0.5249640941619873,0.6370543241500854,0.606730580329895,0.5270669460296631,0.5225523710250854
Y198Q,198,0.328388942,3,0.7680464863777161,0.07010760973751184,0.4396575443777161,0.7936939001083374,0.7755753993988037,0.6836465001106262,0.7211650609970093,0.8661515712738037
Y198H,198,0.56044966,3,0.9566298246383667,0.06791001741155804,0.3961801646383667,0.9929147958755493,0.8589365482330322,1.0017107725143433,0.912731409072876,1.0168555974960327
Y198G,198,0.760170901,3,0.7664109945297242,0.02768920186309252,0.006240093529724211,0.788110613822937,0.7822337746620178,0.7838470935821533,0.7226330041885376,0.7552304863929749
Y198F,198,1.381111471,3,0.8975801825523376,0.061617258074588045,0.48353128844766247,0.9639582633972168,0.8176608085632324,0.9192550778388977,0.9376195669174194,0.8494071960449219
Y198E,198,0.45261455,3,0.8224363327026367,0.07463363281072206,0.3698217827026367,0.8843286037445068,0.7429271340370178,0.8690521717071533,0.7388903498649597,0.8769834041595459
Y198C,198,0.672833756,3,0.7502772212028503,0.07626208658746884,0.07744346520285039,0.7205517888069153,0.7217851877212524,0.782347559928894,0.8638442754745483,0.6628572940826416
Y198A,198,0.847506375,3,0.8104000329971314,0.04600549053624635,0.037106342002868664,0.7931196689605713,0.7767006754875183,0.8719324469566345,0.7651872038841248,0.8450601696968079
Y198R,198,0.8435722309999999,3,0.7650944709777832,0.03524993183173219,0.07847776002221674,0.762225329875946,0.7354773879051208,0.759693443775177,0.7431851029396057,0.8248910903930664
Y198T,198,0.847737643,3,0.541680121421814,0.09384026887670166,0.306057521578186,0.597726047039032,0.5291882753372192,0.6522851586341858,0.4021073579788208,0.527093768119812
Y198L,198,1.349940898,3,0.6761034011840821,0.04638988404381113,0.673837496815918,0.7236591577529907,0.6215691566467285,0.6919687986373901,0.6324084997177124,0.7109113931655884
Y198M,198,1.171620474,3,0.7789024710655212,0.056796898612249826,0.3927180029344788,0.723272979259491,0.7173303961753845,0.8207055926322937,0.7898825407028198,0.8433208465576172
Y198N,198,1.113038016,3,0.981471586227417,0.09528219094619673,0.13156642977258293,0.9654572606086731,1.0517492294311523,1.0961241722106934,0.8539562821388245,0.9400709867477417
Y198S,198,0.5994940360000001,3,0.7836507558822632,0.02722880488006005,0.18415671988226312,0.7831704616546631,0.7807936668395996,0.8252164721488953,0.7487437725067139,0.7803294062614441
Y198I,198,1.134310696,3,0.6547527194023133,0.08933230919490331,0.47955797659768673,0.7467060685157776,0.5809097290039062,0.7198310494422913,0.5413340330123901,0.6849827170372009
Y198P,198,1.289396563,3,0.7119616031646728,0.0502854092082448,0.5774349598353271,0.7277814745903015,0.7543490529060364,0.6952800154685974,0.6323469877243042,0.7500504851341248
V199L,199,1.142469517,2,0.7238511085510254,0.04661696867955465,0.4186184084489747,0.6618731021881104,0.7148692011833191,0.7021300196647644,0.7715932726860046,0.7687899470329285
V199K,199,0.378182168,2,0.29989399909973147,0.08549241747905342,0.07828816890026852,0.22066646814346313,0.20231831073760986,0.3179958462715149,0.3953235149383545,0.36316585540771484
V199Q,199,0.3262861589999999,2,0.36976587772369385,0.043297750438141006,0.04347971872369394,0.3485426902770996,0.32059404253959656,0.41664788126945496,0.4143563210964203,0.3486884534358978
V199G,199,-0.033599121,2,0.2871996402740479,0.045612392675370414,0.3207987612740479,0.24027103185653687,0.2684299945831299,0.35996270179748535,0.29863300919532776,0.2687014639377594
V199F,199,0.521838071,2,0.5386410236358643,0.08385847982806956,0.016802952635864288,0.4285789728164673,0.5198899507522583,0.5909856557846069,0.5061644315719604,0.6475861072540283
V199E,199,0.296119333,2,0.34435694217681884,0.01163823164055714,0.04823760917681885,0.32967740297317505,0.34993889927864075,0.36054402589797974,0.3388128876686096,0.3428114950656891
V199D,199,-0.185873626,2,0.3039426803588867,0.0607073857454104,0.48981630635888673,0.26500147581100464,0.32831650972366333,0.40030455589294434,0.2634091377258301,0.2626817226409912
V199A,199,0.525735927,2,0.5014117121696472,0.06552569121777509,0.024324214830352853,0.4947111904621124,0.4266584813594818,0.5987987518310547,0.5245123505592346,0.46237778663635254
V199M,199,0.774314058,2,0.795366632938385,0.037758082200949776,0.021052574938385082,0.8032771944999695,0.7818204760551453,0.7624912858009338,0.8572500348091125,0.7719941735267639
V199P,199,1.026531922,2,0.43048401474952697,0.05738143759242362,0.596047907250473,0.3647616505622864,0.45748278498649597,0.42988255620002747,0.5107623934745789,0.3895306885242462
V199R,199,0.201070308,2,0.4122580587863922,0.03899150205872057,0.2111877507863922,0.358445405960083,0.3847455084323883,0.4284977614879608,0.44963908195495605,0.4399625360965729
V199S,199,0.357157685,2,0.40177873373031614,0.02564838731621839,0.04462104873031614,0.3780284523963928,0.37779104709625244,0.43185263872146606,0.42529791593551636,0.3959236145019531
V199T,199,0.764725709,2,0.7446989417076111,0.05932252923617141,0.020026767292388947,0.7696248292922974,0.6603783369064331,0.707032322883606,0.803625762462616,0.782833456993103
V199W,199,0.038410513,2,0.4939227640628815,0.06837384729627201,0.4555122510628815,0.4093122184276581,0.4501686096191406,0.5688235759735107,0.48468780517578125,0.5566216111183167
P200G,200,1.27535579,3,0.7605822801589965,0.008514724389327032,0.5147735098410036,0.7503321766853333,0.7738773822784424,0.7593098878860474,0.7612751722335815,0.7581167817115784
P200H,200,1.535257872,3,0.856540322303772,0.0430870440925888,0.6787175496962281,0.8813211917877197,0.8729721903800964,0.7801593542098999,0.8674378395080566,0.8808110356330872
P200I,200,0.787946603,3,0.5797648727893829,0.08438680646741399,0.20818173021061703,0.4732166826725006,0.5250055193901062,0.690298318862915,0.5874490737915039,0.6228547692298889
P200F,200,0.139764089,3,0.5921324014663696,0.048377148474749304,0.45236831246636955,0.5390635132789612,0.5705591440200806,0.6277838945388794,0.6566194891929626,0.5666359663009644
P200L,200,0.30954616,3,0.6247526168823242,0.054207779174758816,0.3152064568823242,0.5775305032730103,0.5564901828765869,0.6477856636047363,0.6654973030090332,0.6764594316482544
P200R,200,1.235571193,3,0.7242577075958252,0.026001431520425874,0.5113134854041748,0.7080703377723694,0.7038325667381287,0.7040678262710571,0.754106879234314,0.7512109279632568
P200A,200,0.716481163,3,0.7842519164085389,0.046119818933300284,0.06777075340853889,0.7431962490081787,0.7540792226791382,0.7564690113067627,0.844681978225708,0.8228331208229065
P200S,200,1.060987868,3,0.8076527953147888,0.05816226982236504,0.25333507268521116,0.7665671706199646,0.8297165036201477,0.7966386079788208,0.8961016535758972,0.7492400407791138
P200V,200,0.574036454,3,0.6665628790855408,0.06425102149471829,0.09252642508554076,0.6326236128807068,0.5727951526641846,0.7302156686782837,0.7138439416885376,0.6833360195159912
P200N,200,1.953234669,3,0.8437363862991333,0.05831965301015416,1.1094982827008666,0.7989208698272705,0.9186933040618896,0.7725719809532166,0.8702454566955566,0.8582503199577332
P200C,200,1.144315032,3,0.758204996585846,0.018354241848544915,0.386110035414154,0.776055097579956,0.7691196799278259,0.7421088218688965,0.7349824905395508,0.7687588930130005
H201P,201,1.215199787,1,0.9855498433113098,0.06421683264207369,0.22964994368869018,0.9557133913040161,1.086321473121643,0.931464433670044,0.9426077008247375,1.0116422176361084
H201Y,201,1.108244258,1,0.8983578562736512,0.04580844252021646,0.20988640172634887,0.9400386810302734,0.900445818901062,0.8233628869056702,0.9304059743881226,0.8975359201431274
H201W,201,1.028341065,1,0.8194791078567505,0.06029693488750134,0.2088619571432495,0.8736308813095093,0.8725107908248901,0.7276025414466858,0.822772204875946,0.8008791208267212
H201V,201,1.427321751,1,0.95180242061615,0.12293475992871158,0.4755193303838501,0.9051411747932434,1.1090309619903564,0.8034197688102722,0.8971529006958008,1.0442672967910767
H201T,201,0.759023355,1,0.9502880811691284,0.07334450988629343,0.19126472616912849,0.9247365593910217,1.039953589439392,0.87612384557724,0.895005464553833,1.0156209468841553
H201S,201,0.980296308,1,0.8811582803726197,0.07994501361618121,0.09913802762738033,0.8341205716133118,0.8302447199821472,0.835113525390625,0.8888424634933472,1.017470121383667
H201R,201,1.034105782,1,0.9923189520835877,0.08059483355137081,0.04178682991641225,0.947034478187561,1.0188508033752441,0.997164785861969,0.8917844295501709,1.1067602634429932
H201Q,201,1.3755915280000002,1,0.9077857732772827,0.08314669286053343,0.46780575472271746,0.8827372789382935,0.8668702244758606,0.8140683770179749,0.9439232349395752,1.0313297510147095
H201A,201,1.03084327,1,0.9713263869285583,0.06515917244465157,0.05951688307144176,0.9404056668281555,1.0021922588348389,0.9061871767044067,0.9379467964172363,1.0699000358581543
H201L,201,1.20927223,1,0.9462201476097107,0.12151779614940084,0.2630520823902893,0.8695900440216064,1.1409826278686523,0.8369957208633423,0.9011949300765991,0.9823374152183533
H201K,201,1.7770807240000002,1,0.9430946826934814,0.05584128767002225,0.8339860413065188,0.8563628792762756,0.9621677994728088,0.9204750061035156,0.9884167909622192,0.9880509376525879
H201G,201,1.01178262,1,0.7953564167022705,0.03688135338392095,0.21642620329772944,0.845962643623352,0.7713461518287659,0.7495980858802795,0.8013299107551575,0.8085452914237976
H201F,201,0.969853959,1,0.99325612783432,0.10655629722185754,0.023402168834320003,0.9399818181991577,1.112174153327942,0.8387683033943176,1.0200117826461792,1.055344581604004
H201E,201,1.0423123159999998,1,0.9399943351745605,0.04197083841691163,0.1023179808254393,0.908437967300415,1.009030818939209,0.904586911201477,0.942734956741333,0.9351810216903687
H201C,201,0.66317423,1,1.1221238255500794,0.11547574014855977,0.4589495955500794,1.0762138366699219,1.2764942646026611,0.9664286971092224,1.113771677017212,1.1777106523513794
H201M,201,1.001703549,1,0.974843966960907,0.13069010897670527,0.02685958203909289,1.001237154006958,1.1393685340881348,0.8331419825553894,0.852092981338501,1.0483791828155518
A202G,202,0.997935752,2,0.8801238775253296,0.04152140195632061,0.11781187447467034,0.8907482028007507,0.8684796690940857,0.8383707404136658,0.9461733102798462,0.8568474650382996
A202F,202,1.267752514,2,0.8263181805610657,0.03940463851511427,0.44143433343893446,0.8216909766197205,0.8394225835800171,0.7745784521102905,0.8826261162757874,0.8132727742195129
A202E,202,1.618750015,2,0.860493290424347,0.08603357253567608,0.7582567245756531,0.9240378141403198,0.7730089426040649,0.8559135794639587,0.9682624936103821,0.781243622303009
A202M,202,1.038016478,2,0.9323409676551819,0.06605356065800728,0.10567551034481815,1.0040923357009888,0.9463723301887512,0.9614365696907043,0.9231826663017273,0.8266209363937378
A202C,202,1.033015308,2,0.6107776403427124,0.04999024615767422,0.42223766765728754,0.5943871736526489,0.6124046444892883,0.5421353578567505,0.6801823377609253,0.624778687953949
A202I,202,0.49535125,2,0.8782448172569275,0.06306233851620853,0.38289356725692747,0.9542554616928101,0.9186311960220337,0.825221061706543,0.8894484639167786,0.8036679029464722
A202D,202,0.646757401,2,0.7423406124114991,0.0948747536052698,0.09558321141149906,0.8165815472602844,0.7296608090400696,0.8157534003257751,0.7638310790061951,0.5858762264251709
A202K,202,1.317656126,2,0.8791749477386475,0.039816063960899546,0.43848117826135247,0.9293256998062134,0.8281938433647156,0.851087749004364,0.8904634118080139,0.8968040347099304
A202L,202,0.609303333,2,0.9039976119995117,0.042554655428108,0.2946942789995117,0.9390224814414978,0.8817587494850159,0.8429001569747925,0.9457940459251404,0.9105126261711121
A202V,202,0.975370339,2,0.9531438469886779,0.028415239912368224,0.022226492011322097,0.98567795753479,0.9437980055809021,0.9167934656143188,0.9781085848808289,0.94134122133255
A202N,202,0.8865792370000001,2,0.6804731249809265,0.11373336037197153,0.20610611201907358,0.7480038404464722,0.6747450828552246,0.8283277750015259,0.6163188219070435,0.5349701046943665
A202P,202,1.191518131,2,0.8633974432945252,0.06903093902340114,0.32812068770547487,0.9607517719268799,0.8029447793960571,0.8615834712982178,0.897379457950592,0.7943277359008789
A202Q,202,0.85325594,2,0.8880816578865052,0.07484529629721691,0.034825717886505125,0.9658395648002625,0.8104416728019714,0.82679283618927,0.9671735763549805,0.8701606392860413
A202R,202,1.252499824,2,0.8029875516891479,0.025601331350813723,0.4495122723108521,0.799909770488739,0.7968118786811829,0.7838829755783081,0.8472250699996948,0.7871080636978149
A202S,202,1.136768251,2,0.835923683643341,0.027674850336108787,0.3008445673566589,0.8644406795501709,0.8602955341339111,0.8068128228187561,0.8402557373046875,0.8078136444091797
A202T,202,1.02923126,2,0.8242375493049622,0.05064280149283094,0.2049937106950378,0.9145900011062622,0.8014809489250183,0.8005357980728149,0.7971804141998291,0.8074005842208862
A202W,202,0.975274218,2,0.8672245144844055,0.020221831111460645,0.10804970351559451,0.8551514148712158,0.8640702366828918,0.870887279510498,0.8994614481925964,0.8465521931648254
A202Y,202,1.117950915,2,0.9104337692260742,0.0715534291654566,0.20751714577392577,0.9595813751220703,0.957379162311554,0.8468000888824463,0.9693179130554199,0.8190903067588806
E203F,203,0.7671290740000001,2,0.8271442174911499,0.12576392499828698,0.06001514349114978,0.7072376608848572,0.7522277235984802,0.8306028246879578,1.034527063369751,0.8111258149147034
E203G,203,0.642394273,2,0.5515566945075989,0.042091871311181334,0.09083757849240104,0.4868544340133667,0.5691885948181152,0.588658332824707,0.5806596875190735,0.5324224233627319
E203I,203,1.145616633,2,0.6470134854316711,0.08853207175013407,0.4986031475683288,0.5910987854003906,0.6587291359901428,0.6914058923721313,0.7611912488937378,0.5326423645019531
E203K,203,0.595575387,2,0.8372894048690795,0.17751554400648706,0.24171401786907953,0.67927485704422,1.0619441270828247,0.847817063331604,0.9528490304946899,0.6445619463920593
E203L,203,1.262955227,2,0.8101857423782348,0.08057583372139919,0.45276948462176514,0.7342808246612549,0.8347113728523254,0.7911493182182312,0.9369502067565918,0.753836989402771
E203M,203,1.538304766,2,0.86462482213974,0.13469520716028457,0.67367994386026,0.7195093631744385,1.0104014873504639,0.8705875277519226,0.9842038154602051,0.7384219169616699
E203C,203,0.85896833,2,0.8979375243186951,0.08571361070235843,0.038969194318695166,0.8444292545318604,1.007305383682251,0.8963935375213623,0.951666533946991,0.7898929119110107
E203D,203,1.12044861,2,0.8245469570159912,0.14694647005154124,0.2959016529840087,0.694037139415741,0.9337629675865173,1.0262470245361328,0.7192444205284119,0.7494432330131531
E203P,203,0.466817895,2,0.3074224412441254,0.10537643381629419,0.1593954537558746,0.39952969551086426,0.20658904314041138,0.41039204597473145,0.3335195481777191,0.18708187341690063
E203Q,203,0.952343496,2,0.805695629119873,0.09582210831319224,0.146647866880127,0.664367139339447,0.9136203527450562,0.8388489484786987,0.8505804538726807,0.7610612511634827
E203R,203,0.428400961,2,0.6701425552368164,0.1126809426283905,0.2417415942368164,0.5406136512756348,0.744847297668457,0.7569330334663391,0.7551196217536926,0.5531991720199585
E203S,203,0.826987792,2,0.7586180329322815,0.08819480476294612,0.06836975906771858,0.642318606376648,0.8133482933044434,0.8124154210090637,0.8388844728469849,0.6861233711242676
E203N,203,0.8510785240000001,2,0.5151813149452209,0.05185490257462325,0.33589720905477916,0.5104600191116333,0.6043941974639893,0.5032405257225037,0.4786788821220398,0.4791329503059387
E203A,203,0.885902266,2,0.7226368308067321,0.10119575235594731,0.16326543519326786,0.5805562734603882,0.8306302428245544,0.7662501931190491,0.7777292132377625,0.6580182313919067
E203W,203,0.4784625279999999,2,0.8120247483253479,0.08970079106586887,0.333562220325348,0.7117274403572083,0.7695939540863037,0.8663889169692993,0.9382598996162415,0.7741535305976868
E203V,203,0.975780049,2,0.8612936496734619,0.09386246965690838,0.11448639932653815,0.7468938827514648,0.8947767019271851,0.9032812118530273,0.9769651293754578,0.7845513224601746
E203Y,203,1.177587116,2,0.8644405603408813,0.06296023212978619,0.31314655565911864,0.7762710452079773,0.8842172622680664,0.9510668516159058,0.8521115183830261,0.8585361242294312
I204A,204,-0.218787402,2,0.6687421441078186,0.04288824009854355,0.8875295461078186,0.6967670321464539,0.6395018100738525,0.7304333448410034,0.6449366211891174,0.6320719122886658
I204W,204,0.050322303,2,0.4939635097980499,0.07513750904514287,0.4436412067980499,0.5782953500747681,0.45028626918792725,0.5465878844261169,0.5040832161903381,0.39056482911109924
I204V,204,0.88111561,2,0.930003035068512,0.034287783986510834,0.04888742506851196,0.9607263803482056,0.8854959011077881,0.9011325836181641,0.9471705555915833,0.9554897546768188
I204R,204,0.0369141,2,0.1817462921142578,0.04458755673312609,0.1448321921142578,0.19343483448028564,0.11471712589263916,0.19787651300430298,0.23521709442138672,0.16748589277267456
I204Q,204,0.205547672,2,0.3646806538105011,0.0861241969883798,0.1591329818105011,0.35295936465263367,0.40729328989982605,0.479977011680603,0.33481648564338684,0.2483571171760559
I204P,204,0.148395908,2,0.24784440398216248,0.04017779225216865,0.09944849598216249,0.2825795114040375,0.2560344338417053,0.2871350049972534,0.19533586502075195,0.2181372046470642
I204G,204,0.179692675,2,0.19770630002021788,0.07625973066841966,0.018013625020217888,0.19968372583389282,0.10067015886306763,0.2941534221172333,0.24465268850326538,0.14937150478363037
I204E,204,0.1911133089999999,2,0.3443885862827301,0.060427441960799126,0.15327527728273022,0.37999406456947327,0.33541014790534973,0.42004331946372986,0.3271823525428772,0.25931304693222046
E205I,205,0.758140878,1,0.8431248784065246,0.20449851264887173,0.08498400040652465,0.563757061958313,0.9638428092002869,0.6865714192390442,1.0161182880401611,0.9853348135948181
E205H,205,1.334772721,1,1.1357946634292602,0.08596470436233818,0.19897805757073983,1.0236320495605469,1.1822521686553955,1.0679675340652466,1.228105068206787,1.1770164966583252
E205G,205,1.021949818,1,0.8009407639503479,0.04708534336772283,0.2210090540496521,0.8805921077728271,0.7727538347244263,0.7687546610832214,0.7753719687461853,0.8072312474250793
E205K,205,0.5383883970000001,1,1.0216416358947753,0.07558533764051231,0.48325323889477523,1.0266506671905518,0.9939957857131958,0.9811633825302124,1.1492016315460205,0.9571967124938965
E205L,205,1.114184768,1,0.8372669696807862,0.08203105842109899,0.2769177983192139,0.6982890367507935,0.8941001296043396,0.8277931213378906,0.8895864486694336,0.8765661120414734
E205F,205,0.966988023,1,0.8174508929252624,0.1016679920765159,0.14953713007473757,0.7552430033683777,0.9290724992752075,0.6740113496780396,0.8612244129180908,0.8677031993865967
E205P,205,0.535661198,1,0.3662271618843079,0.09504599797821156,0.16943403611569213,0.45965775847435,0.3911657929420471,0.27172714471817017,0.26056787371635437,0.4480172395706177
E205Q,205,0.955821727,1,1.0173664331436156,0.067862090759405,0.061544706143615624,1.0801641941070557,0.9659075736999512,0.9927262663841248,1.0986289978027344,0.9494051337242126
E205R,205,0.960698042,1,0.8341363072395325,0.03973871491094927,0.1265617347604675,0.8736998438835144,0.7823096513748169,0.8576616644859314,0.8554173111915588,0.8015930652618408
E205T,205,0.831747254,1,0.9543683171272278,0.029311207108379884,0.12262106312722776,0.930524468421936,0.9353143572807312,0.9350854158401489,0.9954575300216675,0.9754598140716553
E205V,205,1.013413242,1,0.804441773891449,0.07126688198074144,0.20897146810855094,0.720648467540741,0.8101396560668945,0.751147449016571,0.9000546336174011,0.8402186632156372
E205W,205,0.7640247609999999,1,0.7762092828750611,0.02617181099934021,0.012184521875061138,0.8160132169723511,0.7858708500862122,0.7481421232223511,0.760743260383606,0.7702769637107849
E205Y,205,0.091398243,1,1.0771221399307251,0.07724573160983553,0.9857238969307252,1.1179234981536865,1.1371946334838867,0.9648914337158203,1.137270450592041,1.028330683708191
E205M,205,0.710339814,1,0.8787216782569885,0.0621534274775945,0.16838186425698853,0.8583495020866394,0.926282525062561,0.7788882255554199,0.924257755279541,0.9058303833007812
E205D,205,1.12578984,1,0.826576828956604,0.13291247984306923,0.2992130110433959,0.919310450553894,0.6788855195045471,0.7244004607200623,0.8116957545280457,0.998591959476471
E205S,205,0.911769111,1,0.8895680785179139,0.05842223330604017,0.022201032482086158,0.8130490779876709,0.8767975568771362,0.9030556678771973,0.8796176910400391,0.9753203988075256
E205C,205,1.134974111,1,1.0551246047019958,0.12423767746802082,0.07984950629800425,0.9783884882926941,0.992694616317749,0.9898625612258911,1.273095965385437,1.041581392288208
E205A,205,1.078930331,1,0.7989493489265442,0.03665595324131689,0.2799809820734558,0.8605765700340271,0.7812373042106628,0.7654707431793213,0.80035400390625,0.7871081233024597
R206Y,206,1.4486110680000002,1,1.1497112274169923,0.12324002262801705,0.2988998405830079,1.2206223011016846,1.050368070602417,1.0192852020263672,1.3192126750946045,1.1390678882598877
R206V,206,0.815429165,1,1.110984742641449,0.15068612323390132,0.295555577641449,1.1342939138412476,1.210809588432312,0.9321032762527466,1.2917709350585938,0.985945999622345
R206G,206,0.866770411,1,0.9751505374908447,0.10007115965205358,0.10838012649084472,1.0430200099945068,1.0825831890106201,0.9050123691558838,1.0046045780181885,0.8405325412750244
R206K,206,1.5502307519999998,1,1.001923131942749,0.08237495327258193,0.5483076200572508,1.1163005828857422,0.943560779094696,0.918761670589447,1.056544303894043,0.9744483232498169
R206L,206,1.003557296,1,1.1343353748321534,0.12486722500694446,0.1307780788321533,1.164286732673645,1.1664986610412598,0.9466792345046997,1.2902204990386963,1.1039917469024658
R206M,206,0.978260119,1,1.1120657920837402,0.11561069906604593,0.13380567308374025,1.117797613143921,1.0573441982269287,1.0437302589416504,1.3101624250411987,1.0312944650650024
R206W,206,0.776330368,1,1.0196929931640626,0.05706569901128468,0.2433626251640626,1.0038223266601562,1.0568530559539795,0.9815764427185059,1.0981022119522095,0.9581109285354614
R206N,206,-0.119091709,1,0.8818232178688049,0.1692698226172266,1.000914926868805,0.931750476360321,0.8707876801490784,0.6060827970504761,1.063148856163025,0.9373462796211243
R206P,206,0.575020525,1,0.3754862844944,0.11870882036710188,0.19953424050559998,0.5540233850479126,0.4182065725326538,0.3667874038219452,0.2696467339992523,0.2687673270702362
R206S,206,0.340450844,1,1.1585428953170775,0.06482874563198494,0.8180920513170775,1.2389761209487915,1.1597583293914795,1.13919198513031,1.1907387971878052,1.064049243927002
R206T,206,1.032558844,1,1.2419023513793945,0.1125467906322365,0.20934350737939456,1.3338861465454102,1.2904009819030762,1.1529200077056885,1.3398656845092773,1.0924389362335205
R206D,206,0.631613375,1,1.1395863533020019,0.0936666124669802,0.5079729783020018,1.2030318975448608,1.221663236618042,0.9961464405059814,1.1818729639053345,1.095217227935791
R206C,206,0.598737533,1,1.2665319442749023,0.15633345445163024,0.6677944112749024,1.3095821142196655,1.3559128046035767,1.1597938537597656,1.4488716125488281,1.0584993362426758
R206A,206,1.200505753,1,1.137658715248108,0.06873715730736385,0.06284703775189215,1.2042845487594604,1.1684986352920532,1.022473931312561,1.1400156021118164,1.1530208587646484
R206E,206,0.849748504,1,1.2912941217422484,0.12232161347940233,0.44154561774224843,1.2069711685180664,1.4166256189346313,1.2575043439865112,1.4215954542160034,1.1537740230560303
L207E,207,0.287345767,0,0.5449559092521667,0.07865671380739697,0.2576101422521668,0.5703540444374084,0.6057666540145874,0.4212941527366638,0.6106446385383606,0.5167200565338135
L207A,207,0.661923522,0,0.563112211227417,0.055868987394453146,0.0988113107725831,0.5070083737373352,0.5672544240951538,0.5398225784301758,0.6552667021751404,0.5462089776992798
L207C,207,1.130348748,0,0.7988183259963989,0.05012412766764275,0.33153042200360117,0.8307943344116211,0.8570283651351929,0.7948326468467712,0.7248336672782898,0.7866026163101196
L207D,207,0.62059843,0,0.3784918010234833,0.08756742077007469,0.24210662897651675,0.3236033618450165,0.47304704785346985,0.3169359564781189,0.4751395583152771,0.30373308062553406
L207W,207,0.894672625,0,0.5885901689529419,0.11253065311095051,0.3060824560470581,0.6566252708435059,0.5783522129058838,0.5755541324615479,0.7157878279685974,0.41663140058517456
L207K,207,0.6255467720000001,0,0.4731764614582062,0.04635509945225704,0.1523703105417939,0.42787250876426697,0.4624967575073242,0.43213003873825073,0.5174224376678467,0.5259605646133423
L207T,207,1.082613472,0,0.7621931552886962,0.03186716171199277,0.3204203167113038,0.7432613372802734,0.7781888842582703,0.721141517162323,0.8041255474090576,0.7642484903335571
L207V,207,0.904543551,0,0.812519085407257,0.03352846282597475,0.09202446559274291,0.8603564500808716,0.830833911895752,0.7767387628555298,0.8054364919662476,0.7892298102378845
L207I,207,0.881017734,0,0.8798502564430237,0.08814327687058822,0.0011674775569763263,0.9779431819915771,0.9581722021102905,0.7681214809417725,0.828207790851593,0.8668066263198853
L207Y,207,0.928208006,0,0.6305076241493225,0.0667893463481856,0.2977003818506775,0.7091063261032104,0.5999434590339661,0.6263445615768433,0.6783990263938904,0.5387447476387024
L207Q,207,0.3974582579999999,0,0.6085817098617554,0.0449837408397128,0.21112345186175552,0.5807931423187256,0.5783408880233765,0.5848782062530518,0.6848419904708862,0.6140543222427368
L207P,207,0.392283055,0,0.15500986576080322,0.09828068408898283,0.23727318923919677,0.19769924879074097,0.16690075397491455,0.18069183826446533,0.24292564392089844,-0.013168156147003174
L207R,207,0.572711729,0,0.39192829728126527,0.05364459343265023,0.18078343171873473,0.39455899596214294,0.39093026518821716,0.31452593207359314,0.4661546051502228,0.39347168803215027
L207H,207,-0.104492884,0,0.5626099824905395,0.11524978793915375,0.6671028664905395,0.6160333156585693,0.5691855549812317,0.466351717710495,0.7227075099945068,0.4387718141078949
L207G,207,0.208321553,0,0.2665913224220276,0.09247313578043793,0.058269769422027606,0.22743010520935059,0.21892708539962769,0.2600833773612976,0.42727935314178467,0.1992366909980774
L207F,207,0.680090773,0,0.6306753277778625,0.11415860492947191,0.04941544522213748,0.7633894681930542,0.6874042749404907,0.516220211982727,0.6808909773826599,0.5054717063903809
L207S,207,0.3711726929999999,0,0.4983559250831604,0.10647656313389713,0.1271832320831605,0.4297961890697479,0.5221677422523499,0.3870503902435303,0.6644631028175354,0.48830220103263855
L207M,207,1.19001881,0,0.852459979057312,0.08010404292213731,0.337558830942688,0.9498835206031799,0.9096137285232544,0.7539682984352112,0.853011965751648,0.7958223819732666
F208G,208,0.155654179,4,0.2871482253074646,0.11824700208063987,0.13149404630746458,0.2474084496498108,0.4060073494911194,0.13352930545806885,0.2411850094795227,0.40761101245880127
F208A,208,0.540317416,4,0.5293547749519348,0.08009458964533377,0.010962641048065214,0.5006656646728516,0.5590888261795044,0.471204549074173,0.46058979630470276,0.6552250385284424
F208C,208,0.562186668,4,0.6620635747909546,0.08160329004884317,0.09987690679095462,0.6482619047164917,0.6168014407157898,0.5821466445922852,0.7961786389350891,0.6669292449951172
F208D,208,-0.151879838,4,0.09924330711364746,0.10086042161354404,0.2511231451136474,-0.014915645122528076,0.1551685929298401,0.005661606788635254,0.1290537714958191,0.22124820947647095
F208I,208,0.336086668,4,0.9670412421226502,0.11496909109769124,0.6309545741226502,0.8710123300552368,1.0391850471496582,0.8739875555038452,0.9183916449546814,1.132629632949829
F208E,208,0.245509367,4,0.1870236873626709,0.12234701547930217,0.05848567963732912,0.2027376890182495,0.24271708726882935,-0.0028209686279296875,0.1641697883605957,0.3283148407936096
F208L,208,0.423291911,4,0.8583084106445312,0.05096848128475835,0.4350164996445312,0.8628896474838257,0.8597173690795898,0.774718165397644,0.8835077285766602,0.9107091426849365
F208K,208,0.7292170370000001,4,0.3071437418460846,0.10658785929620526,0.42207329515391545,0.2844674587249756,0.30374759435653687,0.18752288818359375,0.28000107407569885,0.4799796938896179
F208W,208,1.107817647,4,0.7718610405921936,0.05668007525613706,0.33595660640780645,0.7746486663818359,0.7365813255310059,0.7144161462783813,0.8629481196403503,0.7707109451293945
F208V,208,0.73629052,4,0.7785635948181152,0.03642706431848879,0.042273074818115264,0.7468819618225098,0.8049007654190063,0.7370565533638,0.7821149230003357,0.8218637704849243
F208S,208,0.062937386,4,0.42023646235466006,0.11761183583149673,0.3572990763546601,0.4214228391647339,0.46079641580581665,0.28206539154052734,0.346089631319046,0.5908080339431763
F208Y,208,0.9004832509999999,4,0.8829590320587158,0.06587408985850844,0.017524218941284087,0.828435480594635,0.937274694442749,0.88316410779953,0.958573043346405,0.80734783411026
F208Q,208,0.278088331,4,0.39812999963760376,0.12800422479763277,0.12004166863760374,0.36566057801246643,0.4236394166946411,0.23003733158111572,0.3850122392177582,0.5863004326820374
F208R,208,-0.006183008,4,0.24203816652297974,0.12058480204247919,0.24822117452297973,0.2505035996437073,0.2224007248878479,0.09382528066635132,0.21440714597702026,0.4290540814399719
F208M,208,1.027401726,4,1.0399088382720947,0.13411316873248175,0.012507112272094778,0.9345071315765381,1.2222790718078613,0.9135439395904541,0.9925346374511719,1.1366794109344482
F208N,208,-0.132075044,4,0.39521206021308897,0.11054422806819406,0.527287104213089,0.3556157052516937,0.4163554608821869,0.2718942165374756,0.36215415596961975,0.570040762424469
F208T,208,0.584585284,4,0.703807818889618,0.053499873115498114,0.11922253488961798,0.7069888114929199,0.7226919531822205,0.6120249032974243,0.7279936671257019,0.749339759349823
F208P,208,-0.174338718,4,0.31704196333885193,0.0863725219585452,0.49138068133885193,0.2657616138458252,0.3889528214931488,0.2397046685218811,0.26039206981658936,0.4303986430168152
G209D,209,1.182819709,1,0.7726892948150634,0.16578249975197515,0.4101304141849367,0.5589754581451416,0.6405029892921448,0.8534502983093262,0.9558395147323608,0.854678213596344
G209R,209,0.8385944909999999,1,0.7445389747619628,0.08801769451746146,0.0940555162380371,0.6068219542503357,0.7520192861557007,0.8419092893600464,0.7297836542129517,0.79216068983078
G209Q,209,1.479598801,1,0.758724057674408,0.04644122884851942,0.7208747433255921,0.7194617390632629,0.7365115880966187,0.7744781970977783,0.8330569267272949,0.730111837387085
G209T,209,1.2052955440000002,1,0.7135089278221131,0.0685472034716071,0.4917866161778871,0.6419001817703247,0.755786657333374,0.7042469382286072,0.8071329593658447,0.6584779024124146
G209M,209,1.410541524,1,0.6112754583358765,0.08194023281742674,0.7992660656641236,0.7127459049224854,0.560592532157898,0.5896774530410767,0.6776106357574463,0.5157507658004761
G209L,209,0.7691709720000001,1,0.656303095817566,0.02812545825682886,0.1128678761824341,0.6708852052688599,0.6319466829299927,0.6722885370254517,0.6854734420776367,0.6209216117858887
G209K,209,0.861514195,1,0.5500512599945069,0.06555417709562371,0.31146293500549316,0.4855852425098419,0.5995444059371948,0.6229352951049805,0.5634927749633789,0.47869858145713806
G209I,209,0.553678462,1,0.34531805515289304,0.07876403440964996,0.208360406847107,0.46044275164604187,0.39256829023361206,0.30426186323165894,0.2965767979621887,0.27274057269096375
G209S,209,0.691159367,1,0.8527526974678039,0.07868490654736147,0.1615933304678039,0.8385769724845886,0.8145043849945068,0.7729712128639221,0.9820896983146667,0.8556212186813354
G209F,209,0.7009135609999999,1,0.6090814948081971,0.06687101581533833,0.09183206619180284,0.6044179201126099,0.5542343258857727,0.7203413844108582,0.6070734262466431,0.5593404173851013
G209E,209,0.8475705,1,0.581606388092041,0.05853065213056649,0.265964111907959,0.520499587059021,0.5352940559387207,0.6612372398376465,0.5720771551132202,0.6189239025115967
G209P,209,0.739422583,1,0.4030774116516113,0.12245953353646861,0.33634517134838865,0.4640086889266968,0.42303794622421265,0.5019737482070923,0.4355188012123108,0.19084787368774414
G209V,209,0.784400599,1,0.5721809506416321,0.03487375252685587,0.21221964835836793,0.5329455137252808,0.6043170690536499,0.6066708564758301,0.5394083261489868,0.5775629878044128
G209W,209,0.78105823,1,0.6473485589027405,0.049436745297813396,0.1337096710972595,0.650677502155304,0.6950783729553223,0.6878817081451416,0.5728361010551453,0.6302691102027893
G209Y,209,0.989531884,1,0.6904074430465699,0.09546797695810134,0.29912444095343016,0.6383473873138428,0.5476117730140686,0.7511627078056335,0.7758018374443054,0.7391135096549988
G209A,209,1.068625078,1,0.7882279753684998,0.052290279045203135,0.2803971026315002,0.7137631177902222,0.7533097863197327,0.817156970500946,0.8214021921157837,0.8355078101158142
G209C,209,0.6991546270000001,1,0.7394371747970581,0.13949342317751165,0.04028254779705798,0.6603094935417175,0.6584312915802002,0.6754034757614136,0.9852831363677979,0.7177584767341614
K210G,210,0.758142877,1,0.8989083886146545,0.07360199792119043,0.14076551161465445,0.885201632976532,0.9301716685295105,0.7855336666107178,0.9859285950660706,0.9077063798904419
K210C,210,0.9795864,1,0.8500152230262756,0.11483470350288301,0.12957117697372433,0.8345356583595276,0.9255412220954895,0.9006209969520569,0.9327495098114014,0.6566287279129028
K210L,210,1.1618839440000002,1,0.7432974934577942,0.03409372134361518,0.418586450542206,0.7991134524345398,0.7262884974479675,0.7349741458892822,0.7092023491859436,0.7469090223312378
K210I,210,1.549600879,1,0.6295034170150757,0.02184388897252407,0.9200974619849243,0.6649401187896729,0.6229937672615051,0.6098876595497131,0.6343965530395508,0.6152989864349365
K210H,210,1.499676822,1,1.0763627648353578,0.07605383904850689,0.4233140571646423,1.0706367492675781,1.0740878582000732,1.0423831939697266,1.1999760866165161,0.9947299361228943
K210F,210,1.169517417,1,0.7734118580818177,0.03317297166666714,0.39610555891818233,0.7276586294174194,0.7835211753845215,0.7997357249259949,0.8051813840866089,0.7509623765945435
K210D,210,0.983696784,1,1.1446130514144897,0.11582685485015798,0.1609162674144896,1.071671962738037,1.1134028434753418,1.0227837562561035,1.3167344331741333,1.198472261428833
K210E,210,0.645726424,1,1.122015643119812,0.11506311343276375,0.47628921911981204,1.1471965312957764,1.1009517908096313,0.9604330062866211,1.2825214862823486,1.1189754009246826
K210P,210,1.112168433,1,1.0916333675384522,0.09122038553580027,0.020535065461547708,1.187391996383667,1.0366220474243164,0.9899837970733643,1.188798427581787,1.055370569229126
K210R,210,1.25891417,1,0.9993997097015381,0.06134590319290987,0.2595144602984618,0.9617325663566589,1.013940453529358,0.9390721321105957,1.0972574949264526,0.9849959015846252
K210N,210,0.809176508,1,1.0244859218597413,0.06079964583557749,0.21530941385974134,1.0103111267089844,0.991463303565979,0.9486439228057861,1.0766886472702026,1.095322608947754
K210S,210,1.175067836,1,1.0560935020446778,0.04961994418767184,0.1189743339553222,1.0442495346069336,1.0687377452850342,1.0155613422393799,1.1356093883514404,1.0163094997406006
K210T,210,0.941264722,1,1.0235018134117126,0.0660437343504455,0.08223709141171265,1.0214641094207764,1.0529171228408813,0.930060088634491,1.1097508668899536,1.003316879272461
K210V,210,0.6820158040000001,1,0.8232656359672547,0.033440456488705035,0.1412498319672546,0.8353887796401978,0.8305675983428955,0.7660049200057983,0.830389142036438,0.8539777398109436
K210W,210,0.907458931,1,0.7586534142494201,0.03050367340497785,0.14880551675057985,0.7671181559562683,0.768780529499054,0.7687150835990906,0.783287763595581,0.7053655385971069
K210A,210,0.8515956579999999,1,1.111298108100891,0.08238349687667211,0.2597024501008911,1.056236743927002,1.0269033908843994,1.1026227474212646,1.2398946285247803,1.1308330297470093
K210Y,210,1.26838081,1,0.8954622030258179,0.06358327378140471,0.3729186069741821,0.9490981101989746,0.831569254398346,0.8350247144699097,0.9699289202690125,0.8916900157928467
K210Q,210,0.911847737,1,1.0448122501373291,0.07146041044640218,0.13296451313732915,1.092942476272583,0.985998272895813,0.9844744205474854,1.145469307899475,1.015176773071289
K210M,210,1.19031035,1,0.782282042503357,0.06526407909158417,0.4080283074966431,0.8826159238815308,0.7170088887214661,0.7314355373382568,0.7904623746871948,0.7898874878883362
I211V,211,1.083181673,3,0.8969233751296997,0.04251462118970046,0.18625829787030024,0.9642410278320312,0.8811953663825989,0.9060345888137817,0.8503614664077759,0.8827844262123108
I211C,211,1.194415925,3,0.9378875851631164,0.0871660886037883,0.2565283398368835,1.0121606588363647,0.979707658290863,0.9605321288108826,0.7879288792610168,0.9491086006164551
I211Y,211,0.266838638,3,1.0068132877349854,0.11667155706332723,0.7399746497349853,1.0936036109924316,0.9007555246353149,1.1245975494384766,0.8655160665512085,1.0495936870574951
I211G,211,1.073090415,3,0.7591664433479309,0.08110886711323169,0.3139239716520691,0.8717551827430725,0.657450795173645,0.8011987209320068,0.7247735261917114,0.7406539916992188
I211F,211,1.304524098,3,0.9743190884590149,0.09634171027781215,0.330205009540985,1.031350016593933,0.9165874123573303,1.1086366176605225,0.9497807025909424,0.8652406930923462
I211D,211,1.307422194,3,0.8561954855918884,0.13244462662516066,0.4512267084081115,0.8581157922744751,0.8046034574508667,1.0523775815963745,0.6873347759246826,0.8785458207130432
I211A,211,1.34696095,3,0.9328661680221557,0.09222840750149996,0.4140947819778442,0.8911194801330566,0.9101235866546631,1.0452466011047363,0.814083456993103,1.0037577152252197
I211W,211,1.246451251,3,0.8273974061012268,0.10482826427694207,0.4190538448987733,0.9620332717895508,0.6884062886238098,0.886662483215332,0.7726421356201172,0.8272428512573242
I211T,211,0.264414069,3,0.9159706711769104,0.10394475415639175,0.6515566021769105,0.940179705619812,0.8386639356613159,1.0198073387145996,0.7797265648841858,1.0014758110046387
I211E,211,0.541989831,3,0.8148875594139099,0.11870408819742144,0.2728977284139099,0.8129808902740479,0.7675994038581848,1.0008535385131836,0.675135612487793,0.8178683519363403
I211N,211,1.081859975,3,0.8606698870658874,0.14431139046249947,0.22119008793411254,0.7816902995109558,0.8783272504806519,1.1043157577514648,0.7498957514762878,0.7891203761100769
I211S,211,1.201975472,3,0.9748219013214111,0.09311851419090296,0.22715357067858888,0.9441059231758118,0.944027304649353,1.0655778646469116,0.8503625988960266,1.0700358152389526
I211R,211,0.994996732,3,0.826573657989502,0.11470096588495308,0.16842307401049805,0.7043420076370239,0.8268839716911316,1.0050930976867676,0.7523741126060486,0.8441751003265381
I211Q,211,1.272530315,3,0.9941546678543091,0.11372570627163595,0.27837564714569096,0.9991565942764282,0.9883101582527161,1.1458454132080078,0.8257593512535095,1.0117018222808838
I211P,211,0.861835626,3,0.5533070623874664,0.0960135074688851,0.30852856361253356,0.5397036075592041,0.4414651691913605,0.702771782875061,0.5134357213973999,0.5691590309143066
I211M,211,1.812481517,3,0.8800188302993774,0.08257824215412828,0.9324626867006225,0.9222756028175354,0.8883739709854126,0.8692492246627808,0.7493919134140015,0.970803439617157
I211L,211,0.69556084,3,0.9896610856056214,0.10705887235125819,0.2941002456056214,1.0561604499816895,0.896943211555481,1.0573190450668335,0.8519126772880554,1.0859700441360474
I211K,211,1.034006533,3,0.8820689082145691,0.11996839842344671,0.15193762478543082,0.8135213255882263,0.862640917301178,1.0624747276306152,0.747322678565979,0.9243848919868469
C212G,212,0.942167569,0,0.8348214507102967,0.06183448126727481,0.10734611828970331,0.8644127249717712,0.7705284357070923,0.7791343927383423,0.9193773865699768,0.8406543135643005
C212H,212,-0.173838852,0,0.6567566454410553,0.16108729840491462,0.8305954974410552,0.8415402173995972,0.6753955483436584,0.5760424137115479,0.7616262435913086,0.42917880415916443
C212L,212,0.840547844,0,0.7893897294998169,0.06070894944012221,0.05115811450018315,0.8403624892234802,0.7397775650024414,0.8189994692802429,0.8384274244308472,0.7093816995620728
C212M,212,0.734255641,0,1.0143046379089355,0.06221294762232464,0.2800489969089356,1.1223702430725098,0.9617025852203369,0.9955188632011414,0.9983234405517578,0.9936080574989319
C212P,212,0.5180218839999999,0,0.4254482865333557,0.14303591054100287,0.09257359746664423,0.49423953890800476,0.337723970413208,0.3440280556678772,0.6455435156822205,0.30570635199546814
C212Q,212,0.8668376879999999,0,0.5313380002975464,0.06057120547997206,0.33549968770245353,0.5523338317871094,0.4658118188381195,0.574910044670105,0.5952284932136536,0.4684058129787445
C212V,212,0.945030337,0,0.8515351414680481,0.039466534255758356,0.09349519553195196,0.8679341077804565,0.8752419352531433,0.8276758790016174,0.891879677772522,0.7949441075325012
C212A,212,1.245512545,0,1.1476358413696288,0.10481575117205144,0.09787670363037115,1.318314790725708,1.0477898120880127,1.0950087308883667,1.1694319248199463,1.1076339483261108
C212D,212,0.237416152,0,0.7633429527282715,0.15516974686346396,0.5259268007282715,0.9571771025657654,0.662490963935852,0.6368347406387329,0.9065999984741211,0.653611958026886
C212E,212,0.313178637,0,0.5009955048561097,0.11628377631327315,0.18781686785610968,0.4974175691604614,0.5281500816345215,0.44963276386260986,0.6734970808029175,0.35628002882003784
C212Y,212,1.195258937,0,0.6610066771507264,0.1331600138567792,0.5342522598492736,0.7897873520851135,0.6749216318130493,0.7303305268287659,0.6708984971046448,0.4390953779220581
C212T,212,1.032161938,0,0.846471631526947,0.04538466499302149,0.18569030647305296,0.8859032392501831,0.8142784237861633,0.7959635257720947,0.9009745121002197,0.8352384567260742
C212W,212,0.609573012,0,0.3265173077583313,0.05620884267159986,0.2830557042416687,0.4065976142883301,0.2691305875778198,0.3514466881752014,0.326956570148468,0.27845507860183716
C212F,212,0.302587747,0,0.9548002481460571,0.1122398246764644,0.6522125011460571,1.1188323497772217,0.8527556657791138,0.9840414524078369,0.9726488590240479,0.8457229137420654
C212R,212,0.3644505979999999,0,0.5236524939537048,0.06468741221451443,0.15920189595370493,0.5961228609085083,0.4763304591178894,0.47398045659065247,0.5928287506103516,0.47899994254112244
C212S,212,0.416748062,0,0.7739598751068115,0.05345210508438661,0.35721181310681155,0.7606735825538635,0.7722012400627136,0.7154487371444702,0.8613348007202148,0.7601410150527954
N213A,213,1.131738072,4,0.8966703891754151,0.06165209344380973,0.235067682824585,0.7887038588523865,0.9205263257026672,0.9048879742622375,0.9307026863098145,0.9385311007499695
N213Y,213,1.308731877,4,0.8991666555404663,0.05416025390409673,0.4095652214595338,0.9851548671722412,0.8429028987884521,0.8652013540267944,0.8989295959472656,0.9036445617675781
N213F,213,0.922435604,4,0.7125993728637695,0.0850331051513317,0.2098362311362305,0.7062690258026123,0.5890417695045471,0.7132263779640198,0.7259396314620972,0.8285200595855713
N213G,213,1.0255673440000002,4,0.8264079332351685,0.041031652898956245,0.19915941076483168,0.7879522442817688,0.8130894303321838,0.7949464917182922,0.8503586053848267,0.8856928944587708
N213I,213,0.3408930529999999,4,1.0268338203430176,0.044076648983689674,0.6859407673430178,1.0028126239776611,1.0119602680206299,1.1027061939239502,0.9920282363891602,1.0246617794036865
N213L,213,0.462465056,4,0.8790849208831787,0.040655230989688255,0.4166198648831787,0.8998809456825256,0.8259402513504028,0.8451343178749084,0.9136701822280884,0.9107989072799683
N213P,213,0.292559016,4,0.4400124788284302,0.053984041756949715,0.1474534628284302,0.44647425413131714,0.41155534982681274,0.45484408736228943,0.37093105912208557,0.516257643699646
N213Q,213,0.915592409,4,0.9415155649185181,0.05581833686648314,0.025923155918518015,1.0276601314544678,0.9440104365348816,0.8798301815986633,0.9072144031524658,0.9488626718521118
N213R,213,0.984654119,4,0.8558450937271118,0.019509746216626465,0.12880902527288818,0.8701938986778259,0.8310644030570984,0.8464574217796326,0.8802119493484497,0.8512977957725525
N213S,213,1.045213987,4,0.9386141896247864,0.019215821351537092,0.10659979737521352,0.9344813823699951,0.9718003273010254,0.9217813014984131,0.9319674968719482,0.93304044008255
N213T,213,0.802605377,4,1.0485568523406983,0.05916902087312834,0.24595147534069828,0.9506645202636719,1.099303960800171,1.091385006904602,1.0496797561645508,1.0517510175704956
N213V,213,1.096242716,4,0.9001858115196228,0.0358438673802789,0.19605690448037705,0.8727288842201233,0.9628354907035828,0.8935077786445618,0.8837924003601074,0.8880645036697388
N213W,213,0.4951355129999999,4,0.7571155190467834,0.03136550531194459,0.2619800060467835,0.7787423133850098,0.70561683177948,0.748589277267456,0.774665117263794,0.7779640555381775
N213C,213,1.168534013,4,0.9967733383178711,0.040488110439711976,0.17176067468212886,1.0398551225662231,0.9495710730552673,0.9623816609382629,1.032592535018921,0.9994663000106812
N213D,213,1.0351748159999998,4,0.9885305523872375,0.05448261186556262,0.046644263612762304,0.9271774291992188,1.0532679557800293,1.0232912302017212,0.9379742741584778,1.0009418725967407
N213E,213,0.846571504,4,0.9982168674468994,0.02956880368088871,0.15164536344689938,0.9692188501358032,0.9935094118118286,1.0025492906570435,1.0459492206573486,0.9798575639724731
I214C,214,1.588440779,0,0.8799402594566346,0.034707158446256874,0.7085005195433653,0.8745139241218567,0.9146093130111694,0.8474788665771484,0.9171026349067688,0.8459965586662292
I214F,214,0.388004635,0,0.898997139930725,0.08264006677072541,0.5109925049307251,0.8893252611160278,0.9746243953704834,0.8622193336486816,0.9837215542793274,0.7850951552391052
I214G,214,0.09738276,0,0.21410901546478273,0.14014652594376809,0.11672625546478273,-0.0011089444160461426,0.17221051454544067,0.27163803577423096,0.37416374683380127,0.2536417245864868
I214L,214,0.77564498,0,0.9224981069564819,0.034540918157664434,0.1468531269564819,0.9368038177490234,0.9501215219497681,0.9066739082336426,0.9495296478271484,0.8693616390228271
I214P,214,0.2683754439999999,0,0.37350914478302,0.07962483754305016,0.10513370078302009,0.2610689401626587,0.4260033369064331,0.3662181794643402,0.4689679741859436,0.3452872931957245
I214R,214,0.170542287,0,0.5600831985473633,0.0816980646657623,0.38954091154736337,0.47535693645477295,0.6125369071960449,0.47804081439971924,0.6590943336486816,0.5753870010375977
I214S,214,0.618230908,0,0.49613470435142515,0.0861319642476466,0.12209620364857487,0.35165026783943176,0.5371555089950562,0.5156533718109131,0.5781823992729187,0.49803197383880615
I214T,214,0.6806524690000001,0,0.7432609677314759,0.08600355520830312,0.06260849873147578,0.6221845746040344,0.8425812721252441,0.7303997278213501,0.8069260716438293,0.7142131924629211
I214V,214,0.933098564,0,1.0287185192108155,0.082873712521419,0.09561995521081545,1.0047694444656372,1.0628759860992432,0.9539137482643127,1.156016230583191,0.9660171866416931
I214W,214,0.745665331,0,0.7499567627906799,0.06916323048917998,0.004291431790679923,0.7599106431007385,0.7194245457649231,0.7879833579063416,0.8320749998092651,0.6503902673721313
I214Y,214,-0.135562894,0,0.6912885904312134,0.1561590052481229,0.8268514844312134,0.7955345511436462,0.5006800889968872,0.7275233864784241,0.8709072470664978,0.5617976784706116
I214E,214,0.6496601329999999,0,0.27304401993751526,0.15501237117397354,0.37661611306248466,0.03702056407928467,0.31739649176597595,0.20528173446655273,0.41267502307891846,0.3928462862968445
I214D,214,-0.02846828,0,0.0358370304107666,0.1472454532455873,0.06430531041076659,-0.18152272701263428,0.03167319297790527,0.1365736722946167,0.2011582851409912,-0.008697271347045898
I214Q,214,0.382201154,0,0.6415939927101135,0.10492514033145257,0.25939283871011354,0.5006076097488403,0.7203827500343323,0.5740777254104614,0.7563559412956238,0.6565459370613098
I214A,214,0.789842541,0,0.5827280461788178,0.09643080504360611,0.20711449482118216,0.437209814786911,0.5442811846733093,0.6747312545776367,0.6591129302978516,0.5983050465583801
R215A,215,1.12588039,2,0.858789074420929,0.0447376393363319,0.26709131557907106,0.9249719381332397,0.8688998818397522,0.8619781136512756,0.8323613405227661,0.8057340979576111
R215Y,215,1.084657799,2,0.6164154648780823,0.039733617828212234,0.4682423341219176,0.6410327553749084,0.6072186231613159,0.6709288358688354,0.5916311740875244,0.5712659358978271
R215W,215,0.942459687,2,0.7007517695426941,0.08641054375899157,0.2417079174573059,0.7295494675636292,0.7302469611167908,0.771172821521759,0.7227808237075806,0.5500087738037109
R215V,215,0.690912425,2,0.7471205830574036,0.04280222439692544,0.056208158057403534,0.8131227493286133,0.7582709789276123,0.712827205657959,0.7062872052192688,0.7450947761535645
R215T,215,0.975123148,2,0.7699114322662354,0.0662944116129197,0.20521171573376462,0.8427581191062927,0.7906555533409119,0.7089309096336365,0.8152199983596802,0.6919925808906555
R215S,215,0.910202239,2,0.7657952904701233,0.027254075378443352,0.14440694852987668,0.7585102319717407,0.7841924428939819,0.7670256495475769,0.7949930429458618,0.7242550849914551
R215Q,215,1.064461989,2,0.8684058308601379,0.07062953679795153,0.1960561581398621,0.964806079864502,0.8840560913085938,0.8198930025100708,0.7816634774208069,0.8916105031967163
R215P,215,0.578579129,2,0.021004807949066163,0.0527529467174118,0.5575743210509339,0.10504108667373657,-0.017913877964019775,0.028694748878479004,-0.028864681720733643,0.018066763877868652
R215N,215,1.126904083,2,0.7797587275505066,0.06766796273727275,0.3471453554494933,0.7718372941017151,0.8476372361183167,0.8469950556755066,0.7389190793037415,0.6934049725532532
R215C,215,1.204365546,2,0.7806760311126709,0.03308168497750284,0.4236895148873291,0.7417720556259155,0.814059853553772,0.7491226196289062,0.8049899339675903,0.7934356927871704
R215E,215,0.935886389,2,0.8729511857032776,0.06242593852726698,0.06293520329672242,0.9193158149719238,0.9570349454879761,0.8508106470108032,0.821320652961731,0.8162738680839539
R215L,215,1.214940773,2,0.675870680809021,0.056829526825945546,0.5390700921909789,0.72541743516922,0.7353504300117493,0.6581549644470215,0.6651651263237,0.5952654480934143
R215M,215,0.7918547779999999,2,0.7498799800872803,0.05406542980984204,0.04197479791271963,0.7085803747177124,0.830907940864563,0.7804980874061584,0.7125487327575684,0.7168647646903992
R215K,215,0.697993761,2,0.9305853724479676,0.06942415244269237,0.23259161144796758,0.8519364595413208,0.9500150084495544,0.9983202219009399,0.8627216815948486,0.9899334907531738
R215I,215,1.4070922769999998,2,0.6305969953536987,0.11930608673794856,0.7764952816463011,0.7738959789276123,0.7404642105102539,0.5363485813140869,0.5135869979858398,0.5886892080307007
R215H,215,1.136172232,2,0.9222999691963196,0.07193457227733482,0.21387226280368044,0.9380791783332825,0.9245871901512146,1.0323139429092407,0.8499307036399841,0.866588830947876
R215G,215,1.05104856,2,0.592084264755249,0.059697850484938225,0.4589642952447509,0.6818733811378479,0.5585206151008606,0.525013267993927,0.6134663224220276,0.581547737121582
R215F,215,0.059779572,2,0.5397836089134216,0.03433021341639065,0.4800040369134216,0.5307732820510864,0.5940022468566895,0.507102370262146,0.5169840455055237,0.5500560998916626
C216D,216,0.653665546,3,0.5491247832775116,0.12404647996611684,0.10454076272248847,0.6404379606246948,0.5739092826843262,0.5906625986099243,0.3316566050052643,0.6089574694633484
C216E,216,1.093837182,3,1.0313681602478026,0.10129581980729963,0.06246902175219726,1.0012271404266357,1.1026363372802734,1.0196142196655273,0.8853685855865479,1.1479945182800293
C216F,216,1.008923156,3,0.8144920825958252,0.04815632558153308,0.19443107340417487,0.7761074900627136,0.8604822158813477,0.873241662979126,0.7771525979042053,0.7854764461517334
C216G,216,0.910000462,3,0.5772810339927673,0.048001182924131906,0.33271942800723264,0.6234166026115417,0.6019788980484009,0.599592387676239,0.5020537376403809,0.5593635439872742
C216K,216,1.3444923830000002,3,0.8139903306961059,0.06558991171849063,0.5305020523038942,0.7976244688034058,0.8833608627319336,0.8545587658882141,0.7119576334953308,0.8224499225616455
C216L,216,1.050099613,3,1.104449164867401,0.11021176890439331,0.05434955186740109,1.1168262958526611,1.195968508720398,1.0585857629776,0.9407660365104675,1.210099220275879
C216M,216,1.36029009,3,0.9019502758979797,0.059007624232489626,0.4583398141020202,0.935142993927002,0.9268409013748169,0.9496324062347412,0.8024867177009583,0.8956483602523804
C216V,216,0.977334788,3,0.968407130241394,0.056756065143876364,0.008927657758605934,0.9926818013191223,0.9993403553962708,1.0102413892745972,0.8704887628555298,0.9692833423614502
C216W,216,0.852769014,3,0.7321264743804932,0.04986285783093598,0.12064253961950688,0.7477452754974365,0.7914397716522217,0.7426603436470032,0.7241787314414978,0.6546082496643066
C216P,216,1.345350398,3,0.7841903805732727,0.07912200814796552,0.5611600174267272,0.7825016379356384,0.7810525894165039,0.871815025806427,0.6593568325042725,0.8262258172035217
C216Q,216,1.024080144,3,0.9104951620101929,0.10407660780608337,0.11358498198980715,0.9118897914886475,1.0437791347503662,0.9006524682044983,0.754076361656189,0.9420780539512634
C216R,216,0.996183536,3,0.7012923717498779,0.049742913577784105,0.2948911642501221,0.7523122429847717,0.7123349905014038,0.7381036877632141,0.6302988529205322,0.6734120845794678
C216S,216,0.99716269,3,0.695283305644989,0.04669625558617944,0.30187938435501105,0.7190664410591125,0.7455155253410339,0.7197942733764648,0.6365665197372437,0.6554737687110901
C216T,216,0.949679492,3,0.6396355986595154,0.05396708722464842,0.31004389334048466,0.673879861831665,0.7130187153816223,0.629558265209198,0.6016419529914856,0.580079197883606
C216A,216,0.802095005,3,0.8558234095573425,0.067504442086328,0.05372840455734251,0.8246870636940002,0.9349953532218933,0.9028654098510742,0.762149453163147,0.8544197678565979
C216N,216,1.075830448,3,0.46085197329521177,0.10429647222756237,0.6149784747047883,0.525111198425293,0.49007517099380493,0.43331819772720337,0.29447028040885925,0.5612850189208984
L217I,217,0.8973952190000001,1,1.1263036727905273,0.04259439048082761,0.22890845379052727,1.0996016263961792,1.0712246894836426,1.1264241933822632,1.157747745513916,1.1765201091766357
L217K,217,1.107734781,1,0.6029009461402893,0.07177525473813944,0.5048338348597107,0.5078836679458618,0.6294006109237671,0.5545227527618408,0.6321643590927124,0.6905333399772644
L217M,217,1.026175973,1,0.7598218560218811,0.05473882480592324,0.26635411697811884,0.7529275417327881,0.7222492694854736,0.7355651259422302,0.8557314872741699,0.7326358556747437
L217E,217,0.635582065,1,0.5715564370155335,0.04347705392901114,0.06402562798446654,0.5374821424484253,0.5550366640090942,0.5703061819076538,0.6463742852210999,0.548582911491394
L217Q,217,0.8428685159999999,1,0.6200240671634674,0.10739986707981938,0.22284444883653254,0.4505569636821747,0.6481298208236694,0.7276261448860168,0.6842420697212219,0.5895653367042542
L217T,217,0.617079605,1,0.6423132300376893,0.07632770025676963,0.025233625037689222,0.5185114145278931,0.6683360934257507,0.6400814652442932,0.6584545969963074,0.7261825799942017
L217S,217,0.6609749220000001,1,0.6816309452056885,0.13978112511604626,0.02065602320568838,0.5662240982055664,0.5494773983955383,0.6909886002540588,0.7034854292869568,0.897979199886322
L217P,217,0.147242375,1,0.2860547244548798,0.055528083792673676,0.13881234945487977,0.37499457597732544,0.241746723651886,0.2378150224685669,0.29580846428871155,0.27990883588790894
L217R,217,0.46789563,1,0.49172778725624083,0.026290676285516578,0.023832157256240827,0.4598616063594818,0.48961788415908813,0.4849778413772583,0.49123382568359375,0.5329477787017822
L217D,217,0.292026343,1,0.6964594841003418,0.13177159707408415,0.40443314110034173,0.7026162147521973,0.5819674730300903,0.5530898571014404,0.8674570322036743,0.7771668434143066
L217F,217,0.781491554,1,0.9136244177818298,0.0695205939903727,0.13213286378182976,0.8434455394744873,0.9093681573867798,0.8473312854766846,0.9771966934204102,0.9907804131507874
L217H,217,0.306394779,1,0.8219175577163697,0.19367722019049774,0.5155227787163696,0.6931129693984985,0.7871552109718323,0.615321934223175,1.1095963716506958,0.9044013023376465
L217W,217,1.204909762,1,0.8286659121513367,0.050854431726954995,0.3762438498486633,0.7493920922279358,0.8378604054450989,0.8323843479156494,0.8915120363235474,0.8321806788444519
L217A,217,0.742345475,1,0.7212140679359436,0.03991786637676758,0.021131407064056473,0.7262978553771973,0.743262529373169,0.6520839929580688,0.7522351741790771,0.7321907877922058
L217Y,217,1.155168061,1,1.1009986400604248,0.14151556712073432,0.05416942093957511,1.0044782161712646,0.9801645278930664,1.0100303888320923,1.268995761871338,1.2413243055343628
L217G,217,0.2196946289999999,1,0.32794708013534546,0.048314499583577065,0.10825245113534557,0.30384552478790283,0.28043124079704285,0.3387237787246704,0.4059678018093109,0.3107670545578003
L217C,217,1.011862137,1,0.9958352327346802,0.09262719519452664,0.01602690426531983,1.0519254207611084,0.9899681210517883,0.8487625122070312,0.9951767325401306,1.0933433771133423
L217V,217,0.945526885,1,0.9508328557014465,0.07632296642195423,0.00530597070144645,0.9182788133621216,0.8619953989982605,0.9183980226516724,1.0548166036605835,1.0006754398345947
E218A,218,1.004126927,0,1.0208395004272461,0.07075009410612468,0.01671257342724619,1.1287842988967896,0.952085018157959,0.996132493019104,1.0518583059310913,0.9753373861312866
E218C,218,1.118908335,0,0.9447727203369141,0.09206042009436519,0.1741356146630859,1.0411734580993652,0.9843205809593201,0.952289342880249,0.7933666706085205,0.9527135491371155
E218D,218,0.51983676,0,1.0604019641876221,0.07940062923566524,0.5405652041876221,1.0736277103424072,1.1232043504714966,0.9440467357635498,1.022483229637146,1.1386477947235107
E218F,218,0.893218539,0,0.7972757339477539,0.034329075061964705,0.09594280505224617,0.8392009735107422,0.7993319034576416,0.7546059489250183,0.7728458046913147,0.8203940391540527
E218H,218,1.02335961,0,0.9287798643112183,0.07291898226674565,0.09457974568878169,1.0487098693847656,0.8999839425086975,0.8544594049453735,0.9343627095222473,0.9063833951950073
E218W,218,0.777379,0,0.6438530921936035,0.10331763664543106,0.1335259078063965,0.6125820279121399,0.5747523903846741,0.7319023609161377,0.5293562412261963,0.7706724405288696
E218L,218,0.7877471309999999,0,0.8659347772598267,0.0899925149518135,0.07818764625982677,1.0262991189956665,0.8284361362457275,0.8355489373207092,0.8136873841285706,0.8257023096084595
E218Y,218,1.02574063,0,0.8124613404273987,0.08731268100736508,0.21327928957260134,0.9519476294517517,0.7913930416107178,0.7448965907096863,0.7383741736412048,0.8356952667236328
E218V,218,0.783424328,0,0.8323035836219788,0.04531843123310549,0.04887925562197881,0.8991795182228088,0.7740518450737,0.8329020738601685,0.8153128623962402,0.8400716185569763
E218T,218,0.871593519,0,0.8802898287773132,0.12152602027117981,0.008696309777313171,1.0854434967041016,0.8244834542274475,0.7652034759521484,0.8676393628120422,0.8586793541908264
E218I,218,0.6411398070000001,0,0.7407342553138733,0.12794372004794408,0.09959444831387321,0.9407455325126648,0.7111926078796387,0.6847326755523682,0.5971477031707764,0.7698527574539185
E218S,218,0.364563001,0,0.8792033791542053,0.07497702903678306,0.5146403781542053,1.0017294883728027,0.8032258152961731,0.8634855151176453,0.8859089016914368,0.8416671752929688
E218G,218,0.589127608,0,0.7905433416366577,0.023568983190024026,0.20141573363665777,0.8236732482910156,0.7766643166542053,0.7612348198890686,0.7922403216362,0.7989040017127991
E218Q,218,0.833753579,0,0.8826826095581055,0.08123138695025071,0.04892903055810549,1.021852731704712,0.8334224820137024,0.8211691975593567,0.8828402757644653,0.854128360748291
E218P,218,0.488636949,0,0.21510603427886962,0.05294890304062387,0.27353091472113034,0.2349625825881958,0.25833940505981445,0.1847807765007019,0.25993871688842773,0.13750869035720825
E218N,218,0.8546473720000001,0,0.9626962065696716,0.06753632986617891,0.10804883456967151,1.0669598579406738,0.9793927669525146,0.8850234150886536,0.9331475496292114,0.9489574432373047
E218M,218,1.066904109,0,0.8062906622886657,0.05618595975639635,0.26061344671133424,0.8912739157676697,0.7558923363685608,0.76497882604599,0.785821259021759,0.8334869742393494
E218R,218,0.55904332,0,0.804003632068634,0.05268049840428948,0.244960312068634,0.89152991771698,0.7782318592071533,0.8150022029876709,0.7696802020072937,0.7655739784240723
K219V,219,1.17720461,3,1.0934818506240844,0.05409213162797777,0.08372275937591556,1.0258036851882935,1.1229623556137085,1.1175603866577148,1.047744870185852,1.1533379554748535
K219S,219,1.290247716,3,0.8789662837982177,0.044537062988007574,0.41128143220178237,0.8641073703765869,0.9369307160377502,0.9140743017196655,0.83427894115448,0.8454400897026062
K219R,219,1.261190505,3,0.944850504398346,0.0425941384675523,0.3163400006016541,0.8743469715118408,0.970637321472168,0.966049075126648,0.9777685403823853,0.9354506134986877
K219Q,219,0.821169136,3,1.1542385339736938,0.08561436944024674,0.33306939797369384,1.0235767364501953,1.256260871887207,1.1951285600662231,1.1413609981536865,1.1548655033111572
K219P,219,0.373676758,3,0.909227478504181,0.05001573093582874,0.535550720504181,0.8562972545623779,0.9379033446311951,0.9730415940284729,0.9170849919319153,0.8618102073669434
K219T,219,1.483247244,3,0.840407419204712,0.07416263222234395,0.642839824795288,0.7953543663024902,0.92925626039505,0.9040138125419617,0.820344865322113,0.7530677914619446
K219E,219,1.331241308,3,1.0514345169067383,0.06935033706986579,0.2798067910932618,0.9717179536819458,1.016980767250061,1.0757508277893066,1.036914348602295,1.155808687210083
K219C,219,2.146574556,3,1.0385348200798035,0.06122852175357597,1.1080397359201966,0.9335965514183044,1.0851505994796753,1.0733208656311035,1.0630232095718384,1.0375828742980957
K219D,219,0.611011054,3,1.1330968618392945,0.099992518041796,0.5220858078392945,1.012075662612915,1.0922837257385254,1.2031248807907104,1.0936652421951294,1.264334797859192
K219N,219,0.715802307,3,1.0956629991531373,0.042494935232287534,0.3798606921531372,1.114084243774414,1.1494102478027344,1.0956306457519531,1.0859895944595337,1.0332002639770508
K219M,219,0.594629672,3,0.8955377817153931,0.05328538264871022,0.30090810971539306,0.8289443254470825,0.9343421459197998,0.9631778001785278,0.8707317113876343,0.8804929256439209
K219L,219,0.799637432,3,1.0473799228668212,0.07856042320781448,0.2477424908668212,0.9349145889282227,1.0782325267791748,1.1361943483352661,1.0039501190185547,1.0836080312728882
K219I,219,-0.032664167,3,1.086025631427765,0.06558023208890247,1.118689798427765,1.0671197175979614,1.1553083658218384,1.0707898139953613,0.9936354756355286,1.1432747840881348
K219F,219,0.827627351,3,1.040121865272522,0.06490824269217672,0.21249451427252197,0.9246888160705566,1.0586211681365967,1.0671894550323486,1.0775057077407837,1.0726041793823242
K219A,219,0.924262734,3,1.0584848403930665,0.096000888611139,0.13422210639306642,0.9143699407577515,1.1313374042510986,1.1434999704360962,1.009979486465454,1.0932374000549316
K219G,219,0.916645233,3,0.8945005059242248,0.05136896459353788,0.022144727075775195,0.8297960758209229,0.9152019023895264,0.890673041343689,0.8695212602615356,0.9673102498054504
K219Y,219,0.842624315,3,1.1230411291122437,0.07588512625155494,0.28041681411224373,1.029264211654663,1.2065024375915527,1.0737119913101196,1.113734245300293,1.1919927597045898
V220T,220,1.413313257,1,0.9979845523834229,0.1052662948312397,0.4153287046165771,1.0483134984970093,0.9099860191345215,0.8685743808746338,1.0406440496444702,1.1224048137664795
V220A,220,0.700150748,1,0.7222872495651245,0.05588987211568305,0.022136501565124478,0.8015883564949036,0.7167426943778992,0.669451117515564,0.7516065239906311,0.6720475554466248
V220C,220,0.531459992,1,1.0365100622177124,0.055268568124044765,0.5050500702177123,1.0512902736663818,1.036765694618225,0.9435267448425293,1.0629112720489502,1.0880563259124756
V220E,220,1.074007605,1,0.6767159938812256,0.05684293145691751,0.3972916111187744,0.63853919506073,0.6117814779281616,0.7582690119743347,0.7010458111763,0.6739444732666016
V220F,220,0.605603834,1,0.8555990099906922,0.03260472809997997,0.2499951759906922,0.8299565315246582,0.8998844623565674,0.8538722991943359,0.819869339466095,0.8744124174118042
V220G,220,0.894527847,1,0.6963688492774963,0.04111711684875574,0.19815899772250367,0.6447399258613586,0.6991894841194153,0.7182184457778931,0.7501481771469116,0.6695482134819031
V220K,220,1.10141468,1,0.7819698452949524,0.09072811896240847,0.3194448347050476,0.6749492287635803,0.7007821202278137,0.8808955550193787,0.8501644730567932,0.803057849407196
V220L,220,0.6800306779999999,1,0.780792236328125,0.04509439648387105,0.10076155832812506,0.7254525423049927,0.8023074865341187,0.7493546009063721,0.8407247066497803,0.7861218452453613
V220M,220,1.191630838,1,0.6653012037277222,0.05545253500123547,0.5263296342722779,0.6737791895866394,0.5743972659111023,0.6597962379455566,0.7151106595993042,0.7034226655960083
V220P,220,0.570922256,1,0.22856809496879577,0.07271180176731082,0.34235416103120425,0.34405115246772766,0.17993676662445068,0.15495538711547852,0.23352903127670288,0.23036813735961914
V220Q,220,1.186664823,1,0.7369965553283692,0.048746522246393774,0.44966826767163093,0.6742856502532959,0.702923595905304,0.7981166839599609,0.7503759860992432,0.7592808604240417
V220R,220,0.714652988,1,0.8149142146110535,0.03804016607461223,0.10026122661105352,0.7742770910263062,0.7855956554412842,0.8493014574050903,0.8597375154495239,0.8056593537330627
V220S,220,0.678647474,1,0.8203086853027344,0.058745491636080095,0.14166121130273435,0.8452812433242798,0.7591755390167236,0.7602720856666565,0.8437912464141846,0.8930233120918274
V220W,220,1.184156258,1,0.6478540778160096,0.04695489528912433,0.5363021801839905,0.6593427062034607,0.7014776468276978,0.671760618686676,0.578067421913147,0.6286219954490662
D221V,221,1.193050827,4,0.7011579275131226,0.0769514937756942,0.4918928994868774,0.6685562133789062,0.6654818058013916,0.6090362071990967,0.7815189361572266,0.7811964750289917
D221W,221,1.116859745,4,0.6209105372428894,0.08126416177228842,0.4959492077571106,0.6030944585800171,0.5661177635192871,0.527517557144165,0.6866597533226013,0.7211631536483765
D221T,221,0.71853426,4,0.7067756891250611,0.10320099248500275,0.011758570874938923,0.6934125423431396,0.7206146717071533,0.548614501953125,0.8345284461975098,0.7367082834243774
D221R,221,0.839100596,4,0.6432335853576661,0.0597697152619301,0.19586701064233392,0.6431429386138916,0.5539989471435547,0.6256765127182007,0.6842917799949646,0.7090577483177185
D221Q,221,0.780514477,4,0.6000582158565522,0.13050590066145912,0.18045626114344782,0.6056955456733704,0.5582142472267151,0.4029447138309479,0.7050652503967285,0.7283713221549988
D221P,221,0.936691368,4,0.5774991393089295,0.1049131157882555,0.3591922286910705,0.6751826405525208,0.5546007752418518,0.40646499395370483,0.6317893266677856,0.6194579601287842
D221N,221,0.732245475,4,0.9034362316131592,0.043604480969685014,0.1711907566131592,0.8585817813873291,0.8800391554832458,0.9057674407958984,0.9742637872695923,0.8985289931297302
D221M,221,0.585716261,4,0.6404477834701539,0.07306266238049747,0.05473152247015389,0.6505303382873535,0.5902496576309204,0.5604811310768127,0.6498600244522095,0.7511177659034729
D221L,221,0.889797756,4,0.6100095093250275,0.10239875467204725,0.2797882466749725,0.6111215353012085,0.5319287776947021,0.48575207591056824,0.7017261385917664,0.7195190191268921
D221K,221,0.8094912809999999,4,0.5811323642730712,0.07022646432630605,0.22835891672692865,0.5481970906257629,0.5427544116973877,0.5053924918174744,0.6370437145233154,0.672274112701416
D221I,221,0.258733777,4,0.6930298328399658,0.08570448551318377,0.4342960558399658,0.676147997379303,0.652867317199707,0.5795282125473022,0.7729442119598389,0.783661425113678
D221G,221,0.871406152,4,0.656945264339447,0.08651198601684451,0.21446088766055305,0.6645607948303223,0.5611886978149414,0.5807826519012451,0.7656620144844055,0.7125321626663208
D221F,221,0.358263523,4,0.573196017742157,0.10205263678131984,0.21493249474215703,0.5084247589111328,0.5396893620491028,0.4713825583457947,0.618667483329773,0.7278159260749817
D221E,221,1.024846519,4,0.849545931816101,0.0915335596041672,0.17530058718389896,0.7334421277046204,0.8606964945793152,0.7826201915740967,0.9173347353935242,0.953636109828949
D221C,221,1.2925615540000002,4,0.8271793484687805,0.03322240788496734,0.4653822055312197,0.7900741100311279,0.8170596361160278,0.8103039264678955,0.8419596552848816,0.8764994144439697
D221A,221,0.872880159,4,0.7215164303779602,0.11359599145706104,0.15136372862203984,0.7270136475563049,0.6082763075828552,0.6122090816497803,0.8704095482826233,0.7896735668182373
D221S,221,0.8837954579999999,4,0.7765183210372925,0.037036107406332223,0.10727713696270746,0.7886228561401367,0.7479614019393921,0.7276792526245117,0.8071722984313965,0.8111557960510254
D221Y,221,0.658289683,4,0.6218616247177124,0.08086134631195688,0.03642805828228757,0.5401927828788757,0.5774372220039368,0.5747877359390259,0.7207236886024475,0.6961666941642761
A222R,222,0.917493428,3,0.7893111944198609,0.03155051309368974,0.12818223358013914,0.7675806879997253,0.8080101609230042,0.8002745509147644,0.7465624213218689,0.8241281509399414
A222S,222,0.992278895,3,0.7689747095108033,0.062131751854591744,0.22330418548919673,0.7515267133712769,0.8357006311416626,0.8045138716697693,0.7805320620536804,0.672600269317627
A222D,222,0.624968691,3,0.8642366051673889,0.06871426464966761,0.2392679141673889,0.7790142893791199,0.946685254573822,0.9108861088752747,0.8132534027099609,0.8713439702987671
A222T,222,1.115413761,3,0.6864442110061646,0.08966594186886365,0.4289695499938353,0.6303501129150391,0.7851699590682983,0.7711412906646729,0.6674268245697021,0.5781328678131104
A222V,222,1.250424791,3,0.8265475869178772,0.010107095358393428,0.4238772040821227,0.8383148908615112,0.834796667098999,0.824150562286377,0.822272777557373,0.8132030367851257
A222W,222,0.522352953,3,0.8816306352615356,0.05983988356831584,0.35927768226153567,0.8915741443634033,0.8718546032905579,0.8174275755882263,0.8505750894546509,0.9767217636108398
A222Y,222,1.562990637,3,0.845777404308319,0.03329863738378859,0.7172132326916809,0.8387729525566101,0.8348599076271057,0.8036801815032959,0.857164204120636,0.8944097757339478
A222P,222,0.943368846,3,0.8557051062583924,0.051438308875832665,0.08766373974160768,0.7974722385406494,0.863971471786499,0.9080396890640259,0.8077103495597839,0.9013317823410034
A222M,222,1.117601339,3,0.8589677572250366,0.04005375689184461,0.2586335817749633,0.9060333371162415,0.8848469257354736,0.851655900478363,0.800412118434906,0.851890504360199
A222L,222,0.984347269,3,0.8816453456878662,0.05013269207410153,0.10270192331213379,0.8764774203300476,0.8741629123687744,0.9126282334327698,0.8059867024421692,0.9389714598655701
A222K,222,0.956275577,3,0.8179190039634705,0.04431468729962058,0.13835657303652948,0.8471099138259888,0.8237151503562927,0.8695261478424072,0.7579352855682373,0.7913085222244263
A222I,222,0.650018952,3,0.7813966870307922,0.05422811252883671,0.1313777350307922,0.8377158045768738,0.7846850752830505,0.7944824695587158,0.6913532018661499,0.7987468838691711
A222H,222,1.40634089,3,0.7293097496032714,0.050891658939412075,0.6770311403967286,0.7218007445335388,0.7727293968200684,0.7258728742599487,0.6503069996833801,0.7758387327194214
A222G,222,0.981485459,3,0.7568684577941894,0.014157409222771117,0.22461700120581052,0.7804935574531555,0.7517336010932922,0.756473183631897,0.7529855966567993,0.7426563501358032
A222F,222,0.361946602,3,0.8509526491165161,0.02523689758875218,0.48900604711651613,0.8353224992752075,0.8723872303962708,0.8289985060691833,0.8342134952545166,0.8838415145874023
A222E,222,0.746374797,3,0.866223156452179,0.06969241513055216,0.11984835945217898,0.8266823291778564,0.8341546058654785,0.8329719305038452,0.8471246361732483,0.9901822805404663
A222C,222,1.193857017,3,0.7746811866760254,0.03450726489956321,0.41917583032397465,0.8272984623908997,0.7766664624214172,0.7579149007797241,0.7780519127845764,0.7334741950035095
A222Q,222,1.028782332,3,0.8796939015388489,0.10216741218497913,0.14908843046115117,0.8027957677841187,0.9279126524925232,0.8560261726379395,0.7802010774612427,1.0315338373184204
F223L,223,1.20478472,2,0.9833452343940735,0.05510930810315757,0.2214394856059264,0.930357038974762,0.9916468262672424,0.9416754245758057,0.9828978180885315,1.0701490640640259
F223W,223,0.915426774,2,0.897605037689209,0.06830489577349455,0.017821736310791092,0.8761261701583862,0.7955101132392883,0.9811062812805176,0.9166026711463928,0.91867995262146
F223V,223,0.948737963,2,0.7781896352767944,0.05167414756855085,0.1705483277232056,0.7963765859603882,0.7276958227157593,0.8171170949935913,0.7189185619354248,0.8308401107788086
F223T,223,1.4469938,2,0.9618265986442566,0.14551542283831656,0.4851672013557434,1.0150552988052368,0.9530325531959534,1.088688850402832,0.7164549827575684,1.0359013080596924
F223S,223,1.159740008,2,0.808879840373993,0.03843498077307528,0.350860167626007,0.7860105037689209,0.8291383981704712,0.8662934303283691,0.7909013032913208,0.7720555663108826
F223R,223,0.723711282,2,0.7093750238418579,0.06042036986036801,0.014336258158142101,0.7498353123664856,0.6075600981712341,0.7462033033370972,0.6999347805976868,0.7433416247367859
F223Q,223,0.247951869,2,0.8181452870368957,0.0904390797817627,0.5701934180368957,0.809054434299469,0.88910973072052,0.8878315687179565,0.6684364080429077,0.8362942934036255
F223P,223,0.573737736,2,0.6165891170501709,0.12634674524862177,0.042851381050170945,0.5570710301399231,0.4839822053909302,0.7485755681991577,0.5382649898529053,0.7550517916679382
F223N,223,1.041323971,2,0.8701948642730712,0.0848817932428879,0.17112910672692871,0.855897843837738,0.779262125492096,1.0059995651245117,0.881704568862915,0.8281102180480957
F223M,223,0.855840455,2,0.7907589554786683,0.11940742362884081,0.0650814995213318,0.7678694128990173,0.8657646179199219,0.7484575510025024,0.6292546987533569,0.9424484968185425
F223K,223,0.416413144,2,0.6557668387889862,0.17823882695246404,0.23935369478898622,0.6403209567070007,0.5191413164138794,0.854433000087738,0.4485979974269867,0.8163409233093262
F223Y,223,0.8566155670000001,2,0.9051191926002502,0.07854488495921055,0.04850362560025012,0.87861567735672,0.922580897808075,1.0332939624786377,0.8540599346160889,0.8370454907417297
F223G,223,0.8849496990000001,2,0.748027241230011,0.05208116949802367,0.13692245776998913,0.7766194939613342,0.6574839949607849,0.7765839695930481,0.7495401501655579,0.7799085974693298
F223E,223,0.422243925,2,0.7621533513069153,0.055714051429227036,0.3399094263069153,0.706041693687439,0.759484052658081,0.8304674625396729,0.7096986174583435,0.80507493019104
F223D,223,1.146207778,2,0.8652014136314392,0.12546861912118293,0.28100636436856075,0.7588441967964172,0.8602529168128967,1.080237865447998,0.8108416795730591,0.815830409526825
F223C,223,0.9011023,2,0.7650082468986511,0.07285938546114339,0.13609405310134892,0.8497446179389954,0.6508500576019287,0.760538637638092,0.7673367857933044,0.7965711355209351
F223A,223,1.09114662,2,0.76393620967865,0.09824615706481224,0.32721041032135,0.7097657322883606,0.7357817888259888,0.9015561938285828,0.6513943672180176,0.8211829662322998
F223I,223,1.472391117,2,0.9598251223564148,0.09319529616886917,0.5125659946435851,0.9627315402030945,1.0032538175582886,0.9523838758468628,0.8138175010681152,1.066938877105713
E224R,224,0.7255259709999999,1,0.9214903712272644,0.06097435518279422,0.19596440022726447,0.8827160596847534,0.9836654663085938,0.905968964099884,0.8496156334877014,0.9854857325553894
E224C,224,1.229959127,1,1.127243959903717,0.09697772306707808,0.10271516709628314,0.9701827168464661,1.2195048332214355,1.1352769136428833,1.1184617280960083,1.192793607711792
E224D,224,0.7696567940000001,1,1.204707884788513,0.07949303625422705,0.435051090788513,1.0873610973358154,1.2531611919403076,1.1887938976287842,1.2986342906951904,1.1955889463424683
E224G,224,0.924520673,1,0.9441676259040832,0.07236531577815286,0.019646952904083248,0.8842785358428955,1.0652447938919067,0.9444704651832581,0.933545708656311,0.8932986259460449
E224H,224,0.730757662,1,1.0772482872009277,0.08029483753244958,0.34649062520092766,0.9529942274093628,1.0956419706344604,1.083787202835083,1.0767267942428589,1.1770912408828735
E224A,224,1.3549293619999998,1,1.0029916286468505,0.07551285229737642,0.35193773335314926,0.9466829299926758,1.1334209442138672,1.0002027750015259,0.9734249114990234,0.9612265825271606
E224S,224,0.925251505,1,1.0165742993354798,0.0666555010483226,0.09132279433547985,0.9056594967842102,1.0638437271118164,1.0335109233856201,1.009452223777771,1.070405125617981
E224I,224,0.930466634,1,1.0339316129684448,0.08044815093108951,0.10346497896844487,0.9783661365509033,1.1600425243377686,0.9516787528991699,1.045356273651123,1.0342143774032593
E224Y,224,0.73613351,1,0.8350175619125366,0.08534505980707643,0.09888405191253657,0.8643524646759033,0.9047852754592896,0.757745087146759,0.7313724160194397,0.9168325662612915
E224W,224,0.798859415,1,0.7376952052116394,0.054369333542400686,0.06116420978836057,0.7564857006072998,0.8221936225891113,0.6829387545585632,0.7222341895103455,0.7046237587928772
E224V,224,0.980326127,1,0.9652854800224304,0.03746773830757756,0.015040646977569572,0.9482757449150085,1.019795298576355,0.980053186416626,0.9195221662521362,0.9587810039520264
E224T,224,0.979631795,1,1.0684363126754761,0.06951070472835863,0.08880451767547615,1.0150272846221924,0.9820148944854736,1.1060532331466675,1.0851415395736694,1.1539446115493774
E224K,224,0.963517427,1,0.9109270215034485,0.05876188690396424,0.05259040549655147,0.8987473249435425,0.9466753005981445,0.8596724271774292,0.8563037514686584,0.9932363033294678
E224M,224,0.855970648,1,0.7579154968261719,0.03984191728561833,0.09805515117382813,0.722374439239502,0.7519091963768005,0.7356104254722595,0.7543861865997314,0.8252972364425659
E224N,224,1.124966496,1,1.075852870941162,0.10777445226216764,0.049113625058837984,0.9024007320404053,1.1486082077026367,1.1004366874694824,1.1754779815673828,1.0523407459259033
E224P,224,0.46376517,1,1.0115447878837585,0.0899733557425679,0.5477796178837584,0.9117441177368164,1.1404093503952026,1.0175132751464844,1.0448484420776367,0.9432087540626526
E224Q,224,0.467238875,1,1.0141387462615967,0.03944483262294081,0.5468998712615967,1.0003125667572021,1.031880497932434,0.9796971082687378,0.9843157529830933,1.0744878053665161
E224L,224,0.50878937,1,0.8758638381958008,0.07232844586873023,0.3670744681958008,0.8525276184082031,1.0018765926361084,0.8559960722923279,0.8160414099693298,0.8528774976730347
E225W,225,0.789418712,0,0.7359546661376953,0.031206910285225754,0.05346404586230469,0.7219092845916748,0.7800853848457336,0.7463010549545288,0.6954129338264465,0.7360646724700928
E225F,225,1.181253205,0,0.7091935753822327,0.05326941450989184,0.47205962961776726,0.6533832550048828,0.7573933601379395,0.7659375667572021,0.7118810415267944,0.6573726534843445
E225V,225,1.0638727609999998,0,0.8710142374038696,0.035428119794156006,0.1928585235961302,0.8104557394981384,0.8950400948524475,0.8892911672592163,0.8684085607528687,0.8918756246566772
E225G,225,0.882665657,0,0.828215229511261,0.06684138277704034,0.05445042748873896,0.8139646053314209,0.9457526803016663,0.7949289083480835,0.8053585886955261,0.7810713648796082
E225K,225,0.943543171,0,0.724288821220398,0.0424759375613115,0.219254349779602,0.7468570470809937,0.7628682255744934,0.7220026254653931,0.6531354188919067,0.7365807890892029
E225L,225,1.6014758409999998,0,0.8378037214279175,0.049256161544287004,0.7636721195720824,0.8191066384315491,0.9108235836029053,0.8530167937278748,0.7768237590789795,0.8292478322982788
E225M,225,0.55492302,0,0.7094355940818786,0.04862776512103328,0.15451257408187857,0.6902013421058655,0.7696383595466614,0.7382444143295288,0.6413812637329102,0.7077125906944275
E225P,225,0.942074469,0,1.0119925260543823,0.06979086789018701,0.06991805705438225,1.1032917499542236,0.9399704337120056,0.969034731388092,1.0676196813583374,0.9800460338592529
E225Q,225,1.306484045,0,0.8207163691520691,0.07386959445034294,0.4857676758479308,0.8401798009872437,0.8133959174156189,0.8549073934555054,0.6996923089027405,0.8954064249992371
E225A,225,0.967559115,0,0.9867614507675171,0.05194233079291562,0.019202335767517065,0.9695620536804199,1.074303150177002,0.9799230694770813,0.974624752998352,0.9353942275047302
E225T,225,0.951532374,0,0.8642702460289001,0.06256529840542509,0.08726212797109989,0.9120339751243591,0.91725093126297,0.8106658458709717,0.7833207249641418,0.8980797529220581
E225S,225,0.986600235,0,0.8538060903549194,0.0313694327151558,0.13279414464508066,0.9007176160812378,0.8696532249450684,0.8435676693916321,0.8279517292976379,0.827140212059021
E225R,225,0.965860567,0,0.7632253766059875,0.022826579411107654,0.20263519039401245,0.7544944882392883,0.7516981959342957,0.7778465747833252,0.7373607158660889,0.7947269082069397
R226M,226,1.018409837,0,0.9671653389930726,0.08678829356068334,0.05124449800692754,1.0456807613372803,0.9353886246681213,0.9031156301498413,0.8791197538375854,1.0725219249725342
R226N,226,0.974571031,0,0.7895948410034179,0.10160985482220236,0.18497618999658205,0.7305282950401306,0.8457397818565369,0.6740535497665405,0.7642963528633118,0.9333562254905701
R226V,226,0.681873993,0,0.9837791800498963,0.09392109703572118,0.30190518704989633,1.0449061393737793,0.9235458970069885,0.8611403107643127,0.9923598170280457,1.096943736076355
R226L,226,1.119186726,0,0.8251007199287415,0.09496988909219913,0.29408600607125845,0.8819183111190796,0.8442932963371277,0.658478856086731,0.8879057168960571,0.8529074192047119
R226Q,226,1.338431174,0,1.0231198787689209,0.0879923708667456,0.31531129523107904,1.1129456758499146,1.0104223489761353,0.9043068289756775,0.9816911816596985,1.1062333583831787
R226S,226,0.981641227,0,0.9166268706321716,0.045835090972012264,0.06501435636782837,0.9885010123252869,0.9059069156646729,0.8609222769737244,0.91544508934021,0.9123590588569641
R226P,226,0.809794335,0,1.1585246801376343,0.09190695843579968,0.34873034513763435,1.209249496459961,1.2480329275131226,1.1338403224945068,1.011537790298462,1.1899628639221191
R226K,226,1.052177289,0,1.1088518619537353,0.08760100112222782,0.056674572953735236,1.0540010929107666,1.231266975402832,1.0182859897613525,1.0743365287780762,1.1663687229156494
R226C,226,1.365818639,0,0.8649059414863587,0.08730258612400996,0.5009126975136413,0.8619979619979858,0.9257327318191528,0.7764439582824707,0.784035325050354,0.9763197302818298
R226G,226,0.933611144,0,0.8840770959854126,0.053807704647332574,0.049534048014587384,0.9644790291786194,0.9150562286376953,0.8507435321807861,0.8452350497245789,0.8448716402053833
R226F,226,0.977060379,0,0.7898013234138489,0.11242410636291554,0.18725905558615108,0.7789974212646484,0.8295791149139404,0.6079175472259521,0.8210605978965759,0.9114519357681274
R226E,226,1.326216136,0,1.0612807273864746,0.09862486788101034,0.2649354086135254,1.1208994388580322,1.1062980890274048,0.951753556728363,0.9604830145835876,1.1669695377349854
R226D,226,1.786593161,0,0.9671366095542908,0.06971558972938234,0.8194565514457093,1.0592033863067627,0.9772260785102844,0.966810941696167,0.8629384636878967,0.969504177570343
R226A,226,1.114084287,0,1.000248622894287,0.06235920493487201,0.113835664105713,0.9919420480728149,1.0732219219207764,0.9146673679351807,0.9745277166366577,1.0468840599060059
R226W,226,1.01908501,0,0.9329288363456726,0.07388539248313905,0.08615617365432737,1.005789041519165,0.9780220985412598,0.8142790794372559,0.9188515543937683,0.9477024078369141
R226Y,226,1.034530225,0,0.855748987197876,0.14041417862171107,0.17878123780212396,0.8749205470085144,0.9860392212867737,0.6170774698257446,0.8833510279655457,0.9173566699028015
R226H,226,0.247181105,0,0.9865498304367065,0.15892825540415037,0.7393687254367065,1.0646235942840576,1.0691802501678467,0.7058581113815308,1.0139620304107666,1.079125165939331
R226T,226,0.702349206,0,0.9603967428207397,0.12240366249212511,0.2580475368207398,1.0104161500930786,0.9144585728645325,0.8034778833389282,0.9393087029457092,1.1343224048614502
H227G,227,0.774345925,0,0.8032804131507874,0.05455392818641874,0.028934488150787363,0.7417545914649963,0.8573602437973022,0.7583521604537964,0.7994309663772583,0.8595041036605835
H227W,227,0.7040225720000001,0,1.023822832107544,0.05133985138961778,0.3198002601075439,1.1114412546157837,0.9883435964584351,1.0276390314102173,0.992151141166687,0.9995391368865967
H227C,227,0.500167358,0,0.7548869013786316,0.034422571016390874,0.25471954337863156,0.7778633236885071,0.7288199067115784,0.7178834676742554,0.8010033369064331,0.748864471912384
H227D,227,0.57021688,0,0.874565589427948,0.05137807907397931,0.304348709427948,0.8211706280708313,0.933395266532898,0.8200591206550598,0.9050973653793335,0.8931055665016174
H227E,227,0.886528758,0,0.8126692533493042,0.06531624362280211,0.0738595046506958,0.7507262229919434,0.8318724036216736,0.7367867827415466,0.8662635087966919,0.8776973485946655
H227F,227,0.651604734,0,1.0539493441581727,0.1014416278598759,0.4023446101581727,1.0053317546844482,1.211562156677246,1.0284696817398071,0.9421219229698181,1.0822612047195435
H227I,227,0.926172489,0,0.9425089478492736,0.05005534607000043,0.016336458849273594,0.9373570084571838,1.026113748550415,0.9272773861885071,0.9305881261825562,0.8912084698677063
H227K,227,1.087396476,0,0.7699090003967285,0.01637493366514104,0.3174874756032714,0.7479235529899597,0.7651454210281372,0.7693012356758118,0.7737910747528076,0.7933837175369263
H227L,227,0.970940902,0,0.8100691437721252,0.07184650818037668,0.1608717582278748,0.8211016058921814,0.8628039360046387,0.8225396871566772,0.8576339483261108,0.6862665414810181
H227A,227,0.8655677420000001,0,0.8704934477806091,0.08597481582859845,0.004925705780609024,0.7935017943382263,0.909719705581665,0.7888254523277283,0.8657957315444946,0.9946245551109314
H227N,227,0.762898532,0,0.9149182677268982,0.054906001703477834,0.1520197357268982,0.8226779103279114,0.9615801572799683,0.9091891050338745,0.9371079206466675,0.9440362453460693
H227M,227,1.021598826,0,0.8246759891510009,0.057071014098550255,0.19692283684899903,0.8944697380065918,0.7429617643356323,0.8113383650779724,0.8151336312294006,0.8594764471054077
H227V,227,1.060676933,0,0.907636821269989,0.05187918757437548,0.15304011173001109,0.8478577136993408,0.9647238254547119,0.9595236778259277,0.886978030204773,0.8791008591651917
H227T,227,1.275531491,0,0.8591932535171509,0.07233701041033178,0.41633823748284904,0.8066467642784119,0.941260039806366,0.8455190062522888,0.7766982913017273,0.9258421659469604
H227Y,227,1.0688146,0,0.9738602757453918,0.06452431550759061,0.09495432425460826,0.9347974061965942,0.972943902015686,0.9256464242935181,0.9511989951133728,1.084714651107788
H227R,227,0.895071108,0,0.7679830431938172,0.02561437676483118,0.12708806480618284,0.7438722252845764,0.7551727890968323,0.8016819953918457,0.7888053059577942,0.7503829002380371
H227Q,227,0.738107757,0,0.7798505902290345,0.040473229203383455,0.04174283322903449,0.760820746421814,0.7919302582740784,0.7239277362823486,0.8329712152481079,0.7896029949188232
H227P,227,0.7926313970000001,0,0.7043675780296326,0.08929048678346306,0.0882638189703675,0.6909735202789307,0.7888580560684204,0.7147350907325745,0.7664642333984375,0.5608069896697998
H227S,227,0.725494757,0,0.8048048138618469,0.08189860081339674,0.07931005686184689,0.7150608897209167,0.8439309597015381,0.7280916571617126,0.8281391263008118,0.9088014364242554
K228E,228,0.999855147,4,0.8155723810195923,0.0755090914712241,0.18428276598040771,0.8003352880477905,0.9268252849578857,0.8069172501564026,0.7157393097877502,0.8280447721481323
K228G,228,0.866653711,4,0.7384179830551147,0.037063116543740844,0.12823572794488525,0.766117513179779,0.744809627532959,0.7251577973365784,0.6816679239273071,0.7743370532989502
K228H,228,1.40159421,4,0.8611901760101318,0.06315331279018517,0.5404040339898682,0.7939407825469971,0.9503515958786011,0.8965669870376587,0.8153905868530273,0.849700927734375
K228I,228,0.779450194,4,0.9604693412780761,0.02581946407481463,0.1810191472780761,0.9271495342254639,0.9909446239471436,0.9817821979522705,0.9524286985397339,0.950041651725769
K228L,228,1.082653783,4,0.9670433759689331,0.04017682261921117,0.11561040703106695,0.985343337059021,1.0034137964248657,0.9282262325286865,0.9989073276519775,0.9193261861801147
K228M,228,0.157692852,4,1.0259982466697692,0.05246397540487553,0.8683053946697692,0.9891419410705566,1.093519687652588,1.0704370737075806,1.0006370544433594,0.976255476474762
K228N,228,0.598604155,4,0.7859672784805298,0.03942951359575054,0.18736312348052986,0.8318918347358704,0.8227015733718872,0.7748817801475525,0.7563455104827881,0.7440156936645508
K228Q,228,1.323262662,4,1.030018162727356,0.0558248454363109,0.2932444992726442,0.9939390420913696,1.0771148204803467,0.9738013744354248,1.101423740386963,1.0038118362426758
K228R,228,1.120707824,4,0.9277428388595581,0.043993306896847814,0.1929649851404418,0.9790124893188477,0.9223031997680664,0.8625513911247253,0.9194496870040894,0.9553974270820618
K228T,228,0.458241319,4,0.9790715217590332,0.05548425862206406,0.5208302027590332,0.9483928084373474,1.0722644329071045,0.9764677286148071,0.9701698422431946,0.9280627965927124
K228V,228,1.17014836,4,0.9455318331718445,0.030826376865728915,0.22461652682815547,0.9151098728179932,0.9805992841720581,0.9165481328964233,0.9736635684967041,0.9417383074760437
K228W,228,0.928081853,4,0.7432798027992249,0.020387845978789593,0.18480205020077511,0.7216319441795349,0.725196897983551,0.7464967966079712,0.7517883777618408,0.7712849974632263
K228Y,228,0.897957727,4,0.8487812042236328,0.03751814338746447,0.04917652277636719,0.8779176473617554,0.8960340619087219,0.8147024512290955,0.8119379281997681,0.8433139324188232
K228D,228,1.414511333,4,0.6169695138931275,0.08719237447692807,0.7975418191068726,0.6681532263755798,0.6041849255561829,0.522108793258667,0.5529118776321411,0.7374887466430664
K228P,228,0.90035601,4,0.7036442160606384,0.04451591401186352,0.19671179393936156,0.6299350261688232,0.7331216335296631,0.69405597448349,0.724055290222168,0.7370531558990479
K228S,228,0.991682154,4,0.9311736822128296,0.0394209879692494,0.06050847178717045,0.9103822112083435,0.9826313257217407,0.9633623361587524,0.9076332449913025,0.8918592929840088
K228C,228,0.955978554,4,0.967887008190155,0.0445740041700959,0.011908454190155071,0.9745960235595703,1.0153506994247437,1.0055694580078125,0.9242942333221436,0.9196246266365051
K228A,228,0.8813457109999999,4,0.976799750328064,0.025436230191065674,0.09545403932806407,0.9941198825836182,1.0003716945648193,0.9453899264335632,0.9533389806747437,0.9907782673835754
S229W,229,0.966654312,0,0.7749008774757385,0.05060004927683106,0.1917534345242614,0.8013274669647217,0.8098715543746948,0.8228333592414856,0.725038468837738,0.7154335379600525
S229E,229,0.8485670679999999,0,0.9334752321243286,0.04775341962866841,0.08490816412432867,0.9028871059417725,0.9858256578445435,0.8847929835319519,0.9837662577629089,0.9101041555404663
S229D,229,1.216123345,0,0.9959340691566467,0.03589468944250337,0.22018927584335324,1.0364841222763062,0.9941089749336243,0.9643744230270386,1.0275962352752686,0.9571065902709961
S229C,229,-0.2283434369999999,0,0.788255250453949,0.048660710054138814,1.0165986874539488,0.8175116181373596,0.7553120255470276,0.757845401763916,0.7504209280014038,0.8601862788200378
S229A,229,1.3753951759999998,0,0.9984554052352905,0.07251067689738133,0.3769397707647093,0.8963353633880615,1.0862367153167725,0.9840229153633118,1.046567440032959,0.9791145920753479
S229Y,229,1.204895702,0,0.9662085056304932,0.08089592051877094,0.23868719636950675,1.0210719108581543,0.8988187313079834,1.0122077465057373,0.8601717948913574,1.0387723445892334
S229G,229,1.087370037,0,0.8212895512580871,0.03207662603265257,0.2660804857419128,0.805153489112854,0.8721528649330139,0.8300225734710693,0.7884345054626465,0.810684323310852
S229F,229,1.10789652,0,0.9355130314826965,0.045819921049110056,0.17238348851730345,0.9920125007629395,0.9750940799713135,0.8899863958358765,0.8982259035110474,0.9222462773323059
S229I,229,0.248651438,0,1.275542640686035,0.08032869415348003,1.026891202686035,1.1661840677261353,1.3643642663955688,1.338081955909729,1.230365514755249,1.2787173986434937
S229L,229,1.354351447,0,1.0494439125061035,0.10053317321240257,0.3049075344938965,1.0019285678863525,1.2042607069015503,1.0960484743118286,0.9628417491912842,0.982140064239502
S229M,229,0.971687181,0,1.0965844750404359,0.07477856574532772,0.12489729404043592,1.0995726585388184,1.1236557960510254,1.1972451210021973,0.9928244948387146,1.0696243047714233
S229Q,229,1.4592402919999998,0,1.1824747800827027,0.05086498046285224,0.27676551191729715,1.1634999513626099,1.2232753038406372,1.1138955354690552,1.170297384262085,1.241405725479126
S229R,229,1.176191521,0,0.8881130814552307,0.028181199732827136,0.2880784395447693,0.8411293029785156,0.8915046453475952,0.8972291350364685,0.8935118913650513,0.917190432548523
S229T,229,0.392233365,0,1.0780442237854004,0.037657973201545146,0.6858108587854004,1.0421373844146729,1.0558955669403076,1.0941267013549805,1.0619287490844727,1.1361327171325684
S229V,229,0.7972064459999999,0,1.157135272026062,0.08909019143522226,0.359928826026062,1.0109951496124268,1.2406163215637207,1.2117507457733154,1.1754229068756104,1.1468912363052368
S229H,229,1.015608483,0,0.9786251425743103,0.04427132798820763,0.03698334042568974,0.9003543257713318,0.9890283346176147,1.0060539245605469,0.994645357131958,1.0030437707901
W230Q,230,0.4706107229999999,4,0.8050780296325684,0.07858673564042644,0.33446730663256846,0.6798731684684753,0.8722171187400818,0.7781902551651001,0.8572522401809692,0.8378573656082153
W230T,230,1.011906415,4,0.7776245594024658,0.04550053696709323,0.23428185559753412,0.8167906999588013,0.7880712151527405,0.7136990427970886,0.8197750449180603,0.7497867941856384
W230S,230,0.90283607,4,0.7569481015205384,0.03579861163116075,0.14588796847946162,0.7545531988143921,0.7800207734107971,0.6956201791763306,0.7778843641281128,0.7766619920730591
W230R,230,0.703437768,4,0.7773861527442932,0.05446200710329519,0.07394838474429322,0.6873070001602173,0.7907248139381409,0.7718064785003662,0.8272877931594849,0.8098046779632568
W230P,230,0.60379527,4,0.6291824340820312,0.07304044382275186,0.025387164082031233,0.532723069190979,0.6857388019561768,0.585442066192627,0.7123880982398987,0.6296201348304749
W230G,230,0.7879405820000001,4,0.7767829775810242,0.03309435019217946,0.011157604418975842,0.7469519376754761,0.7748889327049255,0.750012993812561,0.829052209854126,0.7830088138580322
W230L,230,0.760234306,4,0.7606024861335754,0.05614727477040464,0.00036818013357542423,0.7143741846084595,0.7358428835868835,0.7479353547096252,0.8581095933914185,0.7467504143714905
W230K,230,0.779538684,4,0.7687149167060852,0.027009024506924405,0.010823767293914877,0.7627319693565369,0.7637577056884766,0.7364391088485718,0.769322395324707,0.8113234043121338
W230I,230,1.158625284,4,0.675387156009674,0.050613016074834365,0.48323812799032595,0.5905871391296387,0.6877312660217285,0.709597110748291,0.7168886065483093,0.6721316576004028
W230H,230,0.575725677,4,0.767728853225708,0.0603719644239743,0.19200317622570806,0.7092983722686768,0.7572234869003296,0.745785653591156,0.869929313659668,0.7564074397087097
W230E,230,0.74873766,4,0.6555747032165528,0.03475470103480967,0.09316295678344721,0.6056950688362122,0.6367623805999756,0.6947464346885681,0.6734596490859985,0.6672099828720093
W230D,230,0.787904367,4,0.7943673610687256,0.051702184249897726,0.006462994068725636,0.8553899526596069,0.8094879984855652,0.7652935981750488,0.8197561502456665,0.7219091057777405
W230A,230,1.145059619,4,0.7882638931274414,0.015507311065445388,0.3567957258725586,0.7951714396476746,0.7913647890090942,0.7652259469032288,0.8067983388900757,0.7827589511871338
W230Y,230,0.6919125759999999,4,0.647330641746521,0.04543193813525218,0.044581934253478894,0.5840566158294678,0.6333882212638855,0.7083596587181091,0.6453572511672974,0.6654914617538452
W230M,230,0.813567413,4,0.7823009610176086,0.04978446629364521,0.03126645198239142,0.7556954622268677,0.8285716772079468,0.802346408367157,0.8166436553001404,0.7082476019859314
W230V,230,0.64989959,4,0.7901862382888794,0.03430071457787031,0.14028664828887938,0.7598937749862671,0.8104845285415649,0.7620525360107422,0.8397307395935059,0.7787696123123169
G231E,231,1.006504649,2,0.6138488292694092,0.04567764731893404,0.3926558197305908,0.5856547355651855,0.6641395092010498,0.6550609469413757,0.6078780889511108,0.556510865688324
G231V,231,0.697463245,2,0.24660225510597228,0.07181102558634325,0.45086098989402773,0.21781831979751587,0.2723773717880249,0.3511403501033783,0.23490238189697266,0.15677285194396973
G231F,231,0.41240183,2,0.476221764087677,0.008971069952267426,0.063819934087677,0.47982168197631836,0.46359723806381226,0.4877561628818512,0.4775543808937073,0.4723793566226959
G231H,231,1.165409162,2,0.5130756616592407,0.08686332150036312,0.6523335003407593,0.5181523561477661,0.38698330521583557,0.5470000505447388,0.48838427662849426,0.6248583197593689
G231I,231,0.67414072,2,0.08993314504623413,0.062337690087118605,0.5842075749537659,0.07105588912963867,0.13400006294250488,0.17083740234375,0.06004053354263306,0.013731837272644043
G231K,231,0.912087814,2,0.4306348204612732,0.08941514525453094,0.48145299353872684,0.29588884115219116,0.4203570485115051,0.5319131016731262,0.48789143562316895,0.4171236753463745
G231L,231,0.8181931809999999,2,0.4031730592250824,0.03481830091845424,0.41502012177491754,0.39414089918136597,0.42577582597732544,0.4465067982673645,0.3942135274410248,0.3552282452583313
G231M,231,0.545000653,2,0.5018779873847962,0.04626695231886906,0.04312266561520384,0.5028926134109497,0.4434913098812103,0.5593597888946533,0.5322231650352478,0.47142305970191956
G231P,231,0.796215955,2,0.0012989640235900879,0.1426600239687849,0.7949169909764099,0.07466810941696167,-0.17625391483306885,0.13770616054534912,-0.1274479627609253,0.09782242774963379
G231Q,231,1.43136272,2,0.6951888084411622,0.1053602028004076,0.7361739115588379,0.6347604393959045,0.6746508479118347,0.7887246012687683,0.5634015798568726,0.8144065737724304
G231R,231,0.952276246,2,0.5664493381977082,0.08718979117414882,0.3858269078022919,0.4582841694355011,0.5269413590431213,0.6830381751060486,0.6211806535720825,0.5428023338317871
G231S,231,0.927777487,2,0.6955288410186767,0.02864169308648512,0.23224864598132322,0.6585341691970825,0.695796549320221,0.7367812991142273,0.6832485198974609,0.7032836675643921
G231T,231,0.541295665,2,0.46252325773239134,0.07910694102725993,0.0787724072676087,0.443261057138443,0.37889090180397034,0.5900269746780396,0.47373703122138977,0.42670032382011414
G231W,231,0.54811871,2,0.5150035381317138,0.05590682780220042,0.033115171868286164,0.5398541688919067,0.46905893087387085,0.5600706338882446,0.5640720129013062,0.44196194410324097
G231Y,231,0.517533832,2,0.5004156708717347,0.06658798978276913,0.017118161128265363,0.5424449443817139,0.4389951229095459,0.5499592423439026,0.5534855127334595,0.41719353199005127
G231C,231,0.8711597440000001,2,0.7898080348968506,0.07326762319649967,0.08135170910314948,0.8634463548660278,0.8682788014411926,0.7765201330184937,0.7267253994941711,0.7140694856643677
G231A,231,0.901773672,2,0.6095213413238525,0.037011403370581245,0.29225233067614753,0.5794835686683655,0.5864731669425964,0.6537801027297974,0.6459356546401978,0.5819342136383057
I232M,232,0.4105104029999999,3,0.8725829005241394,0.0710365139389967,0.46207249752413954,0.8288878798484802,0.9603147506713867,0.8585096597671509,0.7871325016021729,0.9280697107315063
I232A,232,0.850711575,3,0.9634405851364136,0.049082209281631824,0.11272901013641357,1.0018073320388794,0.9915125370025635,0.9848114252090454,0.8803935050964355,0.958678126335144
I232C,232,0.703805102,3,1.0880588293075562,0.043860691814320715,0.38425372730755614,1.04509437084198,1.156261920928955,1.1022865772247314,1.0787229537963867,1.0579283237457275
I232D,232,0.499509272,3,0.8803035259246826,0.054994097803777356,0.38079425392468264,0.8684041500091553,0.8472781777381897,0.9221290946006775,0.8143588304519653,0.9493473768234253
I232E,232,0.630057905,3,0.8494158744812011,0.05051642461232504,0.21935796948120112,0.8550248742103577,0.8207795023918152,0.8798849582672119,0.7808873057365417,0.9105027318000793
I232K,232,0.5789215999999999,3,0.8569960832595825,0.10070706387296509,0.2780744832595826,0.8119716048240662,0.8743569850921631,0.9109106063842773,0.7116062641143799,0.9761349558830261
I232L,232,0.947395177,3,0.9302668333053589,0.040250352577859354,0.017128343694641113,0.8674023747444153,0.9728683829307556,0.9294772148132324,0.9251198172569275,0.9564663767814636
I232H,232,-0.104501082,3,0.7858204960823059,0.08443206871423557,0.8903215780823058,0.7364934682846069,0.7897957563400269,0.8238658905029297,0.6785863637924194,0.9003610014915466
I232G,232,0.743787784,3,0.8368422150611877,0.04686934637494768,0.09305443106118771,0.7845131158828735,0.8667754530906677,0.8479178547859192,0.7926732897758484,0.8923313617706299
I232Q,232,0.963721286,3,0.9510961055755616,0.0991622922107765,0.012625180424438387,0.8411130309104919,0.9793707132339478,1.0280323028564453,0.8522242903709412,1.0547401905059814
I232R,232,0.699435756,3,0.8255821347236634,0.07909108641588182,0.1261463787236634,0.7611801028251648,0.8495690822601318,0.8714065551757812,0.7275252342224121,0.9182296991348267
I232S,232,0.760833885,3,0.8088169932365418,0.04179668170650387,0.04798310823654173,0.7713226079940796,0.8300628662109375,0.8300155401229858,0.7580252885818481,0.8546586632728577
I232T,232,0.703345088,3,0.8540435671806336,0.037593333409747624,0.15069847918063362,0.9102874398231506,0.8432587385177612,0.8350006937980652,0.8696609139442444,0.8120100498199463
I232V,232,0.841677124,3,0.9979016065597535,0.035691439583163606,0.1562244825597534,1.027588129043579,1.0397273302078247,0.9603245258331299,0.9654905796051025,0.9963774681091309
I232W,232,0.834934513,3,0.9545135140419007,0.05846515519226713,0.11957900104190067,0.9735496044158936,1.009190320968628,0.8929464221000671,0.8916229009628296,1.005258321762085
I232P,232,0.6398150420000001,3,0.9050413012504578,0.10582240044363155,0.26522625925045773,0.7886431813240051,0.9767847657203674,0.9603251218795776,0.7925234436988831,1.0069299936294556
D233G,233,1.003788113,0,0.6517899870872498,0.04150066953434793,0.35199812591275015,0.6978626251220703,0.6522539854049683,0.58543860912323,0.6525458097457886,0.6708489060401917
D233A,233,1.25436207,0,0.6211535096168518,0.05582867526569078,0.6332085603831482,0.6645122170448303,0.666951060295105,0.5446009635925293,0.5791427493095398,0.6505605578422546
D233E,233,1.30876073,0,0.7268576860427857,0.018944749823290113,0.5819030439572143,0.7112292647361755,0.7409331202507019,0.7058742046356201,0.7503528594970703,0.7258989810943604
D233W,233,0.987290986,0,0.5096393346786499,0.07743752093033994,0.4776516513213501,0.6055151224136353,0.4043760299682617,0.4770788550376892,0.5008329153060913,0.560393750667572
D233V,233,0.8136356920000001,0,0.4145830452442169,0.05533636033978705,0.39905264675578317,0.38877072930336,0.4128793179988861,0.3493577241897583,0.4220663905143738,0.4998410642147064
D233S,233,1.131939225,0,0.7609912276268005,0.02066705267096169,0.3709479973731995,0.7847551107406616,0.7526596784591675,0.7349082231521606,0.7533294558525085,0.7793036699295044
D233C,233,1.32813803,0,0.7722960710525513,0.031031578844435262,0.5558419589474488,0.8195620775222778,0.75821852684021,0.7838283777236938,0.7619068026542664,0.7379645705223083
D233Q,233,1.163876752,0,0.6482826232910156,0.052539150790295856,0.5155941287089844,0.6432642936706543,0.6263912916183472,0.5821253061294556,0.7250610589981079,0.6645711660385132
D233P,233,0.716615268,0,0.5810561060905457,0.04371116796346157,0.13555916190945427,0.6309797763824463,0.5427176356315613,0.5845108032226562,0.615699052810669,0.5313732624053955
D233L,233,0.690050493,0,0.3870720326900482,0.0605386802590056,0.3029784603099518,0.37914326786994934,0.38300278782844543,0.3205176889896393,0.3669109046459198,0.48578551411628723
D233K,233,0.60885806,0,0.6024917244911194,0.05846899893182024,0.0063663355088805496,0.6619454622268677,0.5797285437583923,0.5128138661384583,0.6196141242980957,0.638356626033783
D233I,233,0.878142449,0,0.30485708117485044,0.06312477943653011,0.5732853678251496,0.28004035353660583,0.3464183509349823,0.2467612624168396,0.25710153579711914,0.39396390318870544
D233H,233,1.519110117,0,0.6617993235588073,0.02284961129896174,0.8573107934411928,0.6557670831680298,0.6674467921257019,0.631438136100769,0.6594850420951843,0.6948595643043518
D233R,233,1.242142544,0,0.6017369151115417,0.05137222838649537,0.6404056288884583,0.6834173202514648,0.5510205030441284,0.6065837144851685,0.6018298864364624,0.5658331513404846
C234A,234,1.297873583,1,0.9708766222000123,0.10919779987618468,0.32699696079998786,1.0608161687850952,0.8881100416183472,0.9199893474578857,1.1135895252227783,0.8718780279159546
C234D,234,1.681158421,1,0.8025103688240052,0.09731232235517032,0.8786480521759947,0.8869258165359497,0.6882388591766357,0.7391642332077026,0.9174442887306213,0.7807786464691162
C234W,234,1.051540801,1,0.8684725403785706,0.03826643849388341,0.18306826062142945,0.8473641276359558,0.8842397928237915,0.845532238483429,0.9286400675773621,0.8365864753723145
C234T,234,0.998407394,1,0.8053664207458496,0.07831131739023102,0.19304097325415037,0.8157663345336914,0.7579901218414307,0.731534481048584,0.9335290193557739,0.7880121469497681
C234S,234,1.123452596,1,0.959479033946991,0.0732789181559818,0.16397356205300895,0.9552847146987915,0.9611696600914001,0.9235376119613647,1.0772610902786255,0.880142092704773
C234R,234,0.8498301509999999,1,0.9147307753562928,0.08385120106342207,0.06490062435629285,0.9511905312538147,0.8643271327018738,0.8979271650314331,1.0385000705718994,0.8217089772224426
C234Q,234,1.162686793,1,0.9437305212020874,0.11489024387002368,0.21895627179791255,0.8781085014343262,0.9070826768875122,1.0358498096466064,1.087752342224121,0.8098592758178711
C234P,234,0.813512007,1,0.7346546292304993,0.1317435324092972,0.07885737776950075,0.8277187943458557,0.7438810467720032,0.6370960474014282,0.8922112584114075,0.5723659992218018
C234N,234,0.821805536,1,0.9432921767234802,0.11803409660896828,0.12148664072348025,1.0125197172164917,0.9057863354682922,0.792762041091919,1.1022253036499023,0.9031674861907959
C234M,234,1.257646666,1,0.9443943738937378,0.13438852572811572,0.31325229210626226,0.968246579170227,0.8277090787887573,0.9246440529823303,1.1608877182006836,0.8404844403266907
C234L,234,1.102650826,1,0.7678439617156982,0.07971948137208869,0.33480686428430184,0.780403196811676,0.6583588719367981,0.8163617253303528,0.8618707060813904,0.7222253084182739
C234K,234,0.084584206,1,0.7970260381698608,0.10584869059921645,0.7124418321698609,0.7689405679702759,0.7160084843635559,0.8974844813346863,0.918254017829895,0.6844426393508911
C234G,234,0.960310886,1,0.9942624807357788,0.11545640656046646,0.0339515947357788,1.0695879459381104,0.9682940244674683,0.9024859666824341,1.1526761054992676,0.8782683610916138
C234V,234,1.271574273,1,0.7054811000823975,0.07144429998760173,0.5660931729176024,0.7488664984703064,0.6716854572296143,0.6402918696403503,0.8094301223754883,0.657131552696228
L235D,235,1.180632847,4,0.47564733028411865,0.04600153776515258,0.7049855167158814,0.42223960161209106,0.5398543477058411,0.46565672755241394,0.5016010999679565,0.44888487458229065
L235E,235,0.149061637,4,0.7127432703971863,0.0810281021954546,0.5636816333971864,0.6609832048416138,0.7295159101486206,0.6546997427940369,0.6709259748458862,0.8475915193557739
L235M,235,1.266683924,4,0.9971006751060486,0.05410423030345717,0.26958324889395147,0.9564337134361267,1.0881626605987549,1.0050197839736938,0.967907190322876,0.9679800271987915
L235K,235,0.679193802,4,0.6949674367904664,0.08764514185008734,0.01577363479046634,0.6547930240631104,0.714187741279602,0.6191287040710449,0.6476890444755554,0.8390386700630188
L235N,235,0.966456146,4,0.4835342466831207,0.07305753237300448,0.48292189931687923,0.43173903226852417,0.5306367874145508,0.4426967203617096,0.42340177297592163,0.5891969203948975
L235P,235,0.620519688,4,0.41881884932518004,0.054760012114051404,0.20170083867481997,0.489357054233551,0.40517136454582214,0.37243613600730896,0.3654702603816986,0.46165943145751953
L235Q,235,1.224388737,4,0.7404168486595154,0.062119856152015596,0.48397188834048455,0.7407432794570923,0.7688104510307312,0.6410402059555054,0.7421497106552124,0.8093405961990356
L235R,235,0.403714111,4,0.7653749942779541,0.06648920452452539,0.3616608832779541,0.778815746307373,0.7656376361846924,0.6837435960769653,0.7340253591537476,0.8646526336669922
L235S,235,0.960394,4,0.7103958487510681,0.044211386395981316,0.24999815124893188,0.7087389826774597,0.7648431658744812,0.6438379883766174,0.7300586700439453,0.7045004367828369
L235T,235,-0.112047925,4,0.7284239053726196,0.0613692501355938,0.8404718303726196,0.7518332004547119,0.8010828495025635,0.7086039781570435,0.7447868585586548,0.6358126401901245
L235V,235,0.987689884,4,0.8570636868476867,0.06367117279220472,0.13062619715231327,0.9564163088798523,0.8601223230361938,0.8627073168754578,0.8183004856109619,0.787771999835968
L235W,235,0.650925859,4,0.835616135597229,0.030414069466144347,0.18469027659722903,0.8464484810829163,0.8466366529464722,0.812504768371582,0.7979939579963684,0.8744968175888062
L235Y,235,0.6412371570000001,4,0.9864726066589355,0.03316953803251122,0.3452354496589355,1.0328093767166138,0.9938214421272278,0.9835029244422913,0.982385516166687,0.9398437738418579
L235I,235,1.221852311,4,0.9592976331710815,0.009227423795149934,0.2625546778289184,0.9717823266983032,0.9618167877197266,0.9510310888290405,0.9625371694564819,0.9493207931518555
L235G,235,0.88430039,4,0.4604452848434448,0.06281287555847215,0.4238551051565552,0.4507196843624115,0.505568265914917,0.434048056602478,0.3755902349948883,0.5363001823425293
F236C,236,0.459714062,1,1.0668530583381652,0.11700161864847163,0.6071389963381653,1.0182939767837524,1.1508595943450928,0.9622700214385986,1.2279415130615234,0.9749001860618591
F236E,236,0.899398411,1,0.7823045730590821,0.06680503385832931,0.11709383794091788,0.7653681635856628,0.7480324506759644,0.750027060508728,0.9010652303695679,0.7470299601554871
F236A,236,1.302703327,1,0.8680357217788697,0.057727603385372125,0.43466760522113024,0.8827269673347473,0.8593608140945435,0.8261402249336243,0.9589133858680725,0.8130372166633606
F236G,236,0.805840964,1,0.7923098921775817,0.031635672452692325,0.013531071822418306,0.8197072744369507,0.8271552324295044,0.7507438659667969,0.7750090956687927,0.7889339923858643
F236L,236,0.701007081,1,0.8233505606651306,0.03793494925989984,0.1223434796651306,0.8380558490753174,0.8167500495910645,0.7819398045539856,0.880171537399292,0.7998355627059937
F236N,236,1.81601877,1,0.7794424295425415,0.0591535211056739,1.0365763404574584,0.7683389186859131,0.8146448135375977,0.6884815692901611,0.8454688191413879,0.7802780270576477
F236P,236,0.712527841,1,0.6306687355041504,0.10161547750670785,0.08185910549584963,0.660776674747467,0.6887500286102295,0.45932406187057495,0.7181075811386108,0.6263853311538696
F236R,236,0.953721489,1,0.8726271986961365,0.07062491247340079,0.0810942903038635,0.8624083995819092,0.8788744807243347,0.8445432186126709,0.9848463535308838,0.7924635410308838
F236S,236,1.138265363,1,0.9146851062774658,0.0764355075395436,0.22358025672253412,0.8431436419487,0.8730367422103882,0.9066973924636841,1.0427682399749756,0.9077795147895813
F236T,236,0.736011238,1,0.7669421315193177,0.07068243608760104,0.03093089351931766,0.7967235445976257,0.6525417566299438,0.7776029706001282,0.843677282333374,0.7641651034355164
F236V,236,1.277271148,1,0.8013808608055115,0.060113077389427554,0.47589028719448856,0.7944723963737488,0.7427263855934143,0.7487753033638,0.8851330280303955,0.8357971906661987
F236W,236,1.066335556,1,0.8003317356109619,0.06674480301557537,0.26600382038903814,0.7934895157814026,0.7048624157905579,0.7764047980308533,0.8711221218109131,0.8557798266410828
E237G,237,0.490850186,4,0.698263680934906,0.04630249399393992,0.20741349493490596,0.7377163171768188,0.688305139541626,0.6322780251502991,0.6856867671012878,0.7473321557044983
E237Y,237,0.52752855,4,0.860620665550232,0.05745606198490507,0.333092115550232,0.7883678078651428,0.8606722354888916,0.9291262626647949,0.821943998336792,0.9029930233955383
E237W,237,0.251834455,4,0.7901904702186584,0.060706236929095235,0.5383560152186584,0.741941511631012,0.8005039095878601,0.8541383743286133,0.7144188284873962,0.8399497270584106
E237V,237,0.7277412190000001,4,0.743305766582489,0.056792173371898576,0.01556454758248893,0.7098206877708435,0.7345094680786133,0.8209697008132935,0.6753893494606018,0.775839626789093
E237F,237,1.2482581,4,0.6744755983352662,0.06609176010642509,0.5737825016647338,0.7166191339492798,0.6808855533599854,0.6627632975578308,0.5699170231819153,0.7421929836273193
E237S,237,0.937280252,4,0.7349171161651611,0.028735378283461076,0.2023631358348389,0.7590389847755432,0.7322624325752258,0.7395765781402588,0.6875684857368469,0.7561390995979309
E237D,237,0.594548834,4,0.8468191146850585,0.06045108219718357,0.2522702806850585,0.8538039326667786,0.9419494867324829,0.8303318619728088,0.775890588760376,0.8321197032928467
E237C,237,0.686336432,4,0.8360090136528016,0.06581475844358967,0.1496725816528015,0.7571954131126404,0.9192909002304077,0.8726873397827148,0.7839154601097107,0.8469559550285339
E237A,237,0.58136604,4,0.7854600548744202,0.029619939244532215,0.20409401487442014,0.7604098916053772,0.7744849324226379,0.8329041004180908,0.7648297548294067,0.7946715950965881
E237H,237,0.927976764,4,0.7122823834419251,0.050999748487013635,0.21569438055807488,0.7360368371009827,0.660614013671875,0.6743183135986328,0.7030385732650757,0.7874041795730591
E237T,237,-0.381098265,4,0.7456074833869935,0.026936709057973143,1.1267057483869936,0.7289770841598511,0.7354516386985779,0.7691380977630615,0.715901255607605,0.7785693407058716
E237L,237,0.8844885570000001,4,0.6818390488624573,0.056682579553928136,0.2026495081375428,0.6818699240684509,0.6763192415237427,0.6910896897315979,0.6001818180084229,0.759734570980072
E237M,237,0.779837633,4,0.7602511048316956,0.043747137561352414,0.019586528168304418,0.7369125485420227,0.7294226288795471,0.8255571722984314,0.724405825138092,0.7849573493003845
E237K,237,0.280853385,4,0.6786004543304444,0.02809402680985208,0.39774706933044435,0.6774008870124817,0.710250973701477,0.6995675563812256,0.6668981313705444,0.6388847231864929
E237P,237,0.497522355,4,0.6452673554420472,0.07536639188048852,0.14774500044204714,0.6008832454681396,0.6815916895866394,0.6519402861595154,0.5475090742111206,0.7444124817848206
E237Q,237,1.053886323,4,0.735842490196228,0.03210061382892218,0.3180438328037719,0.7110298871994019,0.7310446500778198,0.7237230539321899,0.7215965986251831,0.7918182611465454
E237R,237,0.723248528,4,0.595751953125,0.02497573186256012,0.127496574875,0.5594476461410522,0.61411452293396,0.6149453520774841,0.5797834992408752,0.6104687452316284
E237N,237,0.000839997,4,0.7240360856056214,0.04722202584361546,0.7231960886056213,0.6863347291946411,0.7611123919487,0.723667323589325,0.6692021489143372,0.7798638343811035
K238L,238,0.386675866,3,0.8549463272094726,0.028631116107946844,0.46827046120947263,0.8533415198326111,0.8278910517692566,0.8534466624259949,0.8377202749252319,0.9023321270942688
K238G,238,0.943704404,3,0.7032233595848083,0.01597881233797111,0.2404810444151917,0.6974440813064575,0.6985729932785034,0.681975245475769,0.7216157913208008,0.716508686542511
K238A,238,1.1987812759999998,3,0.9109607577323914,0.07496964204234584,0.28782051826760846,0.8493621349334717,0.8453564643859863,1.025213360786438,0.9423955082893372,0.8924763202667236
K238C,238,1.252357593,3,0.8405064105987549,0.03783599504289839,0.4118511824012451,0.8309249877929688,0.8503702878952026,0.8701180815696716,0.8714585304260254,0.779660165309906
K238M,238,1.328183595,3,0.8233880400657654,0.06544261248788277,0.5047955549342347,0.8118355870246887,0.8427719473838806,0.9121106863021851,0.7298965454101562,0.8203254342079163
K238P,238,0.4931926579999999,3,0.5303118586540222,0.03904313541430804,0.0371192006540223,0.525281548500061,0.5632631778717041,0.5741881132125854,0.47885972261428833,0.5099667310714722
K238Q,238,1.281522964,3,0.9661721467971802,0.06554639058756893,0.3153508172028199,0.8816874027252197,0.9233283996582031,1.0419659614562988,0.9680706262588501,1.015808343887329
K238R,238,1.04583915,3,0.9656330466270446,0.03213893533459027,0.0802061033729553,1.00215744972229,0.9495118856430054,0.9925335645675659,0.9606260061264038,0.9233363270759583
K238S,238,0.926302849,3,0.8782405376434326,0.03196427361795509,0.048062311356567466,0.8874183297157288,0.8878061175346375,0.8424906730651855,0.9220174551010132,0.8514701128005981
K238T,238,0.786550697,3,0.850951075553894,0.059927964835402414,0.06440037855389402,0.77116459608078,0.8504628539085388,0.9219683408737183,0.8937440514564514,0.8174155354499817
K238D,238,1.103380316,3,1.025269591808319,0.022282230154832144,0.07811072419168097,1.0429317951202393,1.0409735441207886,1.0399093627929688,1.006780982017517,0.9957522749900818
K238W,238,0.981354093,3,0.8874349951744079,0.08296799009228395,0.09391909782559205,0.8991400599479675,0.784473180770874,0.8812479972839355,0.8586627244949341,1.0136510133743286
K238E,238,1.234060199,3,0.9476564049720764,0.02052064319666826,0.2864037940279236,0.9604974985122681,0.9276598691940308,0.9453203678131104,0.92928147315979,0.9755228161811829
K238V,238,1.028536131,3,0.8256917715072631,0.03498866054441232,0.20284435949273694,0.8309704661369324,0.7757394313812256,0.8539172410964966,0.8607652187347412,0.8070665001869202
K238Y,238,0.367248746,3,0.8952487707138062,0.03893554036535756,0.5280000247138061,0.9456315040588379,0.8624076843261719,0.8733869194984436,0.9287112355232239,0.8661065101623535
L239K,239,0.330062492,1,0.30656611919403076,0.16700582661118937,0.023496372805969223,0.4201135039329529,0.2826695442199707,0.2616339325904846,0.5022445917129517,0.06616902351379395
L239A,239,0.600670739,1,0.7384432196617127,0.0770087168639592,0.13777248066171266,0.709082841873169,0.7318432927131653,0.6592503786087036,0.8664262890815735,0.7256132960319519
L239C,239,0.863280183,1,0.8276083946228028,0.06868900925460703,0.0356717883771972,0.8069158792495728,0.873668372631073,0.7616077065467834,0.9225621223449707,0.7732878923416138
L239D,239,0.6421850720000001,1,0.21176973581314087,0.12571207938206694,0.43041533618685923,0.3759607970714569,0.16092652082443237,0.07905775308609009,0.3105315864086151,0.13237202167510986
L239E,239,0.454398853,1,0.297568678855896,0.10950383881442072,0.156830174144104,0.4768310487270355,0.2888970971107483,0.22364354133605957,0.30223169922828674,0.19624000787734985
L239F,239,1.374056655,1,0.7254236459732055,0.163461354860289,0.6486330090267944,0.8172774910926819,0.8181384801864624,0.5762648582458496,0.890707790851593,0.5247296094894409
L239M,239,0.834505809,1,0.8602944850921631,0.07479613456070441,0.025788676092163065,0.8697097301483154,0.8949964046478271,0.7683365345001221,0.959991991519928,0.8084377646446228
L239Y,239,0.020818444,1,0.639285945892334,0.15585106334981275,0.618467501892334,0.763477623462677,0.532538652420044,0.667899489402771,0.8012708425521851,0.4312431216239929
L239H,239,0.258647266,1,0.4730159878730774,0.1175525644236461,0.21436872187307743,0.5495595335960388,0.5648205280303955,0.5535985827445984,0.3904471695423126,0.3066541254520416
L239N,239,0.637074377,1,0.25680007338523864,0.13247034664444193,0.3802743036147614,0.3457247316837311,0.2252521514892578,0.15635567903518677,0.43688076734542847,0.11978703737258911
L239P,239,0.5708849,1,-0.005486047267913819,0.08164638238517567,0.5763709472679138,0.038554608821868896,-0.041885435581207275,-0.12758195400238037,0.08290767669677734,0.020574867725372314
L239R,239,0.65463937,1,0.1945443332195282,0.10871720106816413,0.46009503678047187,0.27273616194725037,0.16340363025665283,0.216730535030365,0.2964996099472046,0.023351728916168213
L239G,239,0.443839934,1,0.3885685384273529,0.1192375242916317,0.0552713955726471,0.5398880243301392,0.3061099946498871,0.2870756685733795,0.4952729046344757,0.31449609994888306
L239T,239,0.7735897540000001,1,0.7307743787765503,0.04736502416087506,0.0428153752234498,0.7435865998268127,0.7681726813316345,0.6824513673782349,0.7801997661590576,0.6794614791870117
L239V,239,0.935369403,1,0.95725519657135,0.09670281691574648,0.02188579357135001,0.8649024963378906,0.9682829976081848,0.8772923350334167,1.1062883138656616,0.9695098400115967
L239W,239,0.7109435159999999,1,0.4915956676006317,0.04599190207901338,0.21934784839936822,0.54044508934021,0.42178285121917725,0.5074996948242188,0.5157492756843567,0.4725014269351959
L239S,239,0.745956145,1,0.6860682964324951,0.054142767071886325,0.05988784856750484,0.6893690824508667,0.6397423148155212,0.6641262769699097,0.7776151895523071,0.6594886183738708
Y240T,240,0.274772115,2,0.17002865076065063,0.096711471680137,0.10474346423934935,0.06058156490325928,0.2092036008834839,0.18835026025772095,0.0906141996383667,0.30139362812042236
Y240S,240,0.1751072789999999,2,0.26441916823387146,0.06878456962541256,0.08931188923387157,0.20907288789749146,0.28873875737190247,0.20128053426742554,0.2529758810997009,0.3700277805328369
Y240R,240,-0.029387467,2,0.08690029382705688,0.06648876057724293,0.11628776082705689,0.07677125930786133,0.16203898191452026,0.014398157596588135,0.03298383951187134,0.14830923080444336
Y240P,240,0.027191099,2,0.15257434844970702,0.04392894861408997,0.12538324944970702,0.09302031993865967,0.18677443265914917,0.11820662021636963,0.18680566549301147,0.17806470394134521
Y240M,240,0.8232137509999999,2,0.9197379112243652,0.06980688122055329,0.09652416022436527,0.9033297896385193,0.9234127998352051,0.9429206848144531,1.0109943151474,0.8180319666862488
Y240K,240,0.0863765869999999,2,0.013946080207824707,0.06496252217163821,0.07243050679217519,-0.0716206431388855,-0.00973963737487793,0.10721331834793091,0.03119337558746338,0.012683987617492676
Y240I,240,1.021888134,2,0.9086294293403625,0.12396858122082358,0.11325870465963739,0.7740585803985596,1.0574288368225098,1.0170211791992188,0.8785892128944397,0.816049337387085
Y240G,240,0.093478275,2,0.0215989351272583,0.08216741166619694,0.0718793398727417,-0.10011935234069824,0.03217417001724243,0.13098770380020142,0.015015661716461182,0.029936492443084717
Y240D,240,-0.081650841,2,0.18633137345314027,0.07073631003608737,0.2679822144531403,0.128698468208313,0.20821529626846313,0.17092204093933105,0.12627172470092773,0.2975493371486664
Y240C,240,0.599670597,2,0.7250225186347962,0.06370372607798684,0.12535192163479614,0.6683014035224915,0.7198171615600586,0.8323357105255127,0.6874600648880005,0.7171982526779175
Y240A,240,0.005303699,2,0.5268538177013398,0.11552723231654673,0.5215501187013397,0.3512037992477417,0.6158015727996826,0.6262004971504211,0.47220030426979065,0.5688629150390625
Y240L,240,1.001156943,2,0.8440963625907898,0.07750670643467765,0.15706058040921023,0.7676621079444885,0.9319350123405457,0.901557445526123,0.8586449027061462,0.7606823444366455
Y240E,240,0.183627561,2,0.2640532374382019,0.10756310008459671,0.08042567643820192,0.23246091604232788,0.31361186504364014,0.2929840087890625,0.09762132167816162,0.3835880756378174
Y240W,240,0.705268573,2,0.765773332118988,0.0271483278568396,0.060504759118988005,0.7446986436843872,0.7570474147796631,0.7496314644813538,0.8123234510421753,0.7651656866073608
Y240V,240,0.387821078,2,0.7273134589195251,0.06891059010886078,0.33949238091952516,0.6168715953826904,0.7758182883262634,0.7874904870986938,0.7079236507415771,0.7484632730484009
L241S,241,0.949838712,4,0.7877469778060913,0.04321249251274079,0.16209173419390877,0.7403128147125244,0.765021026134491,0.7943808436393738,0.7831713557243347,0.8558488488197327
L241A,241,1.079663593,4,0.7574914574623108,0.014443651618751014,0.3221721355376892,0.7808251976966858,0.7569026947021484,0.7416260242462158,0.7513786554336548,0.7567247152328491
L241C,241,1.082516072,4,1.0574456691741942,0.019010622864752753,0.02507040282580575,1.024613857269287,1.0641508102416992,1.0741207599639893,1.0622133016586304,1.0621296167373657
L241D,241,0.411716602,4,0.44289770126342776,0.0758582282995936,0.03118109926342777,0.3204647898674011,0.5172379612922668,0.48274120688438416,0.4679991900920868,0.42604535818099976
L241E,241,1.069117452,4,0.7688191890716553,0.042419596392237545,0.3002982629283447,0.7225263118743896,0.7381059527397156,0.7660991549491882,0.7871668338775635,0.8301976919174194
L241G,241,0.489153657,4,0.5177697539329529,0.0434621301323519,0.02861609693295286,0.5777696967124939,0.49746277928352356,0.5391757488250732,0.46253523230552673,0.511905312538147
L241K,241,1.071300092,4,0.9372739553451538,0.12867892239128356,0.1340261366548462,0.9748388528823853,0.8153105974197388,1.026750087738037,0.7899456024169922,1.0795246362686157
L241M,241,0.5966396860000001,4,0.9092069029808044,0.03226264580107074,0.31256721698080436,0.9015547633171082,0.8939167261123657,0.8702765703201294,0.955000638961792,0.925285816192627
L241P,241,-0.293659723,4,0.11769834756851197,0.07958357664196067,0.4113580705685119,0.02826923131942749,0.11821937561035156,0.08709853887557983,0.10941213369369507,0.24549245834350586
L241Q,241,0.955715951,4,0.7140435934066772,0.03251945788032197,0.24167235759332273,0.6646902561187744,0.736838161945343,0.7455718517303467,0.6999757289886475,0.7231419682502747
L241W,241,0.501586175,4,0.7271474242210388,0.06008288173310302,0.22556124922103882,0.733022928237915,0.6579609513282776,0.7087984085083008,0.8225102424621582,0.7134445905685425
L241T,241,1.220445209,4,0.8276039123535156,0.03864887143035473,0.3928412966464844,0.846759557723999,0.8093273043632507,0.8149550557136536,0.7832657694816589,0.8837118744850159
L241R,241,0.58832539,4,0.6893520593643189,0.04637302462598516,0.10102666936431892,0.6855446100234985,0.6190139055252075,0.7426811456680298,0.6827423572540283,0.7167782783508301
L242W,242,0.107932238,0,0.4155487954616547,0.09361453654255197,0.30761655746165467,0.2830030620098114,0.42538970708847046,0.528288722038269,0.468643456697464,0.3724190294742584
L242A,242,0.477964769,0,0.7677999973297119,0.029580319369215433,0.2898352283297119,0.8018314838409424,0.7850738167762756,0.7464087605476379,0.7289845943450928,0.7767013311386108
L242F,242,0.7788242329999999,0,0.7592023134231567,0.0727561795893728,0.019621919576843228,0.6877131462097168,0.8082640171051025,0.8500707149505615,0.7640775442123413,0.6858861446380615
L242G,242,0.4528222870000001,0,0.5209632754325867,0.07800429547234593,0.06814098843258659,0.5365183353424072,0.5389191508293152,0.5799053907394409,0.5642530918121338,0.38522040843963623
L242M,242,0.7678799009999999,0,0.8419148921966553,0.05293684132687488,0.07403499119665535,0.8478130102157593,0.9187618494033813,0.8516148328781128,0.7744572162628174,0.8169275522232056
L242N,242,-0.236158912,0,0.019382476806640625,0.087547548364366,0.2555413888066406,-0.09481692314147949,0.11117982864379883,0.08746176958084106,0.0384487509727478,-0.04536104202270508
L242Q,242,-0.020644927,0,0.010796427726745605,0.13350649142629015,0.031441354726745606,-0.0533984899520874,0.13253778219223022,0.13301604986190796,0.02401149272918701,-0.18218469619750977
L242R,242,0.043332265,0,0.12197300195693969,0.0593788109536746,0.07864073695693968,0.14650028944015503,0.1875653862953186,0.15641921758651733,0.07097172737121582,0.0484083890914917
L242S,242,-0.185356873,0,0.22115100026130677,0.09324046764433705,0.4065078732613068,0.10377216339111328,0.25619661808013916,0.2730855643749237,0.32748186588287354,0.14521878957748413
L242T,242,-0.147894364,0,0.3128607153892517,0.07054395601868295,0.4607550793892517,0.23748809099197388,0.37748685479164124,0.27989131212234497,0.3979867696762085,0.27145054936408997
L242V,242,0.785298484,0,0.8810383200645446,0.03871938426651486,0.09573983606454461,0.8484083414077759,0.9129038453102112,0.8455744385719299,0.8675083518028259,0.9307966232299805
L242Y,242,0.350387923,0,0.4890936970710754,0.0974887986231182,0.13870577407107543,0.44513824582099915,0.4310823976993561,0.5698097944259644,0.6136882901191711,0.3857497572898865
T243W,243,0.6767972659999999,4,0.7244604825973511,0.03419895652904614,0.04766321659735118,0.7078583240509033,0.7653399705886841,0.6801216006278992,0.7176933288574219,0.7512891888618469
T243V,243,0.7004703659999999,4,0.9246652603149415,0.030308150586913087,0.22419489431494155,0.876693069934845,0.9284310340881348,0.9430415630340576,0.9561213254928589,0.9190393090248108
T243A,243,1.030698528,4,0.8173465728759766,0.050660181281417964,0.2133519551240235,0.7567955255508423,0.865868866443634,0.8593645691871643,0.7704945802688599,0.8342093229293823
T243C,243,1.27287495,4,0.868467652797699,0.03956420583022229,0.40440729720230106,0.875055193901062,0.8881728649139404,0.9207985997200012,0.82880699634552,0.8295046091079712
T243D,243,1.4248547180000002,4,0.6177970886230468,0.04640413406941513,0.8070576293769534,0.5680977702140808,0.6770327091217041,0.6320286393165588,0.638696551322937,0.5731297731399536
T243E,243,0.8062550009999999,4,0.9306180477142334,0.056486650337630055,0.12436304671423348,0.9007633924484253,1.0194318294525146,0.8704336881637573,0.9177980422973633,0.9446632862091064
T243G,243,0.628484565,4,0.8012421131134033,0.03380810572750164,0.17275754811340327,0.8094629049301147,0.7707394361495972,0.8562216758728027,0.7820091843605042,0.7877773642539978
T243L,243,0.8790724390000001,4,0.7307225823402405,0.01627654966786637,0.14834985665975964,0.7452439665794373,0.7132890224456787,0.7341269254684448,0.7468042969703674,0.7141487002372742
T243F,243,1.083929299,4,0.5976163864135742,0.05671363200817509,0.48631291258642584,0.5618239045143127,0.5959953665733337,0.6470774412155151,0.6589092016220093,0.5242760181427002
T243P,243,0.122024894,4,0.326433801651001,0.05831803341213558,0.204408907651001,0.3221319019794464,0.30029359459877014,0.42814958095550537,0.2936331033706665,0.28796082735061646
T243Q,243,0.95512107,4,0.8881157279014588,0.052334399706550086,0.06700534209854125,0.8979307413101196,0.9709640741348267,0.8297562599182129,0.8717281818389893,0.8701993823051453
T243R,243,0.917349937,4,0.7801925539970398,0.01849084274698904,0.1371573830029602,0.7971769571304321,0.7709851861000061,0.7836078405380249,0.7531476020812988,0.796045184135437
T243S,243,1.086265331,4,0.8709345817565918,0.029226780348685113,0.21533074924340811,0.872119128704071,0.8987517952919006,0.8704534769058228,0.8232476711273193,0.8901008367538452
E244Q,244,1.514441369,0,0.9825217485427856,0.033137410231177916,0.5319196204572144,0.9441978931427002,1.0042999982833862,0.9727932214736938,0.9639607667922974,1.0273568630218506
E244H,244,1.089257486,0,0.9562127232551575,0.037257269125365755,0.13304476274484245,0.9321813583374023,0.9542644023895264,1.0147312879562378,0.9624965786933899,0.917389988899231
E244L,244,0.997125163,0,0.9857253789901733,0.07394881573344275,0.011399784009826663,0.9220445156097412,1.0994000434875488,1.0094350576400757,0.9204282760620117,0.9773190021514893
E244C,244,1.067089605,0,0.9399687886238098,0.03360903840476377,0.12712081637619022,0.9529901742935181,0.9636040925979614,0.9723792672157288,0.9187489151954651,0.8921214938163757
E244G,244,0.986209237,0,0.985898494720459,0.09823190339467633,0.00031074227954097644,0.9268982410430908,1.1230467557907104,0.9256193041801453,1.0560656785964966,0.8978624939918518
E244R,244,0.8642585190000001,0,1.0192367553710937,0.07097862041278018,0.15497823637109365,0.9052531719207764,1.0407607555389404,1.0796178579330444,0.9996675252914429,1.0708844661712646
E244P,244,1.102485382,0,0.9815010666847229,0.06180956838323054,0.12098431531527709,0.9295464754104614,1.0739076137542725,0.9200623035430908,0.9870702028274536,0.9969187378883362
E244T,244,0.986963987,0,0.993570601940155,0.04607164966799663,0.00660661494015502,1.0392102003097534,0.9761921167373657,1.0066070556640625,1.0233336687088013,0.9225099682807922
E244V,244,0.659347995,0,1.045387375354767,0.08090226678909608,0.3860393803547669,0.9945551753044128,1.1852482557296753,1.0293159484863281,1.0325313806533813,0.9852861166000366
E244A,244,0.8263638740000001,0,1.0713244199752807,0.05815575761325721,0.2449605459752806,1.0523014068603516,1.135717749595642,0.993954062461853,1.1228337287902832,1.051815152168274
E244F,244,0.6480212,0,0.9889755606651306,0.10079338105092306,0.34095436066513063,0.9660247564315796,1.140388011932373,1.016080617904663,0.9578267931938171,0.8645576238632202
E244W,244,0.855004615,0,0.8850194334983825,0.034059346925914565,0.0300148184983825,0.9156143069267273,0.9270031452178955,0.8702123761177063,0.850963830947876,0.8613035082817078
E244S,244,1.015430419,0,0.9396012187004089,0.05953541704062556,0.07582920029959117,0.8874834179878235,1.0356972217559814,0.9445993304252625,0.9375054240226746,0.8927206993103027
E244D,244,0.6413799170000001,0,0.9747046828269958,0.08708888492016117,0.3333247658269958,0.9551073312759399,1.1200530529022217,0.9202684760093689,0.8982950448989868,0.9797995090484619
K245D,245,0.752055093,2,0.7609477758407592,0.019549148276125652,0.00889268284075928,0.7869237065315247,0.74057537317276,0.7734103798866272,0.7441563606262207,0.7596730589866638
K245W,245,0.827424688,2,0.8270020961761475,0.02534593744359105,0.0004225918238525139,0.8070490956306458,0.8428158760070801,0.8396890759468079,0.8520878553390503,0.7933685779571533
K245V,245,0.671573471,2,0.8105092525482178,0.01896077934956442,0.13893578154821784,0.7837582230567932,0.7982468605041504,0.8176977634429932,0.8290649652481079,0.8237784504890442
K245T,245,0.900678255,2,0.7533991813659668,0.040873565637711745,0.14727907363403314,0.7899510264396667,0.7460839748382568,0.7048376202583313,0.800129771232605,0.7259935140609741
K245S,245,0.6681886810000001,2,0.7646412491798401,0.029873971756389305,0.09645256817984005,0.7816447019577026,0.7360334396362305,0.7416074872016907,0.8077657222747803,0.7561548948287964
K245R,245,0.829731137,2,0.9116543531417847,0.05810435070995619,0.08192321614178466,0.8424135446548462,0.9478941559791565,0.8836568593978882,0.9909008145332336,0.8934063911437988
K245Q,245,0.8846787770000001,2,0.9636340737342834,0.06040314707925635,0.07895529673428336,1.0605863332748413,0.9468348026275635,0.9489034414291382,0.9666662216186523,0.8951795697212219
K245P,245,1.173864725,2,0.6216971397399902,0.04546228591184838,0.5521675852600099,0.6763271689414978,0.610191822052002,0.6455596089363098,0.5540172457695007,0.6223898530006409
K245N,245,1.041581942,2,0.8003708958625794,0.05742569361807365,0.24121104613742073,0.8091394305229187,0.8003631234169006,0.8409407138824463,0.8472992181777954,0.7041119933128357
K245L,245,0.909964963,2,0.7875254273414611,0.01850206831110587,0.12243953565853882,0.8045048117637634,0.7584823369979858,0.8020817637443542,0.789634108543396,0.7829241156578064
K245G,245,0.88366325,2,0.7441707372665405,0.03378295818604141,0.13949251273345953,0.7385107278823853,0.7079544067382812,0.7334901094436646,0.7998286485671997,0.7410697937011719
K245F,245,1.14706109,2,0.7706642031669617,0.021304315546869724,0.3763968868330383,0.7456467151641846,0.7771660685539246,0.7506669759750366,0.7882121801376343,0.7916290760040283
K245E,245,0.970427209,2,0.7764591693878173,0.024979753193678646,0.19396803961218267,0.7945587038993835,0.7527932524681091,0.7549170851707458,0.8097211122512817,0.7703056931495667
K245A,245,0.94282318,2,0.781224250793457,0.024171989479149388,0.16159892920654295,0.7714986801147461,0.7504780888557434,0.7868964076042175,0.8167837262153625,0.7804643511772156
K245M,245,0.948676309,2,0.7628444910049439,0.021544038757072396,0.1858318179950561,0.7820116877555847,0.7350925207138062,0.7872117757797241,0.7555535435676575,0.7543529272079468
