mutant,position,DMS_score,fold_position_5,predicted_DMS_score,absolute_error
M1G,1,1.027709137,3,0.72312331199646,0.30458582500354003
M1T,1,1.006009177,3,0.8262426257133484,0.17976655128665153
M1S,1,0.913619027,3,0.8269516229629517,0.08666740403704831
M1R,1,1.0179716559999998,3,0.750728189945221,0.2672434660547789
M1Q,1,1.223651367,3,0.7454734444618225,0.4781779225381775
M1P,1,1.221816545,3,0.659042239189148,0.5627743058108521
M1L,1,1.16905945,3,0.6436851620674133,0.5253742879325867
M1K,1,1.096014303,3,0.4873742461204529,0.6086400568795471
M1I,1,1.445211295,3,0.7898598909378052,0.6553514040621948
M1H,1,0.548608784,3,0.74295973777771,0.19435095377770994
M1W,1,0.996756951,3,0.7923466563224792,0.2044102946775207
M1E,1,1.129087935,3,0.7149633169174194,0.4141246180825806
M1V,1,0.922331864,3,0.6278068423271179,0.2945250216728821
M1D,1,0.789916452,3,0.7505877614021301,0.03932869059786992
D2G,2,0.937590927,1,0.8041207194328308,0.1334702075671692
D2K,2,1.084785751,1,0.720668613910675,0.364117137089325
D2L,2,0.852350663,1,0.7813131213188171,0.07103754168118281
D2N,2,1.111542626,1,0.8408218622207642,0.27072076377923593
D2P,2,1.11403351,1,0.7518963813781738,0.36213712862182623
D2Q,2,0.842356019,1,0.9566443562507629,0.11428833725076293
D2R,2,0.934084853,1,0.709209680557251,0.22487517244274902
D2S,2,0.8663985909999999,1,0.9901125431060791,0.12371395210607916
D2T,2,0.9945602,1,0.9139342904090881,0.08062590959091187
D2W,2,0.7385983220000001,1,0.8131893873214722,0.07459106532147208
D2Y,2,0.8990534040000001,1,0.7831552624702454,0.11589814152975475
D2F,2,0.515205328,1,0.7847646474838257,0.2695593194838257
D2E,2,1.1748120709999998,1,0.9747896790504456,0.2000223919495543
D2A,2,0.808243171,1,1.1310031414031982,0.32275997040319826
D2V,2,0.779888151,1,0.8846322894096375,0.10474413840963748
D2C,2,1.223429082,1,1.0251379013061523,0.19829118069384766
G3W,3,1.0554427,0,1.1412417888641357,0.08579908886413579
G3A,3,0.944194457,0,1.164030909538269,0.219836452538269
G3Y,3,0.7882464370000001,0,1.0845121145248413,0.29626567752484123
G3D,3,1.00650104,0,1.1216856241226196,0.11518458412261956
G3E,3,1.055328408,0,1.1831841468811035,0.12785573888110346
G3F,3,0.636769206,0,0.9863895177841187,0.3496203117841187
G3K,3,0.555535697,0,1.1019558906555176,0.5464201936555175
G3L,3,1.052449536,0,0.9700435400009155,0.08240599599908438
G3H,3,1.244570622,0,1.0292301177978516,0.21534050420214834
G3P,3,1.099209514,0,0.9627804756164551,0.13642903838354492
G3Q,3,0.968545161,0,1.0256257057189941,0.05708054471899415
G3R,3,0.8769044559999999,0,0.9321034550666809,0.05519899906668102
G3S,3,1.100702562,0,1.0380150079727173,0.06268755402728265
G3T,3,1.131319456,0,0.9985397458076477,0.13277971019235224
G3V,3,1.016883108,0,0.94443279504776,0.07245031295224003
G3M,3,1.050880446,0,0.9889214634895325,0.06195898251046761
T4K,4,0.916018441,3,1.1690940856933594,0.2530756446933594
T4E,4,0.991193818,3,0.9333235025405884,0.05787031545941157
T4F,4,0.872383432,3,0.9437148571014404,0.07133142510144042
T4A,4,1.111840708,3,0.924138069152832,0.18770263884716787
T4G,4,1.063695172,3,0.8904975652694702,0.17319760673052986
T4H,4,1.27816368,3,0.4813590943813324,0.7968045856186676
T4I,4,0.626449005,3,0.8894873857498169,0.2630383807498169
T4L,4,0.844615459,3,0.81500244140625,0.029613017593750013
T4V,4,0.998164098,3,0.8485703468322754,0.14959375116772466
T4N,4,1.160222734,3,0.9403086304664612,0.2199141035335388
T4P,4,1.095796075,3,0.6477763056755066,0.4480197693244934
T4Q,4,0.810267327,3,0.5742839574813843,0.23598336951861576
T4R,4,0.99706383,3,0.6900128722190857,0.3070509577809143
T4S,4,1.039891213,3,0.8204929232597351,0.21939828974026487
T4W,4,1.076415754,3,0.8979043364524841,0.17851141754751576
T4Y,4,1.22618198,3,0.7143186330795288,0.5118633469204712
T4C,4,0.845236808,3,0.4953959584236145,0.3498408495763855
T4M,4,1.135961332,3,0.8015402555465698,0.3344210764534301
T4D,4,1.110294558,3,0.7490323781967163,0.3612621798032838
R5S,5,1.032056184,2,1.1001213788986206,0.06806519489862062
R5C,5,1.146627931,2,0.8144910335540771,0.3321368974459229
R5Y,5,0.988696742,2,0.9716809391975403,0.017015802802459734
R5W,5,1.193663805,2,0.8881441354751587,0.3055196695248412
R5V,5,1.115770995,2,0.969662606716156,0.1461083882838441
R5A,5,0.986761416,2,1.1043494939804077,0.11758807798040771
R5Q,5,0.766555586,2,0.8241593241691589,0.05760373816915898
R5P,5,0.750033191,2,1.029043436050415,0.27901024505041505
R5M,5,0.970281407,2,1.1018314361572266,0.13155002915722658
R5T,5,1.025101117,2,1.0233559608459473,0.001745156154052685
R5I,5,0.992096974,2,0.9203862547874451,0.0717107192125549
R5H,5,1.146226989,2,0.9367762207984924,0.20945076820150765
R5G,5,1.123376621,2,0.9847479462623596,0.1386286747376404
R5F,5,0.75588103,2,0.9879383444786072,0.23205731447860722
R5E,5,1.286917777,2,1.0982627868652344,0.1886549901347656
R5D,5,0.8150095159999999,2,1.0270299911499023,0.2120204751499024
R5L,5,0.993943156,2,0.8473155498504639,0.14662760614953618
T6Y,6,0.8259001290000001,1,0.9686851501464844,0.14278502114648428
T6W,6,1.062977145,1,1.0315954685211182,0.031381676478881904
T6V,6,1.077728431,1,0.9943802952766418,0.08334813572335809
T6S,6,1.112472414,1,0.9950162172317505,0.11745619676824948
T6R,6,0.717963136,1,1.001792550086975,0.28382941408697515
T6Q,6,0.530519917,1,1.0660738945007324,0.5355539775007324
T6N,6,1.120216357,1,1.1119276285171509,0.008288728482849228
T6M,6,0.836727186,1,1.180355429649353,0.34362824364935307
T6I,6,1.014649994,1,0.7929708361625671,0.22167915783743286
T6K,6,1.383740803,1,0.9073626399040222,0.4763781630959778
T6H,6,0.445030332,1,1.1503551006317139,0.7053247686317139
T6G,6,0.823877236,1,1.0103769302368164,0.18649969423681645
T6E,6,1.03025981,1,1.0027186870574951,0.02754112294250488
T6D,6,0.952157297,1,1.0331900119781494,0.08103271497814946
T6C,6,0.814807671,1,0.9183558225631714,0.10354815156317143
T6A,6,1.404595551,1,1.0261166095733643,0.37847894142663585
T6L,6,0.863739319,1,0.7888548970222473,0.07488442197775269
S7A,7,0.3793843670000001,2,1.0693751573562622,0.6899907903562621
S7C,7,1.165574455,2,0.9390251636505127,0.22654929134948731
S7T,7,0.920102893,2,0.8537923693656921,0.0663105236343079
S7E,7,1.156909559,2,0.8850253820419312,0.2718841769580689
S7G,7,1.121699061,2,0.9299984574317932,0.19170060356820673
S7H,7,0.55383007,2,0.9268364906311035,0.37300642063110356
S7W,7,0.97388941,2,0.9784305095672607,0.004541099567260787
S7I,7,0.95742015,2,1.0138123035430908,0.056392153543090795
S7L,7,0.834382145,2,0.769972562789917,0.06440958221008297
S7M,7,1.025803012,2,0.9992361068725586,0.02656690512744131
S7P,7,0.79261618,2,0.9060686826705933,0.11345250267059326
S7Q,7,1.116922225,2,0.7121248841285706,0.4047973408714294
S7R,7,1.017412893,2,0.9086700677871704,0.10874282521282952
S7V,7,0.799568576,2,0.8925666809082031,0.09299810490820315
L8W,8,0.781111708,0,0.9205561280250549,0.13944442002505497
L8Y,8,0.7380970570000001,0,1.0486639738082886,0.3105669168082885
L8A,8,1.245869972,0,0.840023934841156,0.40584603715884393
L8T,8,0.8522075990000001,0,0.9627382755279541,0.11053067652795401
L8S,8,0.964763596,0,0.7805221676826477,0.18424142831735224
L8R,8,0.990097253,0,0.848620593547821,0.1414766594521789
L8Q,8,0.539773921,0,0.8115203976631165,0.27174647666311647
L8P,8,0.8641546729999999,0,0.8536780476570129,0.01047662534298699
L8M,8,1.349314694,0,0.7495477199554443,0.5997669740445557
L8K,8,0.874952452,0,0.9724214673042297,0.09746901530422969
L8I,8,1.265702316,0,1.143297553062439,0.12240476293756108
L8G,8,0.985188131,0,0.8425503969192505,0.14263773408074953
L8F,8,1.223539595,0,1.0844359397888184,0.13910365521118173
L8E,8,1.044629502,0,1.0022319555282593,0.042397546471740766
L8D,8,1.364607351,0,0.9944673776626587,0.3701399733373414
L8V,8,0.819836681,0,0.9291062951087952,0.10926961410879521
L8C,8,1.109789884,0,0.951737642288208,0.158052241711792
D9M,9,0.666756555,1,0.9183751344680786,0.25161857946807864
D9E,9,0.8844654740000001,1,0.929254949092865,0.044789475092864905
D9F,9,0.942831797,1,0.8351374268531799,0.10769437014682004
D9G,9,1.009340411,1,0.8650764226913452,0.14426398830865472
D9H,9,1.2421386559999998,1,1.208999514579773,0.03313914142022689
D9N,9,0.86483246,1,0.9504908323287964,0.08565837232879636
D9P,9,1.198309724,1,0.7962665557861328,0.4020431682138672
D9Q,9,0.404454039,1,1.0305776596069336,0.6261236206069336
D9R,9,0.6843415290000001,1,0.856896698474884,0.17255516947488392
D9S,9,0.713911815,1,1.0650966167449951,0.3511848017449951
D9T,9,0.972165385,1,0.9635865092277527,0.008578875772247363
D9V,9,1.0208239140000002,1,0.841902494430542,0.17892141956945817
D9W,9,0.712838263,1,0.8257730603218079,0.11293479732180789
D9A,9,1.083776933,1,0.9200182557106018,0.1637586772893982
I10A,10,0.948816835,4,0.9203689694404602,0.02844786555953982
I10N,10,0.77676275,4,0.8489264845848083,0.0721637345848084
I10E,10,1.18201871,4,0.8816019892692566,0.3004167207307433
I10C,10,0.955608908,4,0.9231106042861938,0.03249830371380613
I10Y,10,1.003540933,4,0.7504698634147644,0.2530710695852356
I10W,10,0.912350705,4,0.8417764902114868,0.07057421478851322
I10V,10,0.945323914,4,0.8822325468063354,0.0630913671936646
I10T,10,1.278667865,4,0.7984885573387146,0.48017930766128547
I10R,10,0.964397392,4,0.9094873666763306,0.0549100253236694
I10S,10,0.911373066,4,0.9422609806060791,0.030887914606079092
I10M,10,0.971701513,4,0.9430275559425354,0.02867395705746456
I10L,10,0.941554573,4,0.8858790397644043,0.05567553323559571
I10K,10,1.119888501,4,0.7081403136253357,0.41174818737466423
I10G,10,0.878360637,4,0.7582949995994568,0.12006563740054321
I10F,10,1.1703570209999998,4,0.9313675761222839,0.2389894448777159
I10Q,10,1.150076512,4,0.6793658137321472,0.47071069826785283
E11S,11,0.940061964,3,0.7812191843986511,0.15884277960134885
E11L,11,0.479140782,3,0.802801787853241,0.323661005853241
E11R,11,0.940939435,3,0.9103623032569885,0.030577131743011465
E11P,11,1.024323292,3,0.5356671810150146,0.4886561109849854
E11M,11,0.4901962179999999,3,0.9494552612304688,0.45925904323046884
E11K,11,1.029701058,3,0.32771599292755127,0.7019850650724486
E11Y,11,1.096146755,3,0.5901380181312561,0.5060087368687438
E11W,11,0.978110603,3,0.7359496355056763,0.2421609674943237
E11G,11,0.849113973,3,0.8886213302612305,0.03950735726123045
E11F,11,0.7530434229999999,3,0.9954180717468262,0.24237464874682624
E11D,11,1.425389787,3,1.114117980003357,0.31127180699664314
E11C,11,1.055227857,3,0.6016440391540527,0.45358381784594726
E11V,11,0.705454768,3,0.7590607404708862,0.053605972470886276
E11I,11,1.133393673,3,0.8048169016838074,0.3285767713161927
E11T,11,0.692668391,3,0.7350514531135559,0.042383062113555914
E11H,11,1.004314471,3,0.9358423948287964,0.06847207617120366
E12M,12,0.987653327,0,0.7294061183929443,0.25824720860705563
E12W,12,0.929400529,0,0.9177496433258057,0.011650885674194367
E12A,12,1.004190951,0,0.9764366745948792,0.027754276405120848
E12C,12,0.955201691,0,1.0565185546875,0.10131686368750004
E12D,12,1.040738356,0,1.0137048959732056,0.02703346002679452
E12F,12,1.05570023,0,0.8322376608848572,0.22346256911514284
E12G,12,0.797700538,0,0.9577995538711548,0.16009901587115483
E12Y,12,0.424600642,0,1.0285382270812988,0.6039375850812989
E12H,12,0.991564964,0,1.1231276988983154,0.13156273489831538
E12K,12,0.485920233,0,1.0326282978057861,0.5467080648057862
E12L,12,0.7063309790000001,0,0.7401409149169922,0.03380993591699211
E12V,12,0.7530988209999999,0,0.7719525098800659,0.018853688880066
E12P,12,0.374283132,0,0.967510461807251,0.593227329807251
E12Q,12,1.225905385,0,0.9083120822906494,0.3175933027093505
E12R,12,0.940363855,0,1.0888546705245972,0.1484908155245972
E12I,12,0.766120703,0,0.9578442573547363,0.19172355435473631
E12S,12,0.920995177,0,1.0793707370758057,0.15837556007580567
E12T,12,0.931838685,0,0.9685004949569702,0.036661809956970215
Y13H,13,0.95493185,4,1.0631073713302612,0.1081755213302612
Y13W,13,0.963960571,4,0.8392898440361023,0.1246707269638977
Y13V,13,0.977310377,4,0.9847572445869446,0.007446867586944572
Y13T,13,1.075691458,4,1.0182430744171143,0.05744838358288584
Y13S,13,1.077481184,4,1.1540147066116333,0.07653352261163326
Y13R,13,0.819376642,4,0.9932506084442139,0.17387396644421382
Y13G,13,0.86878033,4,0.9737685918807983,0.10498826188079835
Y13N,13,1.087901725,4,1.2104179859161377,0.12251626091613765
Y13Q,13,0.789661545,4,0.9124641418457031,0.12280259684570316
Y13L,13,0.8443208959999999,4,0.8766723871231079,0.03235149112310798
Y13K,13,0.8914176070000001,4,1.0447149276733398,0.1532973206733398
Y13I,13,1.222325685,4,0.954391598701477,0.2679340862985229
Y13E,13,0.971091413,4,1.192327857017517,0.22123644401751708
Y13A,13,0.973497265,4,1.1912083625793457,0.2177110975793457
Y13C,13,0.993951137,4,1.218281626701355,0.22433048970135494
Y13M,13,1.131048464,4,1.03562331199646,0.09542515200354007
Y13F,13,1.252296806,4,1.0142723321914673,0.23802447380853264
S14G,14,1.068772089,0,0.7714998126029968,0.29727227639700327
S14F,14,1.234926979,0,0.9638140797615051,0.2711128992384948
S14E,14,0.779724855,0,0.9296029806137085,0.1498781256137085
S14R,14,1.228262377,0,0.881131649017334,0.3471307279826661
S14W,14,0.816597421,0,0.8943067789077759,0.07770935790777589
S14V,14,0.8354723359999999,0,0.7939512133598328,0.04152112264016716
S14T,14,0.8111498859999999,0,0.9388298392295837,0.1276799532295838
S14A,14,0.852268611,0,0.7766221165657043,0.07564649443429561
S14Q,14,0.577106443,0,1.1197738647460938,0.5426674217460937
S14N,14,1.308561046,0,0.7853471040725708,0.5232139419274291
S14M,14,0.82624065,0,0.9296079277992249,0.10336727779922483
S14C,14,1.213452613,0,0.8526015877723694,0.3608510252276307
S14L,14,0.950032353,0,0.8868921995162964,0.06314015348370361
S14K,14,1.107668403,0,0.8881000876426697,0.21956831535733023
D15V,15,0.974356944,3,0.8346807956695557,0.13967614833044428
D15Q,15,1.312265234,3,0.7444431185722351,0.567822115427765
D15A,15,0.923298516,3,0.8950029015541077,0.028295614445892348
D15M,15,1.069194385,3,0.7998820543289185,0.2693123306710816
D15L,15,1.023226163,3,0.8311272263526917,0.19209893664730826
D15K,15,0.8593440290000001,3,0.6292754411697388,0.2300685878302613
D15H,15,1.462417476,3,1.1408929824829102,0.3215244935170898
D15G,15,0.863450385,3,0.866973340511322,0.003522955511321979
D15F,15,0.881853048,3,0.8455876111984253,0.03626543680157468
D15E,15,0.798273169,3,0.9100552797317505,0.11178211073175048
D15C,15,0.77989382,3,0.9238379001617432,0.1439440801617432
D15S,15,1.104260884,3,0.8769664168357849,0.2272944671642152
D15T,15,1.095229463,3,0.9406352639198303,0.15459419908016958
D15W,15,0.727415183,3,0.8660861253738403,0.13867094237384037
D15R,15,1.009818822,3,0.8429190516471863,0.16689977035281367
D15P,15,1.017157606,3,0.806792140007019,0.210365465992981
D15N,15,0.813771155,3,0.9622844457626343,0.1485132907626343
T16C,16,0.204632596,2,0.8761234879493713,0.6714908919493714
T16A,16,1.025208528,2,1.141897201538086,0.11668867353808587
T16Y,16,0.772134175,2,1.0615555047988892,0.2894213297988891
T16V,16,0.8633915959999999,2,0.9501932859420776,0.08680168994207771
T16R,16,0.994622618,2,1.0610836744308472,0.06646105643084721
T16P,16,0.564553769,2,0.9698938727378845,0.40534010373788454
T16N,16,0.92941474,2,1.2301132678985596,0.30069852789855955
T16W,16,1.176319137,2,1.0366724729537964,0.13964666404620352
T16L,16,1.032835338,2,1.0372202396392822,0.00438490163928229
T16D,16,0.7528860070000001,2,1.2412703037261963,0.4883842967261962
T16M,16,1.131893563,2,0.970939040184021,0.160954522815979
T16F,16,1.107622072,2,1.1485588550567627,0.04093678305676263
T16E,16,1.095256647,2,0.9509775042533875,0.14427914274661258
T16G,16,1.062996367,2,0.9175707101821899,0.14542565681781006
T16H,16,0.6899094809999999,2,1.2700912952423096,0.5801818142423096
T16I,16,0.909188803,2,1.1583125591278076,0.24912375612780757
E17A,17,0.95765827,2,0.9992825984954834,0.041624328495483365
E17G,17,1.2063452609999998,2,0.8023386001586914,0.40400666084130843
E17K,17,0.831333448,2,0.6386211514472961,0.19271229655270383
E17L,17,0.944622576,2,0.8485050201416016,0.09611755585839843
E17M,17,1.013998868,2,0.9002047777175903,0.11379409028240972
E17P,17,0.762128556,2,0.9084770679473877,0.14634851194738774
E17Q,17,1.048109884,2,0.8646403551101685,0.1834695288898316
E17R,17,0.931564616,2,0.8164384961128235,0.11512611988717647
E17V,17,0.906576789,2,0.7740685343742371,0.132508254625763
E17T,17,0.759770973,2,0.8588897585868835,0.09911878558688358
E17W,17,0.937526975,2,0.8595115542411804,0.07801542075881962
E17S,17,0.906456516,2,0.822381854057312,0.08407466194268798
V18G,18,0.985312924,1,0.829866886138916,0.15544603786108402
V18W,18,0.898697888,1,1.0624253749847412,0.16372748698474127
V18E,18,1.223015826,1,0.9122350215911865,0.3107808044088134
V18S,18,0.942921614,1,0.911722719669342,0.031198894330657923
V18R,18,0.904721395,1,0.9671039581298828,0.06238256312988277
V18Q,18,0.768273897,1,1.1407922506332397,0.3725183536332397
V18P,18,0.966622318,1,0.8415501117706299,0.1250722062293701
V18M,18,1.035475042,1,1.2412625551223755,0.20578751312237542
V18A,18,0.986342167,1,0.813142716884613,0.17319945011538695
V18T,18,0.927797866,1,0.8928567171096802,0.03494114889031985
V18L,18,1.033329465,1,1.1888325214385986,0.15550305643859863
V18K,18,0.4021267079999999,1,0.7807317972183228,0.37860508921832287
Q19G,19,0.200200621,0,0.9476390480995178,0.7474384270995178
Q19V,19,0.70002896,0,0.8480318784713745,0.14800291847137448
Q19T,19,0.896279908,0,0.9032535552978516,0.0069736472978515485
Q19S,19,0.7401198609999999,0,1.1450778245925903,0.4049579635925904
Q19R,19,0.3618216979999999,0,0.9235815405845642,0.5617598425845642
K20S,20,1.222914916,2,1.046123743057251,0.17679117294274893
K20T,20,1.180128109,2,0.9704192876815796,0.2097088213184204
K20V,20,0.991263255,2,0.9093284010887146,0.08193485391128541
K20W,20,0.963080828,2,1.0012563467025757,0.03817551870257563
K20Y,20,1.144481403,2,0.9554518461227417,0.1890295568772582
K20R,20,0.7959980940000001,2,0.9718248248100281,0.17582673081002798
K20P,20,0.898011067,2,0.9712702035903931,0.07325913659039307
K20M,20,1.169522335,2,0.9970312118530273,0.17249112314697257
K20L,20,1.051137275,2,0.9716355204582214,0.07950175454177866
K20I,20,0.675371174,2,1.0457286834716797,0.37035750947167967
K20G,20,0.971750321,2,0.8764057159423828,0.09534460505761722
K20F,20,1.040875323,2,1.062538504600525,0.021663181600524828
K20E,20,0.8622296979999999,2,1.1396279335021973,0.27739823550219733
K20C,20,1.052259092,2,0.9973306059837341,0.054928486016265765
K20D,20,0.716512782,2,1.003908395767212,0.2873956137672119
K20Q,20,1.229979855,2,0.9628150463104248,0.26716480868957526
K20A,20,0.894405633,2,1.0216652154922485,0.12725958249224856
N21V,21,1.064508875,0,0.8518726229667664,0.21263625203323366
N21M,21,1.104490385,0,1.0067110061645508,0.0977793788354493
N21E,21,1.022781804,0,0.8950227499008179,0.1277590540991822
N21Q,21,1.3062112259999998,0,0.785648763179779,0.5205624628202208
N21R,21,0.8555740359999999,0,0.7660358548164368,0.08953818118356316
N21D,21,1.074466121,0,0.7544713616371155,0.31999475936288446
N21C,21,1.075261353,0,0.8696920275688171,0.20556932543118278
N21A,21,1.127890062,0,0.7494469285011292,0.37844313349887093
N21T,21,0.986141511,0,0.8863928318023682,0.09974867919763186
N21W,21,0.973212039,0,0.7459065318107605,0.22730550718923948
N21L,21,1.074666138,0,0.8142850399017334,0.2603810980982666
N21G,21,0.900320349,0,0.808281660079956,0.09203868892004397
Q22P,22,0.697073142,4,0.7866185903549194,0.0895454483549194
Q22L,22,0.555977519,4,0.8083211779594421,0.2523436589594421
Q22A,22,0.6259329229999999,4,0.7980633974075317,0.17213047440753182
Q22C,22,1.111121913,4,1.0291707515716553,0.0819511614283448
Q22K,22,0.974841704,4,0.5099784135818481,0.4648632904181519
Q22I,22,1.060553417,4,0.8123462200164795,0.24820719698352045
Q22G,22,0.952767529,4,0.7519705295562744,0.20079699944372553
Q22F,22,0.934865825,4,0.7912569642066956,0.14360886079330448
Q22E,22,1.008610971,4,0.8024909496307373,0.20612002136926266
Q22Y,22,0.80175781,4,0.6213582754135132,0.18039953458648683
Q22D,22,1.250864522,4,0.596554160118103,0.6543103618818971
Q22M,22,1.245965389,4,0.8360738754272461,0.4098915135727539
Q22N,22,1.364182036,4,0.5961874127388,0.7679946232612
Q22W,22,0.5127557629999999,4,0.7723870277404785,0.2596312647404786
Q22V,22,0.997506384,4,0.7470251321792603,0.25048125182073977
Q22T,22,0.703494895,4,0.7900305986404419,0.08653570364044194
Q22S,22,1.217282799,4,0.8041691780090332,0.4131136209909667
Q22R,22,1.210678065,4,0.7398183941841125,0.4708596708158874
V23F,23,0.970264,1,1.096367597579956,0.12610359757995604
V23D,23,0.619669784,1,1.034320592880249,0.4146508088802491
V23Y,23,1.100423533,1,1.0621623992919922,0.03826113370800788
V23W,23,0.933443337,1,0.997792661190033,0.06434932419003292
V23T,23,0.910047954,1,0.9393121004104614,0.029264146410461378
V23S,23,1.000400108,1,0.9270857572555542,0.07331435074444581
V23R,23,1.037607341,1,1.1442190408706665,0.10661169987066654
V23M,23,1.028123763,1,1.1099038124084473,0.0817800494084473
V23N,23,1.252142648,1,0.8441489934921265,0.4079936545078735
V23C,23,1.038614792,1,0.9871000647544861,0.05151472724551387
V23L,23,1.092308294,1,1.0031213760375977,0.0891869179624023
V23G,23,0.98901627,1,0.9215048551559448,0.0675114148440552
V23K,23,0.787548647,1,0.494072824716568,0.29347582228343205
V23H,23,0.992607718,1,1.028653621673584,0.03604590367358396
V23P,23,1.094753408,1,0.8919738531112671,0.202779554888733
V23A,23,1.053308471,1,0.8739039897918701,0.1794044812081299
L24D,24,0.624557798,1,0.8176116943359375,0.1930538963359375
L24Q,24,0.53080447,1,0.8817318081855774,0.3509273381855774
L24E,24,0.806856463,1,0.8171169757843018,0.010260512784301734
L24S,24,0.933614613,1,0.9057161808013916,0.027898432198608436
L24T,24,1.287889486,1,0.9445754885673523,0.3433139974326478
L24V,24,0.916068298,1,0.8882819414138794,0.02778635658612061
L24R,24,1.050007431,1,0.7857434153556824,0.2642640156443177
L24A,24,0.967429185,1,0.9691806435585022,0.001751458558502228
L24F,24,1.047551745,1,0.8806682825088501,0.16688346249114994
L24H,24,0.813101712,1,0.7268216013908386,0.08628011060916141
L24M,24,1.125235689,1,1.0561197996139526,0.06911588938604729
L24K,24,1.04851656,1,0.7679376006126404,0.28057895938735955
L24I,24,1.5762545630000002,1,0.9930450320243835,0.5832095309756167
L24W,24,0.828572392,1,0.8395309448242188,0.010958552824218759
L24C,24,1.116922933,1,1.180565357208252,0.06364242420825206
L24G,24,0.699942763,1,0.8398708701133728,0.13992810711337278
L24P,24,0.732032785,1,0.8138036131858826,0.08177082818588255
T25A,25,0.420659455,4,0.7171180844306946,0.29645862943069456
T25E,25,1.013503641,4,0.7495670318603516,0.26393660913964845
T25V,25,0.725910281,4,0.7042335271835327,0.021676753816467276
T25C,25,0.692407793,4,0.9081584811210632,0.21575068812106324
T25S,25,1.143650491,4,0.9103906750679016,0.23325981593209844
T25R,25,0.954977041,4,0.6246434450149536,0.3303335959850464
T25Q,25,0.8243256520000001,4,0.6214226484298706,0.20290300357012947
T25P,25,0.68677712,4,0.7632461190223694,0.07646899902236937
T25W,25,0.656237602,4,0.6776477694511414,0.021410167451141326
T25M,25,0.95117808,4,0.7116959691047668,0.2394821108952332
T25L,25,0.722614822,4,0.6536160707473755,0.06899875125262456
T25K,25,0.596506604,4,0.6665835380554199,0.07007693405541993
T25I,25,0.796406918,4,0.7479440569877625,0.04846286101223751
T25G,25,0.803725951,4,0.7958049178123474,0.007921033187652582
T25N,25,1.151098813,4,0.8209275603294373,0.3301712526705627
L26N,26,0.942032388,0,1.0332242250442505,0.09119183704425049
L26A,26,0.796233938,0,1.1236255168914795,0.3273915788914795
L26K,26,0.595159456,0,0.853522539138794,0.25836308313879397
L26H,26,0.967764614,0,1.0559560060501099,0.08819139205010984
L26G,26,0.7595608290000001,0,1.0726897716522217,0.3131289426522216
L26F,26,0.943160567,0,0.9532373547554016,0.010076787755401662
L26E,26,0.912623646,0,0.983008861541748,0.07038521554174804
L26D,26,0.849882745,0,0.9015271663665771,0.0516444213665771
L26C,26,1.106352697,0,1.0756829977035522,0.030669699296447694
L26M,26,0.769385051,0,0.8748198747634888,0.10543482376348878
L26P,26,1.027967952,0,1.0526189804077148,0.024651028407714826
L26W,26,0.6623051289999999,0,0.8559051752090454,0.19360004620904547
L26V,26,0.767167697,0,1.0948858261108398,0.32771812911083986
L26T,26,0.7444726970000001,0,1.2229392528533936,0.4784665558533935
L26S,26,0.64464666,0,1.0968902111053467,0.45224355110534664
L26Y,26,0.800271175,0,1.043483018875122,0.24321184387512207
L26R,26,0.7946176620000001,0,0.8918592929840088,0.09724163098400873
E27I,27,0.963100774,4,0.9488321542739868,0.014268619726013232
E27G,27,0.94805001,4,0.9720107913017273,0.023960781301727296
E27F,27,0.853035067,4,0.9043810367584229,0.05134596975842287
E27C,27,0.575568383,4,1.1133408546447754,0.5377724716447754
E27A,27,1.321937278,4,1.0413200855255127,0.28061719247448735
E27K,27,0.679874885,4,1.1722197532653809,0.4923448682653808
E27Q,27,0.8770917009999999,4,1.0157344341278076,0.13864273312780773
E27L,27,0.987694337,4,0.8753135800361633,0.11238075696383665
E27M,27,0.747889858,4,0.892393946647644,0.14450408864764408
E27N,27,0.992638184,4,0.9128060936927795,0.0798320903072205
E27W,27,0.841312721,4,0.9172137379646301,0.07590101696463014
E27V,27,0.826220258,4,0.8801236748695374,0.05390341686953737
E27T,27,0.984408553,4,1.1155266761779785,0.13111812317797855
E27S,27,1.116094521,4,0.9498885273933411,0.16620599360665889
E27R,27,0.8900256459999999,4,1.0774633884429932,0.18743774244299327
E27Y,27,1.115637521,4,0.920120120048523,0.19551740095147707
E27P,27,0.722835236,4,1.0406168699264526,0.31778163392645264
E28I,28,0.670632456,0,0.9044160842895508,0.2337836282895508
E28V,28,0.964182799,0,0.8902381658554077,0.07394463314459232
E28W,28,0.968418686,0,0.6945235729217529,0.2738951130782471
E28T,28,0.801525206,0,0.8868640661239624,0.08533886012396241
E28S,28,0.840254033,0,0.9000581502914429,0.05980411729144286
E28R,28,0.851094088,0,0.9227492809295654,0.07165519292956546
E28P,28,0.50975853,0,0.5845676064491272,0.07480907644912715
E28N,28,0.537357428,0,0.9773819446563721,0.4400245166563721
E28L,28,0.902633517,0,0.8911093473434448,0.011524169656555228
E28Y,28,1.165649164,0,0.9959227442741394,0.16972641972586056
E28A,28,0.928468973,0,0.8799166679382324,0.04855230506176755
E28K,28,1.175279329,0,0.9570819735527039,0.21819735544729624
E28D,28,1.385922309,0,1.0766124725341797,0.3093098364658202
E28G,28,1.069868319,0,0.8315559029579163,0.23831241604208375
E28H,28,0.989545246,0,0.8833709955215454,0.10617425047845463
E28C,28,1.156638085,0,0.9915585517883301,0.1650795332116699
W29Y,29,0.572182243,4,0.6960766315460205,0.12389438854602053
W29V,29,0.643162133,4,0.6864612698554993,0.04329913685549924
W29G,29,0.68137323,4,0.647352933883667,0.03402029611633306
W29E,29,0.840539205,4,0.4715670645236969,0.3689721404763031
W29D,29,0.8117724590000001,4,0.5638942122459412,0.2478782467540589
W29C,29,0.650784815,4,0.8448489904403687,0.1940641754403687
W29M,29,0.514470048,4,0.7069554924964905,0.19248544449649052
W29A,29,0.760001044,4,0.6146812438964844,0.14531980010351564
W29H,29,0.88479095,4,0.543122410774231,0.341668539225769
W29K,29,0.350097262,4,0.5568269491195679,0.20672968711956785
W29L,29,0.6255991439999999,4,0.7236579656600952,0.09805882166009527
W29Q,29,0.7748347520000001,4,0.5666824579238892,0.2081522940761109
W29R,29,0.623300752,4,0.6662425994873047,0.042941847487304674
W29S,29,0.725345615,4,0.5770874619483948,0.14825815305160528
W29T,29,0.7599630009999999,4,0.6050646305084229,0.15489837049157706
W29P,29,0.707511254,4,0.394989550113678,0.31252170388632206
Q30T,30,1.003860673,3,0.9411019682884216,0.0627587047115783
Q30V,30,0.981142625,3,0.7302767634391785,0.2508658615608216
Q30I,30,1.017498665,3,0.8346385955810547,0.18286006941894528
Q30H,30,0.879988517,3,0.8166710138320923,0.06331750316790774
Q30G,30,0.928472704,3,0.6877584457397461,0.24071425826025394
Q30S,30,0.929419396,3,0.7961899042129517,0.13322949178704835
Q30E,30,0.954211543,3,0.8170328140258789,0.1371787289741211
Q30D,30,1.054626798,3,0.898033857345581,0.15659294065441887
Q30C,30,1.082421938,3,0.7936720252037048,0.28874991279629514
Q30A,30,0.984150893,3,0.6782153248786926,0.3059355681213074
Q30R,30,0.7977039229999999,3,0.7381428480148315,0.05956107498516838
Q30P,30,0.481860517,3,0.3391701579093933,0.14269035909060668
Q30N,30,0.698376143,3,0.9976072311401367,0.29923108814013677
Q30M,30,1.023099772,3,0.8884747624397278,0.13462500956027212
Q30L,30,0.8773681720000001,3,0.7586843967437744,0.11868377525622564
Q30K,30,0.374850466,3,0.7345572710037231,0.35970680500372315
Q30F,30,0.8934866779999999,3,0.6929975152015686,0.20048916279843132
Q30W,30,0.606794564,3,0.6231163740158081,0.016321810015808125
D31G,31,0.910745089,3,0.9787746667861938,0.0680295777861939
D31L,31,0.743046498,3,0.8736384510993958,0.13059195309939575
D31H,31,0.87194582,3,1.143251895904541,0.27130607590454103
D31M,31,0.784683646,3,0.8825796842575073,0.09789603825750737
D31P,31,0.32219304,3,0.7153974771499634,0.3932044371499634
D31Q,31,0.394097663,3,1.0740540027618408,0.6799563397618409
D31R,31,0.94102016,3,0.8917297124862671,0.049290447513732905
D31S,31,1.071426684,3,1.1419786214828491,0.07055193748284916
D31T,31,1.177519667,3,0.9800071716308594,0.19751249536914073
D31V,31,0.945883174,3,0.8928133249282837,0.0530698490717163
D31W,31,0.667645443,3,0.8534069061279297,0.18576146312792974
D31I,31,1.215045213,3,0.8330687880516052,0.3819764249483948
D31F,31,0.7798818940000001,3,0.8080002665519714,0.02811837255197136
D31C,31,1.225478559,3,0.9709569215774536,0.2545216374225463
D31A,31,1.008743143,3,1.1292479038238525,0.12050476082385253
D31K,31,0.986439712,3,0.9751617312431335,0.01127798075686648
K32R,32,0.98758626,2,0.9829381108283997,0.004648149171600391
K32S,32,0.870893094,2,0.8053802251815796,0.06551286881842044
K32T,32,1.013764926,2,0.7954446077346802,0.21832031826531972
K32V,32,1.06072232,2,0.7562648057937622,0.3044575142062378
K32W,32,0.96914664,2,0.9134249687194824,0.055721671280517526
K32Y,32,1.037521571,2,0.8601335287094116,0.17738804229058847
K32A,32,1.080067562,2,0.8637322187423706,0.21633534325762938
K32C,32,0.7215399029999999,2,0.8419433832168579,0.12040348021685798
K32Q,32,0.839224025,2,0.9833298921585083,0.14410586715850826
K32P,32,0.5637228870000001,2,0.6831076741218567,0.11938478712185663
K32N,32,0.823913536,2,0.8965315222740173,0.07261798627401739
K32M,32,1.04351011,2,0.8943805694580078,0.14912954054199212
K32L,32,0.956074782,2,0.9972832202911377,0.04120843829113774
K32I,32,0.6931028659999999,2,0.7937849164009094,0.1006820504009095
K32H,32,1.032507707,2,0.81458580493927,0.21792190206072992
K32G,32,0.8650544170000001,2,0.7447867393493652,0.12026767765063484
K32F,32,1.1098174159999998,2,0.8977944850921631,0.21202293090783675
K32E,32,0.937705805,2,0.8115124106407166,0.12619339435928345
W33V,33,0.799880114,2,0.66938316822052,0.13049694577948
W33Y,33,0.57516952,2,0.7446138262748718,0.16944430627487184
W33R,33,0.616710931,2,0.681645393371582,0.06493446237158207
W33Q,33,0.825345984,2,0.642257809638977,0.18308817436102298
W33P,33,0.573306105,2,0.6861470937728882,0.11284098877288817
W33N,33,0.355391178,2,0.6233226656913757,0.26793148769137576
W33S,33,0.7256107759999999,2,0.6822468042373657,0.04336397176263418
W33I,33,0.695984052,2,0.6169973611831665,0.07898669081683352
W33G,33,0.753374798,2,0.6749613881111145,0.07841340988888545
W33E,33,0.59009464,2,0.6541049480438232,0.06401030804382324
W33D,33,0.922284108,2,0.7184221148490906,0.20386199315090947
W33C,33,0.8637262840000001,2,0.7529265880584717,0.11079969594152839
W33A,33,0.833716665,2,0.6633809208869934,0.17033574411300656
W33L,33,0.7341049709999999,2,0.6693978309631348,0.06470714003686517
W33T,33,0.63311856,2,0.6379042863845825,0.004785726384582523
W33K,33,0.631630404,2,0.6276805996894836,0.003949804310516392
V34Y,34,0.8060348759999999,3,0.9232063889503479,0.117171512950348
V34E,34,0.774149463,3,1.0700169801712036,0.29586751717120363
V34D,34,0.927940118,3,0.8765852451324463,0.05135487286755369
V34C,34,0.7138163059999999,3,0.9351147413253784,0.22129843532537852
V34A,34,1.0906889240000002,3,1.229731798171997,0.1390428741719969
V34H,34,0.911842301,3,0.9785335063934326,0.06669120539343265
V34I,34,1.26362667,3,0.9294198751449585,0.33420679485504157
V34L,34,0.82085032,3,0.9242967963218689,0.10344647632186887
V34M,34,1.030778573,3,0.9568031430244446,0.0739754299755555
V34N,34,0.644925437,3,1.2481001615524292,0.6031747245524292
V34P,34,0.523626472,3,0.9355378150939941,0.41191134309399413
V34R,34,1.028035806,3,0.887514591217041,0.1405212147829591
V34S,34,1.089493899,3,1.1287572383880615,0.03926333938806148
V34T,34,1.121432922,3,0.9333137273788452,0.1881191946211549
V34W,34,0.749621126,3,0.7865394353866577,0.036918309386657744
V34F,34,1.17464528,3,0.9052817225456238,0.26936355745437623
V34G,34,0.902225086,3,1.0434658527374268,0.1412407667374268
N35Q,35,1.072073388,1,1.0075242519378662,0.06454913606213375
N35L,35,1.087565868,1,1.0198757648468018,0.06769010315319823
N35R,35,0.715182124,1,0.9148549437522888,0.1996728197522888
N35S,35,1.244996379,1,1.0591124296188354,0.1858839493811646
N35T,35,1.095135102,1,1.164844274520874,0.06970917252087405
N35V,35,0.927123097,1,1.1095805168151855,0.1824574198151856
N35W,35,0.987618364,1,0.8435677289962769,0.14405063500372317
N35K,35,0.7415052609999999,1,0.8539255261421204,0.11242026514212045
N35H,35,0.980971392,1,0.9233446717262268,0.057626720273773246
N35G,35,0.968960849,1,0.9706239700317383,0.0016631210317382683
N35E,35,1.173691595,1,1.0539535284042358,0.11973806659576414
N35D,35,0.933658211,1,1.0406028032302856,0.10694459223028563
N35C,35,1.142723946,1,1.2788124084472656,0.13608846244726558
N35A,35,1.135643817,1,1.1401233673095703,0.004479550309570257
N35M,35,1.047386125,1,1.0943106412887573,0.04692451628875727
N35P,35,0.8330664740000001,1,0.49493408203125,0.3381323919687501
G36P,36,0.90935468,2,0.38252490758895874,0.5268297724110412
G36N,36,0.626836642,2,0.9662635326385498,0.3394268906385498
G36M,36,1.045013945,2,0.7197039127349854,0.32531003226501465
G36R,36,1.08617879,2,0.6698476076126099,0.4163311823873901
G36T,36,1.024119641,2,0.6389678120613098,0.38515182893869016
G36A,36,1.092199119,2,0.8253129720687866,0.2668861469312134
G36C,36,1.115250306,2,0.7591153383255005,0.3561349676744996
G36S,36,1.029194498,2,0.8371349573135376,0.19205954068646247
G36F,36,0.8325080220000001,2,0.5828337073326111,0.24967431466738899
G36H,36,1.232150073,2,0.5478323101997375,0.6843177628002624
G36I,36,0.7836705009999999,2,0.3775458335876465,0.4061246674123534
G36K,36,0.886364128,2,0.4127137064933777,0.4736504215066223
G36W,36,1.00827364,2,0.5961633920669556,0.4121102479330445
G36V,36,0.911692262,2,0.4470768868923187,0.46461537510768125
G36Q,36,0.977975686,2,0.8910908699035645,0.0868848160964355
G36E,36,1.105082077,2,0.8453479409217834,0.2597341360782166
G36L,36,0.807099091,2,0.636175811290741,0.17092327970925902
K37Q,37,0.87996548,0,1.2256624698638916,0.34569698986389163
K37A,37,1.010444211,0,1.1660006046295166,0.15555639362951657
K37C,37,0.972228867,0,1.212370753288269,0.24014188628826905
K37D,37,0.7941055290000001,0,1.417084813117981,0.6229792841179809
K37E,37,1.196699229,0,1.0492331981658936,0.14746603083410648
K37F,37,0.697228545,0,1.3057513236999512,0.6085227786999512
K37G,37,1.085109031,0,1.0065202713012695,0.07858875969873047
K37H,37,1.141933838,0,1.2903268337249756,0.14839299572497566
K37L,37,1.06115756,0,1.0491565465927124,0.012001013407287653
K37P,37,0.997958664,0,0.9660559892654419,0.0319026747345581
K37R,37,0.939243256,0,0.9918519258499146,0.052608669849914524
K37M,37,1.146783161,0,1.0500355958938599,0.09674756510614024
K37T,37,1.110420322,0,1.1196287870407104,0.00920846504071049
K37V,37,1.019579131,0,1.1206388473510742,0.10105971635107425
K37W,37,0.889077288,0,1.217498540878296,0.32842125287829593
K37S,37,0.99536009,0,1.2566444873809814,0.2612843973809814
T38L,38,0.993677198,3,0.8716753721237183,0.12200182587628172
T38E,38,0.7441555670000001,3,0.734229326248169,0.009926240751831128
T38F,38,1.009853582,3,0.7333616018295288,0.2764919801704713
T38G,38,0.704527858,3,0.802747905254364,0.09822004725436406
T38K,38,0.882206378,3,0.6869357824325562,0.19527059556744386
T38P,38,0.850677369,3,1.1027790307998657,0.2521016617998657
T38R,38,0.955343315,3,0.6607745289802551,0.2945687860197449
T38S,38,0.925613926,3,0.8876948952674866,0.03791903073251346
T38V,38,0.6980833590000001,3,0.976560115814209,0.2784767568142089
T38W,38,0.885170517,3,0.696977972984314,0.18819254401568608
T38N,38,0.85226393,3,0.7141355276107788,0.1381284023892212
T38Q,38,0.998757119,3,0.7289511561393738,0.2698059628606262
T38A,38,0.879794295,3,0.8994733095169067,0.01967901451690679
T38C,38,0.894992053,3,1.0387942790985107,0.1438022260985108
T38M,38,0.738784485,3,0.8069069385528564,0.0681224535528564
A39Y,39,1.228230428,2,0.9001508355140686,0.32807959248593144
A39W,39,0.823784175,2,0.8236613273620605,0.00012284763793946052
A39V,39,0.8414711709999999,2,0.8936163187026978,0.05214514770269785
A39S,39,1.030258931,2,0.8742684125900269,0.15599051840997324
A39R,39,0.8761366190000001,2,0.8684693574905396,0.00766726150946051
A39Q,39,1.035822045,2,0.9556124210357666,0.08020962396423337
A39P,39,0.944399546,2,0.9830131530761719,0.038613607076171896
A39L,39,1.053075983,2,0.8827787637710571,0.17029721922894292
A39H,39,0.788186145,2,0.8871143460273743,0.09892820102737432
A39G,39,0.989600541,2,0.8311213850975037,0.15847915590249628
A39F,39,1.110242308,2,0.8717378973960876,0.23850441060391225
A39D,39,0.966840076,2,0.8284730315208435,0.1383670444791565
A39E,39,0.433489664,2,0.8763720393180847,0.4428823753180847
A39T,39,1.089412725,2,0.8029996752738953,0.2864130497261048
A39C,39,1.276328092,2,1.120551347732544,0.15577674426745602
F40K,40,0.693695689,4,0.6511257290840149,0.04256995991598511
F40L,40,0.749525242,4,0.7864954471588135,0.03697020515881344
F40M,40,1.000046326,4,0.8319714665412903,0.1680748594587098
F40N,40,0.75587938,4,0.6517904996871948,0.10408888031280517
F40P,40,0.76854361,4,0.7323942184448242,0.036149391555175825
F40Q,40,0.580842235,4,0.684704065322876,0.10386183032287599
F40E,40,0.93514729,4,0.58332359790802,0.35182369209197994
F40C,40,0.7872960940000001,4,0.6886579990386963,0.09863809496130382
F40R,40,0.703345762,4,0.6842448115348816,0.019100950465118394
F40S,40,0.739185491,4,0.6504931449890137,0.0886923460109863
F40T,40,0.7145452459999999,4,0.7494944334030151,0.034949187403015225
F40V,40,0.7503085279999999,4,0.723403811454773,0.02690471654522697
F40W,40,1.0481867459999998,4,0.9545491933822632,0.09363755261773665
F40G,40,0.732654075,4,0.6426252126693726,0.09002886233062746
F40A,40,0.610487306,4,0.7099599838256836,0.09947267782568359
F40I,40,0.7162694940000001,4,0.8233324885368347,0.10706299453683465
H41A,41,0.813636957,1,0.7826473712921143,0.03098958570788579
H41S,41,0.940475809,1,0.7263317108154297,0.21414409818457036
H41C,41,0.975500791,1,0.8008972406387329,0.17460355036126707
H41E,41,0.900131595,1,0.7485713362693787,0.1515602587306213
H41G,41,0.849893654,1,0.7785004377365112,0.07139321626348882
H41K,41,0.356967474,1,0.6814273595809937,0.32445988558099365
H41L,41,0.704964337,1,0.8496138453483582,0.1446495083483581
H41M,41,0.978901947,1,0.9204840660095215,0.05841788099047851
H41N,41,0.782660664,1,0.6419634819030762,0.14069718209692383
H41R,41,0.725664868,1,0.6912956237792969,0.03436924422070309
H41T,41,0.870478353,1,0.7664615511894226,0.10401680181057738
H41Q,41,0.707891864,1,0.7567005157470703,0.048808651747070275
H41W,41,1.089810715,1,0.7290971279144287,0.36071358708557133
H41Y,41,1.039261697,1,0.9752075672149658,0.06405412978503411
H41V,41,0.941057282,1,0.761946439743042,0.17911084225695806
Q42C,42,0.84087866,0,0.9531211256980896,0.1122424656980896
Q42A,42,0.908078217,0,0.9255095720291138,0.01743135502911375
Q42G,42,0.785987608,0,0.9033695459365845,0.11738193793658447
Q42I,42,1.327248652,0,0.9760650992393494,0.3511835527606506
Q42K,42,1.175453728,0,0.8870046138763428,0.28844911412365715
Q42L,42,1.125785297,0,0.886252760887146,0.23953253611285397
Q42E,42,1.284582934,0,0.9011638164520264,0.38341911754797353
Q42M,42,1.194322075,0,0.9067436456680298,0.2875784293319703
Q42P,42,0.75830919,0,0.640961766242981,0.11734742375701901
Q42R,42,0.90905113,0,0.9060581922531128,0.0029929377468872476
Q42S,42,0.880192538,0,0.9750882387161255,0.09489570071612552
Q42V,42,1.001315921,0,0.8800979852676392,0.12121793573236084
Q42W,42,0.8492270959999999,0,0.9617636203765869,0.11253652437658701
Q42D,42,1.0026451790000002,0,1.0764656066894531,0.07382042768945296
Q42F,42,0.875557395,0,1.045210361480713,0.16965296648071293
E43G,43,0.946975045,4,0.9279733896255493,0.019001655374450643
E43W,43,0.743885043,4,0.9806199073791504,0.23673486437915037
E43A,43,1.013489715,4,1.07756769657135,0.06407798157135014
E43H,43,0.23386132,4,0.9097469449043274,0.6758856249043274
E43K,43,0.8554086670000001,4,1.0848524570465088,0.22944379004650872
E43L,43,0.92329073,4,1.0992929935455322,0.17600226354553228
E43M,43,1.029977677,4,1.1026092767715454,0.07263159977154543
E43N,43,0.181864701,4,1.1373670101165771,0.9555023091165772
E43P,43,1.138065775,4,1.0401875972747803,0.09787817772521978
E43R,43,0.970275822,4,0.8974621891975403,0.07281363280245967
E43S,43,0.8277226409999999,4,1.0123320817947388,0.18460944079473884
E43T,43,0.56991909,4,0.9942320585250854,0.4243129685250855
E43Y,43,0.77244577,4,1.0943492650985718,0.32190349509857175
E43C,43,0.991528707,4,1.0039467811584473,0.012418074158447312
E43V,43,0.956675713,4,1.0601154565811157,0.10343974358111574
Q44R,44,0.919387831,3,0.8800066709518433,0.03938116004815673
Q44C,44,1.064431737,3,0.8511843085289001,0.2132474284710999
Q44D,44,1.070390267,3,1.0694143772125244,0.0009758897874756478
Q44E,44,1.093197427,3,1.1033271551132202,0.010129728113220215
Q44F,44,1.149534551,3,0.8538916110992432,0.29564293990075674
Q44G,44,0.96808086,3,0.7305915355682373,0.23748932443176274
Q44K,44,0.70895816,3,1.0097417831420898,0.30078362314208984
Q44L,44,0.794420737,3,0.7611783146858215,0.03324242231417851
Q44M,44,0.953041265,3,0.8183714747428894,0.13466979025711057
Q44P,44,0.858696845,3,0.6232204437255859,0.23547640127441405
Q44A,44,1.1482351,3,0.8080713152885437,0.34016378471145625
Q44S,44,1.021538694,3,0.9307969212532043,0.09074177274679562
Q44V,44,1.171919602,3,0.7303915023803711,0.4415280996196289
Q44W,44,0.789538065,3,0.8404494524002075,0.05091138740020751
Q44T,44,0.934169447,3,0.8344535827636719,0.09971586423632817
G45Y,45,0.8247926109999999,2,0.8808944225311279,0.05610181153112803
G45W,45,0.75032742,2,0.9334621429443359,0.18313472294433597
G45T,45,1.0197123609999998,2,0.7833390831947327,0.23637327780526718
G45S,45,0.699632348,2,0.946183979511261,0.24655163151126103
G45R,45,0.698674598,2,0.8756532669067383,0.1769786689067383
G45Q,45,0.7820836459999999,2,1.063157081604004,0.281073435604004
G45V,45,0.962136106,2,0.9441798329353333,0.01795627306466674
G45N,45,0.6592178679999999,2,0.6709772944450378,0.011759426445037913
G45P,45,0.98597835,2,1.1353713274002075,0.14939297740020752
G45D,45,0.5140012429999999,2,0.9472378492355347,0.4332366062355347
G45E,45,0.750267516,2,0.9249284267425537,0.17466091074255374
G45A,45,0.884148411,2,1.1065149307250977,0.2223665197250977
G45H,45,0.909384292,2,0.8677974343299866,0.041586857670013466
G45I,45,1.086063201,2,0.7720040082931519,0.3140591927068481
G45L,45,1.122581214,2,1.0321763753890991,0.09040483861090087
H46A,46,0.920580162,4,0.7353792190551758,0.18520094294482425
H46C,46,0.303537123,4,0.6269403696060181,0.32340324660601805
H46E,46,0.742183343,4,0.34568431973457336,0.39649902326542663
H46G,46,0.7575145759999999,4,0.6479222774505615,0.10959229854943842
H46L,46,0.6978034959999999,4,0.5922205448150635,0.10558295118493644
H46M,46,0.910000716,4,0.7146404981613159,0.19536021783868407
H46N,46,1.275275088,4,0.9259064197540283,0.34936866824597157
H46Q,46,0.720920373,4,0.6782710552215576,0.042649317778442386
H46R,46,0.7054580579999999,4,0.4916759133338928,0.21378214466610712
H46S,46,1.337112515,4,0.740693986415863,0.596418528584137
H46V,46,0.7818282529999999,4,0.6420465707778931,0.13978168222210685
H46P,46,0.840881117,4,0.5501512289047241,0.2907298880952759
H46Y,46,0.850615828,4,0.8210864067077637,0.029529421292236346
H46W,46,0.998770321,4,0.7095688581466675,0.2892014628533325
Q47W,47,0.961118932,3,0.9251614809036255,0.03595745109637449
Q47V,47,1.334619866,3,0.9455770254135132,0.38904284058648675
Q47T,47,0.944877224,3,0.8432573676109314,0.10161985638906856
Q47S,47,0.8537238000000001,3,0.9490015506744385,0.09527775067443833
Q47R,47,0.941794178,3,1.0517741441726685,0.10997996617266848
Q47P,47,1.169366183,3,0.9450510144233704,0.2243151685766296
Q47N,47,0.957887449,3,0.8814067840576172,0.07648066494238281
Q47I,47,1.231264242,3,1.0862945318222046,0.14496971017779536
Q47G,47,0.911907837,3,0.9001082181930542,0.0117996188069458
Q47F,47,0.940662211,3,0.9932087659835815,0.05254655498358152
Q47E,47,0.975376145,3,0.8872879147529602,0.08808823024703982
Q47D,47,0.841561683,3,0.9921156764030457,0.15055399340304565
Q47C,47,0.8947847659999999,3,0.9263778924942017,0.03159312649420176
Q47L,47,1.12535277,3,0.967261016368866,0.15809175363113392
L48E,48,0.712804489,1,0.5423391461372375,0.1704653428627625
L48D,48,0.689198056,1,0.5653634071350098,0.12383464886499018
L48G,48,0.980042121,1,0.698682427406311,0.28135969359368895
L48I,48,1.316973403,1,0.9657148122787476,0.35125859072125243
L48R,48,0.6764069540000001,1,0.7152575254440308,0.0388505714440307
L48S,48,0.843976425,1,0.7284263372421265,0.11555008775787357
L48T,48,0.872198448,1,0.7669464349746704,0.1052520130253296
L48V,48,0.959243928,1,0.863024115562439,0.09621981243756106
L48F,48,0.35962388,1,0.8029937744140625,0.4433698944140625
L49C,49,0.6054252139999999,2,0.7429713606834412,0.13754614668344123
L49E,49,0.355394114,2,0.20469295978546143,0.15070115421453856
L49G,49,0.530239986,2,0.3613567054271698,0.1688832805728302
L49Y,49,0.720999367,2,0.31328830122947693,0.4077110657705231
L49I,49,0.656053098,2,0.6958816647529602,0.039828566752960204
L49K,49,0.666656115,2,0.1564561128616333,0.5102000021383667
L49R,49,0.413288282,2,0.251639187335968,0.161649094664032
L49Q,49,0.8981242759999999,2,0.29794222116470337,0.6001820548352965
L49S,49,0.79038249,2,0.46556004881858826,0.3248224411814118
L49W,49,0.733150179,2,0.013626337051391602,0.7195238419486084
L49V,49,0.702867558,2,0.7624055743217468,0.05953801632174682
L49T,49,0.605786516,2,0.575628399848938,0.03015811615106201
L49M,49,1.071090665,2,0.8411081433296204,0.2299825216703797
L49A,49,0.650187657,2,0.6598731279373169,0.009685470937316865
K50P,50,0.52634904,1,0.8417580127716064,0.3154089727716064
K50F,50,0.679435839,1,0.9107154607772827,0.23127962177728267
K50G,50,0.8148306,1,1.0273065567016602,0.2124759567016602
K50E,50,1.065826933,1,0.9165045619010925,0.14932237109890756
K50D,50,0.903913639,1,0.9756516218185425,0.07173798281854249
K50C,50,1.057387703,1,1.0984835624694824,0.041095859469482354
K50A,50,0.933160412,1,1.0541741847991943,0.12101377279919434
K50L,50,0.360642343,1,0.9655437469482422,0.6049014039482422
K50M,50,1.021469131,1,1.0326968431472778,0.011227712147277913
K50H,50,0.293793344,1,1.2692179679870605,0.9754246239870605
K50R,50,0.850066366,1,1.148362636566162,0.29829627056616215
K50N,50,1.013310961,1,0.7522209882736206,0.26108997272637935
K50V,50,0.812352128,1,1.0662224292755127,0.2538703012755127
K50W,50,0.775976722,1,0.8556689023971558,0.07969218039715575
K50Y,50,0.978434977,1,1.0649774074554443,0.0865424304554443
K50S,50,0.942563815,1,1.0007786750793457,0.05821486007934573
K50I,50,0.647143979,1,1.0252779722213745,0.37813399322137453
K51R,51,1.157886354,4,0.9446511268615723,0.21323522713842769
K51P,51,0.8370651440000001,4,0.5461753606796265,0.29088978332037363
K51S,51,0.957963043,4,0.9352827668190002,0.02268027618099977
K51T,51,1.137022857,4,0.915378749370575,0.2216441076294251
K51V,51,0.990520409,4,0.7962934374809265,0.19422697151907353
K51W,51,0.791602648,4,0.7827720046043396,0.00883064339566042
K51L,51,1.29619135,4,0.8442080020904541,0.45198334790954586
K51H,51,1.149210114,4,0.8744667172431946,0.27474339675680537
K51A,51,0.941761634,4,0.8701242804527283,0.07163735354727174
K51E,51,1.1325583,4,0.8436481952667236,0.2889101047332763
K51G,51,0.755564527,4,0.8347535133361816,0.07918898633618165
K51M,51,0.59313058,4,0.799582839012146,0.20645225901214603
K51D,51,-0.281478786,4,0.866995096206665,1.1484738822066651
H52S,52,0.912434626,3,0.795428454875946,0.11700617112405398
H52A,52,0.491713216,3,0.753094494342804,0.26138127834280395
H52R,52,1.254600401,3,0.7640743851661682,0.4905260158338318
H52G,52,0.84376967,3,0.7109436988830566,0.1328259711169434
H52I,52,1.007934511,3,0.6752349138259888,0.3326995971740112
H52M,52,0.7372655779999999,3,0.7989197373390198,0.061654159339019854
H52W,52,0.853687775,3,0.8234702944755554,0.030217480524444618
H52V,52,0.739201665,3,0.7740421295166016,0.03484046451660161
H52T,52,0.954168922,3,0.8090169429779053,0.14515197902209476
H52E,52,1.095555812,3,0.7442173957824707,0.35133841621752926
H52D,52,1.011702503,3,0.8161009550094604,0.19560154799053953
L53Y,53,0.8412637759999999,1,1.1416611671447754,0.3003973911447755
L53N,53,0.349066958,1,0.6616253852844238,0.31255842728442385
L53P,53,0.346569832,1,0.3733998239040375,0.026829991904037453
L53D,53,0.617742528,1,0.8043785691261292,0.1866360411261292
L53E,53,0.7725272470000001,1,0.6339935064315796,0.1385337405684205
L53Q,53,0.678553448,1,0.6644635796546936,0.014089868345306344
L53F,53,1.086079668,1,1.183074951171875,0.096995283171875
L53R,53,0.671531113,1,0.601733386516571,0.06979772648342897
L53S,53,0.904681987,1,0.7693541049957275,0.13532788200427248
L53G,53,0.806383121,1,0.6620916724205017,0.14429144857949827
L53H,53,0.7858623709999999,1,0.9405530691146851,0.15469069811468517
L53T,53,0.7311712440000001,1,0.9113132953643799,0.18014205136437977
L53V,53,0.8866727390000001,1,0.9681156277656555,0.08144288876565542
L53W,53,1.03111966,1,0.7670652866363525,0.26405437336364757
L53M,53,1.132795715,1,0.9904528856277466,0.1423428293722535
L53K,53,0.607608611,1,0.46396949887275696,0.143639112127243
L53C,53,0.723469875,1,0.9457614421844482,0.2222915671844482
L53I,53,1.007460909,1,1.071268081665039,0.0638071726650391
D54S,54,1.098083091,3,1.0151622295379639,0.08292086146203603
D54T,54,1.300242284,3,0.944825291633606,0.3554169923663941
D54R,54,0.554731128,3,0.9005072712898254,0.3457761432898254
D54P,54,1.119669044,3,0.9446898102760315,0.1749792337239684
D54M,54,0.354271984,3,0.8018002510070801,0.4475282670070801
D54L,54,0.820952769,3,0.7932053804397583,0.027747388560241726
D54K,54,0.738426135,3,0.7824568152427673,0.04403068024276735
D54G,54,0.876155177,3,0.8476567268371582,0.028498450162841804
D54F,54,0.702349071,3,0.808548092842102,0.10619902184210206
D54A,54,0.892217997,3,0.977724552154541,0.08550655515454098
D54W,54,0.799171925,3,0.7989006042480469,0.0002713207519531302
D54E,54,0.609995168,3,0.9868249297142029,0.3768297617142029
D54I,54,0.501069878,3,0.6899685859680176,0.18889870796801755
T55A,55,0.984158144,1,0.9346544742584229,0.04950366974157716
T55Y,55,0.563126824,1,0.6232667565345764,0.06013993253457639
T55V,55,0.93984946,1,0.8049546480178833,0.13489481198211672
T55R,55,0.426209846,1,0.7527568936347961,0.32654704763479614
T55N,55,0.859149402,1,0.6773860454559326,0.1817633565440674
T55M,55,0.963160502,1,1.0392205715179443,0.0760600695179443
T55L,55,0.973260919,1,0.7882702946662903,0.18499062433370972
T55K,55,0.977485229,1,0.5112223625183105,0.46626286648168946
T55G,55,0.798255064,1,0.8403151035308838,0.042060039530883775
T55F,55,0.866474593,1,0.693533718585968,0.17294087441403194
T55E,55,0.6086250670000001,1,0.6602476835250854,0.051622616525085374
T55D,55,0.922244037,1,0.829627513885498,0.09261652311450197
T55S,55,1.047032369,1,0.8649890422821045,0.18204332671789558
T55C,55,0.877225892,1,0.9510151743888855,0.07378928238888549
F56D,56,0.792125512,0,0.7972104549407959,0.005084942940795867
F56Y,56,1.078607302,0,0.8549266457557678,0.22368065624423217
F56W,56,0.917436192,0,0.8793670535087585,0.038069138491241494
F56G,56,0.780489233,0,0.6958262920379639,0.08466294096203608
F56T,56,0.826268323,0,1.0126328468322754,0.18636452383227542
F56S,56,0.844496397,0,0.8855818510055542,0.04108545400555419
F56V,56,0.991266483,0,1.1356942653656006,0.1444277823656006
F56P,56,0.6002267020000001,0,0.49454623460769653,0.10568046739230352
F56L,56,0.974693583,0,1.0149281024932861,0.04023451949328616
F56K,56,1.197611178,0,0.9679857492446899,0.2296254287553101
F56H,56,0.8152670209999999,0,0.9583864808082581,0.14311945980825813
F56A,56,0.180895976,0,0.9020267724990845,0.7211307964990845
F56C,56,0.910840683,0,1.1329741477966309,0.22213346479663088
F56R,56,0.916572659,0,0.8876686692237854,0.028903989776214556
L57Y,57,0.793296135,1,0.9119386076927185,0.11864247269271855
L57T,57,0.6827096509999999,1,1.1085623502731323,0.4258526992731324
L57G,57,0.933711966,1,0.7950648665428162,0.1386470994571838
K58Y,58,0.944194847,3,1.0043002367019653,0.06010538970196533
K58V,58,1.27025817,3,0.8595917224884033,0.41066644751159664
K58T,58,1.129904768,3,0.9212042093276978,0.2087005586723023
K58L,58,0.755796082,3,0.8522854447364807,0.09648936273648068
K58R,58,1.158716747,3,0.9322410821914673,0.22647566480853265
K58E,58,1.19584621,3,0.9429041147232056,0.25294209527679445
K58S,58,1.110781224,3,0.8501850366592407,0.2605961873407592
G59T,59,0.885129618,1,0.8049653172492981,0.08016430075070191
G59S,59,0.519310602,1,0.8528198003768921,0.3335091983768921
G59R,59,0.846962763,1,0.8045907020568848,0.042372060943115186
G59P,59,0.971478478,1,0.8058157563209534,0.1656627216790466
G59M,59,1.128275454,1,0.8282668590545654,0.3000085949454345
G59L,59,0.947860255,1,0.5969457626342773,0.3509144923657227
G59K,59,0.575804993,1,0.9485193490982056,0.3727143560982056
G59H,59,0.332659803,1,0.9486379027366638,0.6159780997366638
G59E,59,1.350505474,1,0.9133093357086182,0.4371961382913818
G59D,59,1.030494363,1,0.8722083568572998,0.15828600614270028
G59A,59,0.965397077,1,0.8975000381469727,0.06789703885302734
G59V,59,0.858239348,1,0.6908732652664185,0.16736608273358156
G59I,59,0.7454354990000001,1,0.49306753277778625,0.2523679662222138
G59Y,59,0.755329831,1,0.8274255394935608,0.07209570849356084
G59C,59,0.8221077840000001,1,0.9539308547973633,0.13182307079736322
K60H,60,1.055516634,0,0.888239860534668,0.16727677346533198
K60F,60,1.2821095809999998,0,0.6587989330291748,0.623310647970825
K60E,60,0.512605934,0,0.9061158895492554,0.3935099555492554
K60D,60,0.8001330190000001,0,0.9487440586090088,0.14861103960900868
K60C,60,1.095812992,0,0.9541418552398682,0.14167113676013177
K60A,60,0.8235206979999999,0,0.8038349151611328,0.019685782838867127
K60I,60,0.7367924029999999,0,0.6353539824485779,0.10143842055142205
K60G,60,0.7894395209999999,0,0.8159456253051758,0.02650610430517586
K60Y,60,0.973068278,0,0.8235769867897034,0.14949129121029658
K60T,60,1.097305112,0,0.7515852451324463,0.3457198668675536
K60S,60,0.980605921,0,0.8744463324546814,0.1061595885453186
K60R,60,1.080414305,0,1.0433039665222168,0.03711033847778311
K60Q,60,1.099253934,0,1.0033169984817505,0.09593693551824956
K60P,60,0.666364396,0,0.7876988053321838,0.12133440933218387
K60N,60,1.083521014,0,0.9484674334526062,0.1350535805473938
K60V,60,1.029090818,0,0.7844944596290588,0.24459635837094118
K60L,60,0.893988894,0,0.6139072179794312,0.2800816760205689
S61I,61,0.954422222,0,0.8409555554389954,0.11346666656100468
S61P,61,1.002031287,0,1.2980644702911377,0.2960331832911376
S61T,61,1.156564747,0,1.294677495956421,0.1381127489564209
S61K,61,0.658725336,0,1.0211347341537476,0.3624093981537475
S61Q,61,0.663943347,0,1.0326128005981445,0.3686694535981445
S61E,61,1.4149935059999998,0,1.0320420265197754,0.38295147948022445
S61C,61,1.302534354,0,0.823028028011322,0.47950632598867804
S61A,61,1.201722251,0,0.9325204491615295,0.26920180183847053
S61M,61,0.83244257,0,0.998293936252594,0.165851366252594
G62A,62,1.170489569,2,0.8999048471450806,0.27058472185491933
G62C,62,0.734593884,2,0.7767193913459778,0.04212550734597775
G62V,62,0.961559112,2,0.6900386214256287,0.27152049057437133
G62N,62,1.284472613,2,0.93757164478302,0.3469009682169799
G62I,62,0.7041558920000001,2,0.46942445635795593,0.23473143564204413
G62K,62,0.98400927,2,0.8124805092811584,0.1715287607188416
G62L,62,0.781516256,2,0.5878546237945557,0.1936616322054443
G62M,62,1.013717589,2,0.7916037440299988,0.2221138449700013
G62Y,62,0.913438819,2,0.6895222663879395,0.22391655261206056
G62P,62,0.653149577,2,1.0183463096618652,0.36519673266186525
G62Q,62,0.826150244,2,1.0521161556243896,0.22596591162438961
G62R,62,1.13680667,2,0.7210992574691772,0.41570741253082266
G62E,62,0.980127758,2,0.9804931879043579,0.0003654299043579501
G62S,62,0.946978883,2,0.8439693450927734,0.10300953790722656
G62D,62,0.6158459789999999,2,1.0167722702026367,0.4009262912026368
G62T,62,1.070916216,2,0.7943409085273743,0.2765753074726258
G62W,62,0.76968451,2,0.5611358880996704,0.20854862190032963
G62H,62,1.007168939,2,0.7366399168968201,0.27052902210318
G62F,62,0.921558523,2,0.5848551988601685,0.3367033241398315
L63G,63,0.964414283,4,0.5436370968818665,0.42077718611813353
L63F,63,0.98856794,4,0.8349312543869019,0.15363668561309818
L63K,63,0.97377919,4,0.6542321443557739,0.3195470456442261
L63M,63,0.7391207,4,1.024968147277832,0.28584744727783207
L63E,63,0.6753264940000001,4,0.4310256838798523,0.24430081012014782
L63I,63,0.8707766220000001,4,0.9252339601516724,0.05445733815167231
L63N,63,0.82585862,4,0.9438082575798035,0.11794963757980348
L63D,63,0.40452542,4,0.580367922782898,0.17584250278289792
L63Q,63,1.188222863,4,0.8678992390632629,0.3203236239367371
L63A,63,0.986422811,4,0.9189391136169434,0.0674836973830566
L63R,63,0.904882515,4,0.909344494342804,0.004461979342803901
L63S,63,0.870823538,4,1.0464109182357788,0.1755873802357788
L63T,63,0.914477088,4,1.217913031578064,0.3034359435780639
L63V,63,0.927882715,4,0.9664358496665955,0.03855313466659549
L63W,63,0.9589995,4,0.5131441354751587,0.4458553645248413
L63Y,63,0.777756612,4,0.607648491859436,0.17010812014056398
L63C,63,0.6245712720000001,4,1.0177156925201416,0.39314442052014154
R64T,64,0.963537272,0,0.9070924520492554,0.056444819950744574
R64V,64,0.6183485129999999,0,0.6309072971343994,0.012558784134399481
R64W,64,0.255655523,0,0.4950260519981384,0.23937052899813843
R64Y,64,0.433379798,0,0.7481850981712341,0.31480530017123415
R64S,64,0.928949838,0,0.814429759979248,0.11452007802075193
R64P,64,0.2975147589999999,0,0.06000781059265137,0.23750694840734854
R64L,64,0.580996117,0,0.4397284686565399,0.14126764834346006
R64K,64,1.162927547,0,1.0089194774627686,0.15400806953723145
R64I,64,0.280403898,0,0.39313754439353943,0.11273364639353944
R64H,64,1.015047256,0,0.9662434458732605,0.0488038101267394
R64G,64,0.289937369,0,0.654849648475647,0.364912279475647
R64F,64,0.267309438,0,0.5803292393684387,0.3130198013684387
R64E,64,0.3859459979999999,0,0.8077735304832458,0.42182753248324595
R64D,64,0.634066868,0,0.8825836181640625,0.2485167501640625
R64C,64,0.8971391,0,0.8955294489860535,0.0016096510139465003
R64A,64,0.35791139,0,0.8418116569519043,0.4839002669519043
R64M,64,0.322471093,0,0.5151196122169495,0.19264851921694948
R64N,64,0.993788215,0,0.9808074235916138,0.01298079140838626
V65G,65,0.127781722,3,0.04442441463470459,0.0833573073652954
V65R,65,-0.067724641,3,0.04049038887023926,0.10821502987023926
V65W,65,0.591839178,3,0.3607165515422821,0.23112262645771786
V65T,65,0.480546877,3,0.8843960762023926,0.4038491992023926
V65S,65,0.024885631,3,0.38720452785491943,0.3623188968549194
V65Q,65,0.075594863,3,0.07331359386444092,0.0022812691355590803
V65P,65,-0.138496028,3,0.02741098403930664,0.16590701203930663
V65M,65,0.4508106839999999,3,0.7113857865333557,0.2605751025333558
V65N,65,0.446856689,3,0.19358766078948975,0.2532690282105102
V65K,65,0.04379279,3,0.0020693540573120117,0.041723435942687986
V65I,65,0.909376936,3,1.1230485439300537,0.2136716079300537
V65H,65,-0.038364348,3,0.4010622203350067,0.4394265683350067
V65F,65,0.436361943,3,0.6983486413955688,0.2619866983955689
V65E,65,-0.18794096,3,0.09521019458770752,0.2831511545877075
V65A,65,0.7176173929999999,3,0.6011025905609131,0.11651480243908685
V65L,65,0.584648097,3,0.6338046193122864,0.0491565223122864
F66C,66,0.748777318,1,0.6072972416877747,0.14148007631222537
F66E,66,0.32608921,1,0.40819090604782104,0.08210169604782103
F66A,66,0.318642129,1,0.518563985824585,0.19992185682458496
F66D,66,-0.348595734,1,0.31023624539375305,0.658831979393753
F66G,66,0.122789743,1,0.30228278040885925,0.17949303740885925
F66K,66,0.100899155,1,0.16550177335739136,0.06460261835739135
F66H,66,0.2315067,1,0.17641675472259521,0.055089945277404795
F66I,66,0.859013085,1,0.667007327079773,0.192005757920227
F66L,66,0.83542917,1,0.8560786843299866,0.020649514329986518
F66M,66,1.060127439,1,0.7197161912918091,0.34041124770819087
F66N,66,0.170963597,1,0.06532955169677734,0.10563404530322265
F66P,66,-0.097986069,1,0.6182167530059814,0.7162028220059814
F66Q,66,-0.146317751,1,0.17885005474090576,0.32516780574090576
F66R,66,-0.03767219,1,0.08786135911941528,0.12553354911941528
F66S,66,0.152495002,1,0.3494473993778229,0.19695239737782289
F66T,66,-0.044272001,1,0.1827481985092163,0.2270201995092163
F66V,66,0.286215691,1,0.6352161169052124,0.3490004259052124
F66Y,66,0.260489725,1,0.8598232269287109,0.5993335019287109
F66W,66,0.06378556,1,0.8030251860618591,0.7392396260618591
F67G,67,0.0670036909999999,4,0.2857986092567444,0.2187949182567445
F67L,67,0.699556576,4,0.7787497043609619,0.07919312836096193
F67Q,67,0.232912704,4,0.47046422958374023,0.23755152558374024
F67M,67,0.755276756,4,0.9458629488945007,0.19058619289450074
F67P,67,0.112355188,4,-0.08167916536331177,0.19403435336331176
F67R,67,0.028245149,4,-0.0014202594757080078,0.02966540847570801
F67S,67,0.308119287,4,0.3884035646915436,0.08028427769154356
F67T,67,0.539029906,4,0.38818344473838806,0.15084646126161194
F67V,67,0.8547349129999999,4,0.8506901860237122,0.004044726976287771
F67E,67,-0.066223901,4,0.22645819187164307,0.29268209287164304
F67W,67,0.23153904,4,0.5741486549377441,0.3426096149377441
F67C,67,0.625850786,4,0.8774927258491516,0.2516419398491516
F67A,67,0.704781161,4,0.5548795461654663,0.14990161483453368
F67D,67,0.335368834,4,0.08717179298400879,0.24819704101599122
P68E,68,0.005086472,3,0.04210770130157471,0.037021229301574705
P68H,68,0.159791893,3,0.27601611614227295,0.11622422314227296
P68K,68,-0.020134973,3,0.046743810176849365,0.06687878317684937
P68G,68,0.23019272,3,0.3225701153278351,0.0923773953278351
P68Q,68,-0.330240169,3,0.07220226526260376,0.40244243426260373
P68M,68,0.086150381,3,0.4551379978656769,0.3689876168656769
P68L,68,-0.004127895,3,0.4180344045162201,0.4221622995162201
P68R,68,-0.097194497,3,0.242323637008667,0.339518134008667
P68F,68,-0.0468501309999999,3,0.4386909306049347,0.4855410616049346
P68C,68,0.401981486,3,0.6182920336723328,0.21631054767233276
P68A,68,0.603292929,3,0.5141303539276123,0.08916257507238767
P68S,68,0.298435535,3,0.2970532178878784,0.001382317112121556
P68T,68,0.092274726,3,0.5015344619750977,0.4092597359750977
P68V,68,0.096023561,3,0.6596551537513733,0.5636315927513733
P68W,68,0.078931942,3,0.25310128927230835,0.17416934727230834
P68Y,68,0.075609789,3,0.21881747245788574,0.14320768345788576
P68D,68,0.105575234,3,0.07635945081710815,0.02921578318289185
L69T,69,0.7178036320000001,0,0.8540701866149902,0.13626655461499015
L69V,69,0.6761294990000001,0,0.8302983045578003,0.15416880555780021
L69S,69,1.036094234,0,0.6896848678588867,0.3464093661411132
L69E,69,0.644376383,0,0.44836217164993286,0.19601421135006714
L69Q,69,0.609268088,0,0.72148197889328,0.11221389089328004
L69P,69,0.600244798,0,0.6647762060165405,0.06453140801654056
L69N,69,0.891979146,0,0.6115787029266357,0.2804004430733642
L69M,69,1.01119968,0,0.9706015586853027,0.04059812131469731
L69K,69,0.92875173,0,0.570035994052887,0.35871573594711303
L69F,69,0.867483198,0,0.83531653881073,0.032166659189269975
L69H,69,0.829508424,0,0.6466394066810608,0.18286901731893923
L69W,69,0.429876569,0,0.6455190181732178,0.2156424491732178
L69G,69,0.624528406,0,0.7803667187690735,0.15583831276907345
L69A,69,0.691385818,0,0.8140218257904053,0.12263600779040529
L69C,69,0.974158299,0,0.9521448016166687,0.02201349738333125
L69D,69,0.558968153,0,0.5788174271583557,0.01984927415835569
L69R,69,0.763685565,0,0.6114434003829956,0.15224216461700435
L69Y,69,0.679500219,0,0.7106100916862488,0.031109872686248763
L69I,69,0.76744714,0,1.0044920444488525,0.2370449044488525
C70P,70,0.826978312,0,0.13144201040267944,0.6955363015973206
C70Q,70,0.601673692,0,0.33524197340011597,0.266431718599884
C70A,70,0.52324938,0,0.5375596284866333,0.014310248486633315
C70E,70,0.161016844,0,0.26179540157318115,0.10077855757318116
C70F,70,0.40641877,0,0.04861748218536377,0.3578012878146362
C70H,70,0.4101946039999999,0,0.43674856424331665,0.026553960243316743
C70I,70,0.257749587,0,0.24600589275360107,0.011743694246398928
C70G,70,0.683652004,0,0.3512871265411377,0.33236487745886234
C70N,70,0.48266853,0,0.5429187417030334,0.06025021170303346
C70W,70,0.489047635,0,-0.11382317543029785,0.6028708104302978
C70V,70,0.6689042479999999,0,0.292643278837204,0.37626096916279594
C70T,70,0.463046191,0,0.06244736909866333,0.40059882190133667
C70S,70,0.906251509,0,0.48182716965675354,0.4244243393432464
C70R,70,0.680493737,0,0.5513030886650085,0.1291906483349915
C70L,70,0.6324429020000001,0,0.1118585467338562,0.5205843552661439
G71R,71,0.713449882,4,0.7759009599685669,0.06245107796856686
G71W,71,0.5756915770000001,4,0.7832959890365601,0.20760441203656
G71V,71,0.596612839,4,0.8072249293327332,0.2106120903327332
G71T,71,0.335718246,4,0.8481011986732483,0.5123829526732483
G71S,71,0.693195263,4,0.8733048439025879,0.18010958090258788
G71P,71,0.684743772,4,0.6912733316421509,0.006529559642150851
G71D,71,0.522209625,4,0.8516401648521423,0.3294305398521423
G71L,71,0.565012862,4,0.7387542724609375,0.1737414104609375
G71K,71,0.534090152,4,0.7831514477729797,0.24906129577297975
G71I,71,0.549433911,4,0.7707002758979797,0.22126636489797968
G71F,71,0.49973041,4,0.7633282542228699,0.26359784422286986
G71E,71,0.5999012979999999,4,0.8263030648231506,0.22640176682315072
G71N,71,0.664714695,4,0.8383272886276245,0.1736125936276245
G71C,71,0.522633928,4,0.8814907670021057,0.35885683900210574
G71A,71,0.674141854,4,0.8386163115501404,0.16447445755014034
K72W,72,0.354655719,3,0.49743878841400146,0.14278306941400148
K72Q,72,0.918386794,3,0.5608561038970947,0.3575306901029053
K72P,72,0.538285872,3,0.5475393533706665,0.009253481370666505
K72N,72,0.443145276,3,0.5354284644126892,0.09228318841268923
K72T,72,0.7792093590000001,3,0.6029135584831238,0.17629580051687632
K72M,72,0.420656749,3,0.45032909512519836,0.029672346125198368
K72L,72,0.378633681,3,0.47564443945884705,0.09701075845884705
K72H,72,0.73074343,3,0.6289868354797363,0.10175659452026364
K72G,72,0.77013765,3,0.6526603698730469,0.11747728012695313
K72R,72,0.738619625,3,0.7074272036552429,0.031192421344757082
K72V,72,0.452384935,3,0.5444822311401367,0.09209729614013673
K72A,72,0.83989875,3,0.717414915561676,0.122483834438324
K72C,72,0.501604311,3,0.45505282282829285,0.04655148817170718
K72D,72,0.69989271,3,0.34541329741477966,0.3544794125852203
K72E,72,0.680666557,3,0.3023377060890198,0.37832885091098023
A73K,73,0.54844998,3,0.691336989402771,0.142887009402771
A73C,73,1.010780311,3,0.9330791234970093,0.07770118750299071
A73E,73,0.48405513,3,0.6612924933433533,0.17723736334335327
A73I,73,0.361524997,3,0.5559176206588745,0.1943926236588745
A73Y,73,0.589102052,3,0.7420266270637512,0.15292457506375123
A73V,73,0.313198839,3,0.7293644547462463,0.41616561574624633
A73T,73,0.812739366,3,1.0375186204910278,0.22477925449102787
A73S,73,0.226536911,3,0.8763530850410461,0.6498161740410462
A73G,73,0.8066049040000001,3,0.7085018754005432,0.09810302859945685
A73Q,73,0.956803243,3,0.544228196144104,0.41257504685589597
A73N,73,0.8632872709999999,3,1.01432204246521,0.15103477146521005
A73L,73,1.072722717,3,0.44487977027893066,0.6278429467210693
A73W,73,0.5971540329999999,3,0.6390067338943481,0.04185270089434823
A73R,73,0.707401762,3,0.7381123304367065,0.030710568436706498
V74W,74,0.5585349270000001,2,0.8523017168045044,0.2937667898045043
V74T,74,0.797247114,2,0.9451762437820435,0.14792912978204342
V74E,74,0.727032618,2,0.7796924710273743,0.052659853027374304
V74S,74,0.872544861,2,0.836194634437561,0.036350226562438914
V74R,74,0.949383777,2,0.8440909385681152,0.10529283843188475
V74Q,74,0.541276338,2,0.9635441303253174,0.4222677923253174
V74P,74,0.810226612,2,0.8626018166542053,0.05237520465420531
V74M,74,0.738121143,2,0.8888178467750549,0.15069670377505495
V74L,74,0.663329614,2,0.6708884835243225,0.007558869524322498
V74K,74,0.42439599,2,0.9136223793029785,0.4892263893029785
V74I,74,1.228923121,2,0.7216581106185913,0.5072650103814087
V74H,74,0.7914053759999999,2,0.8798595666885376,0.08845419068853766
V74G,74,0.6633993220000001,2,0.8818138241767883,0.21841450217678826
V74D,74,0.915551133,2,0.8360339999198914,0.07951713308010866
V74C,74,0.831443588,2,0.9070231318473816,0.07557954384738164
V74A,74,0.660985642,2,0.9557430744171143,0.2947574324171143
E75F,75,0.52507436,4,0.8602643609046936,0.33519000090469364
E75D,75,0.6895286709999999,4,1.3368432521820068,0.6473145811820069
E75A,75,0.554583236,4,1.156680703163147,0.6020974671631469
E75P,75,0.513758217,4,1.0513384342193604,0.5375802172193603
E75G,75,0.626242724,4,1.079298973083496,0.45305624908349607
E75H,75,0.820508041,4,0.8069764375686646,0.013531603431335415
E75Y,75,0.619784671,4,0.8511000871658325,0.2313154161658325
E75I,75,0.679828232,4,0.9598466753959656,0.2800184433959656
E75K,75,0.646022226,4,0.8489664793014526,0.2029442533014526
E75L,75,0.484122386,4,0.9317547678947449,0.44763238189474486
E75W,75,0.623699076,4,0.7691928148269653,0.14549373882696537
E75M,75,0.8859041529999999,4,1.0795581340789795,0.19365398107897958
E75N,75,0.855512245,4,0.9835328459739685,0.1280206009739685
E75C,75,0.531775024,4,1.1260106563568115,0.5942356323568115
E75Q,75,0.5855118979999999,4,0.961643397808075,0.37613149980807503
E75R,75,0.077222291,4,0.758673369884491,0.681451078884491
E75S,75,0.6640276979999999,4,1.0122339725494385,0.34820627454943853
E75T,75,0.493151126,4,1.0109485387802124,0.5177974127802124
E75V,75,0.7030906109999999,4,1.0713932514190674,0.36830264041906746
M76W,76,0.522570633,4,0.31622371077537537,0.20634692222462458
M76C,76,0.5590716579999999,4,0.9232309460639954,0.36415928806399545
M76Y,76,0.483147285,4,0.546384334564209,0.063237049564209
M76D,76,-0.083007945,4,0.4932970404624939,0.5763049854624939
M76E,76,0.142669408,4,0.4232114553451538,0.2805420473451538
M76F,76,0.209508632,4,0.5379351377487183,0.32842650574871823
M76G,76,0.14025185,4,0.5981332063674927,0.45788135636749266
M76I,76,0.794304786,4,0.7550869584083557,0.03921782759164427
M76K,76,0.1383627469999999,4,0.3858100175857544,0.2474472705857545
M76L,76,0.589518798,4,0.9365001916885376,0.34698139368853764
M76P,76,0.296885619,4,0.5930463671684265,0.2961607481684265
M76Q,76,0.278592723,4,0.7328428030014038,0.4542500800014038
M76R,76,0.141718108,4,0.3605562150478363,0.2188381070478363
M76T,76,0.338968662,4,0.7976199388504028,0.45865127685040286
M76V,76,0.403415002,4,0.793474555015564,0.39005955301556394
M76A,76,0.542332939,4,0.8182383179664612,0.27590537896646117
M76N,76,0.257959719,4,0.6843809485435486,0.4264212295435486
M76S,76,0.143149184,4,0.8167725205421448,0.6736233365421448
K77Y,77,0.484005865,2,0.8126056790351868,0.3285998140351868
K77A,77,1.008137898,2,0.9152470231056213,0.09289087489437864
K77C,77,1.261167252,2,0.9421395063400269,0.31902774565997305
K77E,77,0.568623086,2,0.8106473684310913,0.2420242824310913
K77G,77,0.855657595,2,0.8241589069366455,0.03149868806335454
K77H,77,1.084346009,2,0.9432629346847534,0.1410830743152467
K77I,77,0.410642141,2,0.8394303917884827,0.42878825078848265
K77P,77,0.4910237739999999,2,0.8032673597335815,0.31224358573358163
K77Q,77,0.976944744,2,0.8619582056999207,0.11498653830007932
K77L,77,0.95050096,2,0.839269757270813,0.11123120272918696
K77W,77,0.441910487,2,0.767460823059082,0.325550336059082
K77R,77,0.947680742,2,0.864172101020813,0.08350864097918698
K77S,77,0.784892715,2,0.8482857942581177,0.06339307925811766
K77T,77,0.902081595,2,0.9967989921569824,0.09471739715698246
K77V,77,0.988776566,2,0.8316941857337952,0.1570823802662048
W78P,78,0.268593823,1,0.2983494699001312,0.029755646900131216
W78Q,78,0.653705055,1,0.5001654624938965,0.1535395925061035
W78R,78,0.490737844,1,0.5920205116271973,0.10128266762719729
W78S,78,0.737459682,1,0.633246660232544,0.10421302176745606
W78T,78,0.61274177,1,0.6208261251449585,0.008084355144958533
W78V,78,0.970219923,1,0.6762833595275879,0.29393656347241215
W78L,78,0.729502331,1,0.5729752779006958,0.15652705309930415
W78I,78,0.461693371,1,0.7137887477874756,0.25209537678747557
W78Y,78,0.910678766,1,0.9151216149330139,0.004442848933013943
W78G,78,0.37175362,1,0.5580452680587769,0.18629164805877685
W78M,78,0.757922678,1,0.6804308891296387,0.07749178887036134
W78N,78,0.59750926,1,0.5800882577896118,0.017421002210388226
W78D,78,0.857824266,1,0.6493636965751648,0.20846056942483515
W78C,78,0.907156349,1,0.8112005591392517,0.09595578986074826
W78A,78,0.624860541,1,0.5746476054191589,0.050212935580841056
W78E,78,0.706560195,1,0.516762375831604,0.189797819168396
F79Q,79,0.064432475,2,0.5780705213546753,0.5136380463546752
F79V,79,0.838378482,2,0.8825020790100098,0.044123597010009785
F79Y,79,0.744456333,2,0.7309211492538452,0.01353518374615481
F79W,79,0.66941658,2,0.9099806547164917,0.24056407471649166
F79R,79,-0.017570248,2,0.3879862129688263,0.4055564609688263
F79S,79,0.387355957,2,0.5713167786598206,0.18396082165982058
F79T,79,0.598389898,2,0.6882379055023193,0.08984800750231936
F79P,79,0.050409989,2,0.44649064540863037,0.3960806564086304
F79A,79,0.7582055059999999,2,0.8761506080627441,0.11794510206274422
F79L,79,1.003710976,2,1.0187283754348755,0.015017399434875456
F79E,79,0.08495675,2,0.48119544982910156,0.39623869982910154
F79G,79,0.074583806,2,0.6896114349365234,0.6150276289365234
F79D,79,0.1285838869999999,2,0.24663931131362915,0.11805542431362925
F79C,79,0.511651664,2,0.8589173555374146,0.3472656915374146
F79I,79,0.840336663,2,0.9264389276504517,0.08610226465045168
F79K,79,-0.092204747,2,0.4830784499645233,0.5752831969645233
F79M,79,0.96431738,2,1.2249159812927246,0.2605986012927246
A80H,80,0.529755703,3,0.7234437465667725,0.1936880435667725
A80I,80,0.531389097,3,0.6941244602203369,0.16273536322033688
A80K,80,0.3196402,3,0.6825312376022339,0.3628910376022339
A80W,80,0.309716233,3,0.6105371117591858,0.3008208787591858
A80S,80,0.975080194,3,0.6705290675163269,0.3045511264836731
A80T,80,0.7807782590000001,3,0.5695294737815857,0.2112487852184144
A80V,80,0.979861729,3,0.7164013981819153,0.26346033081808473
A80G,80,0.453088284,3,0.571733832359314,0.11864554835931396
A80F,80,0.6094397420000001,3,0.7222739458084106,0.11283420380841058
A80N,80,1.132398307,3,0.6556622982025146,0.47673600879748546
A80D,80,0.616975351,3,0.5740419030189514,0.04293344798104859
A80R,80,0.423545989,3,0.6842098236083984,0.2606638346083984
A80Q,80,0.509816015,3,0.6921461224555969,0.18233010745559697
A80P,80,0.325687179,3,0.44362860918045044,0.11794143018045045
A80E,80,0.422706186,3,0.6374411582946777,0.21473497229467775
A80M,80,0.890886615,3,0.7436106204986572,0.14727599450134277
A80L,80,0.856225833,3,0.7101913094520569,0.1460345235479431
A80Y,80,0.615863745,3,0.7158622145652771,0.09999846956527714
A80C,80,1.037180917,3,0.8742374181747437,0.16294349882525627
D81V,81,0.58119918,1,0.9186699390411377,0.33747075904113766
D81Q,81,0.897921561,1,1.0767139196395874,0.17879235863958742
D81T,81,0.938723401,1,1.086480736732483,0.14775733573248295
D81P,81,-0.017030179,1,0.6706907153129578,0.6877208943129578
D81N,81,0.864545412,1,0.9487013220787048,0.08415591007870482
D81A,81,0.8490619620000001,1,1.0096172094345093,0.16055524743450922
D81L,81,0.644747327,1,0.8177541494369507,0.17300682243695065
D81R,81,0.7130893909999999,1,0.8289474248886108,0.11585803388861093
D81H,81,0.652514837,1,1.109428882598877,0.45691404559887694
D81W,81,0.522119642,1,0.7928171753883362,0.27069753338833613
D81K,81,0.7080686959999999,1,0.804020881652832,0.09595218565283214
D81S,81,0.980374127,1,1.06754469871521,0.08717057171520992
D81C,81,0.698928806,1,1.1705504655838013,0.4716216595838013
D81M,81,0.652636321,1,0.8861203789710999,0.23348405797109983
D81E,81,1.024610978,1,1.0681489706039429,0.04353799260394298
D81F,81,0.259109634,1,0.7916894555091858,0.5325798215091858
D81G,81,0.6246428239999999,1,0.927386462688446,0.3027436386884461
R82S,82,0.961889268,3,0.49388495087623596,0.468004317123764
R82Q,82,1.145812009,3,0.7314459681510925,0.4143660408489074
R82P,82,-0.0466386129999999,3,0.19799238443374634,0.24463099743374622
R82M,82,0.741670215,3,0.8407618403434753,0.09909162534347538
R82L,82,1.14042191,3,0.8263630867004395,0.3140588232995605
R82K,82,0.899450075,3,0.8933056592941284,0.006144415705871542
R82I,82,0.8718637140000001,3,0.9371411204338074,0.0652774064338073
R82H,82,1.018668396,3,0.753853976726532,0.26481441927346805
R82T,82,0.801589113,3,0.5922003388404846,0.2093887741595154
R82W,82,0.885725742,3,0.7091730237007141,0.17655271829928587
R82V,82,0.780862444,3,0.8056531548500061,0.02479071085000606
R82N,82,0.763986782,3,0.5773023366928101,0.18668444530718997
R82G,82,0.7732177709999999,3,0.5818942785263062,0.19132349247369373
R82F,82,0.7115496459999999,3,0.6942158341407776,0.017333811859222337
R82E,82,0.949258347,3,0.7319714426994324,0.21728690430056763
R82D,82,0.85691384,3,0.5446010828018188,0.3123127571981812
R82C,82,0.847516174,3,0.8321982026100159,0.015317971389984142
R82A,82,0.991729989,3,0.6689149141311646,0.3228150748688354
G83L,83,0.273098535,1,0.6942099928855896,0.4211114578855896
G83A,83,0.4435682589999999,1,0.8222699165344238,0.3787016575344239
G83C,83,0.553855208,1,0.7500311732292175,0.19617596522921754
G83D,83,0.454071679,1,0.818401038646698,0.364329359646698
G83F,83,0.517874348,1,0.7252811193466187,0.20740677134661867
G83I,83,0.2893733619999999,1,0.5531779527664185,0.26380459076641855
G83E,83,0.496315888,1,0.8274756669998169,0.3311597789998169
G83M,83,0.527322928,1,0.8291062712669373,0.30178334326693723
G83Q,83,0.504660914,1,1.107000470161438,0.602339556161438
G83R,83,0.551036571,1,0.8846033215522766,0.3335667505522766
G83S,83,0.757666188,1,0.8638172149658203,0.10615102696582035
G83T,83,0.383740673,1,0.7125433683395386,0.3288026953395386
G83V,83,-0.0232078079999999,1,0.6515408158302307,0.6747486238302306
G83W,83,0.152343902,1,0.6696719527244568,0.5173280507244568
G83K,83,0.44060621,1,0.9626690745353699,0.5220628645353699
H84V,84,0.773993853,2,0.9105398654937744,0.1365460124937744
H84G,84,0.1680734019999999,2,0.6695933938026428,0.501519991802643
H84L,84,0.694931231,2,0.8369685411453247,0.14203731014532472
H84K,84,-0.098788585,2,0.7177975177764893,0.8165861027764892
H84W,84,0.706101558,2,0.7234921455383301,0.017390587538330116
H84I,84,0.533243857,2,0.8923243284225464,0.3590804714225464
H84F,84,1.047640138,2,0.879048764705658,0.16859137329434204
H84S,84,0.539700054,2,0.7992574572563171,0.25955740325631715
H84D,84,0.499187726,2,0.5879705548286438,0.0887828288286438
H84C,84,1.03867197,2,0.8467161655426025,0.19195580445739746
H84A,84,1.072324736,2,0.8019118905067444,0.2704128454932555
H84T,84,0.68207766,2,0.8901199102401733,0.2080422502401733
H84Q,84,0.421945368,2,0.6017470955848694,0.1798017275848694
H84Y,84,0.642822453,2,0.8614203929901123,0.21859793999011234
H84R,84,0.023243876,2,0.6622148156166077,0.6389709396166077
H84E,84,0.076864516,2,0.44616207480430603,0.36929755880430604
H84P,84,0.163120523,2,0.4232686758041382,0.26014815280413817
H84N,84,0.699280085,2,1.0080782175064087,0.30879813250640864
H84M,84,0.932835018,2,0.9780651330947876,0.04523011509478758
S85E,85,1.100556272,0,0.9698744416236877,0.1306818303763122
S85H,85,1.156172307,0,1.1904187202453613,0.03424641324536126
S85I,85,1.007023119,0,1.2377489805221558,0.23072586152215568
S85K,85,0.979250336,0,1.1417593955993652,0.16250905959936524
S85L,85,0.914269858,0,0.8501272797584534,0.06414257824154668
S85G,85,0.527232009,0,0.7935504913330078,0.2663184823330078
S85M,85,0.977915856,0,0.9067198634147644,0.07119599258523557
S85C,85,1.148378035,0,0.9779278635978699,0.17045017140213004
S85Q,85,1.163564886,0,1.3263647556304932,0.1627998696304931
S85R,85,0.810299546,0,1.0613142251968384,0.2510146791968384
S85T,85,0.509671316,0,1.1818792819976807,0.6722079659976806
S85V,85,1.081188531,0,1.177390456199646,0.09620192519964599
S85W,85,0.8636968829999999,0,0.8044310808181763,0.059265802181823646
S85Y,85,1.095453342,0,1.096787452697754,0.0013341106977537986
S85A,85,1.031396953,0,1.1485295295715332,0.1171325765715332
S85P,85,0.653511969,0,0.6998914480209351,0.04637947902093509
S85F,85,1.042691993,0,1.0745511054992676,0.03185911249926754
V86N,86,-0.108885588,2,0.278502494096756,0.387388082096756
V86P,86,0.14633779,2,0.31890177726745605,0.17256398726745606
V86Q,86,-0.030684451,2,0.20068341493606567,0.23136786593606568
V86S,86,0.48198771,2,0.5495091676712036,0.0675214576712036
V86M,86,0.173169878,2,0.42524826526641846,0.25207838726641846
V86T,86,0.5302238810000001,2,0.755906343460083,0.22568246246008294
V86W,86,-0.051720039,2,0.26650550961494446,0.31822554861494445
V86Y,86,0.167166321,2,0.26800671219825745,0.10084039119825744
V86R,86,0.142491129,2,0.3679407835006714,0.2254496545006714
V86L,86,0.227847047,2,0.36066189408302307,0.13281484708302307
V86A,86,0.693419683,2,0.7362005710601807,0.042780888060180655
V86I,86,0.90110014,2,0.59398353099823,0.30711660900177007
V86G,86,0.010533445,2,0.32749542593955994,0.31696198093955996
V86F,86,-0.050254018,2,0.49661022424697876,0.5468642422469787
V86E,86,0.089836943,2,0.002986311912536621,0.08685063108746338
V86D,86,0.221338618,2,0.1295899748802185,0.09174864311978148
V86C,86,0.707254666,2,0.6218597888946533,0.08539487710534666
V86K,86,0.225446705,2,0.3037780821323395,0.07833137713233948
V87P,87,-0.130321974,0,-0.01708298921585083,0.11323898478414918
V87R,87,0.433993857,0,0.5395167469978333,0.10552288999783327
V87S,87,0.925633862,0,0.8569817543029785,0.06865210769702146
V87K,87,0.552743963,0,0.52426677942276,0.02847718357723994
V87M,87,0.73998603,0,1.2149162292480469,0.4749301992480469
V87L,87,0.668689392,0,1.1435514688491821,0.47486207684918214
V87G,87,0.573647,0,0.1278984546661377,0.4457485453338623
V87A,87,1.057103648,0,0.7290972471237183,0.32800640087628175
V87E,87,0.376577159,0,0.1611422896385193,0.2154348693614807
V87D,87,0.431616254,0,0.7475727796554565,0.31595652565545657
V87C,87,0.946554708,0,1.0367889404296875,0.09023423242968753
V87Y,87,0.627918316,0,1.1063514947891235,0.4784331787891235
V87W,87,0.582624155,0,0.5794878602027893,0.0031362947972106703
V87T,87,1.025654398,0,0.7833777666091919,0.24227663139080802
V87F,87,1.027003109,0,1.183906078338623,0.15690296933862302
G88Y,88,0.634877291,4,0.5692656636238098,0.0656116273761902
G88W,88,0.257854543,4,0.5242704153060913,0.2664158723060913
G88V,88,0.010116092,4,0.7191601395606995,0.7090440475606995
G88T,88,0.024956206,4,0.6239309310913086,0.5989747250913086
G88R,88,0.009312682,4,0.6331984400749207,0.6238857580749206
G88Q,88,0.195598255,4,0.4891599714756012,0.2935617164756012
G88S,88,0.4062094470000001,4,0.6100330948829651,0.20382364788296498
G88N,88,0.801895838,4,0.4594871997833252,0.3424086382166748
G88A,88,0.618305048,4,0.9142246246337891,0.2959195766337891
G88D,88,0.15490449,4,0.6241487264633179,0.46924423646331787
G88E,88,0.037050991,4,0.5554215312004089,0.518370540200409
G88F,88,0.256794038,4,0.5678880214691162,0.3110939834691162
G88I,88,0.23814768,4,0.6847341656684875,0.4465864856684876
G88M,88,0.2354204489999999,4,0.6811148524284363,0.44569440342843636
G88L,88,-0.00996584,4,0.6892592310905457,0.6992250710905457
G88P,88,0.6919723529999999,4,0.5727123022079468,0.11926005079205315
G88K,88,0.109162201,4,0.5909420251846313,0.48177982418463133
V89A,89,1.037156937,0,0.6732167601585388,0.3639401768414612
V89N,89,1.120131092,0,0.21966701745986938,0.9004640745401307
V89C,89,1.114549856,0,0.8124057650566101,0.3021440909433899
V89L,89,0.7006309279999999,0,0.8463438749313354,0.14571294693133552
V89E,89,-0.112510229,0,-0.03082752227783203,0.08168270672216797
V89F,89,0.84980812,0,0.6104259490966797,0.23938217090332026
V89P,89,0.1041147509999999,0,-0.09603357315063477,0.20014832415063466
V89M,89,0.696274772,0,0.7318444848060608,0.035569712806060805
V89Q,89,0.675784255,0,0.07364743947982788,0.6021368155201721
V89K,89,-0.030623856,0,0.09686052799224854,0.12748438399224854
V89S,89,0.758962165,0,0.5350239276885986,0.2239382373114014
V89T,89,0.82003893,0,0.4638044834136963,0.35623444658630377
V89W,89,0.600048174,0,0.4851309657096863,0.11491720829031371
V89Y,89,0.4645764229999999,0,0.503384530544281,0.0388081075442811
V89G,89,0.3563191,0,0.024763047695159912,0.3315560523048401
V89R,89,0.25906234,0,0.1567462682723999,0.1023160717276001
E90A,90,0.680515413,3,0.466947078704834,0.21356833429516597
E90C,90,0.804299855,3,0.4585687220096588,0.3457311329903412
E90D,90,1.041070343,3,0.6546172499656677,0.3864530930343322
E90F,90,0.7028788429999999,3,0.3509509265422821,0.3519279164577178
E90G,90,0.76382622,3,0.5126383900642395,0.2511878299357605
E90H,90,0.5792425720000001,3,0.5011109113693237,0.07813166063067634
E90N,90,0.862378722,3,0.4547674059867859,0.4076113160132141
E90M,90,0.777759722,3,0.26801228523254395,0.509747436767456
E90P,90,0.571795784,3,0.42882639169692993,0.14296939230307004
E90Q,90,0.00785705,3,0.4864121675491333,0.4785551175491333
E90R,90,0.565286475,3,0.45143890380859375,0.1138475711914062
E90S,90,0.735238457,3,0.46741047501564026,0.26782798198435975
E90T,90,0.604965871,3,0.3910534381866455,0.21391243281335448
E90W,90,0.89965122,3,0.2801001965999603,0.6195510234000396
E90K,90,0.869076385,3,0.47905197739601135,0.3900244076039886
E90L,90,0.583347973,3,0.3387312889099121,0.24461668409008785
E90V,90,0.774182525,3,0.34905704855918884,0.4251254764408111
I91P,91,0.6315997560000001,1,0.7050694227218628,0.07346966672186273
I91W,91,0.976058087,1,0.8898555040359497,0.08620258296405026
I91V,91,1.125563774,1,0.9060293436050415,0.21953443039495846
I91T,91,0.743785659,1,0.7915172576904297,0.047731598690429644
I91S,91,0.866439165,1,0.7549337148666382,0.11150545013336177
I91R,91,0.645627994,1,0.5766243934631348,0.06900360053686527
I91Q,91,0.916480096,1,0.6700649857521057,0.2464151102478943
I91A,91,0.4545265129999999,1,0.8827219605445862,0.42819544754458627
I91C,91,0.851693912,1,1.0043097734451294,0.1526158614451294
I91D,91,0.596222041,1,0.7766807079315186,0.18045866693151857
I91E,91,0.560671595,1,0.6721962690353394,0.11152467403533939
I91N,91,0.456711239,1,0.6778602004051208,0.22114896140512086
I91M,91,0.658247431,1,0.8900739550590515,0.23182652405905146
I91L,91,0.781105985,1,0.7643573880195618,0.01674859698043818
I91K,91,0.871866622,1,0.6078518629074097,0.2640147590925903
I91H,91,0.764634459,1,0.7484308481216431,0.016203610878356978
I91Y,91,1.135660916,1,1.0491437911987305,0.0865171248012695
I91G,91,0.776385578,1,0.7367523312568665,0.03963324674313351
I91F,91,0.6581491079999999,1,0.9966446161270142,0.33849550812701423
S92V,92,0.566696329,4,0.6437864303588867,0.07709010135888672
S92A,92,0.58155345,4,1.1074419021606445,0.5258884521606445
S92E,92,0.391710984,4,0.6488144397735596,0.2571034557735596
S92F,92,0.291406303,4,0.5778818130493164,0.28647551004931643
S92G,92,0.65759165,4,0.7663096189498901,0.10871796894989016
S92K,92,0.695901256,4,0.6113502383232117,0.0845510176767883
S92L,92,0.471079191,4,0.5865271091461182,0.11544791814611816
S92M,92,0.85440277,4,0.5640029907226562,0.29039977927734373
S92N,92,0.72179932,4,0.9511175751686096,0.2293182551686096
S92P,92,0.331490474,4,0.6763943433761597,0.3449038693761597
S92Q,92,0.377717596,4,0.7167848348617554,0.3390672388617554
S92R,92,0.554012893,4,0.5706480145454407,0.016635121545440668
S92T,92,0.5587505229999999,4,0.9784771800041199,0.41972665700411993
S92Y,92,0.729280658,4,0.6183780431747437,0.11090261482525632
S92W,92,0.513451388,4,0.44831204414367676,0.06513934385632325
E93Q,93,1.111108553,3,0.8414790630340576,0.2696294899659424
E93A,93,1.120127477,3,0.9983486533164978,0.12177882368350224
E93T,93,0.782746389,3,0.8021882772445679,0.01944188824456783
E93W,93,0.761525673,3,0.6047709584236145,0.15675471457638546
E93F,93,0.658455121,3,0.8812596797943115,0.2228045587943115
E93S,93,1.081574028,3,0.8448054194450378,0.23676860855496207
E93R,93,0.96653125,3,0.9907481074333191,0.02421685743331914
E93G,93,0.714200976,3,0.8717908263206482,0.1575898503206482
L94D,94,0.642842375,2,0.8916112184524536,0.24876884345245365
L94E,94,1.072269726,2,0.984629213809967,0.087640512190033
L94A,94,0.8090139820000001,2,1.0189313888549805,0.2099174068549804
L94G,94,0.913030437,2,0.880193829536438,0.032836607463561984
L94K,94,1.448399444,2,1.0002155303955078,0.4481839136044923
L94P,94,0.685386125,2,1.0378153324127197,0.35242920741271977
L94Q,94,1.382178217,2,1.0138225555419922,0.3683556614580079
L94N,94,1.120206325,2,1.2184147834777832,0.09820845847778314
L94S,94,0.728460305,2,1.0717741250991821,0.3433138200991821
L94V,94,1.078500043,2,1.0188146829605103,0.059685360039489765
L94W,94,0.462457829,2,0.8937959671020508,0.4313381381020508
L94Y,94,1.014428676,2,1.0808777809143066,0.06644910491430656
L94R,94,1.08120895,2,0.9599538445472717,0.12125510545272822
L94T,94,1.024030622,2,1.1412158012390137,0.11718517923901373
Q97C,97,1.158664863,2,0.821132242679596,0.3375326203204041
Q97E,97,0.455829921,2,0.8160356283187866,0.3602057073187866
Q97G,97,0.8364230490000001,2,0.8718886375427246,0.035465588542724524
Q97K,97,0.249010988,2,0.7396467328071594,0.49063574480715944
Q97L,97,0.704782295,2,0.9704416990280151,0.26565940402801513
Q97A,97,0.878221325,2,0.9835915565490723,0.10537023154907221
Q97N,97,0.555308241,2,0.6801437139511108,0.12483547295111086
Q97R,97,0.969580229,2,1.0804840326309204,0.11090380363092045
Q97S,97,1.015369057,2,0.8964973092079163,0.11887174779208376
Q97W,97,0.7751277409999999,2,0.7917265892028809,0.016598848202880934
Q97V,97,1.096753262,2,0.9941576719284058,0.10259559007159424
Q97T,97,0.910697768,2,0.8427857160568237,0.06791205194317629
Q97M,97,1.557527375,2,0.6135673522949219,0.9439600227050782
E98A,98,0.727942242,2,0.95964515209198,0.23170291009197996
E98G,98,0.918905965,2,0.8165871500968933,0.10231881490310668
E98N,98,1.229738616,2,0.86557537317276,0.3641632428272399
E98P,98,0.230968725,2,0.34939664602279663,0.11842792102279662
E98R,98,0.8688282959999999,2,1.097970962524414,0.22914266652441417
E98S,98,0.932410506,2,1.0085445642471313,0.07613405824713138
E98V,98,0.512716845,2,0.8024266362190247,0.2897097912190246
E98W,98,0.45838163,2,0.7282437682151794,0.26986213821517946
E98K,98,0.816736702,2,1.150550127029419,0.3338134250294189
E98T,98,1.298930495,2,0.9636001586914062,0.33533033630859377
F99A,99,0.376644301,2,0.5876383185386658,0.21099401753866576
F99D,99,0.074094289,2,0.35640063881874084,0.28230634981874086
F99G,99,0.046185082,2,0.35934555530548096,0.31316047330548097
F99M,99,0.6850137190000001,2,0.7503646016120911,0.06535088261209099
F99Q,99,0.050843127,2,0.4565705955028534,0.4057274685028534
F99R,99,0.116186657,2,0.5067723989486694,0.39058574194866946
F99S,99,0.137917667,2,0.4987753629684448,0.36085769596844486
F99T,99,0.333694471,2,0.49564534425735474,0.16195087325735474
F99W,99,0.961813798,2,0.9114940762519836,0.050319721748016355
F99E,99,0.006225259,2,0.36492466926574707,0.3586994102657471
F99V,99,0.3990178029999999,2,0.6896147131919861,0.2905969101919862
F100R,100,-0.111558857,4,0.3176996409893036,0.4292584979893036
F100M,100,0.993489051,4,0.6519925594329834,0.34149649156701656
F100L,100,0.743389339,4,0.7071968913078308,0.03619244769216923
F100G,100,0.125695796,4,0.29558730125427246,0.16989150525427246
F100E,100,0.057772834,4,0.3310689926147461,0.2732961586147461
F100D,100,0.340549381,4,0.3936583697795868,0.05310898877958681
F100A,100,-0.017775561,4,0.4405616521835327,0.4583372131835327
F100Q,100,0.019575523,4,0.34394097328186035,0.32436545028186037
F100T,100,0.084793712,4,0.41976863145828247,0.3349749194582825
F100S,100,0.294405567,4,0.3692500591278076,0.07484449212780764
F100W,100,0.848176547,4,0.6302367448806763,0.21793980211932373
F100V,100,0.0877513809999999,4,0.5815433859825134,0.4937920049825135
T101G,101,1.023025164,1,0.7358036041259766,0.28722155987402354
T101H,101,0.863284937,1,1.018122911453247,0.1548379744532471
T101I,101,1.100441848,1,0.8054131865501404,0.2950286614498596
T101K,101,1.444354036,1,0.30798062682151794,1.136373409178482
T101L,101,0.7429758870000001,1,0.717613697052002,0.025362189947998104
T101M,101,0.715452305,1,0.990839958190918,0.27538765319091796
T101R,101,1.043145952,1,0.8361369371414185,0.20700901485858147
T101S,101,0.957006594,1,0.9519994258880615,0.005007168111938465
T101V,101,1.1876195,1,0.8869983553886414,0.3006211446113587
T101W,101,0.8328280690000001,1,0.8671303987503052,0.034302329750305116
T101Y,101,0.898749847,1,0.9725265502929688,0.0737767032929687
T101E,101,1.054790574,1,0.9215480089187622,0.13324256508123788
T101D,101,0.7437383390000001,1,0.5278722643852234,0.2158660746147767
E102V,102,1.059076603,1,0.9156309366226196,0.14344566637738043
E102T,102,0.627685139,1,0.9688895344734192,0.3412043954734192
E102S,102,0.981693989,1,0.8728298544883728,0.10886413451162724
E102R,102,0.699602208,1,0.7147335410118103,0.015131333011810355
E102P,102,-0.124315275,1,0.5976164937019348,0.7219317687019349
E102L,102,1.005390955,1,1.0592225790023804,0.053831624002380396
E102G,102,0.821659859,1,0.8320632576942444,0.010403398694244337
E102A,102,0.957644294,1,0.9443826675415039,0.013261626458496045
E102W,102,0.592748223,1,0.8112083673477173,0.21846014434771732
E102M,102,0.4169811020000001,1,1.3259658813476562,0.9089847793476562
Q103R,103,0.739713319,1,0.7354760766029358,0.004237242397064245
Q103I,103,0.970811085,1,0.8520955443382263,0.1187155406617737
Q103K,103,0.7166893809999999,1,0.637112021446228,0.07957735955377188
Q103L,103,0.697961356,1,0.886824369430542,0.18886301343054201
Q103M,103,0.937263867,1,1.1318681240081787,0.19460425700817874
Q103N,103,1.318612113,1,0.914110541343689,0.40450157165631095
Q103P,103,0.280245187,1,0.2502063512802124,0.030038835719787604
Q103E,103,0.54081341,1,0.8418559432029724,0.30104253320297236
Q103S,103,0.941461153,1,0.6266884803771973,0.31477267262280273
Q103T,103,0.733412808,1,0.9291877746582031,0.19577496665820315
Q103G,103,0.875714553,1,0.35633450746536255,0.5193800455346375
Q103W,103,0.960395205,1,0.8455111980438232,0.11488400695617673
Q103Y,103,0.8302446240000001,1,0.7885367274284363,0.04170789657156382
Q103V,103,0.878548915,1,0.9712787866592407,0.09272987165924074
Q103C,103,0.806072494,1,0.8651817440986633,0.0591092500986633
Q103A,103,1.064708317,1,0.602597713470459,0.46211060352954103
Q103D,103,0.6738935840000001,1,0.56764155626297,0.10625202773703013
Q103F,103,1.036046477,1,0.797663152217865,0.23838332478213498
N104Q,104,1.159599808,0,0.8496341705322266,0.3099656374677735
N104V,104,0.7091337870000001,0,0.7393481731414795,0.03021438614147942
N104R,104,0.849926865,0,0.7736973166465759,0.0762295483534241
N104A,104,0.976297603,0,0.8365725874900818,0.13972501550991823
N104C,104,1.103856117,0,0.8985057473182678,0.20535036968173226
N104W,104,0.649229707,0,0.6967315077781677,0.04750180077816768
N104G,104,0.962471342,0,0.8234342336654663,0.13903710833453364
N104L,104,0.7655003779999999,0,0.7567301988601685,0.008770179139831469
N104P,104,-0.143211171,0,0.492195188999176,0.635406359999176
N104E,104,0.921943281,0,0.8677943348884583,0.05414894611154175
L105A,105,0.59903854,3,0.9644597768783569,0.3654212368783569
L105W,105,0.6746811640000001,3,0.8306014537811279,0.15592028978112782
L105F,105,0.558224167,3,0.9393717050552368,0.3811475380552368
L105G,105,0.4333239270000001,3,0.7370693683624268,0.30374544136242665
L105H,105,0.511506244,3,0.8800629377365112,0.36855669373651123
L105K,105,0.418197995,3,0.7130271196365356,0.29482912463653566
L105Q,105,0.978194723,3,0.8548825979232788,0.12331212507672118
L105R,105,0.292580279,3,0.6488291025161743,0.3562488235161743
L105S,105,0.659200771,3,0.8241021037101746,0.1649013327101746
L105T,105,0.975707077,3,0.9325185418128967,0.043188535187103305
L105V,105,1.001206339,3,1.0440062284469604,0.04279988944696056
L105C,105,0.929031941,3,1.0108226537704468,0.0817907127704468
S106W,106,0.935593563,3,1.0024755001068115,0.06688193710681156
S106L,106,0.8839600040000001,3,0.8675687909126282,0.016391213087371903
S106H,106,0.8302251009999999,3,0.9764946699142456,0.1462695689142457
S106G,106,0.995061708,3,0.7647355198860168,0.2303261881139832
S106M,106,0.759597675,3,0.9391997456550598,0.17960207065505984
S106N,106,0.6382889279999999,3,0.7534580826759338,0.11516915467593392
S106E,106,0.983290721,3,0.933687686920166,0.04960303407983402
S106V,106,1.052288069,3,0.9859209060668945,0.06636716293310552
S106A,106,1.192223754,3,0.8627235293388367,0.32950022466116335
S106C,106,0.538471661,3,0.9204638004302979,0.38199213943029786
S106P,106,1.022214102,3,0.8068531155586243,0.2153609864413757
S106D,106,1.152484032,3,0.9917967319488525,0.1606873000511475
S106Q,106,0.920688336,3,0.9496455192565918,0.0289571832565918
S106R,106,0.8983175290000001,3,0.9083766937255859,0.010059164725585878
S106T,106,1.289193868,3,0.7961063385009766,0.49308752949902335
Y107S,107,0.502494855,1,0.5268340706825256,0.024339215682525617
Y107A,107,0.54081823,1,0.6866141557693481,0.1457959257693482
Y107C,107,0.885699737,1,0.8708418607711792,0.014857876228820843
Y107R,107,0.588544823,1,0.39782604575157166,0.19071877724842834
Y107E,107,0.603570705,1,0.3683870732784271,0.23518363172157286
Y107H,107,0.635290928,1,0.6591788530349731,0.023887925034973168
Y107K,107,0.465448125,1,0.5152203440666199,0.04977221906661988
Y107L,107,0.503508149,1,0.7346385717391968,0.23113042273919682
Y107M,107,0.8970014620000001,1,0.7752019762992859,0.1217994857007142
Y107Q,107,0.028021266,1,0.48585647344589233,0.45783520744589234
Y107W,107,0.6852683559999999,1,0.7858008742332458,0.10053251823324594
Y107V,107,0.738049698,1,0.7855327129364014,0.04748301493640139
Y107T,107,0.226724716,1,0.5723011493682861,0.34557643336828614
Y107G,107,0.210264383,1,0.482865571975708,0.272601188975708
S108C,108,0.6873855520000001,0,1.0239360332489014,0.3365504812489013
S108D,108,0.450107841,0,0.9281879663467407,0.4780801253467407
S108A,108,0.8942671809999999,0,0.9556230306625366,0.06135584966253671
S108G,108,0.8426186040000001,0,0.7638347744941711,0.07878382950582896
S108R,108,1.02286623,0,0.8006598353385925,0.22220639466140746
S108M,108,0.890372704,0,0.9667603969573975,0.07638769295739745
S108E,108,0.947984448,0,0.8382314443588257,0.10975300364117435
S108Q,108,0.580069541,0,0.9494713544845581,0.36940181348455814
S108P,108,-0.222172031,0,0.16659003496170044,0.38876206596170043
S108K,108,0.7324011840000001,0,0.7967695593833923,0.06436837538339224
S108Y,108,0.8770281999999999,0,0.8881797194480896,0.011151519448089675
S108W,108,0.992361555,0,0.8972812294960022,0.09508032550399781
S108V,108,1.041419985,0,0.8701541423797607,0.17126584262023936
S108L,108,1.090333328,0,0.9031367301940918,0.18719659780590825
E109A,109,1.168551546,0,1.0798985958099365,0.08865295019006347
E109C,109,1.288333626,0,1.2502433061599731,0.038090319840026865
E109G,109,0.88621228,0,0.7608324289321899,0.12537985106781002
E109H,109,0.5770036820000001,0,0.7701883912086487,0.1931847092086486
E109K,109,1.159474775,0,1.0082753896713257,0.15119938532867438
E109L,109,0.652016213,0,0.8320493698120117,0.1800331568120117
E109Q,109,0.903415366,0,0.8431506156921387,0.06026475030786138
E109S,109,0.50892823,0,0.9342116117477417,0.4252833817477417
E109Y,109,1.198191146,0,0.7907196879386902,0.4074714580613099
E109T,109,0.953618404,0,1.1190317869186401,0.16541338291864016
E109V,109,0.857701541,0,1.0322461128234863,0.17454457182348637
E109W,109,1.054902996,0,0.8358850479125977,0.21901794808740238
E109R,109,1.066268236,0,0.9466792345046997,0.11958900149530027
E110S,110,1.263190004,4,0.8967759013175964,0.3664141026824035
E110W,110,0.872937704,4,0.7514334321022034,0.12150427189779667
E110V,110,0.957663153,4,0.9439296722412109,0.013733480758789107
E110T,110,1.037243895,4,0.9556014537811279,0.0816424412188721
E110R,110,0.8397282840000001,4,0.7966919541358948,0.04303632986410533
E110Q,110,1.268339718,4,1.0361210107803345,0.23221870721966553
E110P,110,0.201582081,4,0.4140854477882385,0.21250336678823853
E110L,110,1.053308483,4,0.7263703346252441,0.32693814837475577
E110K,110,1.209303897,4,0.955752432346344,0.2535514646536561
E110G,110,0.7984870890000001,4,0.8048174977302551,0.006330408730255033
E110C,110,0.918814426,4,0.8259042501449585,0.09291017585504147
E110A,110,0.91015449,4,0.9021994471549988,0.007955042845001259
E110M,110,1.08768326,4,0.7365304827690125,0.3511527772309875
P111G,111,0.995157849,2,0.7208658456802368,0.2742920033197632
P111A,111,1.209633942,2,0.9639075994491577,0.24572634255084225
P111D,111,1.108677369,2,0.9258044362068176,0.1828729327931824
P111E,111,1.101823323,2,0.933314859867096,0.16850846313290413
P111H,111,1.368589237,2,1.0942065715789795,0.2743826654210204
P111T,111,0.952037103,2,1.0184286832809448,0.06639158028094483
P111I,111,1.238227397,2,1.065403699874878,0.17282369712512202
P111S,111,0.8205831709999999,2,1.0485122203826904,0.22792904938269054
P111V,111,1.068787366,2,1.0171499252319336,0.05163744076806642
P111W,111,0.73052674,2,0.9733232855796814,0.24279654557968144
P111Y,111,0.757158212,2,1.0632448196411133,0.3060866076411133
P111Q,111,0.994599447,2,0.9653952121734619,0.02920423482653811
P111M,111,1.011382839,2,0.9267944693565369,0.08458836964346306
P111K,111,0.8302280009999999,2,0.9071563482284546,0.07692834722845465
P111R,111,1.096706717,2,0.9042049646377563,0.19250175236224365
I112Y,112,0.8779130740000001,2,0.8243421912193298,0.05357088278067024
I112W,112,0.74572353,2,0.8693006038665771,0.12357707386657713
I112R,112,0.587452548,2,0.7249392867088318,0.13748673870883177
I112Q,112,0.617345142,2,0.8505944609642029,0.23324931896420287
I112P,112,0.394147082,2,0.49449628591537476,0.10034920391537477
I112N,112,1.26455778,2,0.8747275471687317,0.3898302328312684
I112G,112,0.688952117,2,0.765737771987915,0.07678565498791501
I112F,112,0.7805690940000001,2,0.8642340898513794,0.08366499585137932
I112E,112,0.382373222,2,0.7455528974533081,0.3631796754533081
I112C,112,0.321947834,2,0.8150466084480286,0.4930987744480286
I112V,112,0.988918897,2,0.9240517616271973,0.06486713537280275
I112A,112,0.722588973,2,0.8202953934669495,0.09770642046694944
T113Q,113,0.946503747,4,0.8476424217224121,0.09886132527758784
T113V,113,0.926773885,4,0.8928127884864807,0.03396109651351931
T113P,113,1.012535145,4,0.8059686422348022,0.20656650276519772
T113N,113,0.889885369,4,0.851593554019928,0.03829181498007206
T113R,113,0.936979291,4,0.9423027038574219,0.005323412857421883
T113W,113,1.008587044,4,0.8156142830848694,0.1929727609151306
T113K,113,0.111547721,4,0.9851780533790588,0.8736303323790588
T113I,113,0.644271546,4,0.8882165551185608,0.24394500911856076
T113S,113,1.149590669,4,0.910325288772583,0.23926538022741695
T113F,113,0.808273445,4,0.848402202129364,0.040128757129364034
T113E,113,1.074851595,4,0.8430245518684387,0.23182704313156122
T113M,113,1.120373301,4,0.9788139462471008,0.14155935475289927
T113L,113,0.894651055,4,0.899483323097229,0.004832268097229031
T113A,113,0.8181145059999999,4,1.0319560766220093,0.21384157062200937
T113D,113,1.126273166,4,0.7432952523231506,0.3829779136768494
T113G,113,0.99307854,4,0.8986091613769531,0.09446937862304683
E114Y,114,0.8221772940000001,3,0.5958937406539917,0.22628355334600836
E114W,114,0.6934523570000001,3,0.7761248350143433,0.08267247801434319
E114V,114,0.686673678,3,0.8253600001335144,0.1386863221335144
E114T,114,0.8923045559999999,3,0.7607563734054565,0.13154818259454337
E114S,114,1.086163973,3,0.8366554975509644,0.24950847544903554
E114Q,114,0.958631543,3,0.8649530410766602,0.09367850192333982
E114M,114,0.7306630340000001,3,0.7976925373077393,0.06702950330773916
E114L,114,0.806209327,3,0.8062909245491028,8.159754910275208e-05
E114K,114,0.902073739,3,0.602301299571991,0.299772439428009
E114G,114,1.034725595,3,0.8758440017700195,0.15888159322998052
E114F,114,0.77774087,3,0.7662917375564575,0.011449132443542509
E114D,114,1.079041007,3,0.8623454570770264,0.21669554992297368
E114C,114,1.024539319,3,0.8172022104263306,0.2073371085736695
E114R,114,0.724624623,3,0.921615719795227,0.19699109679522708
E114I,114,0.429154745,3,0.7770352363586426,0.3478804913586426
E114A,114,1.2287090509999998,3,0.8726614117622375,0.3560476392377623
I115M,115,1.008122108,1,0.991888701915741,0.01623340608425905
I115K,115,1.133367836,1,0.9090569019317627,0.2243109340682372
I115G,115,0.8851045120000001,1,0.865986704826355,0.019117807173645085
I115R,115,0.76317516,1,0.9598385095596313,0.19666334955963138
P116T,116,0.2617694989999999,4,0.8973380327224731,0.6355685337224732
P116S,116,1.081131952,4,0.8167405724525452,0.26439137954745484
P116A,116,0.7629031559999999,4,0.876886248588562,0.1139830925885621
P116E,116,0.8307780309999999,4,0.7135941386222839,0.11718389237771598
P116G,116,0.774366373,4,0.7919308543205261,0.017564481320526126
P116D,116,1.029883953,4,0.6640467643737793,0.3658371886262206
P116K,116,0.757085157,4,0.8577451109886169,0.10065995398861693
P116L,116,0.967893742,4,0.736871063709259,0.23102267829074097
P116M,116,0.8873577159999999,4,0.8360909223556519,0.05126679364434805
P116N,116,0.798706012,4,0.8148748874664307,0.016168875466430643
P116R,116,0.866110465,4,0.9312921166419983,0.0651816516419983
P116W,116,0.6697759329999999,4,0.7148895859718323,0.04511365297183234
P116V,116,0.995438783,4,0.774784505367279,0.22065427763272094
P116H,116,0.957915718,4,0.8531230092048645,0.10479270879513547
T118E,118,0.968561259,3,0.43081653118133545,0.5377447278186646
T118K,118,0.935110089,3,0.5438910126686096,0.3912190763313904
T118P,118,0.914555342,3,0.5012351274490356,0.41332021455096435
T118L,118,0.740609471,3,0.8983443379402161,0.1577348669402161
T118Q,118,0.431430156,3,0.6461203098297119,0.2146901538297119
T118M,118,1.028596151,3,0.8853316903114319,0.14326446068856802
T118G,118,1.0794473759999998,3,0.8735077381134033,0.20593963788659653
T118R,118,1.075945956,3,0.6308070421218872,0.4451389138781128
T118F,118,0.821936138,3,0.6665911674499512,0.1553449705500488
T118V,118,1.102547436,3,0.9583597183227539,0.14418771767724614
T118C,118,0.664138517,3,0.883994460105896,0.21985594310589596
T118A,118,0.926080768,3,0.9198129177093506,0.006267850290649468
T118S,118,1.1260705359999998,3,0.9073880910873413,0.21868244491265854
T118W,118,0.566295592,3,0.796940803527832,0.23064521152783202
K119L,119,0.436804662,1,0.7369590997695923,0.3001544377695923
K119M,119,0.68244842,1,0.7303233742713928,0.04787495427139288
K119N,119,0.581489331,1,0.7377458214759827,0.15625649047598267
K119P,119,0.107780174,1,0.4241313338279724,0.3163511598279724
K119E,119,0.306043937,1,0.6158024668693542,0.30975852986935426
K119R,119,0.81886623,1,1.022327184677124,0.203460954677124
K119S,119,0.917280608,1,0.8710863590240479,0.046194248975952146
K119T,119,0.935183029,1,0.7349002361297607,0.2002827928702393
K119V,119,0.586869996,1,0.8038766980171204,0.21700670201712036
K119W,119,0.611573067,1,0.7561393976211548,0.14456633062115476
K119Y,119,0.782340266,1,0.7817748188972473,0.0005654471027526364
K119G,119,0.438653156,1,0.6688101887702942,0.2301570327702942
K119Q,119,0.75738944,1,0.8755249977111816,0.11813555771118167
K119A,119,0.712084852,1,0.8024598956108093,0.09037504361080928
K119C,119,0.787917696,1,0.9966132640838623,0.20869556808386236
V120W,120,0.580382445,3,0.6533970832824707,0.07301463828247068
V120L,120,0.7319386440000001,3,0.7978739142417908,0.06593527024179069
V120I,120,0.7555648490000001,3,1.0066972970962524,0.25113244809625235
V120G,120,0.453207831,3,0.6476856470108032,0.19447781601080322
V120F,120,0.8325521659999999,3,0.5895146727561951,0.24303749324380486
V120E,120,0.468481881,3,0.42683693766593933,0.04164494333406066
V120D,120,0.147098822,3,0.061261117458343506,0.08583770454165648
V120C,120,0.878196742,3,0.7941172122955322,0.08407952970446775
V120A,120,0.936949615,3,0.8848053216934204,0.05214429330657955
V120Q,120,0.946189695,3,0.7977296113967896,0.1484600836032105
V120R,120,0.808562442,3,0.7858444452285767,0.022717996771423388
V120S,120,0.846247264,3,0.7262630462646484,0.11998421773535162
V120T,120,0.941493406,3,0.8378118872642517,0.10368151873574827
F121Y,121,1.007462839,2,0.9774408936500549,0.030021945349945067
F121W,121,0.679499245,2,1.0188002586364746,0.3393010136364746
F121V,121,0.692736215,2,0.7581382393836975,0.06540202438369747
F121S,121,0.179098753,2,0.6252583861351013,0.4461596331351013
F121T,121,0.140270893,2,0.517470121383667,0.377199228383667
F121A,121,0.568239064,2,0.7009021043777466,0.13266304037774657
F121R,121,0.266472179,2,0.605272650718689,0.338800471718689
F121C,121,1.188875305,2,0.7027125954627991,0.486162709537201
F121D,121,0.65932383,2,0.43454086780548096,0.2247829621945191
F121G,121,0.043888102,2,0.3753845691680908,0.33149646716809084
F121H,121,0.245694688,2,0.972234845161438,0.726540157161438
F121E,121,-0.120171195,2,0.6561903357505798,0.7763615307505798
F121K,121,0.4621286779999999,2,0.7251065969467163,0.2629779189467164
F121L,121,0.816671465,2,0.9023773074150085,0.08570584241500856
F121N,121,0.265664405,2,0.6109664440155029,0.34530203901550294
F121P,121,-0.380088325,2,0.20590108633041382,0.5859894113304138
F121I,121,0.708917358,2,0.8181285262107849,0.10921116821078491
K122R,122,0.965115351,0,1.07242751121521,0.10731216021520995
K122P,122,0.3703778929999999,0,0.2798641324043274,0.09051376059567251
K122A,122,0.545087014,0,1.149682879447937,0.604595865447937
K122Q,122,0.956860233,0,0.9847018718719482,0.027841638871948238
K122S,122,0.869291708,0,1.0253738164901733,0.15608210849017334
K122C,122,0.87182333,0,1.396831750869751,0.525008420869751
K122V,122,1.006365823,0,1.1606395244598389,0.15427370145983876
K122W,122,0.6032837289999999,0,0.868532657623291,0.2652489286232911
K122Y,122,0.843062005,0,1.0244758129119873,0.18141380791198736
K122N,122,0.63062517,0,0.7012317180633545,0.07060654806335454
K122T,122,1.049894498,0,0.9928548336029053,0.057039664397094736
K122M,122,0.71086716,0,0.8037915229797363,0.09292436297973627
K122F,122,0.800606418,0,1.0648131370544434,0.2642067190544434
K122D,122,0.053636719,0,0.8565172553062439,0.8028805363062439
K122E,122,0.529665857,0,0.9523433446884155,0.4226774876884155
K122G,122,0.50892448,0,0.615637481212616,0.10671300121261595
K122H,122,0.33817578,0,1.1695069074630737,0.8313311274630737
K122I,122,1.165175117,0,0.8591358661651611,0.30603925083483885
K122L,122,0.74568242,0,1.086135983467102,0.3404535634671021
S123R,123,0.148026268,4,0.675235390663147,0.527209122663147
S123Y,123,0.695645121,4,1.0209380388259888,0.3252929178259888
S123A,123,0.660565771,4,0.8321055173873901,0.1715397463873901
S123E,123,1.052478689,4,0.7073999047279358,0.3450787842720642
S123V,123,0.540319065,4,0.7787702679634094,0.23845120296340938
S123W,123,0.65375618,4,0.7930000424385071,0.13924386243850706
S123P,123,0.105589043,4,0.646224319934845,0.540635276934845
S123M,123,0.330440583,4,0.7785332798957825,0.44809269689578246
S123L,123,0.007717462,4,0.7196897864341736,0.7119723244341736
S123G,123,0.939442529,4,0.6321752071380615,0.3072673218619385
S124F,124,0.878673006,2,0.7081522345542908,0.1705207714457092
S124N,124,0.576369555,2,0.8874378204345703,0.31106826543457033
S124P,124,1.155961028,2,0.8554834127426147,0.30047761525738514
S124L,124,0.93456585,2,0.8720908164978027,0.0624750335021973
S124K,124,1.207311992,2,0.7589411735534668,0.44837081844653315
S124I,124,0.937546776,2,0.7843935489654541,0.15315322703454592
S124A,124,1.110310947,2,0.9918816089630127,0.11842933803698741
S124D,124,1.0778696490000002,2,1.1044907569885254,0.02662110798852524
S124Y,124,0.996411403,2,0.7182992100715637,0.27811219292843625
S124W,124,0.900435975,2,0.7533868551254272,0.1470491198745728
S124V,124,1.10059832,2,0.9683378338813782,0.13226048611862185
S124H,124,0.849315145,2,1.0014591217041016,0.1521439767041015
S124Q,124,1.2217755609999998,2,1.0593421459197998,0.16243341508020004
S124E,124,0.832002193,2,0.9774492979049683,0.14544710490496826
S124G,124,1.075064775,2,0.6719837188720703,0.40308105612792966
S124R,124,0.7338547320000001,2,0.7490933537483215,0.015238621748321468
S125Q,125,0.871203242,1,0.7278702855110168,0.14333295648898314
S125A,125,0.827444438,1,0.9960392713546753,0.1685948333546753
S125L,125,1.007647745,1,0.74639493227005,0.26125281272995005
S125E,125,0.994671549,1,0.9333838820457458,0.06128766695425414
S125G,125,0.801125847,1,1.070786952972412,0.2696611059724121
S125K,125,0.8920599909999999,1,0.6676439642906189,0.224416026709381
S125W,125,1.112026132,1,0.7515200972557068,0.3605060347442932
S125V,125,0.917957409,1,1.0410935878753662,0.12313617887536621
S125T,125,1.242813521,1,1.203709602355957,0.039103918644042945
S125R,125,0.591509399,1,0.7425482273101807,0.15103882831018067
S125C,125,1.092673452,1,1.160143256187439,0.06746980418743886
G126E,126,0.802536412,2,0.6355336904525757,0.16700272154742435
G126C,126,1.020476273,2,0.702027440071106,0.31844883292889414
G126Y,126,0.812249152,2,0.4743138253688812,0.3379353266311188
G126F,126,0.816455322,2,0.5431677103042603,0.2732876116957398
G126R,126,0.781014889,2,0.7106467485427856,0.0703681404572144
G126V,126,0.7357114790000001,2,0.6757746338844299,0.05993684511557018
G126W,126,0.531272391,2,0.6712023019790649,0.13992991097906493
N127C,127,0.942902901,0,1.2012778520584106,0.2583749510584107
N127E,127,1.004794983,0,0.7709277272224426,0.2338672557775574
N127F,127,0.76670739,0,0.9056011438369751,0.1388937538369751
N127G,127,0.764228149,0,0.8669830560684204,0.10275490706842039
N127I,127,0.641558556,0,0.7827534079551697,0.14119485195516968
N127L,127,0.975602299,0,0.9234361052513123,0.052166193748687695
N127V,127,0.8599130140000001,0,0.9088294506072998,0.04891643660729972
N127R,127,0.998579398,0,0.8233816623687744,0.17519773563122554
N127S,127,1.305198269,0,0.861128032207489,0.4440702367925109
N127Y,127,1.00534637,0,0.8285147547721863,0.17683161522781377
N127A,127,0.74960265,0,1.0154460668563843,0.26584341685638424
I128A,128,0.335191666,0,0.5531762838363647,0.21798461783636475
I128Y,128,0.552149355,0,0.5290811657905579,0.02306818920944209
I128W,128,0.149180869,0,0.44873273372650146,0.29955186472650147
I128V,128,1.012761381,0,0.8496105670928955,0.1631508139071045
I128T,128,0.1729281319999999,0,0.4522435665130615,0.2793154345130616
I128S,128,0.164465476,0,0.17610418796539307,0.011638711965393067
I128R,128,0.118515339,0,-0.01530301570892334,0.13381835470892334
I128P,128,0.3040622089999999,0,0.06414139270782471,0.2399208162921752
I128M,128,0.728536022,0,0.6957221031188965,0.03281391888110352
I128L,128,0.738383076,0,0.7348066568374634,0.0035764191625365926
I128K,128,-0.154900074,0,0.15616309642791748,0.3110631704279175
I128H,128,0.1901104589999999,0,0.4213610291481018,0.2312505701481019
I128G,128,0.059733759,0,-0.00550997257232666,0.06524373157232666
I128F,128,0.551402314,0,0.8074092864990234,0.2560069724990235
I128E,128,0.190058238,0,-0.02182835340499878,0.21188659140499877
I128D,128,-0.047180836,0,-0.010059535503387451,0.037121300496612546
I128N,128,-0.009880142,0,-0.015253186225891113,0.0053730442258911135
I128C,128,0.634910425,0,0.6964231729507446,0.061512747950744684
S129C,129,0.6341313120000001,1,1.000558853149414,0.366427541149414
S129M,129,0.7461086809999999,1,0.8986853361129761,0.15257665511297613
S129V,129,0.92273686,1,0.6585639715194702,0.2641728884805298
S129R,129,0.897678795,1,0.8326516151428223,0.06502717985717776
S129P,129,0.059876242,1,0.3305533826351166,0.27067714063511655
S129N,129,0.949614538,1,0.9180161356925964,0.03159840230740352
S129L,129,0.781452923,1,0.8946290016174316,0.11317607861743162
S129K,129,1.187849869,1,0.9328670501708984,0.25498281882910145
S129W,129,1.229139152,1,0.8441587090492249,0.38498044295077505
S129I,129,1.047120333,1,0.6671720147132874,0.3799483182867127
S129G,129,0.588451591,1,0.7345990538597107,0.1461474628597107
S129F,129,0.608919574,1,0.8238375782966614,0.2149180042966614
S129E,129,0.8248885440000001,1,0.7965231537818909,0.028365390218109243
S129D,129,0.7935548579999999,1,0.9147214889526367,0.1211666309526368
S129A,129,1.212606577,1,0.9849439263343811,0.22766265066561897
S129H,129,1.467040197,1,1.0629632472991943,0.40407694970080565
L130I,130,0.842021501,2,0.8767364025115967,0.03471490151159673
L130K,130,0.086315951,2,0.2020026445388794,0.11568669353887939
L130G,130,0.032457362,2,0.3820762038230896,0.3496188418230896
L130M,130,0.8916395890000001,2,0.883703351020813,0.007936237979187077
L130E,130,0.023363911,2,0.08366519212722778,0.06030128112722778
L130P,130,0.293088673,2,0.3641926944255829,0.07110402142558286
L130D,130,-0.156676191,2,0.032592058181762695,0.1892682491817627
L130F,130,0.849222547,2,0.6362538933753967,0.21296865362460327
L130R,130,0.19980743,2,0.2518414855003357,0.052034055500335685
L130S,130,-0.028143189,2,0.2849732041358948,0.3131163931358948
L130T,130,0.282731574,2,0.3634950518608093,0.08076347786080934
L130V,130,1.10033117,2,0.8022115230560303,0.29811964694396975
L130W,130,0.294200706,2,0.2901664078235626,0.0040342981764373564
L130A,130,0.498265051,2,0.7242451906204224,0.22598013962042235
Y131W,131,0.8218662170000001,0,0.7142099738121033,0.1076562431878968
Y131V,131,0.543668886,0,0.7085298895835876,0.16486100358358768
Y131T,131,0.133867645,0,0.29121342301368713,0.15734577801368713
Y131S,131,0.07317947,0,0.3473737835884094,0.2741943135884094
Y131R,131,0.114924076,0,0.360606849193573,0.245682773193573
Y131P,131,-0.069617774,0,0.023268699645996094,0.09288647364599609
Y131M,131,0.858334934,0,0.6332165002822876,0.22511843371771245
Y131L,131,1.129506915,0,0.7947211861610413,0.33478572883895863
Y131K,131,-0.1679439039999999,0,0.32268470525741577,0.4906286092574157
Y131H,131,0.874782915,0,0.733944296836853,0.14083861816314702
Y131G,131,0.051872079,0,0.18256020545959473,0.1306881264595947
Y131E,131,-0.152517999,0,0.0798526406288147,0.23237063962881468
Y131C,131,0.611355569,0,0.9202747941017151,0.3089192251017151
Y131A,131,0.291488328,0,0.3385722041130066,0.04708387611300657
Y131I,131,1.031468986,0,0.7792682647705078,0.2522007212294921
C132Y,132,0.417266412,4,0.7898542284965515,0.37258781649655154
C132W,132,0.641004814,4,0.5856519937515259,0.0553528202484741
C132V,132,0.628884682,4,0.685795247554779,0.056910565554779025
C132S,132,0.910517216,4,0.8104468584060669,0.10007035759393312
C132R,132,1.0015523240000002,4,0.5404725074768066,0.4610798165231935
C132Q,132,1.456350735,4,0.9168674945831299,0.5394832404168701
C132L,132,0.741143815,4,0.7376785278320312,0.003465287167968789
C132F,132,0.4350724929999999,4,0.5139385461807251,0.0788660531807252
C132D,132,0.448581114,4,0.3930475115776062,0.0555336024223938
C132A,132,1.07748794,4,0.7766183614730835,0.3008695785269164
C132G,132,0.8633297679999999,4,0.7259472012519836,0.1373825667480163
C133H,133,0.348741319,4,0.441480815410614,0.09273949641061402
C133G,133,0.746832092,4,0.8648388385772705,0.1180067465772705
C133I,133,1.010430635,4,0.7026499509811401,0.30778068401885994
C133K,133,-0.045243664,4,0.742419958114624,0.787663622114624
C133L,133,0.951264017,4,0.6425002813339233,0.3087637356660766
C133M,133,0.803223357,4,0.7358967661857605,0.06732659081423953
C133N,133,0.17374645,4,0.46559256315231323,0.29184611315231324
C133Q,133,0.510490859,4,0.8333277106285095,0.3228368516285095
C133F,133,0.551968922,4,0.4331842064857483,0.11878471551425174
C133R,133,0.10173833,4,0.6852392554283142,0.5835009254283142
C133S,133,0.728041763,4,0.7619979381561279,0.03395617515612792
C133T,133,1.031600625,4,0.7967513799667358,0.2348492450332642
C133V,133,0.874575853,4,0.7237081527709961,0.15086770022900386
C133W,133,-0.0802870909999999,4,0.5078164339065552,0.588103524906555
C133Y,133,-0.284056678,4,0.6189846992492676,0.9030413772492676
C133P,133,-0.291681536,4,0.2804679274559021,0.5721494634559021
C133E,133,0.046230334,4,0.34114572405815125,0.29491539005815126
C133D,133,-0.22276821,4,0.3825782835483551,0.6053464935483551
C133A,133,1.006951748,4,0.9040236473083496,0.10292810069165048
S134H,134,0.8366271000000001,0,1.2296490669250488,0.39302196692504876
S134C,134,0.744038104,0,0.8778096437454224,0.13377153974542233
S134E,134,0.537175868,0,0.7696214914321899,0.23244562343219
S134F,134,0.411003875,0,0.4372609257698059,0.02625705076980589
S134G,134,0.6478025279999999,0,0.56442791223526,0.08337461576473992
S134K,134,0.926729879,0,0.6489476561546326,0.27778222284536747
S134A,134,0.7577032920000001,0,0.7475844621658325,0.010118829834167564
S134L,134,0.201890385,0,0.560833752155304,0.35894336715530395
S134N,134,1.037654795,0,1.4790308475494385,0.44137605254943857
S134P,134,0.8201612159999999,0,0.7534339427947998,0.06672727320520011
S134R,134,0.726127145,0,0.7854099869728088,0.059282841972808864
S134T,134,0.853485973,0,0.8204986453056335,0.03298732769436641
S134V,134,-0.033983616,0,0.5724559426307678,0.6064395586307678
S134W,134,0.569629656,0,0.48824867606163025,0.08138097993836979
S134Y,134,0.525160335,0,0.500706672668457,0.024453662331543002
S134M,134,0.535252937,0,0.6161869168281555,0.08093397982815553
I135H,135,0.5118077679999999,4,0.4122459590435028,0.09956180895649713
I135G,135,0.004512548,4,0.3911263942718506,0.3866138462718506
I135K,135,0.311545827,4,0.1827528476715088,0.1287929793284912
I135E,135,-0.071383447,4,0.2189081311225891,0.2902915781225891
I135F,135,-0.686968318,4,0.9147301912307739,1.6016985092307738
I135L,135,1.145693432,4,0.8264845013618469,0.31920893063815314
I135D,135,0.064066197,4,0.2629522681236267,0.19888607112362672
I135P,135,0.501489163,4,0.475416362285614,0.026072800714386002
I135Q,135,0.226995036,4,0.4295482039451599,0.2025531679451599
I135R,135,0.042758816,4,0.2520398497581482,0.2092810337581482
I135S,135,-0.0299444289999999,4,0.4987536072731018,0.5286980362731017
I135T,135,0.484328848,4,0.6168117523193359,0.13248290431933596
I135M,135,0.988440488,4,0.7455044388771057,0.24293604912289424
I135C,135,0.815285094,4,1.2181925773620605,0.4029074833620605
I135V,135,0.8527444479999999,4,0.7461526989936829,0.10659174900631707
I135W,135,0.8285499129999999,4,0.8265544772148132,0.0019954357851866833
I135A,135,0.58472698,4,0.6356481909751892,0.0509212109751892
I135Y,135,1.199369153,4,0.7852360606193542,0.41413309238064566
F136A,136,0.41150659,1,0.7468488216400146,0.33534223164001464
F136D,136,0.769529605,1,0.5427989363670349,0.2267306686329651
F136E,136,0.524400106,1,0.5559424757957458,0.03154236979574587
F136G,136,0.55804232,1,0.5918498039245605,0.033807483924560566
F136K,136,0.89149209,1,0.3977215886116028,0.4937705013883972
F136L,136,0.868554037,1,0.9606080651283264,0.09205402812832642
F136M,136,0.590545195,1,1.01987886428833,0.42933366928833006
F136Q,136,0.625251896,1,0.7042220830917358,0.07897018709173587
F136R,136,0.553899225,1,0.47865116596221924,0.07524805903778076
F136S,136,0.603857489,1,0.7142374515533447,0.1103799625533447
F136V,136,0.599868913,1,0.7660448551177979,0.16617594211779785
F136W,136,0.977479179,1,0.827877402305603,0.149601776694397
D137G,137,0.690449158,4,0.9353855848312378,0.24493642683123784
D137L,137,0.754379336,4,0.7032570242881775,0.051122311711822466
D137R,137,0.590356973,4,0.8474167585372925,0.2570597855372925
D137V,137,0.726391983,4,0.693029522895813,0.033362460104186975
D137W,137,0.411571305,4,0.676122784614563,0.264551479614563
L138F,138,0.719442307,3,0.828848123550415,0.10940581655041504
L138A,138,0.939481173,3,0.6120243668556213,0.32745680614437866
L138E,138,0.6222007070000001,3,0.2784043252468109,0.34379638175318916
L138G,138,0.045070367,3,0.27049165964126587,0.22542129264126587
L138K,138,0.1094951719999999,3,0.26736828684806824,0.15787311484806832
L138P,138,-0.036320829,3,0.24829506874084473,0.2846158977408447
L138R,138,-0.072999168,3,0.2641729712486267,0.3371721392486267
L138S,138,0.495141691,3,0.3150079548358917,0.18013373616410827
L138T,138,0.447916755,3,0.5877561569213867,0.13983940192138672
L138V,138,1.14724571,3,0.8545747399330139,0.29267097006698606
L138W,138,0.605973997,3,0.7276530861854553,0.12167908918545534
P139M,139,0.647141732,4,1.2397644519805908,0.5926227199805908
P139T,139,1.271765327,4,1.4211019277572632,0.14933660075726318
P139S,139,0.711527625,4,1.1267017126083374,0.4151740876083374
P139A,139,0.966039756,4,1.1462337970733643,0.18019404107336423
P139C,139,0.408842759,4,1.260740041732788,0.8518972827327881
P139E,139,0.96809956,4,1.1266815662384033,0.15858200623840335
P139V,139,0.943332067,4,1.1817693710327148,0.2384373040327148
P139F,139,1.062203325,4,1.0860899686813354,0.023886643681335418
P139G,139,0.978152538,4,1.2398443222045898,0.26169178420458983
P139W,139,0.963300891,4,1.014026165008545,0.050725274008544874
P139Y,139,0.644178308,4,1.2568573951721191,0.6126790871721192
P139Q,139,1.180560689,4,1.3480829000473022,0.16752221104730225
P139H,139,1.152086439,4,1.3501594066619873,0.19807296766198723
P139R,139,1.022363995,4,1.2190221548080444,0.19665815980804435
P139L,139,0.964184579,4,1.135354995727539,0.17117041672753908
R140I,140,1.23741293,1,1.010985016822815,0.22642791317718514
R140K,140,0.8894341459999999,1,0.8811799883842468,0.0082541576157531
R140M,140,0.507550773,1,1.1572476625442505,0.6496968895442505
R140F,140,0.416613771,1,0.9182416796684265,0.5016279086684265
R140E,140,0.952784054,1,0.9229999780654907,0.02978407593450927
R140A,140,0.796224499,1,0.9623661041259766,0.16614160512597653
R140P,140,0.660449894,1,1.045017957687378,0.38456806368737795
R140Q,140,1.008661658,1,1.055368185043335,0.04670652704333489
R140S,140,0.7540329379999999,1,0.9910494685173035,0.23701653051730354
R140T,140,0.892016563,1,1.0599308013916016,0.16791423839160158
R140V,140,0.88782767,1,0.9191271066665649,0.031299436666564984
R140W,140,0.8534161140000001,1,0.946474015712738,0.09305790171273798
R140G,140,0.939024805,1,1.047670602798462,0.10864579779846195
R140L,140,1.110746645,1,0.9088777899742126,0.20186885502578744
T141C,141,0.637545619,1,1.0162012577056885,0.3786556387056885
T141D,141,0.600664355,1,0.9777590036392212,0.37709464863922115
T141Y,141,0.651553832,1,1.0833921432495117,0.43183831124951166
T141W,141,0.8410863279999999,1,0.9586137533187866,0.11752742531878668
T141V,141,1.07920013,1,0.9615151286125183,0.11768500138748172
T141G,141,0.861732871,1,0.9721368551254272,0.11040398412542729
T141S,141,0.923949672,1,1.084496259689331,0.16054658768933106
T141R,141,0.857157635,1,0.8890886306762695,0.03193099567626956
T141Q,141,0.989280371,1,0.9121984243392944,0.07708194666070556
T141P,141,0.6899411440000001,1,0.8769646286964417,0.1870234846964416
T141M,141,1.2226320309999998,1,1.0369099378585815,0.1857220931414183
T141L,141,0.978762426,1,0.9394060373306274,0.03935638866937252
T141K,141,0.981185453,1,0.7132408022880554,0.2679446507119446
T141I,141,0.839334285,1,0.7006790637969971,0.1386552212030029
T141A,141,0.834077685,1,0.9862205386161804,0.1521428536161804
T141E,141,0.606547895,1,1.219342827796936,0.6127949327969361
T141F,141,1.001332998,1,1.179060935974121,0.177727937974121
N142I,142,0.974903625,3,0.9825426340103149,0.00763900901031489
N142W,142,0.8483341109999999,3,0.8319399952888489,0.016394115711151014
N142A,142,1.037556018,3,0.9436787366867065,0.09387728131329354
N142C,142,1.16377013,3,1.0300235748291016,0.1337465551708985
N142D,142,0.929706359,3,0.9201831817626953,0.00952317723730467
N142E,142,0.836494739,3,0.9128645062446594,0.07636976724465938
N142F,142,0.8637566459999999,3,1.0046578645706177,0.14090121857061777
N142G,142,0.908922729,3,0.8856333494186401,0.023289379581359904
N142K,142,0.565184004,3,1.0191397666931152,0.4539557626931152
N142H,142,1.03740564,3,0.8425168395042419,0.19488880049575807
N142T,142,1.039011735,3,1.067859411239624,0.02884767623962392
N142S,142,0.730480013,3,1.1202964782714844,0.3898164652714844
N142R,142,0.938583172,3,0.943851113319397,0.005267941319397007
N142Q,142,0.973642089,3,1.1042280197143555,0.13058593071435542
N142P,142,1.09735495,3,0.7757065296173096,0.32164842038269037
N142L,142,0.719524035,3,1.0415390729904175,0.32201503799041753
N142V,142,0.8913770109999999,3,0.9539976119995117,0.06262060099951183
N142Y,142,1.047238888,3,0.9837825298309326,0.06345635816906747
I143A,143,0.335844252,3,0.6157414317131042,0.27989717971310424
I143C,143,1.45756502,3,0.8937565684318542,0.5638084515681459
I143V,143,1.263761717,3,0.8351863622665405,0.4285753547334594
I143E,143,0.653008477,3,0.5397082567214966,0.1133002202785034
I143F,143,1.240083015,3,0.7620704174041748,0.47801259759582515
I143G,143,0.33935773,3,0.7770559191703796,0.4376981891703796
I143H,143,1.039450084,3,0.5626523494720459,0.47679773452795415
I143L,143,1.059994443,3,0.7042440176010132,0.3557504253989867
I143M,143,0.688677845,3,0.6917805671691895,0.003102722169189498
I143P,143,0.762103596,3,0.5819449424743652,0.18015865352563476
I143Q,143,0.668221837,3,0.6107563972473145,0.05746543975268559
I143R,143,0.477507561,3,0.6222497224807739,0.1447421614807739
I143Y,143,0.479123925,3,0.8242650032043457,0.3451410782043457
I143W,143,0.617692011,3,0.8810038566589355,0.2633118456589355
I143S,143,0.36896023,3,0.8083267211914062,0.43936649119140625
G144Y,144,0.537500535,0,0.8767266869544983,0.33922615195449835
G144P,144,1.113422754,0,0.9229266047477722,0.1904961492522277
G144N,144,0.580830052,0,0.9497824907302856,0.3689524387302856
G144M,144,1.014773773,0,0.9509133100509644,0.06386046294903558
G144W,144,0.6768340629999999,0,0.8290009498596191,0.1521668868596192
G144L,144,0.7938665690000001,0,0.9543770551681519,0.16051048616815178
G144H,144,0.772655835,0,0.8699062466621399,0.09725041166213988
G144V,144,0.551644946,0,1.0236164331436157,0.4719714871436157
G144A,144,0.713773593,0,0.8459131717681885,0.1321395787681885
G144S,144,0.930602722,0,0.9822192192077637,0.05161649720776362
G144R,144,0.7455349720000001,0,0.8315919041633606,0.08605693216336052
G144E,144,0.8531215120000001,0,1.142347812652588,0.2892263006525878
K145Y,145,1.141677036,2,1.0500390529632568,0.09163798303674309
K145W,145,0.593450234,2,0.9942388534545898,0.4007886194545899
K145P,145,0.8398020070000001,2,0.9658607840538025,0.12605877705380242
K145R,145,0.757032602,2,1.0765750408172607,0.31954243881726074
K145A,145,0.767310996,2,0.9908715486526489,0.22356055265264896
K145C,145,0.867666355,2,0.879024088382721,0.011357733382720947
K145E,145,1.5223772619999998,2,0.8593984842300415,0.6629787777699583
K145G,145,0.925447755,2,1.0083200931549072,0.08287233815490724
K145I,145,1.048079581,2,0.7556373476982117,0.2924422333017884
K145L,145,0.595327069,2,0.916351854801178,0.321024785801178
K145M,145,0.8125673790000001,2,0.8312807083129883,0.01871332931298819
K145Q,145,0.8749883359999999,2,1.0185174942016602,0.14352915820166023
K145V,145,0.909986072,2,0.8788731694221497,0.031112902577850376
K145T,145,0.979311495,2,0.8397913575172424,0.1395201374827576
K145S,145,0.970234992,2,0.9633891582489014,0.006845833751098596
F146W,146,-0.222997184,2,0.7779435515403748,1.0009407355403748
F146M,146,0.511176702,2,0.9672988057136536,0.4561221037136536
F146A,146,0.449429643,2,0.8230302333831787,0.3736005903831787
F146G,146,-0.002421903,2,0.4092216193675995,0.4116435223675995
F146K,146,0.108531114,2,0.387212872505188,0.278681758505188
F146V,146,0.700379972,2,0.8126533627510071,0.11227339075100706
F146T,146,0.2075239739999999,2,0.7830780744552612,0.5755541004552613
F146S,146,-0.050419335,2,0.5980610847473145,0.6484804197473144
F146R,146,-0.006794589,2,0.3604033887386322,0.3671979777386322
F146Q,146,0.666396737,2,0.6670482754707336,0.0006515384707336258
F146N,146,0.392421168,2,0.4197177290916443,0.0272965610916443
F146L,146,0.596091504,2,0.8412953615188599,0.24520385751885987
F146E,146,-0.085222962,2,0.5074396133422852,0.5926625753422852
D147V,147,0.183237094,0,0.39157578349113464,0.20833868949113465
D147W,147,0.0926336,0,0.20849233865737915,0.11585873865737915
D147T,147,0.394638736,0,0.6317204833030701,0.23708174730307008
D147Q,147,0.54826425,0,0.6849128603935242,0.13664861039352416
D147P,147,-0.0583245909999999,0,0.533616304397583,0.5919408953975829
D147M,147,0.21440355,0,0.36343294382095337,0.14902939382095337
D147R,147,0.462325009,0,0.6928573846817017,0.23053237568170165
D147L,147,0.082365232,0,0.38983669877052307,0.30747146677052306
D147S,147,0.398271892,0,0.7890269756317139,0.39075508363171385
D147I,147,-0.051443558,0,0.11876225471496582,0.17020581271496582
D147G,147,0.313933883,0,0.7117753028869629,0.39784141988696287
D147E,147,0.688561843,0,0.6220296621322632,0.06653218086773682
D147A,147,0.432785725,0,0.6592077612876892,0.2264220362876892
D147K,147,0.116822059,0,0.4984380602836609,0.3816160012836609
M148S,148,0.569592311,4,0.7313900589942932,0.16179774799429325
M148R,148,0.465110057,4,0.2981549799442291,0.1669550770557709
M148I,148,0.78776511,4,0.9501951932907104,0.1624300832907104
M148Q,148,0.42219629,4,0.6005398631095886,0.17834357310958865
M148N,148,0.226717449,4,0.37751224637031555,0.15079479737031556
M148L,148,1.127937479,4,0.8759759664535522,0.25196151254644783
M148K,148,-0.02857315,4,0.3264824450016022,0.35505559500160216
M148W,148,0.903184039,4,0.7508383393287659,0.15234569967123412
M148H,148,0.7453244840000001,4,0.5574660301208496,0.18785845387915046
M148F,148,0.988229257,4,0.7590017914772034,0.2292274655227966
M148E,148,0.048377817,4,0.43993234634399414,0.39155452934399415
M148A,148,0.955463391,4,1.0781755447387695,0.12271215373876954
M148Y,148,1.092338033,4,0.6372252702713013,0.4551127627286988
M148T,148,0.7397198509999999,4,0.7105281352996826,0.02919171570031731
M148G,148,0.4931549329999999,4,0.6602677702903748,0.16711283729037485
M148V,148,1.301631901,4,0.9208423495292664,0.38078955147073357
I149A,149,0.673636735,4,0.7172243595123291,0.043587624512329115
I149E,149,-0.096939161,4,0.11382776498794556,0.21076692598794555
I149G,149,0.002943866,4,0.19362133741378784,0.19067747141378785
I149C,149,0.967704156,4,0.4462459981441498,0.5214581578558503
I149M,149,0.8790978620000001,4,0.8988521099090576,0.019754247909057554
I149P,149,-0.176185901,4,0.17342990636825562,0.3496158073682556
I149Q,149,0.211545838,4,0.08950674533843994,0.12203909266156007
I149R,149,-0.008227534,4,0.2053912878036499,0.2136188218036499
I149S,149,0.4830503379999999,4,0.13626480102539062,0.3467855369746093
I149T,149,0.663087223,4,0.35006824135780334,0.31301898164219666
I149V,149,0.83206912,4,0.7853031754493713,0.04676594455062866
I149W,149,0.010001173,4,0.2270674705505371,0.2170662975505371
I149K,149,-0.117612843,4,0.12706077098846436,0.24467361398846435
I149L,149,0.933976122,4,0.5921919345855713,0.34178418741442873
W150Y,150,0.996656934,3,0.9102427959442139,0.08641413805578613
W150K,150,-0.098672951,3,0.2013126015663147,0.2999855525663147
W150V,150,0.730351451,3,0.8234049081802368,0.09305345718023683
W150T,150,-0.171078943,3,0.5823978185653687,0.7534767615653687
W150S,150,0.129664913,3,0.34903842210769653,0.21937350910769654
W150R,150,-0.106853065,3,0.11242252588272095,0.21927559088272094
W150Q,150,0.218859271,3,0.2719840705394745,0.05312479953947449
W150P,150,0.1957304,3,0.34747186303138733,0.15174146303138733
W150N,150,-0.248575976,3,0.3564123809337616,0.6049883569337616
W150M,150,0.853359883,3,0.7919739484786987,0.061385934521301255
W150L,150,0.743478145,3,0.9070022106170654,0.16352406561706545
W150G,150,-0.037896594,3,0.1783127784729004,0.2162093724729004
W150F,150,1.053759595,3,0.8598059415817261,0.19395365341827397
W150D,150,0.042487328,3,0.35628068447113037,0.3137933564711304
W150C,150,1.244798776,3,0.6623017191886902,0.5824970568113099
W150A,150,0.543043268,3,0.6159164905548096,0.07287322255480955
D151A,151,0.10838866,0,0.5042141675949097,0.39582550759490964
D151Y,151,0.042464252,0,0.24027371406555176,0.19780946206555175
D151F,151,0.330510791,0,0.16914713382720947,0.16136365717279055
D151G,151,-0.050815658,0,0.668270468711853,0.719086126711853
D151I,151,-0.261268766,0,0.120083749294281,0.381352515294281
D151K,151,-0.188740028,0,0.3450811803340912,0.5338212083340912
D151L,151,-0.012472921,0,0.18732303380966187,0.19979595480966186
D151M,151,0.006031764,0,0.26824885606765747,0.2622170920676575
D151P,151,0.159888696,0,0.25660276412963867,0.09671406812963868
D151Q,151,-0.347170065,0,0.49060091376304626,0.8377709787630463
D151R,151,0.030802403,0,0.33780786395072937,0.3070054609507294
D151S,151,0.167695498,0,0.6913297176361084,0.5236342196361083
D151T,151,-0.165389938,0,0.45033586025238037,0.6157257982523804
D151V,151,0.0377927979999999,0,0.22428882122039795,0.18649602322039804
D151W,151,-0.0477033029999999,0,-0.06423157453536987,0.016528271535369975
D151E,151,0.41018779,0,0.50538170337677,0.09519391337677002
D151C,151,0.014237202,0,0.7190452218055725,0.7048080198055725
R152I,152,0.988128667,3,0.6048833727836609,0.3832452942163391
R152K,152,1.03451952,3,0.7831575870513916,0.2513619329486083
R152L,152,0.571817162,3,0.6112687587738037,0.03945159677380372
R152M,152,0.753261605,3,0.6544061303138733,0.09885547468612665
R152P,152,0.6306687910000001,3,0.5877179503440857,0.04295084065591437
R152Q,152,0.745356233,3,0.6764591932296753,0.06889703977032469
R152S,152,0.900414218,3,0.6325710415840149,0.2678431764159851
R152T,152,0.982710551,3,0.6146918535232544,0.36801869747674565
R152V,152,1.048866495,3,0.5484222769737244,0.5004442180262756
R152W,152,0.589376326,3,0.6669583320617676,0.07758200606176757
R152E,152,0.50836146,3,0.6064682602882385,0.09810680028823848
R152C,152,1.140908599,3,0.6483861207962036,0.49252247820379647
R152A,152,0.963840147,3,0.6107761263847351,0.3530640206152649
R152G,152,0.801891293,3,0.6478865742683411,0.15400471873165889
G153D,153,1.240302916,4,0.7942739725112915,0.4460289434887086
G153M,153,1.024802252,4,0.8575081825256348,0.1672940694743652
G153A,153,0.7155379040000001,4,0.9457794427871704,0.23024153878717035
G153P,153,-0.025151594,4,0.8079161047935486,0.8330676987935486
G153Q,153,0.579101859,4,0.7384061217308044,0.15930426273080445
G153R,153,1.000562517,4,0.6725845336914062,0.32797798330859385
G153S,153,0.751826335,4,0.9590279459953308,0.20720161099533085
G153T,153,0.782749771,4,1.0526901483535767,0.2699403773535767
G153V,153,0.6607466989999999,4,0.715448796749115,0.05470209774911505
G153W,153,0.78763158,4,0.6715283393859863,0.11610324061401367
G153Y,153,0.375386747,4,0.6835945844650269,0.30820783746502683
G153L,153,1.063706823,4,0.7495721578598022,0.3141346651401977
G153K,153,0.700527187,4,0.6760073304176331,0.024519856582366995
G153I,153,0.31633048,4,0.6852250695228577,0.36889458952285764
G153E,153,0.741569782,4,0.7478386759757996,0.00626889397579955
G153C,153,0.657823776,4,0.8948615789413452,0.23703780294134524
G153N,153,1.040360234,4,0.8426447510719299,0.19771548292807006
A154C,154,0.597243321,3,0.8282015919685364,0.23095827096853638
A154W,154,0.046993655,3,0.34574681520462036,0.29875316020462034
A154S,154,1.009387479,3,0.785733163356781,0.22365431564321891
A154R,154,0.281567674,3,0.44246140122413635,0.16089372722413636
A154Q,154,0.28180113,3,0.27651408314704895,0.005287046852951061
A154P,154,0.257741751,3,0.4581603705883026,0.2004186195883026
A154N,154,0.128270012,3,0.4098758399486542,0.2816058279486542
A154M,154,0.674977945,3,0.5999653935432434,0.07501255145675656
A154L,154,0.696359113,3,0.5469400882720947,0.14941902472790525
A154K,154,0.230562036,3,0.3566383421421051,0.1260763061421051
A154I,154,-0.11905204,3,0.6864155530929565,0.8054675930929566
A154H,154,0.260954235,3,0.3136875033378601,0.05273326833786013
A154T,154,0.293765463,3,0.6848868131637573,0.3911213501637573
A154G,154,0.7821992259999999,3,0.4624350368976593,0.3197641891023406
A154E,154,-0.29951677,3,0.27622273564338684,0.5757395056433868
A154D,154,-0.346437825,3,0.3540143072605133,0.7004521322605133
A154Y,154,0.436483956,3,0.28272438049316406,0.15375957550683594
A154F,154,0.293179474,3,0.5501582026481628,0.25697872864816285
A154V,154,0.228663437,3,0.750964343547821,0.522300906547821
L155W,155,0.581632556,2,0.5275150537490845,0.054117502250915495
L155I,155,0.867876942,2,0.7262762784957886,0.1416006635042114
L155H,155,-0.238943813,2,0.3885684013366699,0.6275122143366699
L155G,155,-0.005632958,2,0.41645514965057373,0.42208810765057375
L155F,155,0.8174208479999999,2,0.6296175718307495,0.1878032761692504
L155E,155,0.893437046,2,0.2938436269760132,0.5995934190239868
L155D,155,0.279900329,2,0.4259123206138611,0.14601199161386108
L155Y,155,0.457880299,2,0.4330732226371765,0.024807076362823477
L155K,155,-0.137427956,2,0.2370498776435852,0.3744778336435852
L155V,155,0.686782569,2,0.7098400592803955,0.0230574902803955
L155T,155,1.045919669,2,0.5283905863761902,0.5175290826238099
L155S,155,-0.003767202,2,0.4534638524055481,0.4572310544055481
L155R,155,0.135572959,2,0.3037870526313782,0.16821409363137818
L155Q,155,-0.38359484,2,0.5042065382003784,0.8878013782003784
L155N,155,0.0508294409999999,2,0.40604180097579956,0.35521235997579964
L155M,155,1.034515156,2,0.8987042903900146,0.13581086560998545
L155C,155,1.068303036,2,0.6710785031318665,0.39722453286813364
L155A,155,0.18938991,2,0.6381068825721741,0.4487169725721741
V156W,156,0.866117218,3,0.659710168838501,0.206407049161499
V156Y,156,0.7000604979999999,3,0.7459235191345215,0.045863021134521564
V156S,156,0.795479602,3,0.9907320737838745,0.1952524717838745
V156D,156,1.111935786,3,0.9869421124458313,0.1249936735541688
V156C,156,0.927603896,3,0.7428085207939148,0.18479537520608524
V156A,156,0.7990302359999999,3,0.8271773457527161,0.02814710975271617
V156R,156,0.565081038,3,0.8342562317848206,0.2691751937848206
V156H,156,0.650712509,3,0.9527169466018677,0.3020044376018677
V156Q,156,0.786053074,3,0.9676802754402161,0.18162720144021605
V156P,156,0.716938952,3,0.8319138288497925,0.11497487684979246
V156M,156,0.68907909,3,0.9219907522201538,0.2329116622201538
V156L,156,0.687873014,3,0.8607863783836365,0.17291336438363647
V156K,156,0.317339565,3,0.8556872606277466,0.5383476956277466
V156I,156,0.2386397589999999,3,0.9925858378410339,0.753946078841034
V156T,156,1.345745471,3,0.8735606670379639,0.4721848039620362
V156E,156,0.7101368859999999,3,0.9218806028366089,0.21174371683660898
V156G,156,0.77358706,3,0.7494875192642212,0.0240995407357788
A157V,157,0.73310437,2,0.48357054591178894,0.249533824088211
A157R,157,0.8245883420000001,2,0.5717697143554688,0.25281862764453134
A157Y,157,0.699057679,2,0.6013650894165039,0.09769258958349614
A157T,157,0.550628813,2,0.5452138781547546,0.005414934845245356
A157Q,157,0.880112916,2,0.3596479296684265,0.5204649863315735
A157P,157,-0.058073506,2,0.757885217666626,0.8159587236666259
A157W,157,0.741272713,2,0.562989354133606,0.17828335886639401
A157M,157,0.904114445,2,0.5877093076705933,0.3164051373294068
A157N,157,0.819277371,2,0.450878769159317,0.36839860184068296
A157K,157,0.616060273,2,0.43665242195129395,0.17940785104870605
A157I,157,0.546355603,2,0.4000551998615265,0.14630040313847348
A157H,157,1.025589353,2,0.47653263807296753,0.5490567149270325
A157G,157,0.841541443,2,0.5992984771728516,0.24224296582714844
A157E,157,0.802953453,2,0.23806685209274292,0.5648866009072571
A157D,157,1.3241216690000002,2,0.31143125891685486,1.0126904100831453
A157C,157,0.825507475,2,0.6096552014350891,0.21585227356491088
A157L,157,0.639755415,2,0.4905497431755066,0.1492056718244934
I158Q,158,0.715404203,1,0.5935851335525513,0.12181906944744869
I158P,158,-0.030877851,1,0.17211425304412842,0.20299210404412843
I158M,158,0.698522,1,0.7551265358924866,0.056604535892486596
I158L,158,0.909929706,1,0.7646011710166931,0.1453285349833069
I158G,158,0.054891307,1,0.17768675088882446,0.12279544388882446
I158K,158,0.008475889,1,0.3113240897655487,0.3028482007655487
I158C,158,0.849589212,1,0.560364305973053,0.28922490602694706
I158R,158,0.260171547,1,0.3471111059188843,0.08693955891888427
I158S,158,0.332994352,1,0.3037913143634796,0.02920303763652038
I158T,158,1.030569848,1,0.5234250426292419,0.5071448053707581
I158V,158,1.2334991000000002,1,0.9284432530403137,0.30505584695968646
I158A,158,0.580445235,1,0.4625896215438843,0.11785561345611573
I158Y,158,0.592732394,1,0.2521728277206421,0.3405595662793579
I158W,158,0.520754461,1,0.5327248573303223,0.011970396330322264
I158E,158,0.19402102,1,0.2592131793498993,0.0651921593498993
N159A,159,0.594080495,1,0.9683133959770203,0.3742329009770202
N159C,159,0.958975174,1,1.1039940118789673,0.1450188378789673
N159D,159,0.780089702,1,0.8981972932815552,0.11810759128155512
N159E,159,0.7404472040000001,1,0.9209045171737671,0.180457313173767
N159I,159,0.326003777,1,0.7942267060279846,0.4682229290279846
N159K,159,0.706279353,1,0.8433741927146912,0.13709483971469116
N159P,159,0.447801674,1,1.104994773864746,0.6571930998647462
N159M,159,0.481679742,1,0.8036538362503052,0.32197409425030515
N159Q,159,0.424934026,1,1.0809974670410156,0.6560634410410155
N159R,159,0.7708005379999999,1,0.9624435901641846,0.19164305216418465
N159S,159,0.869428002,1,0.9317527413368225,0.06232473933682248
N159T,159,0.603563088,1,1.0282918214797974,0.42472873347979734
N159V,159,0.6117219660000001,1,0.9243000745773315,0.3125781085773315
N159W,159,0.600120416,1,0.8023377060890198,0.20221729008901979
N159Y,159,0.75901804,1,0.874243974685669,0.115225934685669
N159L,159,0.503512605,1,0.924893856048584,0.42138125104858404
N159G,159,0.711190859,1,0.9766741394996643,0.2654832804996643
P160R,160,0.635273298,0,0.6889427304267883,0.053669432426788344
P160V,160,0.512560066,0,0.854183554649353,0.341623488649353
P160K,160,0.7894013590000001,0,0.4889596402645111,0.30044171873548897
P160H,160,0.8856743020000001,0,0.682267427444458,0.20340687455554207
P160G,160,0.57565407,0,0.6951193809509277,0.11946531095092772
P160N,160,0.261464528,0,0.5258798599243164,0.26441533192431643
P160Q,160,0.556739067,0,0.6676311492919922,0.11089208229199221
P160S,160,0.6850035329999999,0,0.8382900357246399,0.15328650272463995
P160T,160,0.543506531,0,0.7250992655754089,0.18159273457540892
P160M,160,0.515836992,0,0.7243719100952148,0.20853491809521485
P160W,160,0.759410762,0,0.7186297178268433,0.040781044173156755
P160E,160,0.6793521,0,0.7239131927490234,0.04456109274902342
P160C,160,0.686423608,0,0.7924022078514099,0.1059785998514099
P160A,160,0.859466225,0,0.8168088793754578,0.042657345624542264
P160L,160,0.513894312,0,0.6876187920570374,0.17372448005703733
G161F,161,0.866722043,1,0.8549790382385254,0.011743004761474607
G161E,161,0.7920662940000001,1,0.9239670634269714,0.13190076942697138
G161D,161,1.002285105,1,0.9481779336929321,0.05410717130706777
G161P,161,1.114900882,1,0.6664164662361145,0.4484844157638854
G161V,161,1.157891477,1,0.9201139211654663,0.23777755583453364
G161S,161,0.69062484,1,0.9422004818916321,0.25157564189163206
G161T,161,1.073604011,1,1.0638015270233154,0.009802483976684595
G161Q,161,1.161488404,1,1.0165555477142334,0.14493285628576658
G161W,161,0.843907348,1,0.8604680895805359,0.016560741580535887
G161Y,161,0.882831404,1,1.143633246421814,0.2608018424218139
G161H,161,1.106057419,1,1.1257150173187256,0.01965759831872549
G161I,161,0.7854771859999999,1,0.9576237797737122,0.17214659377371222
G161L,161,0.893959995,1,0.9068393111228943,0.01287931612289428
G161A,161,1.03007002,1,0.9706283807754517,0.05944163922454826
G161M,161,1.274922588,1,0.9698526263237,0.30506996167629996
G161N,161,1.332027045,1,0.992613673210144,0.339413371789856
G161R,161,1.019789037,1,1.0646144151687622,0.0448253781687622
G161C,161,0.59902396,1,0.9434597492218018,0.34443578922180174
D162R,162,0.8369760690000001,2,0.7506003975868225,0.08637567141317759
D162Y,162,0.790706375,2,0.6951795816421509,0.09552679335784908
D162A,162,0.8763180740000001,2,0.869158148765564,0.007159925234436093
D162C,162,0.881621323,2,0.7832859754562378,0.09833534754376216
D162E,162,1.068309965,2,0.7196114659309387,0.34869849906906136
D162G,162,0.725313167,2,0.7729368209838867,0.04762365398388668
D162K,162,0.6897800470000001,2,0.8553005456924438,0.16552049869244378
D162L,162,0.941067074,2,0.8373739123344421,0.10369316166555786
D162I,162,1.015705595,2,0.8820955753326416,0.13361001966735842
D162P,162,-0.07588725,2,0.3998669981956482,0.4757542481956482
D162Q,162,0.921493597,2,0.8848991394042969,0.03659445759570312
D162S,162,1.069043881,2,0.724944531917572,0.344099349082428
D162T,162,0.8464079409999999,2,0.8641923069953918,0.017784365995391904
D162V,162,0.905223953,2,0.9289100170135498,0.02368606401354978
D162W,162,0.932180213,2,0.6122052073478699,0.3199750056521301
D162M,162,0.971167107,2,0.87315833568573,0.09800877131427
R163L,163,0.7541352179999999,0,0.8580062985420227,0.10387108054202276
R163S,163,0.1051269319999999,0,0.6296190619468689,0.524492129946869
R163Q,163,0.776164924,0,0.9193007349967957,0.14313581099679562
R163P,163,-0.003914414,0,0.5646617412567139,0.5685761552567139
R163N,163,-0.245940201,0,0.3798709213733673,0.6258111223733673
R163M,163,0.8527986609999999,0,0.7893701195716858,0.06342854142831411
R163K,163,0.6678754929999999,0,0.6336214542388916,0.03425403876110833
R163A,163,0.626511162,0,0.7350122332572937,0.10850107125729369
R163G,163,0.051079154,0,0.5845442414283752,0.5334650874283753
R163F,163,0.09575882,0,0.7706148624420166,0.6748560424420166
R163E,163,0.205239791,0,0.37150976061820984,0.16626996961820983
R163D,163,0.058478981,0,0.1269860863685608,0.06850710536856079
R163C,163,0.41715995,0,0.8938979506492615,0.4767380006492615
R163T,163,0.872939527,0,0.6847338080406189,0.1882057189593811
R163H,163,0.7638518470000001,0,0.696434736251831,0.06741711074816903
R163W,163,1.009407332,0,0.7445834875106812,0.26482384448931895
R163V,163,0.5460411999999999,0,0.8859472870826721,0.3399060870826722
K164Y,164,0.978803935,4,0.6847240924835205,0.29407984251647945
K164D,164,0.962601088,4,0.7568906545639038,0.20571043343609619
K164E,164,1.098436653,4,0.8282878398895264,0.2701488131104737
K164F,164,0.804223088,4,0.7873467803001404,0.016876307699859594
K164G,164,1.012153962,4,0.8219992518424988,0.19015471015750118
K164L,164,1.07252936,4,0.8298462629318237,0.24268309706817637
K164M,164,1.071437125,4,0.894665539264679,0.17677158573532115
K164C,164,1.087459625,4,1.048201084136963,0.03925854086303704
K164N,164,1.288797111,4,0.7183170914649963,0.5704800195350037
K164Q,164,1.443363259,4,0.7400656938552856,0.7032975651447144
K164R,164,0.861586443,4,0.9150018692016602,0.05341542620166018
K164S,164,0.8408282909999999,4,0.8440848588943481,0.00325656789434825
K164W,164,1.069175843,4,0.7274609804153442,0.3417148625846558
K164T,164,1.201773563,4,0.8082895874977112,0.39348397550228875
K164V,164,0.7520594629999999,4,0.9133666157722473,0.1613071527722474
K164P,164,1.162294341,4,0.8316785097122192,0.3306158312877807
K164A,164,1.131942124,4,0.8409692645072937,0.29097285949270635
C165W,165,1.143701678,1,0.8236644864082336,0.32003719159176636
C165V,165,1.317465686,1,0.7867797613143921,0.5306859246856079
C165T,165,1.281577884,1,0.8333900570869446,0.4481878269130555
C165S,165,1.089056742,1,0.7601195573806763,0.32893718461932364
C165R,165,1.153511982,1,0.936907172203064,0.21660480979693597
C165Q,165,1.381132174,1,0.9002883434295654,0.48084383057043456
C165P,165,1.4079486,1,0.5268970727920532,0.8810515272079469
C165N,165,1.321390428,1,0.6262955069541931,0.6950949210458068
C165M,165,0.7312095000000001,1,0.9418852925300598,0.21067579253005975
C165L,165,0.977053873,1,0.8942248821258545,0.08282899087414552
C165K,165,0.594384763,1,0.7054551839828491,0.11107042098284914
C165H,165,0.635657616,1,0.8534812927246094,0.21782367672460934
C165G,165,0.6468502070000001,1,0.7153429388999939,0.06849273189999383
C165E,165,1.011497402,1,0.7417870759963989,0.2697103260036011
C165D,165,1.047063869,1,0.6179896593093872,0.42907420969061283
C165A,165,0.814817839,1,0.8362615704536438,0.021443731453643755
Y166N,166,-0.197535087,4,0.5117722749710083,0.7093073619710083
Y166P,166,-0.048427537,4,0.31041860580444336,0.3588461428044434
Y166R,166,-0.0194996869999999,4,0.42259481549263,0.4420945024926299
Y166M,166,0.4148525320000001,4,0.6972134709358215,0.2823609389358214
Y166L,166,0.1824551539999999,4,0.7037885785102844,0.5213334245102845
Y166K,166,-0.18202303,4,0.34807756543159485,0.5301005954315948
Y166I,166,0.246226916,4,0.7291979789733887,0.48297106297338865
Y166G,166,0.122923063,4,0.37631306052207947,0.25338999752207947
Y166E,166,-0.209463793,4,0.5170720219612122,0.7265358149612122
Y166C,166,0.17959228,4,0.6409209370613098,0.4613286570613098
Y166A,166,0.02438584,4,0.6241037249565125,0.5997178849565125
Y166T,166,-0.083539595,4,0.6233618259429932,0.7069014209429931
Y166V,166,0.178540325,4,0.6800015568733215,0.5014612318733216
Y166W,166,0.08795375,4,0.7406456470489502,0.6526918970489501
Y166Q,166,0.1326365659999999,4,0.5209518671035767,0.38831530110357676
A167V,167,1.001110479,3,0.8417565822601318,0.15935389673986822
A167W,167,0.685148456,3,0.5472502708435059,0.1378981851564941
A167M,167,0.7820617259999999,3,0.6596301198005676,0.12243160619943227
A167S,167,0.895408986,3,0.7222446203231812,0.1731643656768188
A167Y,167,0.596724551,3,0.5010544657707214,0.09567008522927856
A167R,167,0.975801014,3,0.7694547176361084,0.20634629636389157
A167H,167,0.255187245,3,0.49752292037010193,0.24233567537010192
A167P,167,-0.145245177,3,0.41119512915611267,0.5564403061561127
A167K,167,0.603439254,3,0.8186931014060974,0.21525384740609743
A167G,167,0.853178332,3,0.6677120923995972,0.18546623960040287
A167F,167,0.688755442,3,0.3906250596046448,0.2981303823953553
A167E,167,-0.113441352,3,0.5802791118621826,0.6937204638621826
A167D,167,0.000575645,3,0.4812966287136078,0.4807209837136078
A167C,167,1.120371241,3,0.9613195657730103,0.1590516752269897
A167Q,167,0.683395979,3,0.7590530514717102,0.07565707247171016
D168V,168,0.8593181790000001,0,0.5833509564399719,0.27596722256002815
D168W,168,0.69618443,0,0.7040703892707825,0.007885959270782505
D168T,168,1.0187375159999998,0,0.7857506275177002,0.23298688848229965
D168S,168,1.461746049,0,0.8143450021743774,0.6474010468256226
D168Y,168,1.161230675,0,0.6457905769348145,0.5154400980651856
D168R,168,0.8982321520000001,0,0.7848321199417114,0.11340003205828864
D168F,168,0.7932617009999999,0,0.41003865003585815,0.3832230509641418
D168P,168,0.772771876,0,0.2698514759540558,0.5029204000459442
D168Q,168,1.020066453,0,0.8123952150344849,0.20767123796551523
D168E,168,1.206582555,0,0.8535450100898743,0.35303754491012573
D168G,168,1.053762406,0,0.7883353233337402,0.2654270826662597
D168A,168,0.96774506,0,0.7703112363815308,0.19743382361846928
D168L,168,0.8841057240000001,0,0.5518273115158081,0.332278412484192
D168M,168,0.993976895,0,0.42348581552505493,0.570491079474945
D168N,168,1.285258692,0,0.8279866576194763,0.45727203438052366
D168K,168,1.038026173,0,0.8150027394294739,0.22302343357052612
T169N,169,0.396465405,0,0.8148674368858337,0.41840203188583375
T169Y,169,1.184709182,0,0.8708881735801697,0.3138210084198303
T169W,169,0.797354307,0,0.8487710356712341,0.051416728671234146
T169V,169,0.8383393690000001,0,0.8743773698806763,0.03603800088067621
T169S,169,1.090555868,0,1.114168643951416,0.023612775951415976
T169R,169,0.884259883,0,0.9888903498649597,0.10463046686495969
T169Q,169,0.924597019,0,0.9796931147575378,0.05509609575753782
T169P,169,-0.045960825,0,0.3036741614341736,0.34963498643417357
T169M,169,1.094182252,0,0.8792563676834106,0.21492588431658932
T169K,169,0.709352361,0,0.8095510601997375,0.10019869919973756
T169I,169,0.790313137,0,0.9988997578620911,0.208586620862091
T169H,169,1.215144569,0,0.9374685883522034,0.27767598064779664
T169G,169,0.951689447,0,0.7883428335189819,0.1633466134810181
T169F,169,0.80493241,0,1.0818889141082764,0.2769565041082763
T169E,169,0.521221246,0,0.49494171142578125,0.02627953457421872
T169D,169,0.454454982,0,0.9440406560897827,0.4895856740897827
T169C,169,0.911267362,0,0.9061160087585449,0.005151353241455103
T169L,169,1.073557734,0,1.0475013256072998,0.02605640839270018
M170Y,170,-0.1042432559999999,2,0.4410799443721771,0.5453232003721771
M170W,170,0.144445874,2,0.7977064847946167,0.6532606107946167
M170V,170,1.045298375,2,0.7716906070709229,0.27360776792907715
M170T,170,0.838175917,2,0.48688754439353943,0.3512883726064606
M170S,170,0.053977042,2,0.14552229642868042,0.09154525442868042
M170R,170,-0.0451973679999999,2,0.022786080837249756,0.06798344883724966
M170Q,170,0.447951552,2,0.19475364685058594,0.25319790514941404
M170P,170,0.214911443,2,0.05237400531768799,0.16253743768231202
M170L,170,1.059493592,2,0.8853151798248291,0.17417841217517083
M170I,170,0.7871536579999999,2,0.8600233793258667,0.07286972132586678
M170H,170,0.015235193,2,0.19351094961166382,0.1782757566116638
M170G,170,0.091344527,2,0.026867687702178955,0.06447683929782104
M170E,170,0.0020986,2,0.06350129842758179,0.06140269842758179
M170D,170,0.206106726,2,-0.1208222508430481,0.3269289768430481
M170A,170,0.562194215,2,0.3030399680137634,0.25915424698623657
F171D,171,0.836504428,4,0.818494975566864,0.01800945243313601
F171G,171,1.027862755,4,1.118356466293335,0.09049371129333506
F171H,171,1.234871189,4,0.8182227611541748,0.4166484278458251
F171K,171,1.015598749,4,1.1227412223815918,0.10714247338159177
F171L,171,0.983145309,4,1.1316401958465576,0.14849488684655765
F171M,171,0.410459553,4,1.1801385879516602,0.7696790349516602
F171P,171,0.392294876,4,0.24373388290405273,0.14856099309594728
F171E,171,0.480242812,4,0.6928634643554688,0.21262065235546873
F171W,171,1.083158054,4,1.011791706085205,0.07136634791479501
F171S,171,0.723674162,4,0.9593935608863831,0.23571939888638305
F171T,171,1.182248913,4,1.0972270965576172,0.08502181644238282
F171V,171,0.926131367,4,0.9692620038986206,0.04313063689862062
F171C,171,0.915207819,4,1.0481369495391846,0.13292913053918454
F171A,171,1.048054805,4,0.9184673428535461,0.1295874621464539
F171R,171,0.977762784,4,1.1174979209899902,0.13973513698999018
F171Q,171,0.94465952,4,1.2408801317214966,0.2962206117214966
L173R,173,0.524542773,2,0.5185831785202026,0.0059595944797973255
L173S,173,0.5928268179999999,2,0.52119380235672,0.07163301564327995
L173C,173,1.10011063,2,0.8605104684829712,0.2396001615170289
L173V,173,1.209407376,2,0.9832872748374939,0.22612010116250603
L173W,173,0.864455137,2,0.7533941268920898,0.11106101010791014
L173D,173,0.1201793269999999,2,0.5723896622657776,0.4522103352657777
L173E,173,0.027977017,2,0.5829994082450867,0.5550223912450867
L173G,173,0.1218636719999999,2,0.4131827652454376,0.2913190932454377
L173M,173,1.075946998,2,0.9598321914672852,0.11611480653271489
L173N,173,0.044378742,2,0.35497376322746277,0.31059502122746274
L173Q,173,0.558714054,2,0.6495978236198425,0.09088376961984257
L173A,173,0.416998264,2,0.4591750204563141,0.04217675645631408
L173T,173,0.986236103,2,0.6112962961196899,0.37493980688031003
L173P,173,0.141855245,2,0.13628214597702026,0.005573099022979727
L174G,174,0.636278649,3,0.637316107749939,0.001037458749938991
L174A,174,0.845151387,3,0.6576240062713623,0.18752738072863773
L174C,174,0.485351035,3,0.889106035232544,0.40375500023254396
L174F,174,0.971502921,3,0.6368541121482849,0.3346488088517151
L174H,174,0.016597236,3,0.1982315182685852,0.1816342822685852
L174K,174,0.4324999439999999,3,0.46426498889923096,0.03176504489923104
L174M,174,0.8308096359999999,3,1.0046136379241943,0.17380400192419443
L174N,174,-0.152254619,3,0.1911078691482544,0.34336248814825443
L174T,174,0.6940794379999999,3,0.758150577545166,0.06407113954516608
L174P,174,-0.178991331,3,0.1719120740890503,0.35090340508905027
L174W,174,0.971381289,3,0.5148020386695862,0.4565792503304138
L174V,174,0.895101798,3,0.8382784128189087,0.05682338518109131
L174S,174,0.725208298,3,0.47309479117393494,0.25211350682606504
L174R,174,0.48162388,3,0.4285552501678467,0.053068629832153325
L174Q,174,0.024869856,3,0.385475218296051,0.360605362296051
L174Y,174,0.732390449,3,0.6819581985473633,0.05043225045263677
G175T,175,1.252663723,2,0.9608958959579468,0.2917678270420532
G175M,175,0.836216561,2,0.5989305973052979,0.23728596369470212
G175S,175,0.748885496,2,0.8777486085891724,0.12886311258917238
G175V,175,0.989337462,2,0.6899092793464661,0.2994281826535339
G175R,175,0.789495417,2,0.6382564306259155,0.1512389863740845
G175Y,175,1.289619373,2,0.649870753288269,0.639748619711731
G175N,175,0.940145419,2,0.8653895854949951,0.07475583350500492
G175L,175,0.812994201,2,0.5789650678634644,0.23402913313653562
G175C,175,0.561987694,2,0.7263670563697815,0.16437936236978146
G175I,175,0.626916777,2,0.6486870050430298,0.02177022804302975
G175H,175,1.070116127,2,0.7239100337028503,0.3462060932971496
G175F,175,0.8873363209999999,2,0.5624587535858154,0.3248775674141845
G175A,175,1.056980787,2,0.7897905111312866,0.26719027586871347
G175E,175,0.6507809520000001,2,0.8555609583854675,0.20478000638546745
G175P,175,0.960845809,2,0.7316362857818604,0.2292095232181397
G175D,175,1.207034662,2,0.9852734804153442,0.22176118158465585
G175K,175,1.121290891,2,0.5652347207069397,0.5560561702930602
G175Q,175,1.074727004,2,0.9081094264984131,0.166617577501587
G175W,175,0.8949538370000001,2,0.5368470549583435,0.3581067820416566
K176W,176,0.788865122,1,0.8618036508560181,0.07293852885601804
K176D,176,1.245939905,1,0.9477245211601257,0.2982153838398742
K176F,176,0.84102844,1,0.9720267057418823,0.13099826574188234
K176G,176,1.078338241,1,0.8822007179260254,0.19613752307397458
K176A,176,1.004644109,1,0.9636844992637634,0.04095960973623658
K176H,176,0.809308646,1,1.2343709468841553,0.4250623008841553
K176I,176,0.902980138,1,0.8516718149185181,0.05130832308148192
K176L,176,1.168316915,1,0.8415182828903198,0.3267986321096801
K176M,176,0.851077738,1,0.9018887877464294,0.05081104974642947
K176P,176,0.85077001,1,1.0849733352661133,0.23420332526611332
K176Q,176,1.076501442,1,0.9184415340423584,0.1580599079576417
K176R,176,0.93349392,1,0.9287218451499939,0.0047720748500060806
K176S,176,0.873123205,1,0.9735409617424011,0.10041775674240117
K176V,176,1.151767684,1,0.8721613883972168,0.27960629560278316
K176C,176,0.925918063,1,0.897160530090332,0.028757532909667982
K177Y,177,0.902803152,2,0.7710520625114441,0.13175108948855596
K177D,177,1.076337651,2,1.0484404563903809,0.027897194609619147
K177E,177,0.8459272659999999,2,0.9220833778381348,0.07615611183813487
K177F,177,0.8822539690000001,2,0.6138834953308105,0.26837047366918954
K177G,177,1.09591689,2,1.0332581996917725,0.06265869030822757
K177H,177,0.8145109290000001,2,0.9268057346343994,0.11229480563439931
K177I,177,0.741094268,2,0.6302502155303955,0.11084405246960449
K177L,177,0.315703713,2,0.5510179996490479,0.23531428664904785
K177M,177,0.721641124,2,0.7557677626609802,0.0341266386609802
K177Q,177,1.356314371,2,1.0174998044967651,0.33881456650323494
K177R,177,0.972517946,2,0.8773966431617737,0.09512130283822628
K177S,177,0.53756526,2,0.8957554697990417,0.3581902097990417
K177T,177,1.009721671,2,0.9188307523727417,0.0908909186272584
K177V,177,0.62540238,2,0.7103246450424194,0.0849222650424194
K177A,177,0.973582874,2,0.9508678913116455,0.02271498268835448
K177W,177,0.519813905,2,0.629786491394043,0.10997258639404295
F178G,178,0.933938431,4,0.6755548119544983,0.25838361904550167
F178V,178,0.32077696,4,0.7437419295310974,0.4229649695310974
F178A,178,0.945866325,4,0.8611426949501038,0.08472363004989625
F178C,178,0.96497332,4,0.6140342950820923,0.35093902491790774
F178E,178,0.195084492,4,0.5010302066802979,0.30594571468029785
F178L,178,0.574697515,4,0.6856542825698853,0.11095676756988526
F178P,178,0.17825684,4,0.6096634268760681,0.43140658687606814
F178R,178,0.102093199,4,0.6293540000915527,0.5272608010915527
F178S,178,0.8693845040000001,4,0.763421356678009,0.10596314732199108
F178T,178,0.507187243,4,0.729619026184082,0.22243178318408208
F178W,178,1.149639127,4,0.5163396596908569,0.633299467309143
Q179R,179,1.127419998,4,0.8824734091758728,0.24494658882412712
Q179P,179,-0.364130276,4,0.7878073453903198,1.1519376213903199
Q179M,179,0.973604915,4,0.9870944023132324,0.013489487313232407
Q179V,179,1.11345345,4,0.8691201210021973,0.2443333289978027
Q179W,179,0.790588944,4,0.8137877583503723,0.0231988143503723
Q179K,179,1.259874376,4,0.6560133099555969,0.603861066044403
Q179G,179,0.792325725,4,0.5939693450927734,0.19835637990722654
Q179A,179,1.034906821,4,0.9420576095581055,0.09284921144189462
Q179S,179,0.954044751,4,0.9115586280822754,0.04248612291772458
Y180C,180,0.334484366,0,0.6716868877410889,0.3372025217410889
Y180D,180,0.013197104,0,-0.4593791365623474,0.4725762405623474
Y180E,180,0.054553827,0,-0.4890367388725281,0.5435905658725281
Y180G,180,-0.110966203,0,0.6939260363578796,0.8048922393578797
Y180M,180,0.892290995,0,0.8682416677474976,0.024049327252502417
Y180L,180,0.668696869,0,0.7407721877098083,0.07207531870980832
Y180W,180,0.905975741,0,0.6745390295982361,0.23143671140176392
Y180V,180,0.771030074,0,0.7555924654006958,0.015437608599304209
Y180S,180,0.0265174179999999,0,0.575457751750946,0.5489403337509462
Y180R,180,-0.043460115,0,0.22766101360321045,0.27112112860321047
Y180Q,180,0.089537429,0,0.4577007591724396,0.3681633301724396
Y180P,180,0.18939736,0,0.22393512725830078,0.034537767258300794
Y180A,180,0.214501456,0,0.7483958601951599,0.5338944041951599
Y180K,180,-0.1003598219999999,0,0.3802666664123535,0.48062648841235345
Y180N,180,0.2111101269999999,0,0.14983642101287842,0.06127370598712148
L181D,181,-0.197075336,1,0.08786100149154663,0.2849363374915466
L181C,181,1.03510067,1,0.79617840051651,0.23892226948349005
L181A,181,1.050730525,1,0.629249632358551,0.42148089264144906
L181E,181,0.163785151,1,0.039052605628967285,0.1247325453710327
L181F,181,1.054921832,1,0.840309202671051,0.21461262932894898
L181G,181,0.8140426890000001,1,0.35617905855178833,0.45786363044821177
L181I,181,1.049778539,1,0.7673487067222595,0.28242983227774054
L181K,181,-0.063744899,1,0.0951729416847229,0.1589178406847229
L181Q,181,0.452413436,1,0.3342963457107544,0.11811709028924561
L181V,181,0.785727416,1,0.7326802015304565,0.05304721446954341
L181T,181,0.612393258,1,0.528653085231781,0.08374017276821899
L181S,181,0.490853119,1,0.21866661310195923,0.2721865058980408
L181R,181,0.258974112,1,0.1085960865020752,0.15037802549792478
L181W,181,0.6491517170000001,1,0.6677819490432739,0.018630232043273853
L182M,182,0.924615891,4,0.9071635007858276,0.01745239021417233
L182R,182,-0.012354125,4,0.26522237062454224,0.27757649562454223
L182K,182,-0.286788491,4,0.27247464656829834,0.5592631375682984
L182P,182,0.974822637,4,0.04111117124557495,0.9337114657544251
L182Y,182,0.2596827969999999,4,0.5894608497619629,0.329778052761963
L182H,182,-0.051858,4,0.10492050647735596,0.15677850647735597
L182G,182,-0.060612464,4,0.374719500541687,0.435331964541687
L182S,182,0.088049966,4,0.4548647999763489,0.3668148339763489
L182Q,182,-0.0739479879999999,4,0.5858617424964905,0.6598097304964904
L182D,182,-0.41545856,4,0.18231654167175293,0.597775101671753
L182A,182,0.48853949,4,0.7238513231277466,0.23531183312774656
L182V,182,0.8028453720000001,4,0.8646254539489746,0.06178008194897455
L182W,182,0.07368558,4,0.4551558792591095,0.38147029925910947
L182T,182,0.4919029479999999,4,0.6863559484481812,0.19445300044818126
L182C,182,0.89217717,4,1.021461009979248,0.12928383997924808
C183W,183,0.698055068,1,0.7267630100250244,0.02870794202502447
C183V,183,0.836599833,1,1.102260947227478,0.26566111422747807
C183T,183,1.013076636,1,0.8779348731040955,0.13514176289590463
C183S,183,1.141818786,1,0.6038932800292969,0.5379255059707031
C183A,183,0.806872123,1,0.9252997636795044,0.1184276406795044
C183R,183,0.6427218610000001,1,0.5226536989212036,0.12006816207879645
C183Q,183,0.570654818,1,0.8205503821372986,0.24989556413729863
C183P,183,-0.443053341,1,0.48283645510673523,0.9258897961067352
C183M,183,1.069424435,1,0.9706372022628784,0.09878723273712153
C183L,183,1.010544005,1,1.0094833374023438,0.0010606675976563285
C183H,183,0.7708106509999999,1,0.8320152163505554,0.06120456535055552
C183G,183,0.6965113820000001,1,0.25391310453414917,0.4425982774658509
C183E,183,0.900064295,1,0.606967568397522,0.293096726602478
V184W,184,-0.023031295,3,0.5915588140487671,0.6145901090487671
V184E,184,0.20949714,3,0.7459239363670349,0.5364267963670349
V184S,184,1.188252525,3,0.9578444361686707,0.23040808883132935
V184R,184,0.431183875,3,0.6168868541717529,0.18570297917175294
V184Q,184,0.8953991090000001,3,0.7425546050071716,0.15284450399282845
V184N,184,0.629121807,3,0.6079962253570557,0.021125581642944313
V184M,184,0.637424654,3,0.6756511926651001,0.03822653866510006
V184L,184,1.073460008,3,0.7194607257843018,0.3539992822156983
V184G,184,0.687155775,3,0.924422025680542,0.23726625068054197
V184A,184,0.912071207,3,1.1100804805755615,0.19800927357556153
V184T,184,1.241698654,3,0.903519868850708,0.3381787851492919
V184K,184,0.791371449,3,0.5899551510810852,0.2014162979189148
L185K,185,0.596089755,2,0.7099228501319885,0.11383309513198847
L185A,185,0.534029713,2,0.7885487675666809,0.2545190545666809
L185C,185,0.7991199809999999,2,0.796917200088501,0.002202780911498947
L185E,185,1.011149941,2,0.7050910592079163,0.30605888179208374
L185G,185,0.590134258,2,0.7489192485809326,0.15878499058093265
L185I,185,0.871591795,2,0.830629289150238,0.04096250584976191
L185Q,185,0.994851143,2,0.753049910068512,0.24180123293148803
L185W,185,0.8386494059999999,2,0.783197820186615,0.05545158581338494
L185V,185,1.030680207,2,0.8880484700202942,0.14263173697970588
L185T,185,0.937290463,2,0.832129716873169,0.10516074612683102
L185R,185,0.666826542,2,0.7177256345748901,0.050899092574890115
L185S,185,1.025255729,2,0.7214793562889099,0.30377637271109004
S186T,186,1.132857107,3,0.8775843381881714,0.2552727688118286
S186Y,186,1.0534946790000002,3,0.3793996572494507,0.6740950217505495
S186W,186,0.866745977,3,0.6136569976806641,0.25308897931933594
S186V,186,0.774554485,3,0.7007272839546204,0.07382720104537965
S186R,186,0.766670876,3,0.7485226392745972,0.018148236725402778
S186P,186,0.61709485,3,0.3562242090702057,0.2608706409297943
S186M,186,0.783224245,3,0.47655680775642395,0.30666743724357604
S186L,186,0.953013985,3,0.4672887623310089,0.4857252226689911
S186H,186,0.943474536,3,0.7559443116188049,0.18753022438119504
S186G,186,0.770310343,3,0.7675408720970154,0.0027694709029846276
S186F,186,1.067628502,3,0.5411118268966675,0.5265166751033326
S186A,186,1.215861118,3,0.9269380569458008,0.2889230610541993
S186C,186,0.96971553,3,0.8361944556236267,0.13352107437637328
S186E,186,0.978182546,3,0.6952016949653625,0.28298085103463744
S186D,186,1.551753299,3,0.6605935096740723,0.8911597893259278
Y187G,187,0.778810839,1,0.6024112701416016,0.17639956885839847
Y187C,187,0.6891467370000001,1,0.5996587872505188,0.08948794974948127
Y187N,187,1.565658962,1,0.6081265211105347,0.9575324408894654
Y187P,187,0.65279206,1,0.5548406839370728,0.09795137606292725
Y187I,187,0.81712252,1,0.5185694694519043,0.29855305054809567
Y187D,187,0.578278999,1,0.5818309783935547,0.0035519793935546717
Y187E,187,0.621407182,1,0.48035624623298645,0.14105093576701355
Y187Q,187,0.3536016629999999,1,0.5923299193382263,0.23872825633822642
Y187R,187,0.651363567,1,0.44579553604125977,0.2055680309587402
Y187S,187,0.8393139359999999,1,0.6173179745674133,0.2219959614325866
Y187T,187,0.693424735,1,0.5834975242614746,0.1099272107385254
Y187V,187,0.491034098,1,0.5218532681465149,0.030819170146514918
Y187W,187,0.678533556,1,0.7139543294906616,0.03542077349066164
Y187K,187,0.617637733,1,0.37751105427742004,0.24012667872257998
Y187L,187,0.737879383,1,0.5122462511062622,0.2256331318937378
Y187A,187,0.617318397,1,0.5874127149581909,0.0299056820418091
D188T,188,0.6778636579999999,3,0.32920730113983154,0.3486563568601684
D188G,188,0.6999487209999999,3,0.4309089779853821,0.26903974301461786
D188E,188,0.8224705990000001,3,0.7228928208351135,0.09957777816488655
D188C,188,0.910335561,3,0.8852692246437073,0.02506633635629274
D188V,188,0.4872327079999999,3,0.7138306498527527,0.22659794185275278
D188K,188,0.849053787,3,0.6772312521934509,0.17182253480654908
D188Y,188,0.62613277,3,0.7180150151252747,0.09188224512527465
D188L,188,0.612120539,3,0.562162458896637,0.049958080103363
D188M,188,0.849540987,3,0.56037837266922,0.28916261433078005
D188N,188,0.954372377,3,0.9098758101463318,0.04449656685366821
D188P,188,0.7143851109999999,3,0.487556517124176,0.22682859387582388
D188Q,188,0.716156053,3,0.6168406009674072,0.09931545203259273
D188R,188,0.641991931,3,0.683285653591156,0.041293722591156046
D188W,188,0.6236202710000001,3,0.5760974884033203,0.04752278259667975
D188S,188,0.6012539379999999,3,0.6401939988136292,0.03894006081362922
D188F,188,0.66759457,3,0.6050432920455933,0.06255127795440674
D188A,188,0.756446108,3,0.6004712581634521,0.15597484983654786
P189A,189,1.109478073,4,0.9104041457176208,0.19907392728237916
P189V,189,0.782343461,4,0.84112149477005,0.05877803377005009
P189H,189,1.054655465,4,0.8600158095359802,0.19463965546401973
P189I,189,0.710677625,4,0.8020635843276978,0.09138595932769777
P189K,189,0.563243159,4,0.6922236680984497,0.1289805090984497
P189L,189,0.642314785,4,0.7796261310577393,0.1373113460577392
P189M,189,0.909242201,4,0.8212407231330872,0.08800147786691281
P189Q,189,0.929956567,4,0.8613898158073425,0.06856675119265743
P189R,189,0.610124102,4,0.7713251709938049,0.16120106899380493
P189S,189,0.925504456,4,0.8771161437034607,0.04838831229653928
P189T,189,0.996195356,4,0.8413047790527344,0.1548905769472656
P189W,189,0.911855258,4,0.7838133573532104,0.12804190064678955
P189G,189,0.7805956140000001,4,0.8332914113998413,0.052695797399841204
P189F,189,0.812872182,4,0.5840694904327393,0.22880269156726074
P189N,189,-0.069050459,4,0.49649086594581604,0.565541324945816
P189D,189,0.138058555,4,0.5973601341247559,0.4593015791247559
P189C,189,0.715202584,4,0.8393920660018921,0.12418948200189206
P189E,189,0.7661392990000001,4,0.7686859369277954,0.0025466379277953033
T190C,190,1.025938108,0,0.8066922426223755,0.21924586537762458
T190D,190,0.594263005,0,0.8161009550094604,0.2218379500094605
T190E,190,1.101619788,0,0.8777923583984375,0.22382742960156254
T190F,190,1.302822807,0,0.623064398765564,0.6797584082344361
T190G,190,0.948520574,0,0.7306638360023499,0.21785673799765015
T190A,190,0.8859273879999999,0,0.9083987474441528,0.022471359444152905
T190H,190,1.303041989,0,0.5421633720397949,0.7608786169602051
T190S,190,1.138842301,0,0.9590792655944824,0.17976303540551752
T190R,190,1.136553747,0,0.7388032078742981,0.3977505391257019
T190Q,190,1.030062593,0,0.8163172602653503,0.21374533273464968
T190P,190,1.167383565,0,0.6701611876487732,0.49722237735122676
T190L,190,1.158902331,0,0.7332558631896973,0.4256464678103027
T190W,190,1.058163747,0,0.6979386806488037,0.36022506635119633
T190I,190,1.065829528,0,0.7709041833877563,0.29492534461224373
T190V,190,1.026183978,0,0.868721067905426,0.15746291009457392
T190Y,190,0.948310577,0,0.5557175278663635,0.39259304913363646
K191Y,191,0.933327639,4,0.7797609567642212,0.15356668223577885
K191E,191,0.533354316,4,0.7591599822044373,0.2258056662044372
K191A,191,0.912085466,4,0.8825489282608032,0.029536537739196733
K191C,191,1.002272168,4,0.8818337917327881,0.12043837626721188
K191D,191,1.11093079,4,0.7880508899688721,0.322879900031128
K191G,191,0.773233423,4,0.8335209488868713,0.06028752588687136
K191I,191,1.010450833,4,0.9143358469009399,0.09611498609906
K191M,191,0.816626792,4,0.9201069474220276,0.1034801554220276
K191L,191,1.0075374540000002,4,0.9452289938926697,0.06230846010733049
K191Q,191,0.959676173,4,0.916371762752533,0.04330441024746701
K191R,191,0.82572809,4,0.9380277395248413,0.11229964952484128
K191S,191,1.010083192,4,0.9656521677970886,0.04443102420291134
K191T,191,0.613322385,4,0.997395396232605,0.38407301123260496
K191V,191,0.852971933,4,0.9853479266166687,0.13237599361666874
K191W,191,0.770272032,4,0.7540817260742188,0.0161903059257813
K191P,191,0.567523432,4,0.5400087833404541,0.027514648659545893
H192S,192,0.566607248,2,0.7652894854545593,0.19868223745455937
H192L,192,0.805825604,2,0.784230649471283,0.02159495452871707
H192R,192,0.966114812,2,0.7390300631523132,0.2270847488476868
H192T,192,0.7115957759999999,2,0.8271750211715698,0.11557924517156992
H192P,192,0.3274429769999999,2,0.7770577669143677,0.44961478991436776
H192W,192,1.201837036,2,0.7835710644721985,0.41826597152780143
H192Y,192,1.4348937169999998,2,0.9398868083953857,0.49500690860461405
H192K,192,0.632419803,2,0.7117512822151184,0.0793314792151184
H192V,192,0.901603505,2,0.7411866188049316,0.16041688619506833
H192G,192,0.504297616,2,0.6069379448890686,0.1026403288890686
H192M,192,1.160371447,2,0.7437015771865845,0.41666986981341547
H192D,192,0.866120111,2,0.6973551511764526,0.16876495982354733
H192C,192,0.57769972,2,0.8150561451911926,0.2373564251911926
H192A,192,0.771618369,2,0.6923648715019226,0.07925349749807742
H192E,192,0.8941712820000001,2,0.6951806545257568,0.19899062747424323
P193T,193,1.328254275,3,0.756773829460144,0.5714804455398559
P193Q,193,1.438637697,3,0.7391588091850281,0.699478887814972
P193M,193,1.489189006,3,0.6708117723464966,0.8183772336535033
P193L,193,0.8437998879999999,3,0.6492491960525513,0.19455069194744867
P193K,193,0.3535127,3,0.7174868583679199,0.3639741583679199
P193I,193,0.500555335,3,0.7233886122703552,0.22283327727035518
P193H,193,1.111908436,3,0.931133508682251,0.18077492731774902
P193S,193,1.01501599,3,0.7589479684829712,0.2560680215170288
P193G,193,0.919328024,3,0.7743593454360962,0.14496867856390383
P193Y,193,1.454277251,3,0.6882555484771729,0.7660217025228271
P193W,193,0.523113432,3,0.6948180794715881,0.1717046474715881
P193E,193,0.568744726,3,0.9963383674621582,0.42759364146215817
P193C,193,1.294834843,3,0.769791305065155,0.525043537934845
P193A,193,1.284377984,3,0.7777163982391357,0.5066615857608643
P193V,193,0.625884185,3,0.7542695999145508,0.1283854149145508
P193R,193,0.892856358,3,0.8075072169303894,0.08534914106961056
G194A,194,0.786605718,0,0.8536792993545532,0.06707358135455321
G194E,194,0.827871356,0,0.7327765226364136,0.09509483336358637
G194K,194,1.081274679,0,0.6196011304855347,0.4616735485144654
G194L,194,0.6653913220000001,0,0.7631527781486511,0.09776145614865106
G194M,194,0.671335193,0,0.60196852684021,0.06936666615979004
G194V,194,0.503560989,0,0.7392617464065552,0.23570075740655516
G194T,194,0.957953399,0,0.7134650945663452,0.24448830443365477
G194S,194,0.7899031479999999,0,0.8167541027069092,0.026850954706909236
G194R,194,0.853471055,0,0.7320961356163025,0.12137491938369749
G194Q,194,0.57068235,0,0.7040006518363953,0.13331830183639526
G194P,194,0.786448154,0,0.8003421425819397,0.013893988581939687
G194C,194,0.785899887,0,0.6349364519119263,0.15096343508807375
G194W,194,0.512910011,0,0.5499657392501831,0.037055728250183106
G194Y,194,1.083303835,0,0.4244172275066376,0.6588866074933624
P195R,195,0.526349631,4,0.8009658455848694,0.2746162145848694
P195V,195,0.7550687770000001,4,0.8679991364479065,0.11293035944790641
P195T,195,0.652905069,4,0.8346461057662964,0.18174103676629638
P195S,195,0.386771297,4,0.8233506679534912,0.4365793709534912
P195Q,195,0.22300731,4,0.7859705090522766,0.5629631990522767
P195M,195,0.338298974,4,0.8551961779594421,0.5168972039594422
P195L,195,0.302559087,4,0.8527968525886536,0.5502377655886536
P195K,195,-0.191870815,4,0.8056628108024597,0.9975336258024597
P195G,195,0.596809469,4,0.7773453593254089,0.18053589032540895
P195F,195,0.51904021,4,0.638357400894165,0.11931719089416504
P195C,195,-0.085794496,4,0.6651152968406677,0.7509097928406677
P195A,195,0.6515592029999999,4,0.8772594928741455,0.2257002898741456
P195E,195,0.809496898,4,0.790770947933197,0.018725950066803
P195W,195,0.615349619,4,0.748489260673523,0.133139641673523
P196F,196,0.223777361,3,0.2086356282234192,0.015141732776580819
P196M,196,-0.317530527,3,0.3098779618740082,0.6274084888740081
P196W,196,0.572778608,3,0.2693285644054413,0.30345004359455874
P196G,196,0.504843779,3,0.41599521040916443,0.08884856859083556
P196V,196,0.58833772,3,0.4936261475086212,0.09471157249137874
P196E,196,0.135379118,3,0.4349280595779419,0.2995489415779419
P196S,196,0.913488738,3,0.2845992147922516,0.6288895232077484
P196L,196,0.527973873,3,0.404438316822052,0.12353555617794798
P196Q,196,0.396324275,3,0.4438890218734741,0.04756474687347412
P196I,196,0.782518457,3,0.46240779757499695,0.32011065942500305
P196K,196,0.183583871,3,0.3203839957714081,0.13680012477140807
P196A,196,0.851477371,3,0.48903706669807434,0.36244030430192564
P196D,196,0.600574896,3,0.3281394839286804,0.2724354120713196
P196R,196,0.67844626,3,0.38050976395606995,0.29793649604393
F197I,197,1.425996395,2,0.8454931378364563,0.5805032571635438
F197A,197,0.892863269,2,0.7802446484565735,0.11261862054342653
F197E,197,0.597194215,2,0.5191827416419983,0.07801147335800174
F197G,197,0.568676045,2,0.6769502758979797,0.10827423089797972
F197H,197,0.88914464,2,0.8079885244369507,0.08115611556304936
F197K,197,0.840143365,2,0.7548747658729553,0.08526859912704465
F197P,197,0.844919104,2,0.5173556208610535,0.32756348313894657
F197M,197,0.498792482,2,0.8998758792877197,0.40108339728771975
F197N,197,0.468893568,2,0.7546811103820801,0.2857875423820801
F197Q,197,1.0093185690000002,2,0.7088947296142578,0.30042383938574235
F197R,197,0.572132577,2,0.7281055450439453,0.15597296804394534
F197S,197,0.335029707,2,0.7248566150665283,0.3898269080665283
F197T,197,0.625962534,2,0.8394219279289246,0.21345939392892455
F197V,197,0.4525472479999999,2,0.7804021239280701,0.32785487592807017
F197W,197,0.6978378129999999,2,0.7514923810958862,0.05365456809588631
F197L,197,0.5428169939999999,2,0.815595269203186,0.2727782752031861
Y198V,198,1.353160467,3,0.7515015602111816,0.6016589067888183
Y198W,198,0.7343623859999999,3,0.7395514249801636,0.005189038980163652
Y198K,198,1.180666305,3,0.7796880006790161,0.4009783043209838
Y198Q,198,0.328388942,3,0.9268538355827332,0.5984648935827331
Y198H,198,0.56044966,3,1.0864336490631104,0.5259839890631104
Y198G,198,0.760170901,3,0.8489691019058228,0.0887982009058228
Y198F,198,1.381111471,3,0.857774019241333,0.5233374517586671
Y198E,198,0.45261455,3,0.8261473774909973,0.3735328274909973
Y198C,198,0.672833756,3,0.7251152992248535,0.052281543224853566
Y198A,198,0.847506375,3,0.9261280298233032,0.07862165482330319
Y198R,198,0.8435722309999999,3,0.8385766744613647,0.004995556538635149
Y198T,198,0.847737643,3,0.5026352405548096,0.3451024024451904
Y198L,198,1.349940898,3,0.7044470310211182,0.6454938669788819
Y198M,198,1.171620474,3,0.7581815719604492,0.4134389020395508
Y198N,198,1.113038016,3,1.002387285232544,0.11065073076745602
Y198S,198,0.5994940360000001,3,0.8285001516342163,0.22900611563421625
Y198I,198,1.134310696,3,0.819272518157959,0.315038177842041
Y198P,198,1.289396563,3,0.7735483646392822,0.5158481983607177
V199L,199,1.142469517,2,0.6680358648300171,0.474433652169983
V199K,199,0.378182168,2,0.22100377082824707,0.15717839717175291
V199Q,199,0.3262861589999999,2,0.3771713376045227,0.050885178604522796
V199G,199,-0.033599121,2,0.3195691704750061,0.3531682914750061
V199F,199,0.521838071,2,0.467869371175766,0.05396869982423402
V199E,199,0.296119333,2,0.2464592456817627,0.04966008731823729
V199D,199,-0.185873626,2,0.2156389355659485,0.4015125615659485
V199A,199,0.525735927,2,0.5751591920852661,0.049423265085266066
V199M,199,0.774314058,2,0.756412148475647,0.017901909524353
V199P,199,1.026531922,2,0.3746090829372406,0.6519228390627594
V199R,199,0.201070308,2,0.4411500096321106,0.2400797016321106
V199S,199,0.357157685,2,0.41684070229530334,0.05968301729530334
V199T,199,0.764725709,2,0.7710939049720764,0.006368195972076385
V199W,199,0.038410513,2,0.4873752295970917,0.4489647165970917
P200G,200,1.27535579,3,0.7330015897750854,0.5423542002249147
P200H,200,1.535257872,3,0.6557372212409973,0.8795206507590028
P200I,200,0.787946603,3,0.49056583642959595,0.297380766570404
P200F,200,0.139764089,3,0.4703294038772583,0.33056531487725827
P200L,200,0.30954616,3,0.47109106183052063,0.16154490183052062
P200R,200,1.235571193,3,0.6163780689239502,0.6191931240760498
P200A,200,0.716481163,3,0.6671507358551025,0.04933042714489744
P200S,200,1.060987868,3,0.7322775721549988,0.3287102958450012
P200V,200,0.574036454,3,0.571121871471405,0.002914582528595
P200N,200,1.953234669,3,0.7655481100082397,1.1876865589917602
P200C,200,1.144315032,3,0.6713235378265381,0.47299149417346187
H201P,201,1.215199787,1,0.974453866481781,0.24074592051821897
H201Y,201,1.108244258,1,1.0017139911651611,0.1065302668348389
H201W,201,1.028341065,1,0.8287485241889954,0.19959254081100464
H201V,201,1.427321751,1,0.9840781688690186,0.4432435821309815
H201T,201,0.759023355,1,1.0485807657241821,0.2895574107241822
H201S,201,0.980296308,1,0.983527660369873,0.0032313523698730418
H201R,201,1.034105782,1,0.9266104698181152,0.10749531218188468
H201Q,201,1.3755915280000002,1,0.9004342555999756,0.4751572724000246
H201A,201,1.03084327,1,1.0793356895446777,0.048492419544677645
H201L,201,1.20927223,1,0.9772019982337952,0.2320702317662049
H201K,201,1.7770807240000002,1,1.0235376358032227,0.7535430881967775
H201G,201,1.01178262,1,0.7921985387802124,0.21958408121978756
H201F,201,0.969853959,1,0.969076931476593,0.0007770275234070256
H201E,201,1.0423123159999998,1,0.9801806211471558,0.06213169485284409
H201C,201,0.66317423,1,1.1461644172668457,0.4829901872668457
H201M,201,1.001703549,1,1.0238982439041138,0.022194694904113854
A202G,202,0.997935752,2,0.8287956714630127,0.16914008053698726
A202F,202,1.267752514,2,0.8051513433456421,0.462601170654358
A202E,202,1.618750015,2,0.7948643565177917,0.8238856584822083
A202M,202,1.038016478,2,0.9321613907814026,0.10585508721859749
A202C,202,1.033015308,2,0.6010932922363281,0.43192201576367184
A202I,202,0.49535125,2,0.8290743827819824,0.3337231327819824
A202D,202,0.646757401,2,0.5791952610015869,0.0675621399984131
A202K,202,1.317656126,2,0.8964795470237732,0.42117657897622673
A202L,202,0.609303333,2,0.8873113989830017,0.27800806598300176
A202V,202,0.975370339,2,0.9441405534744263,0.03122978552557376
A202N,202,0.8865792370000001,2,0.5453038811683655,0.3412753558316346
A202P,202,1.191518131,2,0.8475715517997742,0.34394657920022587
A202Q,202,0.85325594,2,0.841172993183136,0.01208294681686406
A202R,202,1.252499824,2,0.785046398639679,0.4674534253603211
A202S,202,1.136768251,2,0.7642624974250793,0.37250575357492055
A202T,202,1.02923126,2,0.8093628883361816,0.21986837166381834
A202W,202,0.975274218,2,0.8140649199485779,0.16120929805142215
A202Y,202,1.117950915,2,0.8703209161758423,0.2476299988241577
E203F,203,0.7671290740000001,2,0.8234595060348511,0.056330432034851
E203G,203,0.642394273,2,0.5266059637069702,0.11578830929302975
E203I,203,1.145616633,2,0.5309739112854004,0.6146427217145995
E203K,203,0.595575387,2,0.7933902740478516,0.19781488704785155
E203L,203,1.262955227,2,0.7846912741661072,0.4782639528338928
E203M,203,1.538304766,2,0.7644804120063782,0.7738243539936218
E203C,203,0.85896833,2,0.8876288533210754,0.028660523321075493
E203D,203,1.12044861,2,0.8290457725524902,0.2914028374475097
E203P,203,0.466817895,2,0.45425117015838623,0.012566724841613752
E203Q,203,0.952343496,2,0.76041179895401,0.19193169704599
E203R,203,0.428400961,2,0.6920754909515381,0.26367452995153806
E203S,203,0.826987792,2,0.7138159871101379,0.11317180488986212
E203N,203,0.8510785240000001,2,0.44374847412109375,0.4073300498789063
E203A,203,0.885902266,2,0.6766180992126465,0.2092841667873535
E203W,203,0.4784625279999999,2,0.7839478254318237,0.30548529743182384
E203V,203,0.975780049,2,0.7874850034713745,0.18829504552862553
E203Y,203,1.177587116,2,0.9065715074539185,0.27101560854608153
I204A,204,-0.218787402,2,0.6214271783828735,0.8402145803828736
I204W,204,0.050322303,2,0.485696941614151,0.435374638614151
I204V,204,0.88111561,2,0.919129490852356,0.03801388085235591
I204R,204,0.0369141,2,0.31339937448501587,0.27648527448501586
I204Q,204,0.205547672,2,0.29496583342552185,0.08941816142552186
I204P,204,0.148395908,2,0.37527936697006226,0.22688345897006226
I204G,204,0.179692675,2,0.24650156497955322,0.06680888997955323
I204E,204,0.1911133089999999,2,0.27835404872894287,0.08724073972894297
E205I,205,0.758140878,1,0.8426625728607178,0.08452169486071781
E205H,205,1.334772721,1,1.2068533897399902,0.12791933126000976
E205G,205,1.021949818,1,0.8033319115638733,0.21861790643612666
E205K,205,0.5383883970000001,1,0.9511021971702576,0.4127138001702575
E205L,205,1.114184768,1,0.9260038137435913,0.1881809542564088
E205F,205,0.966988023,1,0.770915150642395,0.19607287235760495
E205P,205,0.535661198,1,0.33438366651535034,0.20127753148464966
E205Q,205,0.955821727,1,1.100598931312561,0.14477720431256103
E205R,205,0.960698042,1,0.8778014779090881,0.08289656409091184
E205T,205,0.831747254,1,1.020965576171875,0.18921832217187495
E205V,205,1.013413242,1,0.7957322001457214,0.2176810418542785
E205W,205,0.7640247609999999,1,0.8070788979530334,0.043054136953033506
E205Y,205,0.091398243,1,1.0086864233016968,0.9172881803016968
E205M,205,0.710339814,1,0.8074577450752258,0.09711793107522582
E205D,205,1.12578984,1,0.8130884766578674,0.3127013633421325
E205S,205,0.911769111,1,0.9286860227584839,0.016916911758483866
E205C,205,1.134974111,1,1.1372222900390625,0.0022481790390624923
E205A,205,1.078930331,1,0.8035042881965637,0.2754260428034363
R206Y,206,1.4486110680000002,1,1.0326591730117798,0.4159518949882204
R206V,206,0.815429165,1,1.2674850225448608,0.4520558575448609
R206G,206,0.866770411,1,1.0018912553787231,0.13512084437872318
R206K,206,1.5502307519999998,1,1.0245740413665771,0.5256567106334227
R206L,206,1.003557296,1,1.1755216121673584,0.1719643161673583
R206M,206,0.978260119,1,1.4031691551208496,0.4249090361208496
R206W,206,0.776330368,1,1.0239427089691162,0.24761234096911622
R206N,206,-0.119091709,1,0.951780378818512,1.070872087818512
R206P,206,0.575020525,1,0.2192428708076477,0.3557776541923523
R206S,206,0.340450844,1,1.2278757095336914,0.8874248655336914
R206T,206,1.032558844,1,1.440828561782837,0.40826971778283694
R206D,206,0.631613375,1,1.2034151554107666,0.5718017804107666
R206C,206,0.598737533,1,1.4742497205734253,0.8755121875734253
R206A,206,1.200505753,1,1.2463821172714233,0.045876364271423276
R206E,206,0.849748504,1,1.2762601375579834,0.4265116335579834
L207E,207,0.287345767,0,0.5703540444374084,0.2830082774374085
L207A,207,0.661923522,0,0.5070083737373352,0.15491514826266484
L207C,207,1.130348748,0,0.8307943344116211,0.299554413588379
L207D,207,0.62059843,0,0.3236033618450165,0.29699506815498355
L207W,207,0.894672625,0,0.6566252708435059,0.23804735415649414
L207K,207,0.6255467720000001,0,0.42787250876426697,0.19767426323573312
L207T,207,1.082613472,0,0.7432613372802734,0.3393521347197266
L207V,207,0.904543551,0,0.8603564500808716,0.044187100919128364
L207I,207,0.881017734,0,0.9779431819915771,0.0969254479915771
L207Y,207,0.928208006,0,0.7091063261032104,0.21910167989678953
L207Q,207,0.3974582579999999,0,0.5807931423187256,0.1833348843187257
L207P,207,0.392283055,0,0.19769924879074097,0.19458380620925902
L207R,207,0.572711729,0,0.39455899596214294,0.17815273303785706
L207H,207,-0.104492884,0,0.6160333156585693,0.7205261996585693
L207G,207,0.208321553,0,0.22743010520935059,0.019108552209350593
L207F,207,0.680090773,0,0.7633894681930542,0.08329869519305422
L207S,207,0.3711726929999999,0,0.4297961890697479,0.05862349606974804
L207M,207,1.19001881,0,0.9498835206031799,0.24013528939682005
F208G,208,0.155654179,4,0.2515765428543091,0.09592236385430908
F208A,208,0.540317416,4,0.5485919713973999,0.008274555397399852
F208C,208,0.562186668,4,0.6807040572166443,0.11851738921664434
F208D,208,-0.151879838,4,0.23094701766967773,0.3828268556696777
F208I,208,0.336086668,4,0.928223729133606,0.592137061133606
F208E,208,0.245509367,4,0.3266774117946625,0.08116804479466247
F208L,208,0.423291911,4,0.9273455142974854,0.5040536032974854
F208K,208,0.7292170370000001,4,0.34901899099349976,0.3801980460065003
F208W,208,1.107817647,4,0.7713392972946167,0.3364783497053834
F208V,208,0.73629052,4,0.8278784155845642,0.09158789558456426
F208S,208,0.062937386,4,0.46324747800827026,0.4003100920082703
F208Y,208,0.9004832509999999,4,0.8666146993637085,0.03386855163629143
F208Q,208,0.278088331,4,0.4395451247692108,0.1614567937692108
F208R,208,-0.006183008,4,0.24204957485198975,0.24823258285198974
F208M,208,1.027401726,4,1.1153767108917236,0.08797498489172373
F208N,208,-0.132075044,4,0.48506635427474976,0.6171413982747498
F208T,208,0.584585284,4,0.7126649618148804,0.1280796778148804
F208P,208,-0.174338718,4,0.39862585067749023,0.5729645686774902
G209D,209,1.182819709,1,0.8021999001502991,0.38061980884970104
G209R,209,0.8385944909999999,1,0.6936297416687012,0.14496474933129877
G209Q,209,1.479598801,1,0.7410926818847656,0.7385061191152344
G209T,209,1.2052955440000002,1,0.8038687109947205,0.4014268330052797
G209M,209,1.410541524,1,0.6184351444244385,0.7921063795755616
G209L,209,0.7691709720000001,1,0.63155198097229,0.13761899102771002
G209K,209,0.861514195,1,0.53397536277771,0.3275388322222901
G209I,209,0.553678462,1,0.4917994737625122,0.06187898823748783
G209S,209,0.691159367,1,0.840487003326416,0.149327636326416
G209F,209,0.7009135609999999,1,0.675615668296814,0.025297892703185942
G209E,209,0.8475705,1,0.6748344898223877,0.1727360101776123
G209P,209,0.739422583,1,0.47949662804603577,0.2599259549539642
G209V,209,0.784400599,1,0.6678351759910583,0.11656542300894168
G209W,209,0.78105823,1,0.7093586325645447,0.07169959743545529
G209Y,209,0.989531884,1,0.8578585982322693,0.13167328576773074
G209A,209,1.068625078,1,0.7910661697387695,0.2775589082612304
G209C,209,0.6991546270000001,1,0.8338140845298767,0.13465945752987662
K210G,210,0.758142877,1,0.8465003967285156,0.08835751972851558
K210C,210,0.9795864,1,0.8065579533576965,0.17302844664230344
K210L,210,1.1618839440000002,1,0.7437795996665955,0.4181043443334047
K210I,210,1.549600879,1,0.5860325694084167,0.9635683095915832
K210H,210,1.499676822,1,1.083345890045166,0.41633093195483406
K210F,210,1.169517417,1,0.8025243878364563,0.3669930291635437
K210D,210,0.983696784,1,1.0872623920440674,0.10356560804406734
K210E,210,0.645726424,1,1.0946898460388184,0.44896342203881834
K210P,210,1.112168433,1,1.180159091949463,0.06799065894946299
K210R,210,1.25891417,1,1.0367695093154907,0.22214466068450922
K210N,210,0.809176508,1,0.9671907424926758,0.15801423449267582
K210S,210,1.175067836,1,1.0605266094207764,0.11454122657922361
K210T,210,0.941264722,1,1.016369342803955,0.07510462080395508
K210V,210,0.6820158040000001,1,0.787352979183197,0.10533717518319696
K210W,210,0.907458931,1,0.7997098565101624,0.10774907448983762
K210A,210,0.8515956579999999,1,1.1824806928634644,0.33088503486346443
K210Y,210,1.26838081,1,1.0347950458526611,0.2335857641473389
K210Q,210,0.911847737,1,1.0691232681274414,0.15727553112744141
K210M,210,1.19031035,1,0.8358373045921326,0.3544730454078675
I211V,211,1.083181673,3,0.8851071000099182,0.1980745729900817
I211C,211,1.194415925,3,0.9237399697303772,0.27067595526962274
I211Y,211,0.266838638,3,0.8608782291412354,0.5940395911412353
I211G,211,1.073090415,3,0.7760598063468933,0.2970306086531067
I211F,211,1.304524098,3,0.9374623894691467,0.3670617085308532
I211D,211,1.307422194,3,0.6354189515113831,0.6720032424886169
I211A,211,1.34696095,3,0.9797571897506714,0.36720376024932855
I211W,211,1.246451251,3,0.8191061615943909,0.4273450894056092
I211T,211,0.264414069,3,0.814217746257782,0.549803677257782
I211E,211,0.541989831,3,0.6882481575012207,0.14625832650122073
I211N,211,1.081859975,3,0.4354863464832306,0.6463736285167694
I211S,211,1.201975472,3,0.9217351675033569,0.28024030449664306
I211R,211,0.994996732,3,0.9068198800086975,0.08817685199130254
I211Q,211,1.272530315,3,0.8680203557014465,0.4045099592985535
I211P,211,0.861835626,3,0.5478936433792114,0.31394198262078854
I211M,211,1.812481517,3,0.871702253818512,0.940779263181488
I211L,211,0.69556084,3,1.0157926082611084,0.32023176826110844
I211K,211,1.034006533,3,0.7608312368392944,0.27317529616070546
C212G,212,0.942167569,0,0.8644127249717712,0.07775484402822874
C212H,212,-0.173838852,0,0.8415402173995972,1.0153790693995972
C212L,212,0.840547844,0,0.8403624892234802,0.00018535477651981935
C212M,212,0.734255641,0,1.1223702430725098,0.3881146020725098
C212P,212,0.5180218839999999,0,0.49423953890800476,0.023782345091995172
C212Q,212,0.8668376879999999,0,0.5523338317871094,0.31450385621289056
C212V,212,0.945030337,0,0.8679341077804565,0.07709622921954351
C212A,212,1.245512545,0,1.318314790725708,0.07280224572570804
C212D,212,0.237416152,0,0.9571771025657654,0.7197609505657654
C212E,212,0.313178637,0,0.4974175691604614,0.18423893216046144
C212Y,212,1.195258937,0,0.7897873520851135,0.40547158491488644
C212T,212,1.032161938,0,0.8859032392501831,0.1462586987498169
C212W,212,0.609573012,0,0.4065976142883301,0.20297539771166995
C212F,212,0.302587747,0,1.1188323497772217,0.8162446027772217
C212R,212,0.3644505979999999,0,0.5961228609085083,0.2316722629085084
C212S,212,0.416748062,0,0.7606735825538635,0.34392552055386355
N213A,213,1.131738072,4,0.8479312658309937,0.28380680616900644
N213Y,213,1.308731877,4,0.9009503126144409,0.4077815643855591
N213F,213,0.922435604,4,0.7277219891548157,0.19471361484518435
N213G,213,1.0255673440000002,4,0.7440782785415649,0.2814890654584352
N213I,213,0.3408930529999999,4,0.9789512157440186,0.6380581627440187
N213L,213,0.462465056,4,0.7904127240180969,0.32794766801809694
N213P,213,0.292559016,4,0.33402758836746216,0.04146857236746215
N213Q,213,0.915592409,4,0.919267475605011,0.003675066605010935
N213R,213,0.984654119,4,0.9131730794906616,0.07148103950933837
N213S,213,1.045213987,4,0.9344117045402527,0.11080228245974721
N213T,213,0.802605377,4,1.0485758781433105,0.24597050114331054
N213V,213,1.096242716,4,0.8270256519317627,0.2692170640682372
N213W,213,0.4951355129999999,4,0.689717173576355,0.19458166057635506
N213C,213,1.168534013,4,1.0124391317367554,0.15609488126324456
N213D,213,1.0351748159999998,4,1.0019428730010986,0.0332319429989012
N213E,213,0.846571504,4,0.9897472262382507,0.1431757222382507
I214C,214,1.588440779,0,0.8745139241218567,0.7139268548781432
I214F,214,0.388004635,0,0.8893252611160278,0.5013206261160279
I214G,214,0.09738276,0,-0.0011089444160461426,0.09849170441604614
I214L,214,0.77564498,0,0.9368038177490234,0.1611588377490234
I214P,214,0.2683754439999999,0,0.2610689401626587,0.007306503837341216
I214R,214,0.170542287,0,0.47535693645477295,0.304814649454773
I214S,214,0.618230908,0,0.35165026783943176,0.26658064016056826
I214T,214,0.6806524690000001,0,0.6221845746040344,0.05846789439596567
I214V,214,0.933098564,0,1.0047694444656372,0.07167088046563719
I214W,214,0.745665331,0,0.7599106431007385,0.014245312100738539
I214Y,214,-0.135562894,0,0.7955345511436462,0.9310974451436462
I214E,214,0.6496601329999999,0,0.03702056407928467,0.6126395689207152
I214D,214,-0.02846828,0,-0.18152272701263428,0.15305444701263426
I214Q,214,0.382201154,0,0.5006076097488403,0.11840645574884034
I214A,214,0.789842541,0,0.437209814786911,0.35263272621308894
R215A,215,1.12588039,2,0.8771547079086304,0.2487256820913697
R215Y,215,1.084657799,2,0.3380100429058075,0.7466477560941924
R215W,215,0.942459687,2,0.6324496865272522,0.31001000047274785
R215V,215,0.690912425,2,0.6711873412132263,0.019725083786773734
R215T,215,0.975123148,2,0.7130131125450134,0.26211003545498657
R215S,215,0.910202239,2,0.767997682094574,0.142204556905426
R215Q,215,1.064461989,2,0.9155571460723877,0.1489048429276123
R215P,215,0.578579129,2,0.07442843914031982,0.5041506898596801
R215N,215,1.126904083,2,0.9357727766036987,0.19113130639630116
R215C,215,1.204365546,2,0.7261766791343689,0.4781888668656311
R215E,215,0.935886389,2,1.0667564868927002,0.1308700978927002
R215L,215,1.214940773,2,0.5263346433639526,0.6886061296360473
R215M,215,0.7918547779999999,2,0.7022115588188171,0.08964321918118279
R215K,215,0.697993761,2,0.8585800528526306,0.16058629185263062
R215I,215,1.4070922769999998,2,0.3884200155735016,1.0186722614264982
R215H,215,1.136172232,2,0.860589861869812,0.27558237013018805
R215G,215,1.05104856,2,0.5650150775909424,0.4860334824090575
R215F,215,0.059779572,2,0.2934432625770569,0.23366369057705688
C216D,216,0.653665546,3,0.47932082414627075,0.1743447218537293
C216E,216,1.093837182,3,0.8563594818115234,0.23747770018847647
C216F,216,1.008923156,3,0.9309481978416443,0.07797495815835576
C216G,216,0.910000462,3,0.4394340217113495,0.47056644028865047
C216K,216,1.3444923830000002,3,0.8947579860687256,0.4497343969312746
C216L,216,1.050099613,3,1.1483584642410278,0.09825885124102784
C216M,216,1.36029009,3,0.893910825252533,0.46637926474746694
C216V,216,0.977334788,3,0.9828726053237915,0.0055378173237915496
C216W,216,0.852769014,3,0.6378470063209534,0.21492200767904668
C216P,216,1.345350398,3,0.7336484789848328,0.6117019190151671
C216Q,216,1.024080144,3,0.9763883352279663,0.04769180877203372
C216R,216,0.996183536,3,0.6805099844932556,0.31567355150674437
C216S,216,0.99716269,3,0.752068281173706,0.24509440882629396
C216T,216,0.949679492,3,0.7696354389190674,0.18004405308093263
C216A,216,0.802095005,3,0.8274181485176086,0.02532314351760867
C216N,216,1.075830448,3,0.4748057425022125,0.6010247054977875
L217I,217,0.8973952190000001,1,1.0815913677215576,0.18419614872155754
L217K,217,1.107734781,1,0.6079590916633606,0.4997756893366394
L217M,217,1.026175973,1,0.8592766523361206,0.16689932066387936
L217E,217,0.635582065,1,0.6225912570953369,0.012990807904663115
L217Q,217,0.8428685159999999,1,0.6577615141868591,0.18510700181314077
L217T,217,0.617079605,1,0.6451457738876343,0.028066168887634246
L217S,217,0.6609749220000001,1,0.6566981077194214,0.004276814280578689
L217P,217,0.147242375,1,0.3307937979698181,0.1835514229698181
L217R,217,0.46789563,1,0.4305712580680847,0.03732437193191529
L217D,217,0.292026343,1,0.6936328411102295,0.40160649811022947
L217F,217,0.781491554,1,0.8429111838340759,0.061419629834075895
L217H,217,0.306394779,1,0.7438026666641235,0.43740788766412353
L217W,217,1.204909762,1,0.841535747051239,0.363374014948761
L217A,217,0.742345475,1,0.7153775691986084,0.026967905801391634
L217Y,217,1.155168061,1,1.109243631362915,0.045924429637084874
L217G,217,0.2196946289999999,1,0.35675981640815735,0.13706518740815746
L217C,217,1.011862137,1,1.0654857158660889,0.05362357886608882
L217V,217,0.945526885,1,0.978789210319519,0.033262325319519004
E218A,218,1.004126927,0,1.1287842988967896,0.1246573718967896
E218C,218,1.118908335,0,1.0411734580993652,0.07773487690063474
E218D,218,0.51983676,0,1.0736277103424072,0.5537909503424072
E218F,218,0.893218539,0,0.8392009735107422,0.054017565489257846
E218H,218,1.02335961,0,1.0487098693847656,0.02535025938476565
E218W,218,0.777379,0,0.6125820279121399,0.16479697208786015
E218L,218,0.7877471309999999,0,1.0262991189956665,0.23855198799566657
E218Y,218,1.02574063,0,0.9519476294517517,0.07379300054824833
E218V,218,0.783424328,0,0.8991795182228088,0.11575519022280889
E218T,218,0.871593519,0,1.0854434967041016,0.21384997770410152
E218I,218,0.6411398070000001,0,0.9407455325126648,0.29960572551266473
E218S,218,0.364563001,0,1.0017294883728027,0.6371664873728027
E218G,218,0.589127608,0,0.8236732482910156,0.23454564029101566
E218Q,218,0.833753579,0,1.021852731704712,0.1880991527047119
E218P,218,0.488636949,0,0.2349625825881958,0.2536743664118042
E218N,218,0.8546473720000001,0,1.0669598579406738,0.21231248594067376
E218M,218,1.066904109,0,0.8912739157676697,0.1756301932323303
E218R,218,0.55904332,0,0.89152991771698,0.33248659771697997
K219V,219,1.17720461,3,0.9818922281265259,0.1953123818734741
K219S,219,1.290247716,3,0.7970530986785889,0.49319461732141123
K219R,219,1.261190505,3,0.9515952467918396,0.3095952582081605
K219Q,219,0.821169136,3,1.084745168685913,0.2635760326859131
K219P,219,0.373676758,3,0.9243167638778687,0.5506400058778687
K219T,219,1.483247244,3,0.7203927040100098,0.7628545399899902
K219E,219,1.331241308,3,0.8409353494644165,0.49030595853558356
K219C,219,2.146574556,3,0.974470853805542,1.172103702194458
K219D,219,0.611011054,3,0.8898266553878784,0.2788156013878784
K219N,219,0.715802307,3,0.8745248317718506,0.15872252477185056
K219M,219,0.594629672,3,0.9126437902450562,0.3180141182450561
K219L,219,0.799637432,3,0.9326827526092529,0.1330453206092529
K219I,219,-0.032664167,3,1.122520923614502,1.155185090614502
K219F,219,0.827627351,3,0.9110286235809326,0.08340127258093266
K219A,219,0.924262734,3,1.0285377502441406,0.1042750162441406
K219G,219,0.916645233,3,0.8678351044654846,0.048810128534515385
K219Y,219,0.842624315,3,1.0938875675201416,0.2512632525201416
V220T,220,1.413313257,1,1.0593645572662354,0.35394869973376464
V220A,220,0.700150748,1,0.7254050374031067,0.0252542894031067
V220C,220,0.531459992,1,1.136669635772705,0.605209643772705
V220E,220,1.074007605,1,0.7110679745674133,0.3629396304325867
V220F,220,0.605603834,1,0.7934278249740601,0.1878239909740601
V220G,220,0.894527847,1,0.8071447610855103,0.08738308591448973
V220K,220,1.10141468,1,0.8992288708686829,0.20218580913131712
V220L,220,0.6800306779999999,1,0.8506964445114136,0.17066576651141363
V220M,220,1.191630838,1,0.7226586937904358,0.46897214420956423
V220P,220,0.570922256,1,0.22524821758270264,0.3456740384172974
V220Q,220,1.186664823,1,0.8518532514572144,0.33481157154278574
V220R,220,0.714652988,1,0.8834218382835388,0.16876885028353883
V220S,220,0.678647474,1,0.808816134929657,0.13016866092965695
V220W,220,1.184156258,1,0.7330691814422607,0.4510870765577393
D221V,221,1.193050827,4,0.7238886952400208,0.46916213175997923
D221W,221,1.116859745,4,0.5795045495033264,0.5373551954966735
D221T,221,0.71853426,4,0.7197625041007996,0.0012282441007995804
D221R,221,0.839100596,4,0.6631850004196167,0.17591559558038328
D221Q,221,0.780514477,4,0.6005487442016602,0.17996573279833983
D221P,221,0.936691368,4,0.6593422889709473,0.2773490790290527
D221N,221,0.732245475,4,0.8461810946464539,0.11393561964645382
D221M,221,0.585716261,4,0.6914833784103394,0.1057671174103394
D221L,221,0.889797756,4,0.61263507604599,0.27716267995401
D221K,221,0.8094912809999999,4,0.6336222887039185,0.17586899229608144
D221I,221,0.258733777,4,0.6968200206756592,0.4380862436756592
D221G,221,0.871406152,4,0.6794821619987488,0.19192399000125127
D221F,221,0.358263523,4,0.6272751092910767,0.2690115862910767
D221E,221,1.024846519,4,0.7744706273078918,0.25037589169210817
D221C,221,1.2925615540000002,4,0.90842205286026,0.38413950113974016
D221A,221,0.872880159,4,0.7505163550376892,0.12236380396231084
D221S,221,0.8837954579999999,4,0.7829474806785583,0.10084797732144157
D221Y,221,0.658289683,4,0.7091344594955444,0.05084477649554442
A222R,222,0.917493428,3,0.8588293790817261,0.058664048918273926
A222S,222,0.992278895,3,0.8351864814758301,0.15709241352416992
A222D,222,0.624968691,3,0.933947741985321,0.3089790509853211
A222T,222,1.115413761,3,0.641640305519104,0.4737734554808959
A222V,222,1.250424791,3,0.7875995635986328,0.4628252274013671
A222W,222,0.522352953,3,0.9147549867630005,0.39240203376300054
A222Y,222,1.562990637,3,0.8347189426422119,0.728271694357788
A222P,222,0.943368846,3,0.8713585138320923,0.07201033216790775
A222M,222,1.117601339,3,0.8245888948440552,0.29301244415594474
A222L,222,0.984347269,3,0.8689385652542114,0.1154087037457886
A222K,222,0.956275577,3,0.9255858063697815,0.030689770630218494
A222I,222,0.650018952,3,0.7306684255599976,0.08064947355999752
A222H,222,1.40634089,3,0.7005846500396729,0.7057562399603272
A222G,222,0.981485459,3,0.7680598497390747,0.21342560926092524
A222F,222,0.361946602,3,0.8673608899116516,0.5054142879116517
A222E,222,0.746374797,3,0.7735536098480225,0.027178812848022482
A222C,222,1.193857017,3,0.8291498422622681,0.36470717473773195
A222Q,222,1.028782332,3,0.941796064376831,0.08698626762316897
F223L,223,1.20478472,2,0.94350665807724,0.26127806192275993
F223W,223,0.915426774,2,0.861190140247345,0.05423663375265508
F223V,223,0.948737963,2,0.782889187335968,0.165848775664032
F223T,223,1.4469938,2,0.8748111724853516,0.5721826275146484
F223S,223,1.159740008,2,0.7970242500305176,0.3627157579694824
F223R,223,0.723711282,2,0.7745794653892517,0.0508681833892517
F223Q,223,0.247951869,2,0.9372683763504028,0.6893165073504028
F223P,223,0.573737736,2,0.7005646228790283,0.12682688687902832
F223N,223,1.041323971,2,0.8496742248535156,0.19164974614648433
F223M,223,0.855840455,2,0.8239882588386536,0.03185219616134649
F223K,223,0.416413144,2,0.8990601301193237,0.4826469861193237
F223Y,223,0.8566155670000001,2,0.8281330466270447,0.0284825203729554
F223G,223,0.8849496990000001,2,0.7231001257896423,0.16184957321035776
F223E,223,0.422243925,2,0.8576195240020752,0.4353755990020752
F223D,223,1.146207778,2,0.8541831374168396,0.29202464058316036
F223C,223,0.9011023,2,0.7662410140037537,0.13486128599624636
F223A,223,1.09114662,2,0.7447854280471802,0.3463611919528198
F223I,223,1.472391117,2,0.945307195186615,0.5270839218133849
E224R,224,0.7255259709999999,1,0.8975208401679993,0.17199486916799933
E224C,224,1.229959127,1,1.258202075958252,0.028242948958251857
E224D,224,0.7696567940000001,1,1.2318799495697021,0.46222315556970206
E224G,224,0.924520673,1,0.8920812606811523,0.032439412318847616
E224H,224,0.730757662,1,1.0649514198303223,0.33419375783032224
E224A,224,1.3549293619999998,1,0.9411749839782715,0.4137543780217283
E224S,224,0.925251505,1,1.0101964473724365,0.08494494237243655
E224I,224,0.930466634,1,1.1025187969207764,0.1720521629207764
E224Y,224,0.73613351,1,0.8963040113449097,0.16017050134490962
E224W,224,0.798859415,1,0.7454947829246521,0.05336463207534792
E224V,224,0.980326127,1,0.9443334341049194,0.03599269289508056
E224T,224,0.979631795,1,1.055330514907837,0.07569871990783694
E224K,224,0.963517427,1,0.9065911173820496,0.05692630961795042
E224M,224,0.855970648,1,0.7619635462760925,0.09400710172390747
E224N,224,1.124966496,1,1.1228824853897095,0.002084010610290621
E224P,224,0.46376517,1,1.0062968730926514,0.5425317030926513
E224Q,224,0.467238875,1,1.016409158706665,0.549170283706665
E224L,224,0.50878937,1,0.7734153270721436,0.26462595707214354
E225W,225,0.789418712,0,0.7219092845916748,0.06750942740832522
E225F,225,1.181253205,0,0.6533832550048828,0.5278699499951172
E225V,225,1.0638727609999998,0,0.8104557394981384,0.2534170215018614
E225G,225,0.882665657,0,0.8139646053314209,0.0687010516685791
E225K,225,0.943543171,0,0.7468570470809937,0.1966861239190063
E225L,225,1.6014758409999998,0,0.8191066384315491,0.7823692025684508
E225M,225,0.55492302,0,0.6902013421058655,0.13527832210586543
E225P,225,0.942074469,0,1.1032917499542236,0.1612172809542236
E225Q,225,1.306484045,0,0.8401798009872437,0.4663042440127563
E225A,225,0.967559115,0,0.9695620536804199,0.0020029386804198968
E225T,225,0.951532374,0,0.9120339751243591,0.03949839887564088
E225S,225,0.986600235,0,0.9007176160812378,0.08588261891876225
E225R,225,0.965860567,0,0.7544944882392883,0.21136607876071167
R226M,226,1.018409837,0,1.0456807613372803,0.027270924337280178
R226N,226,0.974571031,0,0.7305282950401306,0.24404273595986936
R226V,226,0.681873993,0,1.0449061393737793,0.36303214637377934
R226L,226,1.119186726,0,0.8819183111190796,0.23726841488092032
R226Q,226,1.338431174,0,1.1129456758499146,0.22548549815008534
R226S,226,0.981641227,0,0.9885010123252869,0.00685978532528686
R226P,226,0.809794335,0,1.209249496459961,0.39945516145996096
R226K,226,1.052177289,0,1.0540010929107666,0.0018238039107665305
R226C,226,1.365818639,0,0.8619979619979858,0.5038206770020142
R226G,226,0.933611144,0,0.9644790291786194,0.03086788517861938
R226F,226,0.977060379,0,0.7789974212646484,0.19806295773535154
R226E,226,1.326216136,0,1.1208994388580322,0.20531669714196776
R226D,226,1.786593161,0,1.0592033863067627,0.7273897746932374
R226A,226,1.114084287,0,0.9919420480728149,0.12214223892718512
R226W,226,1.01908501,0,1.005789041519165,0.013295968480834919
R226Y,226,1.034530225,0,0.8749205470085144,0.1596096779914855
R226H,226,0.247181105,0,1.0646235942840576,0.8174424892840576
R226T,226,0.702349206,0,1.0104161500930786,0.30806694409307867
H227G,227,0.774345925,0,0.7417545914649963,0.03259133353500365
H227W,227,0.7040225720000001,0,1.1114412546157837,0.4074186826157836
H227C,227,0.500167358,0,0.7778633236885071,0.2776959656885071
H227D,227,0.57021688,0,0.8211706280708313,0.25095374807083126
H227E,227,0.886528758,0,0.7507262229919434,0.1358025350080566
H227F,227,0.651604734,0,1.0053317546844482,0.3537270206844483
H227I,227,0.926172489,0,0.9373570084571838,0.011184519457183795
H227K,227,1.087396476,0,0.7479235529899597,0.3394729230100402
H227L,227,0.970940902,0,0.8211016058921814,0.14983929610781865
H227A,227,0.8655677420000001,0,0.7935017943382263,0.07206594766177377
H227N,227,0.762898532,0,0.8226779103279114,0.05977937832791136
H227M,227,1.021598826,0,0.8944697380065918,0.12712908799340816
H227V,227,1.060676933,0,0.8478577136993408,0.21281921930065928
H227T,227,1.275531491,0,0.8066467642784119,0.4688847267215881
H227Y,227,1.0688146,0,0.9347974061965942,0.13401719380340582
H227R,227,0.895071108,0,0.7438722252845764,0.1511988827154236
H227Q,227,0.738107757,0,0.760820746421814,0.02271298942181399
H227P,227,0.7926313970000001,0,0.6909735202789307,0.1016578767210694
H227S,227,0.725494757,0,0.7150608897209167,0.010433867279083242
K228E,228,0.999855147,4,0.7793619632720947,0.22049318372790527
K228G,228,0.866653711,4,0.7187701463699341,0.1478835646300659
K228H,228,1.40159421,4,0.8094056844711304,0.5921885255288697
K228I,228,0.779450194,4,0.8735238313674927,0.09407363736749264
K228L,228,1.082653783,4,0.8902494311332703,0.19240435186672977
K228M,228,0.157692852,4,0.8921406269073486,0.7344477749073486
K228N,228,0.598604155,4,0.7399765253067017,0.1413723703067017
K228Q,228,1.323262662,4,0.9140350818634033,0.40922758013659677
K228R,228,1.120707824,4,0.8671850562095642,0.2535227677904357
K228T,228,0.458241319,4,0.9208606481552124,0.4626193291552124
K228V,228,1.17014836,4,0.884259045124054,0.28588931487594604
K228W,228,0.928081853,4,0.647117555141449,0.28096429785855104
K228Y,228,0.897957727,4,0.752721905708313,0.145235821291687
K228D,228,1.414511333,4,0.6700147390365601,0.74449659396344
K228P,228,0.90035601,4,0.5886710286140442,0.3116849813859558
K228S,228,0.991682154,4,0.8400084376335144,0.15167371636648563
K228C,228,0.955978554,4,0.9723605513572693,0.016381997357269307
K228A,228,0.8813457109999999,4,0.8950791358947754,0.01373342489477547
S229W,229,0.966654312,0,0.8013274669647217,0.16532684503527828
S229E,229,0.8485670679999999,0,0.9028871059417725,0.054320037941772537
S229D,229,1.216123345,0,1.0364841222763062,0.17963922272369381
S229C,229,-0.2283434369999999,0,0.8175116181373596,1.0458550551373595
S229A,229,1.3753951759999998,0,0.8963353633880615,0.4790598126119383
S229Y,229,1.204895702,0,1.0210719108581543,0.18382379114184566
S229G,229,1.087370037,0,0.805153489112854,0.2822165478871459
S229F,229,1.10789652,0,0.9920125007629395,0.11588401923706049
S229I,229,0.248651438,0,1.1661840677261353,0.9175326297261353
S229L,229,1.354351447,0,1.0019285678863525,0.35242287911364745
S229M,229,0.971687181,0,1.0995726585388184,0.1278854775388184
S229Q,229,1.4592402919999998,0,1.1634999513626099,0.29574034063738996
S229R,229,1.176191521,0,0.8411293029785156,0.3350622180214844
S229T,229,0.392233365,0,1.0421373844146729,0.6499040194146728
S229V,229,0.7972064459999999,0,1.0109951496124268,0.21378870361242686
S229H,229,1.015608483,0,0.9003543257713318,0.11525415722866827
W230Q,230,0.4706107229999999,4,0.9198952913284302,0.4492845683284303
W230T,230,1.011906415,4,0.8987507820129395,0.11315563298706044
W230S,230,0.90283607,4,0.8716356158256531,0.031200454174346914
W230R,230,0.703437768,4,0.808580756187439,0.10514298818743895
W230P,230,0.60379527,4,0.6708427667617798,0.06704749676177979
W230G,230,0.7879405820000001,4,0.8301596641540527,0.04221908215405268
W230L,230,0.760234306,4,0.8965390920639038,0.13630478606390384
W230K,230,0.779538684,4,0.9235706925392151,0.14403200853921505
W230I,230,1.158625284,4,0.8234790563583374,0.3351462276416626
W230H,230,0.575725677,4,0.9124091863632202,0.3366835093632202
W230E,230,0.74873766,4,0.8298644423484802,0.08112678234848025
W230D,230,0.787904367,4,0.8942515254020691,0.1063471584020691
W230A,230,1.145059619,4,0.9025283455848694,0.2425312734151306
W230Y,230,0.6919125759999999,4,0.7923240661621094,0.10041149016210948
W230M,230,0.813567413,4,0.8603156805038452,0.0467482675038452
W230V,230,0.64989959,4,0.952366292476654,0.3024667024766541
G231E,231,1.006504649,2,0.6470337510108948,0.35947089798910525
G231V,231,0.697463245,2,0.16415202617645264,0.5333112188235474
G231F,231,0.41240183,2,0.5076808929443359,0.09527906294433591
G231H,231,1.165409162,2,0.5465194582939148,0.6188897037060852
G231I,231,0.67414072,2,-0.018016695976257324,0.6921574159762574
G231K,231,0.912087814,2,0.4173172116279602,0.49477060237203985
G231L,231,0.8181931809999999,2,0.32812660932540894,0.490066571674591
G231M,231,0.545000653,2,0.462064653635025,0.08293599936497498
G231P,231,0.796215955,2,0.06382709741592407,0.7323888575840759
G231Q,231,1.43136272,2,0.8366488814353943,0.5947138385646058
G231R,231,0.952276246,2,0.6243141293525696,0.32796211664743047
G231S,231,0.927777487,2,0.6312671899795532,0.29651029702044673
G231T,231,0.541295665,2,0.4136950373649597,0.12760062763504032
G231W,231,0.54811871,2,0.418523371219635,0.129595338780365
G231Y,231,0.517533832,2,0.41055136919021606,0.10698246280978396
G231C,231,0.8711597440000001,2,0.6852617859840393,0.18589795801596076
G231A,231,0.901773672,2,0.6494594812393188,0.2523141907606812
I232M,232,0.4105104029999999,3,0.8908952474594116,0.4803848444594117
I232A,232,0.850711575,3,0.9450527429580688,0.0943411679580688
I232C,232,0.703805102,3,1.0615229606628418,0.3577178586628418
I232D,232,0.499509272,3,0.8963946104049683,0.39688533840496826
I232E,232,0.630057905,3,0.8827526569366455,0.2526947519366455
I232K,232,0.5789215999999999,3,0.9909701347351074,0.4120485347351075
I232L,232,0.947395177,3,0.9459066390991211,0.0014885379008788835
I232H,232,-0.104501082,3,0.8367039561271667,0.9412050381271667
I232G,232,0.743787784,3,0.8817326426506042,0.13794485865060424
I232Q,232,0.963721286,3,0.9156413674354553,0.04807991856454463
I232R,232,0.699435756,3,0.8595085144042969,0.1600727584042969
I232S,232,0.760833885,3,0.8206613063812256,0.05982742138122554
I232T,232,0.703345088,3,0.8049707412719727,0.1016256532719727
I232V,232,0.841677124,3,0.9835724830627441,0.1418953590627441
I232W,232,0.834934513,3,1.0231307744979858,0.18819626149798585
I232P,232,0.6398150420000001,3,0.8903269171714783,0.2505118751714782
D233G,233,1.003788113,0,0.6978626251220703,0.3059254878779296
D233A,233,1.25436207,0,0.6645122170448303,0.5898498529551697
D233E,233,1.30876073,0,0.7112292647361755,0.5975314652638244
D233W,233,0.987290986,0,0.6055151224136353,0.3817758635863647
D233V,233,0.8136356920000001,0,0.38877072930336,0.4248649626966401
D233S,233,1.131939225,0,0.7847551107406616,0.34718411425933837
D233C,233,1.32813803,0,0.8195620775222778,0.5085759524777222
D233Q,233,1.163876752,0,0.6432642936706543,0.5206124583293457
D233P,233,0.716615268,0,0.6309797763824463,0.08563549161755368
D233L,233,0.690050493,0,0.37914326786994934,0.31090722513005065
D233K,233,0.60885806,0,0.6619454622268677,0.0530874022268677
D233I,233,0.878142449,0,0.28004035353660583,0.5981020954633942
D233H,233,1.519110117,0,0.6557670831680298,0.8633430338319703
D233R,233,1.242142544,0,0.6834173202514648,0.5587252237485352
C234A,234,1.297873583,1,0.878021776676178,0.41985180632382213
C234D,234,1.681158421,1,0.7469295263290405,0.9342288946709594
C234W,234,1.051540801,1,0.8609026074409485,0.19063819355905154
C234T,234,0.998407394,1,0.7311326265335083,0.2672747674664917
C234S,234,1.123452596,1,0.8621481657028198,0.2613044302971801
C234R,234,0.8498301509999999,1,0.8511897921562195,0.0013596411562195598
C234Q,234,1.162686793,1,0.8791773319244385,0.2835094610755615
C234P,234,0.813512007,1,0.5777908563613892,0.23572115063861088
C234N,234,0.821805536,1,0.9225032329559326,0.10069769695593267
C234M,234,1.257646666,1,0.9679146409034729,0.2897320250965272
C234L,234,1.102650826,1,0.6690844297409058,0.4335663962590943
C234K,234,0.084584206,1,0.7818235158920288,0.6972393098920289
C234G,234,0.960310886,1,0.8899654746055603,0.07034541139443973
C234V,234,1.271574273,1,0.6079374551773071,0.6636368178226928
L235D,235,1.180632847,4,0.5590794682502747,0.6215533787497254
L235E,235,0.149061637,4,0.6208898425102234,0.4718282055102234
L235M,235,1.266683924,4,0.8888529539108276,0.37783097008917244
L235K,235,0.679193802,4,0.6445431709289551,0.034650631071044935
L235N,235,0.966456146,4,0.6203657984733582,0.3460903475266418
L235P,235,0.620519688,4,0.5036278367042542,0.11689185129574586
L235Q,235,1.224388737,4,0.7678285837173462,0.45656015328265376
L235R,235,0.403714111,4,0.7658696174621582,0.3621555064621582
L235S,235,0.960394,4,0.7417511940002441,0.21864280599975583
L235T,235,-0.112047925,4,0.7599216103553772,0.8719695353553772
L235V,235,0.987689884,4,0.7907527089118958,0.19693717508810427
L235W,235,0.650925859,4,0.8072969913482666,0.1563711323482666
L235Y,235,0.6412371570000001,4,0.820178210735321,0.178941053735321
L235I,235,1.221852311,4,0.8912152051925659,0.330637105807434
L235G,235,0.88430039,4,0.559158205986023,0.3251421840139771
F236C,236,0.459714062,1,1.241941213607788,0.7822271516077881
F236E,236,0.899398411,1,0.9092721939086914,0.009873782908691453
F236A,236,1.302703327,1,0.936569094657898,0.36613423234210196
F236G,236,0.805840964,1,0.9308278560638428,0.12498689206384272
F236L,236,0.701007081,1,0.8351966738700867,0.1341895928700867
F236N,236,1.81601877,1,0.7984379529953003,1.0175808170046996
F236P,236,0.712527841,1,0.6034287214279175,0.10909911957208251
F236R,236,0.953721489,1,1.040215253829956,0.08649376482995608
F236S,236,1.138265363,1,0.9818071722984314,0.15645819070156852
F236T,236,0.736011238,1,0.8897356390953064,0.15372440109530638
F236V,236,1.277271148,1,0.9259213209152222,0.3513498270847779
F236W,236,1.066335556,1,0.9485491514205933,0.11778640457940681
E237G,237,0.490850186,4,0.7203993201255798,0.2295491341255798
E237Y,237,0.52752855,4,0.8224842548370361,0.29495570483703615
E237W,237,0.251834455,4,0.8436800837516785,0.5918456287516785
E237V,237,0.7277412190000001,4,0.7759014368057251,0.04816021780572499
E237F,237,1.2482581,4,0.7567322850227356,0.49152581497726433
E237S,237,0.937280252,4,0.7806360125541687,0.15664423944583128
E237D,237,0.594548834,4,0.8431024551391602,0.24855362113916013
E237C,237,0.686336432,4,0.8214154839515686,0.13507905195156855
E237A,237,0.58136604,4,0.8157670497894287,0.23440100978942868
E237H,237,0.927976764,4,0.7522423267364502,0.17573443726354976
E237T,237,-0.381098265,4,0.7579628229141235,1.1390610879141234
E237L,237,0.8844885570000001,4,0.7387993931770325,0.1456891638229676
E237M,237,0.779837633,4,0.7792606353759766,0.000576997624023412
E237K,237,0.280853385,4,0.712119996547699,0.43126661154769896
E237P,237,0.497522355,4,0.7501241564750671,0.2526018014750671
E237Q,237,1.053886323,4,0.7069369554519653,0.3469493675480346
E237R,237,0.723248528,4,0.6902701258659363,0.03297840213406367
E237N,237,0.000839997,4,0.7790330648422241,0.7781930678422241
K238L,238,0.386675866,3,0.7659496068954468,0.3792737408954468
K238G,238,0.943704404,3,0.6325483322143555,0.31115607178564453
K238A,238,1.1987812759999998,3,0.9102442264556885,0.28853704954431136
K238C,238,1.252357593,3,0.8133388161659241,0.43901877683407586
K238M,238,1.328183595,3,0.7180619239807129,0.6101216710192872
K238P,238,0.4931926579999999,3,0.7102411389350891,0.21704848093508922
K238Q,238,1.281522964,3,0.8614940047264099,0.4200289592735902
K238R,238,1.04583915,3,0.9734461307525635,0.07239301924743646
K238S,238,0.926302849,3,1.0328319072723389,0.10652905827233883
K238T,238,0.786550697,3,0.8821722269058228,0.09562152990582273
K238D,238,1.103380316,3,0.901378870010376,0.202001445989624
K238W,238,0.981354093,3,0.8646622896194458,0.11669180338055418
K238E,238,1.234060199,3,0.7655274868011475,0.4685327121988525
K238V,238,1.028536131,3,0.8329659700393677,0.1955701609606324
K238Y,238,0.367248746,3,0.7161787152290344,0.3489299692290344
L239K,239,0.330062492,1,0.426379919052124,0.09631742705212404
L239A,239,0.600670739,1,0.811261773109436,0.21059103410943603
L239C,239,0.863280183,1,0.8101337552070618,0.05314642779293821
L239D,239,0.6421850720000001,1,0.18044579029083252,0.46173928170916756
L239E,239,0.454398853,1,0.22809427976608276,0.22630457323391723
L239F,239,1.374056655,1,0.7154210209846497,0.6586356340153503
L239M,239,0.834505809,1,0.834739625453949,0.0002338164539489318
L239Y,239,0.020818444,1,0.6250287294387817,0.6042102854387817
L239H,239,0.258647266,1,0.4326200783252716,0.17397281232527162
L239N,239,0.637074377,1,0.3816499412059784,0.25542443579402163
L239P,239,0.5708849,1,0.1115536093711853,0.4593312906288147
L239R,239,0.65463937,1,0.23982059955596924,0.4148187704440308
L239G,239,0.443839934,1,0.5552051067352295,0.1113651727352295
L239T,239,0.7735897540000001,1,0.695782482624054,0.07780727137594612
L239V,239,0.935369403,1,1.0065207481384277,0.07115134513842769
L239W,239,0.7109435159999999,1,0.5905718803405762,0.12037163565942377
L239S,239,0.745956145,1,0.701099157333374,0.044856987666625936
Y240T,240,0.274772115,2,0.11589086055755615,0.15888125444244383
Y240S,240,0.1751072789999999,2,0.2841770350933075,0.1090697560933076
Y240R,240,-0.029387467,2,0.03802156448364258,0.06740903148364258
Y240P,240,0.027191099,2,0.14166545867919922,0.11447435967919922
Y240M,240,0.8232137509999999,2,0.8998091220855713,0.07659537108557135
Y240K,240,0.0863765869999999,2,-0.08756148815155029,0.1739380751515502
Y240I,240,1.021888134,2,0.8999125957489014,0.12197553825109853
Y240G,240,0.093478275,2,0.15191149711608887,0.05843322211608887
Y240D,240,-0.081650841,2,0.2575998306274414,0.3392506716274414
Y240C,240,0.599670597,2,0.7173735499382019,0.11770295293820188
Y240A,240,0.005303699,2,0.6648032069206238,0.6594995079206237
Y240L,240,1.001156943,2,0.9042857885360718,0.09687115446392824
Y240E,240,0.183627561,2,0.42538830637931824,0.24176074537931824
Y240W,240,0.705268573,2,0.7948404550552368,0.0895718820552368
Y240V,240,0.387821078,2,0.7551797032356262,0.36735862523562623
L241S,241,0.949838712,4,0.8195909261703491,0.1302477858296509
L241A,241,1.079663593,4,0.7782813906669617,0.30138220233303836
L241C,241,1.082516072,4,1.1177427768707275,0.03522670487072754
L241D,241,0.411716602,4,0.4703826904296875,0.05866608842968751
L241E,241,1.069117452,4,0.7841841578483582,0.2849332941516418
L241G,241,0.489153657,4,0.5095512866973877,0.020397629697387676
L241K,241,1.071300092,4,0.8479167819023132,0.22338331009768675
L241M,241,0.5966396860000001,4,0.8944656252861023,0.29782593928610224
L241P,241,-0.293659723,4,0.23990470170974731,0.5335644247097473
L241Q,241,0.955715951,4,0.7255436182022095,0.23017233279779048
L241W,241,0.501586175,4,0.8244727849960327,0.3228866099960327
L241T,241,1.220445209,4,0.7875903248786926,0.43285488412130735
L241R,241,0.58832539,4,0.7178119421005249,0.12948655210052495
L242W,242,0.107932238,0,0.2830030620098114,0.1750708240098114
L242A,242,0.477964769,0,0.8018314838409424,0.32386671484094237
L242F,242,0.7788242329999999,0,0.6877131462097168,0.09111108679028312
L242G,242,0.4528222870000001,0,0.5365183353424072,0.08369604834240713
L242M,242,0.7678799009999999,0,0.8478130102157593,0.07993310921575936
L242N,242,-0.236158912,0,-0.09481692314147949,0.1413419888585205
L242Q,242,-0.020644927,0,-0.0533984899520874,0.0327535629520874
L242R,242,0.043332265,0,0.14650028944015503,0.10316802444015502
L242S,242,-0.185356873,0,0.10377216339111328,0.2891290363911133
L242T,242,-0.147894364,0,0.23748809099197388,0.3853824549919739
L242V,242,0.785298484,0,0.8484083414077759,0.06310985740777586
L242Y,242,0.350387923,0,0.44513824582099915,0.09475032282099916
T243W,243,0.6767972659999999,4,0.7353612184524536,0.058563952452453716
T243V,243,0.7004703659999999,4,0.8754639029502869,0.17499353695028697
T243A,243,1.030698528,4,0.8222153186798096,0.2084832093201905
T243C,243,1.27287495,4,0.8709027171134949,0.4019722328865052
T243D,243,1.4248547180000002,4,0.6577311754226685,0.7671235425773317
T243E,243,0.8062550009999999,4,0.8571644425392151,0.05090944153921517
T243G,243,0.628484565,4,0.7223893404006958,0.09390477540069575
T243L,243,0.8790724390000001,4,0.8004846572875977,0.07858778171240244
T243F,243,1.083929299,4,0.6756632328033447,0.4082660661966553
T243P,243,0.122024894,4,0.3662177622318268,0.2441928682318268
T243Q,243,0.95512107,4,0.888446033000946,0.06667503699905397
T243R,243,0.917349937,4,0.7317052483558655,0.18564468864413453
T243S,243,1.086265331,4,0.9218529462814331,0.16441238471856678
E244Q,244,1.514441369,0,0.9441978931427002,0.5702434758572998
E244H,244,1.089257486,0,0.9321813583374023,0.1570761276625976
E244L,244,0.997125163,0,0.9220445156097412,0.07508064739025877
E244C,244,1.067089605,0,0.9529901742935181,0.11409943070648199
E244G,244,0.986209237,0,0.9268982410430908,0.05931099595690914
E244R,244,0.8642585190000001,0,0.9052531719207764,0.04099465292077631
E244P,244,1.102485382,0,0.9295464754104614,0.1729389065895386
E244T,244,0.986963987,0,1.0392102003097534,0.05224621330975343
E244V,244,0.659347995,0,0.9945551753044128,0.3352071803044129
E244A,244,0.8263638740000001,0,1.0523014068603516,0.22593753286035145
E244F,244,0.6480212,0,0.9660247564315796,0.3180035564315796
E244W,244,0.855004615,0,0.9156143069267273,0.06060969192672727
E244S,244,1.015430419,0,0.8874834179878235,0.1279470010121766
E244D,244,0.6413799170000001,0,0.9551073312759399,0.31372741427593986
K245D,245,0.752055093,2,0.9012430310249329,0.1491879380249329
K245W,245,0.827424688,2,0.8489686250686646,0.02154393706866453
K245V,245,0.671573471,2,0.7713295221328735,0.09975605113287356
K245T,245,0.900678255,2,0.8510186076164246,0.04965964738357542
K245S,245,0.6681886810000001,2,0.8440597057342529,0.17587102473425287
K245R,245,0.829731137,2,0.8777893781661987,0.04805824116619872
K245Q,245,0.8846787770000001,2,0.9567677974700928,0.07208902047009269
K245P,245,1.173864725,2,0.7438758015632629,0.4299889234367371
K245N,245,1.041581942,2,0.8106780648231506,0.23090387717684946
K245L,245,0.909964963,2,0.8214737772941589,0.08849118570584102
K245G,245,0.88366325,2,0.825030505657196,0.058632744342803966
K245F,245,1.14706109,2,0.8366701602935791,0.3103909297064209
K245E,245,0.970427209,2,0.8379141688346863,0.13251304016531373
K245A,245,0.94282318,2,0.8075864315032959,0.13523674849670408
K245M,245,0.948676309,2,0.7991222143173218,0.14955409468267822
