simulation_seed,policy,round,selection_order_in_round,budget_index,mutant,mutation_count,predicted_fitness_mu,uncertainty_sigma,acquisition_score,revealed_DMS_score
0,random,1,1,1,F99L:I152T:S175G,3,,,,3.46815192199
0,random,1,2,2,K85R:L141Q:K162E:N170Y,4,,,,1.3010669339299998
0,random,1,3,3,E17G:K158R,2,,,,3.5559804703800006
0,random,1,4,4,I171V:M233T,2,,,,3.9140333299
0,random,1,5,5,D117G:Q183R:D234G,3,,,,1.30148169881
0,random,1,6,6,I98F:G127S,2,,,,1.3010301261
0,random,1,7,7,V11E:I171T,2,,,,3.56426182921
0,random,1,8,8,F8L:Y145C:D173G,3,,,,3.50430085995
0,random,1,9,9,D76N:M78R:E142G:Q204R,4,,,,3.1985103940099995
0,random,1,10,10,T49A:T108A:E124K,3,,,,3.63544625738
0,random,1,11,11,K41E:V55A:V112A:F114L:L125Q:N144D:N164D,7,,,,1.30267965627
0,random,1,12,12,F8L:L18P:F83I:F114S:N121T:L178P,6,,,,1.66410530294
0,random,1,13,13,T43A:L64P:Y66C:Y74D:K85E:I128N:K131T:I152N:A206T,9,,,,1.30267690292
0,random,1,14,14,E124K:E132G:S147T:H148R:D155G:K158E:I167L,7,,,,1.30103001089
0,random,1,15,15,F8S:N23S:I128T:N159I:V163A:M218V:H231L,7,,,,1.58599066998
0,random,1,16,16,E90G:I123V:D129G:E172K,4,,,,3.6251636379300014
0,random,1,17,17,K101R:K156E:K209R,3,,,,3.62759866385
0,random,1,18,18,L42Q:K52M:Q69R:H81R:N185S,5,,,,1.83750372668
0,random,1,19,19,H81Y:L195P:E235G,3,,,,3.38283341891
0,random,1,20,20,G51S:Y74N:K85E:D102G:M153V,5,,,,1.30103027824
0,random,2,1,21,K79R:F114Y:D117G:E132K,4,,,,3.55520068292
0,random,2,2,22,T97S:K107E:V112A:F165L:D197G:Q204R,6,,,,1.60404026205
0,random,2,3,23,L7P:F8S:H77L:S208G:T225A:E235V,6,,,,1.3010299367
0,random,2,4,24,N135D:S202G,2,,,,3.83657727571
0,random,2,5,25,K45E:E95V:I152N:N159S:E172G,5,,,,1.30103000732
0,random,2,6,26,F100S:N121D,2,,,,1.30250064213
0,random,2,7,27,D82G:T108A:T118I:K162M:A206V,5,,,,1.30103006586
0,random,2,8,28,I14F:D133G:I167V,3,,,,3.33860896183
0,random,2,9,29,T43A:F84S:D117G:K156M:K166R:I171T:N212S:D234G,8,,,,3.25624502383
0,random,2,10,30,E17Q:N159D:N170H,3,,,,3.73625495705
0,random,2,11,31,F71S:E95V:I161V:I171V:L201P,5,,,,1.30000837948
0,random,2,12,32,P13S:E17G:D21G:H25R:K26R:D36G:F100L:N105K:N159S:I161T:F165L:D173G:Q204R,13,,,,1.30103006998
0,random,2,13,33,I98T:I167V:V176E,3,,,,3.80500105479
0,random,2,14,34,G31V:K107E:I123T:D180G:H181R:Y200H,6,,,,1.30103029345
0,random,2,15,35,E5G:K113E:D197G:N198S:D234G,5,,,,3.1708837181700003
0,random,2,16,36,I47T:L137M:I161T,3,,,,3.56276525997
0,random,2,17,37,R168S:P211H,2,,,,3.5179489122000005
0,random,2,18,38,V93A:D155V:K158E,3,,,,3.74052705751
0,random,2,19,39,P54L:V68E:K140R:K166R:Q204K,5,,,,2.6044894126
0,random,2,20,40,E32V:N185S:T186A:I229T,4,,,,3.4843759960400003
0,random,3,1,41,F8S:I128N,2,,,,3.57883995151
0,random,3,2,42,H25L:K52R:I98F:F114L:A226G,5,,,,1.51859961919
0,random,3,3,43,M78V:I229V,2,,,,3.6474712176
0,random,3,4,44,Y106F:K214R,2,,,,3.6956125871
0,random,3,5,45,D36V:F99L:K162E:E172G:T225A,5,,,,3.50575094823
0,random,3,6,46,I136V:L178P:Q184R,3,,,,3.94401701417
0,random,3,7,47,F114S:K162R,2,,,,3.26780084688
0,random,3,8,48,D21G:K101Q:E111A:F130Y:Q157R:F165L,6,,,,1.58706203176
0,random,3,9,49,F71S:K126R,2,,,,3.49112767767
0,random,3,10,50,I14V:K85R:D133G:L137Q:K214R:D216G,6,,,,1.58942937321
0,random,3,11,51,D82N:D234G,2,,,,3.51800318237
0,random,3,12,52,F27Y:G116S:L194Q:E222K:D234V,5,,,,1.5241902476499998
0,random,3,13,53,F99L:N135S,2,,,,3.6825253347199993
0,random,3,14,54,F114Y:I161V:D197G:M233K,4,,,,3.65750140574
0,random,3,15,55,T59S:T108A:F114S:I171F:D190G,5,,,,1.30102990086
0,random,3,16,56,K79T:I152T:A179T:K214E,4,,,,1.5396998877
0,random,3,17,57,L42P:L44R:H81R:F84S:N159D:D173G:T203A:K209R,8,,,,1.3010303562
0,random,3,18,58,D117G:H181L:D197V,3,,,,3.25620657639
0,random,3,19,59,M153T:L178P,2,,,,3.70817132578
0,random,3,20,60,K41R:P89T,2,,,,3.5906539166000004
0,random,4,1,61,T59S:K79R:F84L:G91S,4,,,,1.30146841062
0,random,4,2,62,F8S:Q94R:G104S:M153T:K158E:L178P,6,,,,1.30841386223
0,random,4,3,63,F8L:S208G,2,,,,3.76283895025
0,random,4,4,64,K26R:V176M,2,,,,3.71012924744
0,random,4,5,65,P56S:K101R,2,,,,3.50759610589
0,random,4,6,66,V22A:H25L:D36G:K45E:K126E:K131R:K158R:H181L,8,,,,1.30193496005
0,random,4,7,67,T59S:K140E,2,,,,3.5726004601
0,random,4,8,68,V61A:I98T,2,,,,1.29998930327
0,random,4,9,69,D103N:K113R:I136T:F165S:Q177L,5,,,,1.30102997707
0,random,4,10,70,T9A:K52R:V163E:D190G,4,,,,3.7682957753
0,random,4,11,71,S65T:E115V:S202C:F223L,4,,,,3.35385933139
0,random,4,12,72,F99L:T108A,2,,,,3.53271259399
0,random,4,13,73,F71L:Q80R:Y143F:N170Y,4,,,,3.25935483355
0,random,4,14,74,D76N:T118A:N164I,3,,,,3.4976700830300005
0,random,4,15,75,M78T:E142G:M153A:D173G,4,,,,3.16294308507
0,random,4,16,76,L42Q:Q69K:F71L:H148L:E172V:D197V,6,,,,1.40276385759
0,random,4,17,77,W57R:Y182H,2,,,,1.7401572944
0,random,4,18,78,I123F:K158E:D180V,3,,,,1.3010299972
0,random,4,19,79,F46L:I229T,2,,,,3.52210214021
0,random,4,20,80,V11A:E32A:K41R:H148L:R168P,5,,,,3.32895713698
0,random,5,1,81,G10R:D19G:S30T:T62S:R168H,5,,,,3.74386390263
0,random,5,2,82,I14N:Q69R:I152T:L194Q:P196L,5,,,,1.30106595211
0,random,5,3,83,T38S:F165S,2,,,,3.53847498948
0,random,5,4,84,K3R:Y66F:I171T,3,,,,1.3010298885299998
0,random,5,5,85,S86P:V93D:N164S:N185S:N198S:F223S,6,,,,1.3010300327200002
0,random,5,6,86,F27L:S147G:L201P:N212D,4,,,,1.30201812289
0,random,5,7,87,K45R:F46Y:P54T:K79E:N198I,5,,,,1.30103073917
0,random,5,8,88,S28G:M153V:H169L,3,,,,3.41366386118
0,random,5,9,89,H81R:T203S,2,,,,2.99610378852
0,random,5,10,90,W57R:H81Y:L220Q:H231R,4,,,,1.48937556805
0,random,5,11,91,K209Q:T230S,2,,,,3.57943629874
0,random,5,12,92,H77R:Y92F:N135S:V163E:N164S:Q177R:H199L:N212Y,8,,,,1.30102997654
0,random,5,13,93,T108A:D197V:N198D,3,,,,3.66374801581
0,random,5,14,94,Y39F:T62A:K214E,3,,,,3.76362573798
0,random,5,15,95,C48R:D103G:Y106H:K158E,4,,,,1.52133788062
0,random,5,16,96,F8L:S65T:Q80L:Y106H:G160S:K166E:K214E,7,,,,1.4454551237
0,random,5,17,97,Y39C:T43A:N146D:F223S,4,,,,3.81412260502
0,random,5,18,98,F99S:Y143H,2,,,,3.62162614236
0,random,5,19,99,K101R:K113E:K166R,3,,,,3.5340402288
0,random,5,20,100,T9A:N164S:V176A:I188V,4,,,,3.71104518128
0,greedy,1,1,1,K3E:H81L:F114L:L141Q:V150A:K158E:I161F:V176A:T230A,9,4.109147071838379,0.211613729596138,4.109147071838379,1.51425584818
0,greedy,1,2,2,K41E:K52M:V61A:D103E:K140R:M153L:K158E:V224A,8,4.106531620025635,0.09525631368160248,4.106531620025635,1.3019250648
0,greedy,1,3,3,N105Y:K107E:N121S:K126E:K140R:Q157R:N185S:E222G,8,4.105835914611816,0.20870496332645416,4.105835914611816,1.30503880066
0,greedy,1,4,4,C48R:M88L:Q94L:D103G:K107E:N121S:F130L:D133E:N146S:D216G,10,4.102030277252197,0.14888769388198853,4.102030277252197,1.39034018786
0,greedy,1,5,5,K41R:V61A:N121S:N146S:K162R:F165L:R168H:D173G,8,4.092220306396484,0.1684376746416092,4.092220306396484,1.3010299877299998
0,greedy,1,6,6,F46Y:P75H:N149D:I161V:Q184R,5,4.086663246154785,0.07330408692359924,4.086663246154785,3.43796043304
0,greedy,1,7,7,T108A:I123V:S147G:V150A:L178V:K214E:T230A,7,4.083102703094482,0.06615424901247025,4.083102703094482,3.19203418792
0,greedy,1,8,8,T38A:T43I:K107E:K156M:F165L:I167V:Q204H,7,4.073422431945801,0.1630193293094635,4.073422431945801,3.18684595493
0,greedy,1,9,9,L42Q:S72C:M78L:H81L:K101R:S147G:I167V:G191R:L201R:M233V:E235G,11,4.07015323638916,0.09342124313116074,4.07015323638916,1.7157266221
0,greedy,1,10,10,H81L:D133G:K158E:Q184L:T230P,5,4.066159725189209,0.08065754920244217,4.066159725189209,3.64728196307
0,greedy,1,11,11,V55M:T62S:D102G:D129G:N146S:K156R:K166E:D190G:L221P,9,4.048312187194824,0.19479697942733765,4.048312187194824,1.30103236579
0,greedy,1,12,12,F165L:D180G:T203A:F223Y:T230A,5,4.043837547302246,0.13491889834403992,4.043837547302246,3.30179590602
0,greedy,1,13,13,Y74F:F114S:Y145H:Y151H:K156R:H169L:Q184L:Y237F,8,4.043478965759277,0.11210592091083527,4.043478965759277,1.3163559218799998
0,greedy,1,14,14,N105I:N121S:N146S:D155G:I167N:N185D:P196S:V219A,8,4.0399932861328125,0.14454464614391327,4.0399932861328125,1.30103022035
0,greedy,1,15,15,T9A:V12M:T38I:D133G:K162R:V163A,6,4.035644054412842,0.0896177589893341,4.035644054412842,3.64372225725
0,greedy,1,16,16,V68A:K79R:K158R:V176E:V193M:E235G,6,4.029730796813965,0.15392833948135376,4.029730796813965,3.60372676656
0,greedy,1,17,17,T9A:N105S:E132G:N149S:K162E:K166M,6,4.0282745361328125,0.1256723403930664,4.0282745361328125,3.65417697752
0,greedy,1,18,18,T43A:K79R:K101R:D103G:N121D:D133G:N135D:K166M:K214E,9,4.027365207672119,0.09787417203187943,4.027365207672119,1.45580821603
0,greedy,1,19,19,P75L:I98T:K107E:I161T:N170D:Q184R:M218L:I229F,8,4.0209550857543945,0.19488993287086487,4.0209550857543945,1.49153081785
0,greedy,1,20,20,E6G:E32G:E34A:K156M:K166M:L194P,6,4.02069091796875,0.20525096356868744,4.02069091796875,3.16414810046
0,greedy,2,1,21,D19N:K158G,2,3.8831653594970703,0.1253519207239151,3.8831653594970703,3.5987308810900003
0,greedy,2,2,22,F8Y:S28T:F99Y:E132V:I167V,5,3.868917465209961,0.12179826200008392,3.868917465209961,3.5671238294300003
0,greedy,2,3,23,T38S:T62S,2,3.8168492317199707,0.05636441335082054,3.8168492317199707,3.69094324962
0,greedy,2,4,24,S208C:R215H:F223Y,3,3.8121490478515625,0.13951674103736877,3.8121490478515625,3.59412266825
0,greedy,2,5,25,I47T:R73L,2,3.8115506172180176,0.06735707819461823,3.8115506172180176,3.69368827921
0,greedy,2,6,26,R73L:I161V,2,3.801173448562622,0.050829872488975525,3.801173448562622,3.69752524656
0,greedy,2,7,27,R73L:F165Y,2,3.7853684425354004,0.05273408442735672,3.7853684425354004,3.50262359987
0,greedy,2,8,28,T59A:T62S,2,3.7831013202667236,0.10584656894207001,3.7831013202667236,3.54358325939
0,greedy,2,9,29,T59S:T62S:D180N,3,3.777012348175049,0.02737577073276043,3.777012348175049,3.77597424733
0,greedy,2,10,30,Y39N:F99S:N105S:I188M:S208C:H231R,6,3.7753570079803467,0.11126157641410828,3.7753570079803467,3.7279162693
0,greedy,2,11,31,Y39N:N105I,2,3.770050048828125,0.01946399174630642,3.770050048828125,4.08598147357
0,greedy,2,12,32,T62A:T63S,2,3.768057346343994,0.06880917400121689,3.768057346343994,3.83773820258
0,greedy,2,13,33,T38S:T63S,2,3.7668941020965576,0.03109319694340229,3.7668941020965576,3.54678935236
0,greedy,2,14,34,I152V:L221M,2,3.7644476890563965,0.08455868065357208,3.7644476890563965,3.82467520356
0,greedy,2,15,35,P196L:R215C:F223Y,3,3.763158082962036,0.10700617730617523,3.763158082962036,3.3945029992
0,greedy,2,16,36,E90G:K158G:L236Q,3,3.763110637664795,0.0831630676984787,3.763110637664795,3.69462660871
0,greedy,2,17,37,F46Y:F130L:R168C,3,3.7605671882629395,0.10106882452964783,3.7605671882629395,3.6125194221900014
0,greedy,2,18,38,M88L:N164D:R168S:D197N:E235G,5,3.7577481269836426,0.10716943442821503,3.7577481269836426,3.62049303243
0,greedy,2,19,39,E6K:S208C,2,3.754746675491333,0.034026045352220535,3.754746675491333,3.6718140079300015
0,greedy,2,20,40,S86T:S208C,2,3.754662036895752,0.057334963232278824,3.754662036895752,3.73979512352
0,greedy,3,1,41,Y39N:N105H,2,3.8084170818328857,0.06064044311642647,3.8084170818328857,3.73007484474
0,greedy,3,2,42,R73L:L194Q:D197V,3,3.7536635398864746,0.050278592854738235,3.7536635398864746,3.55587915745
0,greedy,3,3,43,Y39N:N198I:N212S,3,3.753498077392578,0.06631289422512054,3.753498077392578,3.70866249327
0,greedy,3,4,44,P187S:L194V,2,3.750230073928833,0.02744644694030285,3.750230073928833,3.77188125834
0,greedy,3,5,45,S28R:S202C:L221Q,3,3.747894287109375,0.08152882754802704,3.747894287109375,3.88378812607
0,greedy,3,6,46,H25L:S28C:S175C:P187L,4,3.7424399852752686,0.03168210759758949,3.7424399852752686,3.3105745304900003
0,greedy,3,7,47,S30T:S175C,2,3.7359466552734375,0.03272338956594467,3.7359466552734375,3.73437018198
0,greedy,3,8,48,H139L:Q204L:K209I,3,3.732478618621826,0.05193762853741646,3.732478618621826,3.24680264277
0,greedy,3,9,49,S28C:D155N,2,3.729398727416992,0.03920662775635719,3.729398727416992,3.75619803907
0,greedy,3,10,50,E5K:N105S,2,3.7252583503723145,0.024424966424703598,3.7252583503723145,3.8039042887
0,greedy,3,11,51,Y39C:G189C,2,3.7248291969299316,0.05212008208036423,3.7248291969299316,3.5584565846300005
0,greedy,3,12,52,Q80R:H81Y,2,3.719761610031128,0.02723737061023712,3.719761610031128,3.66383881338
0,greedy,3,13,53,I128V:H231L:G232D,3,3.7155609130859375,0.03459455072879791,3.7155609130859375,3.71322440914
0,greedy,3,14,54,Y39N:N135I:S208G,3,3.7150795459747314,0.04091094061732292,3.7150795459747314,3.4464724772300004
0,greedy,3,15,55,S30T:F99L,2,3.7103962898254395,0.06114508584141731,3.7103962898254395,3.68919990245
0,greedy,3,16,56,E17K:E34V,2,3.7098288536071777,0.05513152480125427,3.7098288536071777,3.72463626683
0,greedy,3,17,57,D19V:P75H:D155N,3,3.7093300819396973,0.07574088871479034,3.7093300819396973,3.53209115927
0,greedy,3,18,58,I171T:I188V,2,3.707401752471924,0.018131382763385773,3.707401752471924,3.917373360280002
0,greedy,3,19,59,Q80R:S208C,2,3.7072997093200684,0.037773698568344116,3.7072997093200684,3.68664094569
0,greedy,3,20,60,E6K:K214R,2,3.707289934158325,0.030037596821784973,3.707289934158325,3.6982814454300006
0,greedy,4,1,61,L15R:N105T,2,3.7505106925964355,0.05296442285180092,3.7505106925964355,3.88408956321
0,greedy,4,2,62,N105S:E172K,2,3.7320423126220703,0.017909541726112366,3.7320423126220703,3.65463551589
0,greedy,4,3,63,S86A:N105T,2,3.7296862602233887,0.043095286935567856,3.7296862602233887,3.87110182176
0,greedy,4,4,64,G232D:M233L,2,3.72613525390625,0.027246447280049324,3.72613525390625,3.86952185022
0,greedy,4,5,65,L15M:M153V,2,3.722494125366211,0.0640149861574173,3.722494125366211,4.05637654332
0,greedy,4,6,66,I171T:E235G,2,3.7218544483184814,0.04082629457116127,3.7218544483184814,3.61948845688
0,greedy,4,7,67,K158E:A227T,2,3.7215895652770996,0.08047878742218018,3.7215895652770996,3.6979901741
0,greedy,4,8,68,I171T:I188N,2,3.7199549674987793,0.04658935219049454,3.7199549674987793,3.73550895947
0,greedy,4,9,69,N105T:D117V,2,3.7184555530548096,0.0481109544634819,3.7184555530548096,3.79107222206
0,greedy,4,10,70,I229T:Y237C,2,3.71722149848938,0.038390543311834335,3.71722149848938,3.50476424335
0,greedy,4,11,71,A206T:G232D,2,3.716994524002075,0.0282755084335804,3.716994524002075,3.73750507467
0,greedy,4,12,72,S86T:K158E:Q184L,3,3.7150299549102783,0.054227735847234726,3.7150299549102783,3.65567117701
0,greedy,4,13,73,Y151H:S202C,2,3.714916944503784,0.06072548031806946,3.714916944503784,3.91240028697
0,greedy,4,14,74,I229T:M233L,2,3.714289903640747,0.02899928390979767,3.714289903640747,3.83156717175
0,greedy,4,15,75,S147T:I161V,2,3.713813304901123,0.07258132845163345,3.713813304901123,3.66064154475
0,greedy,4,16,76,E34V:K79M:L220M:G232D,4,3.7134175300598145,0.05255252122879028,3.7134175300598145,3.610553587780002
0,greedy,4,17,77,Y39N:N105S:N144D:T225S,4,3.7123560905456543,0.09756117314100266,3.7123560905456543,3.75683912546
0,greedy,4,18,78,I128T:I188F,2,3.711761951446533,0.04043988883495331,3.711761951446533,3.7641315453199993
0,greedy,4,19,79,I171T:Y237H,2,3.710892915725708,0.039451371878385544,3.710892915725708,3.81057143717
0,greedy,4,20,80,S65A:S202C,2,3.709003448486328,0.052566029131412506,3.709003448486328,3.3422389806700004
0,greedy,5,1,81,L15M:M153L,2,3.744654417037964,0.021415909752249718,3.744654417037964,3.65407122272
0,greedy,5,2,82,N105S:N146K,2,3.7374978065490723,0.06874699890613556,3.7374978065490723,3.71280698487
0,greedy,5,3,83,N105H:I229T,2,3.723299026489258,0.07120408862829208,3.723299026489258,3.89553750682
0,greedy,5,4,84,I171T:M233T,2,3.7179393768310547,0.07534468173980713,3.7179393768310547,3.67919683198
0,greedy,5,5,85,L15Q:I47V,2,3.714036226272583,0.04450954869389534,3.714036226272583,3.7605424
0,greedy,5,6,86,S30C:E142G,2,3.7108263969421387,0.06761736422777176,3.7108263969421387,3.90677578216
0,greedy,5,7,87,I128V:I229V,2,3.710707426071167,0.03775251656770706,3.710707426071167,3.54977207958
0,greedy,5,8,88,I161V:I171T,2,3.7077815532684326,0.03469659760594368,3.7077815532684326,3.86077361263
0,greedy,5,9,89,L15M:D180E,2,3.707730770111084,0.06090652942657471,3.707730770111084,3.58597806597
0,greedy,5,10,90,E6G:Y39N,2,3.7074379920959473,0.05779833346605301,3.7074379920959473,3.79136497401
0,greedy,5,11,91,T186I:I188V,2,3.7072558403015137,0.06070854142308235,3.7072558403015137,3.62904776289
0,greedy,5,12,92,M233K:D234G,2,3.706660747528076,0.04369451850652695,3.706660747528076,3.57778684547
0,greedy,5,13,93,E6V:Y39N,2,3.706613540649414,0.0476498156785965,3.706613540649414,3.9178467176
0,greedy,5,14,94,E6V:N159D:M233T,3,3.7058873176574707,0.02972579188644886,3.7058873176574707,3.79030712296
0,greedy,5,15,95,E6K:D117G:I128T,3,3.704963207244873,0.04714660719037056,3.704963207244873,3.85619505192
0,greedy,5,16,96,L15Q:N149T,2,3.704929828643799,0.061289526522159576,3.704929828643799,3.36517940611
0,greedy,5,17,97,Y151H:M153T,2,3.7036795616149902,0.05341068655252457,3.7036795616149902,3.66208773924
0,greedy,5,18,98,N105K:D155N,2,3.700833559036255,0.021239908412098885,3.700833559036255,3.5102649605800003
0,greedy,5,19,99,I136V:I171T,2,3.70027232170105,0.046238601207733154,3.70027232170105,3.84219000725
0,greedy,5,20,100,S28C:N105I,2,3.6997082233428955,0.05317699909210205,3.6997082233428955,3.55370484492
0,ucb,1,1,1,K3E:H81L:F114L:L141Q:V150A:K158E:I161F:V176A:T230A,9,4.109147071838379,0.211613729596138,4.320760726928711,1.51425584818
0,ucb,1,2,2,N105Y:K107E:N121S:K126E:K140R:Q157R:N185S:E222G,8,4.105835914611816,0.20870496332645416,4.314540863037109,1.30503880066
0,ucb,1,3,3,V55E:Q80L:K107E:N146S:S147G:Q157R:K162E:T225A,8,3.9609146118164062,0.30823102593421936,4.269145488739014,1.30102999271
0,ucb,1,4,4,K41R:V61A:N121S:N146S:K162R:F165L:R168H:D173G,8,4.092220306396484,0.1684376746416092,4.260657787322998,1.3010299877299998
0,ucb,1,5,5,C48R:M88L:Q94L:D103G:K107E:N121S:F130L:D133E:N146S:D216G,10,4.102030277252197,0.14888769388198853,4.250917911529541,1.39034018786
0,ucb,1,6,6,V55M:T62S:D102G:D129G:N146S:K156R:K166E:D190G:L221P,9,4.048312187194824,0.19479697942733765,4.243109226226807,1.30103236579
0,ucb,1,7,7,S28C:H77L:Q80R:F84Y:Y145H:N149Y:K158R:K162E:D173V:Y182C:T186A:S202G,12,3.971284866333008,0.26733678579330444,4.238621711730957,1.30102999207
0,ucb,1,8,8,T38A:T43I:K107E:K156M:F165L:I167V:Q204H,7,4.073422431945801,0.1630193293094635,4.236441612243652,3.18684595493
0,ucb,1,9,9,E6G:E32G:E34A:K156M:K166M:L194P,6,4.02069091796875,0.20525096356868744,4.2259416580200195,3.16414810046
0,ucb,1,10,10,P75L:I98T:K107E:I161T:N170D:Q184R:M218L:I229F,8,4.0209550857543945,0.19488993287086487,4.215845108032227,1.49153081785
0,ucb,1,11,11,K41E:K52M:V61A:D103E:K140R:M153L:K158E:V224A,8,4.106531620025635,0.09525631368160248,4.201787948608398,1.3019250648
0,ucb,1,12,12,T97S:I188F:D197V:N198Y:T230A:H231R,6,3.983506679534912,0.21650943160057068,4.200016021728516,3.4776206878
0,ucb,1,13,13,L42R:T50S:W57R:K79R:Q80R:H81R:K107E:K131R:N164S:Y200C:T203S:K214R,12,3.2778823375701904,0.9131059050559998,4.190988063812256,1.45096773589
0,ucb,1,14,14,R73C:P75S:K156Q:H231L,4,3.976757764816284,0.21092653274536133,4.187684059143066,3.45945391491
0,ucb,1,15,15,N105I:N121S:N146S:D155G:I167N:N185D:P196S:V219A,8,4.0399932861328125,0.14454464614391327,4.184537887573242,1.30103022035
0,ucb,1,16,16,V68A:K79R:K158R:V176E:V193M:E235G,6,4.029730796813965,0.15392833948135376,4.183659076690674,3.60372676656
0,ucb,1,17,17,F165L:D180G:T203A:F223Y:T230A,5,4.043837547302246,0.13491889834403992,4.178756237030029,3.30179590602
0,ucb,1,18,18,S30Y:K41M:H81R:H139R:H217R,5,3.340071201324463,0.8374448418617249,4.177515983581543,1.30110216729
0,ucb,1,19,19,C70S:F84L:Y92H:K113R:N121S:K158M:I161V:I167V,8,3.9930362701416016,0.1843767762184143,4.177412986755371,1.68209372099
0,ucb,1,20,20,K3R:K113R:N149S:K158E:N198S:T203A,6,3.989043712615967,0.18451155722141266,4.173555374145508,3.62064013693
0,ucb,2,1,21,I47V:N105S:F165Y:I167V:D197G:M233V,6,3.715909957885742,0.269491046667099,3.985400915145874,3.90870556551
0,ucb,2,2,22,R73H:M88L:V112A:F165L,4,3.704084873199463,0.25422409176826477,3.9583089351654053,1.68476327231
0,ucb,2,3,23,F8Y:S28T:F99Y:E132V:I167V,5,3.8544178009033203,0.10219331085681915,3.956611156463623,3.5671238294300003
0,ucb,2,4,24,M78L:M88L:F100I:R109C:F165V:I167V,6,3.7312729358673096,0.20773831009864807,3.939011335372925,1.30103001551
0,ucb,2,5,25,M78L:M88V:I123V:E235G,4,3.7339158058166504,0.18856240808963776,3.922478199005127,3.5124165462800003
0,ucb,2,6,26,E6G:M88T:M153T,3,3.6441566944122314,0.27682018280029297,3.9209768772125244,3.15602290278
0,ucb,2,7,27,I47T:R73L,2,3.817676067352295,0.09034758061170578,3.9080235958099365,3.69368827921
0,ucb,2,8,28,R73H:F84Y:I128T:V193L:E213V:M233L,6,3.701538562774658,0.20445792376995087,3.905996561050415,3.28190359523
0,ucb,2,9,29,R73L:I161V,2,3.8368144035339355,0.06395772099494934,3.9007720947265625,3.69752524656
0,ucb,2,10,30,I47T:K79E:K126E:D197G:M218K:D234V,6,3.5866405963897705,0.30147871375083923,3.8881192207336426,1.30103094545
0,ucb,2,11,31,I14V:P89A:I128T:F130L:I136N:S208C,6,3.7439281940460205,0.14200101792812347,3.8859291076660156,1.6678815295200002
0,ucb,2,12,32,I123V:I161V,2,3.7664859294891357,0.11695144325494766,3.883437395095825,3.75844470049
0,ucb,2,13,33,M78L:M88L,2,3.7402312755584717,0.13687653839588165,3.877107858657837,3.6225399647000014
0,ucb,2,14,34,Q69L:F83L:M88L:M153L:D197N:E235G,6,3.7107996940612793,0.1638244390487671,3.874624252319336,1.30142796706
0,ucb,2,15,35,R73L:H169L,2,3.768558979034424,0.10096661746501923,3.869525671005249,3.56330936636
0,ucb,2,16,36,R109H:Y151H:V176A:L178H,4,3.4606449604034424,0.4058471620082855,3.8664920330047607,3.59285508986
0,ucb,2,17,37,R73L:F165Y,2,3.758023500442505,0.1074891909956932,3.8655126094818115,3.50262359987
0,ucb,2,18,38,S72G:M88L:F165L,3,3.7086288928985596,0.15621666610240936,3.8648455142974854,3.3028980798400003
0,ucb,2,19,39,S208C:R215H:F223Y,3,3.8073058128356934,0.05169865861535072,3.859004497528076,3.59412266825
0,ucb,2,20,40,N135D:L194Q:D197G:L221V,4,3.7196052074432373,0.13860857486724854,3.8582139015197754,3.63639401133
0,ucb,3,1,41,P75H:V163A,2,3.724599838256836,0.12181448191404343,3.84641432762146,3.54965357239
0,ucb,3,2,42,P75S:V163A:L194Q,3,3.667092800140381,0.14551767706871033,3.812610387802124,3.70058931976
0,ucb,3,3,43,R73L:L194Q:D197V,3,3.710524797439575,0.09721758216619492,3.8077423572540283,3.55587915745
0,ucb,3,4,44,D19N:K158G,2,3.739753007888794,0.05856966972351074,3.7983226776123047,3.5987308810900003
0,ucb,3,5,45,F165Y:L221Q,2,3.679617404937744,0.11766054481267929,3.7972779273986816,3.90616498775
0,ucb,3,6,46,P75T:I171T,2,3.7129619121551514,0.08002012968063354,3.7929821014404297,3.3862372492
0,ucb,3,7,47,S30T:S175C,2,3.7233777046203613,0.06900206953287125,3.792379856109619,3.73437018198
0,ucb,3,8,48,Y39N:N105I,2,3.7215137481689453,0.07066997140645981,3.7921836376190186,4.08598147357
0,ucb,3,9,49,P75H:V150A,2,3.6434834003448486,0.14409884810447693,3.7875821590423584,3.35721261324
0,ucb,3,10,50,Y39C:G189C,2,3.6370151042938232,0.14832612872123718,3.785341262817383,3.5584565846300005
0,ucb,3,11,51,D76Y:I128T,2,3.703521251678467,0.0799388736486435,3.7834601402282715,3.9755409443
0,ucb,3,12,52,E34G:N149S:Y151N:T186I,4,3.6615805625915527,0.11412012577056885,3.775700569152832,3.2213143866000005
0,ucb,3,13,53,T97S:V163A:P187S,3,3.6494948863983154,0.12614814937114716,3.7756431102752686,3.59934727755
0,ucb,3,14,54,I171T:I188V,2,3.726632595062256,0.04661835357546806,3.7732510566711426,3.917373360280002
0,ucb,3,15,55,L7R:N105S,2,3.6917061805725098,0.08108385652303696,3.77278995513916,3.5675809106900003
0,ucb,3,16,56,I123V:I167V,2,3.7408554553985596,0.02837805077433586,3.769233465194702,3.69445183899
0,ucb,3,17,57,L15Q:L194Q,2,3.665738582611084,0.10262053459882736,3.7683591842651367,3.74094345846
0,ucb,3,18,58,P187S:L194V,2,3.7242417335510254,0.04266766086220741,3.76690936088562,3.77188125834
0,ucb,3,19,59,I128V:M233V,2,3.716201066970825,0.05016674846410751,3.7663679122924805,3.7844853697800014
0,ucb,3,20,60,Y39H:I188F,2,3.728771924972534,0.03755924478173256,3.766331195831299,3.64508992584
0,ucb,4,1,61,Y39N:N105H,2,3.795588254928589,0.0779365822672844,3.8735249042510986,3.73007484474
0,ucb,4,2,62,E6K:D117G:I128T,3,3.741982936859131,0.0690903514623642,3.8110733032226562,3.85619505192
0,ucb,4,3,63,E6G:Y39N,2,3.6877799034118652,0.10005127638578415,3.7878310680389404,3.79136497401
0,ucb,4,4,64,S147T:I161V,2,3.6907527446746826,0.08090618997812271,3.7716588973999023,3.66064154475
0,ucb,4,5,65,Y39N:E132G:Y145F,3,3.667959213256836,0.09825316816568375,3.7662124633789062,3.64561793492
0,ucb,4,6,66,D180Y:L221Q,2,3.6387596130371094,0.12562163174152374,3.764381170272827,3.83657731471
0,ucb,4,7,67,E6G:Y39N:N149T,3,3.672567844390869,0.08620256930589676,3.75877046585083,3.52444069652
0,ucb,4,8,68,Y39H:Q157R,2,3.6849677562713623,0.07264160364866257,3.7576093673706055,3.79882284401
0,ucb,4,9,69,E17K:T63S:N164D,3,3.6530063152313232,0.1035367026925087,3.756542921066284,3.79276560859
0,ucb,4,10,70,E6G:N159D,2,3.6721301078796387,0.08005496859550476,3.752185106277466,3.80277135911
0,ucb,4,11,71,T38S:T62S,2,3.7084364891052246,0.04280899837613106,3.7512454986572266,3.69094324962
0,ucb,4,12,72,E6G:I161V:I167V,3,3.639012098312378,0.11190444231033325,3.7509164810180664,3.74943022917
0,ucb,4,13,73,L15M:M153V,2,3.6749088764190674,0.07558213174343109,3.75049090385437,4.05637654332
0,ucb,4,14,74,E6V:Y39N,2,3.6682868003845215,0.07914427667856216,3.7474310398101807,3.9178467176
0,ucb,4,15,75,D117G:I128T:A179V:L195M,4,3.6417946815490723,0.10464224219322205,3.746436834335327,3.75005216145
0,ucb,4,16,76,Y39H:P211T:N212I,3,3.7001705169677734,0.045949872583150864,3.7461204528808594,3.4440609512300004
0,ucb,4,17,77,E6K:S208C,2,3.679257869720459,0.06579144299030304,3.745049238204956,3.6718140079300015
0,ucb,4,18,78,L221Q:T225S,2,3.6456291675567627,0.0988801047205925,3.744509220123291,3.69753055427
0,ucb,4,19,79,A87P:I171N:E235V,3,3.632122755050659,0.11190905421972275,3.7440319061279297,3.52968876571
0,ucb,4,20,80,I171N:E235G,2,3.6693508625030518,0.07431458681821823,3.7436654567718506,3.82766033634
0,ucb,5,1,81,G232D:M233L,2,3.7429332733154297,0.09340265393257141,3.8363358974456787,3.86952185022
0,ucb,5,2,82,T62A:T63S,2,3.7261104583740234,0.08838218450546265,3.814492702484131,3.83773820258
0,ucb,5,3,83,I229V:M233V,2,3.7625961303710938,0.04839079827070236,3.8109869956970215,3.70531263054
0,ucb,5,4,84,D76G:I128T,2,3.7292122840881348,0.07497440278530121,3.8041865825653076,4.005134125055
0,ucb,5,5,85,E17K:E34V,2,3.7444815635681152,0.05146479979157448,3.7959463596343994,3.72463626683
0,ucb,5,6,86,I128V:I229V,2,3.763833522796631,0.03138252720236778,3.7952160835266113,3.54977207958
0,ucb,5,7,87,I229T:M233L,2,3.7298779487609863,0.06269842386245728,3.792576313018799,3.83156717175
0,ucb,5,8,88,D76Y:I128V,2,3.720099687576294,0.06429749727249146,3.7843971252441406,3.64760119928
0,ucb,5,9,89,R73L:H169Y:E172K,3,3.6881937980651855,0.09463201463222504,3.7828257083892822,3.64501916546
0,ucb,5,10,90,E90G:E95G:N105I:S175C:V193M,5,3.632594347000122,0.14108061790466309,3.773674964904785,3.5065790017800005
0,ucb,5,11,91,D129Y:I167V:L221Q,3,3.700143337249756,0.07213763892650604,3.7722809314727783,3.63438082051
0,ucb,5,12,92,I128V:I229T,2,3.724445343017578,0.04313270375132561,3.767578125,3.66962286989
0,ucb,5,13,93,E132G:S202C,2,3.6954257488250732,0.07203499972820282,3.767460823059082,3.76271769715
0,ucb,5,14,94,E17K:V163M,2,3.7168750762939453,0.05007043853402138,3.7669456005096436,3.66461343792
0,ucb,5,15,95,I229T:M233V,2,3.716116428375244,0.04981640726327896,3.76593279838562,3.75146447991
0,ucb,5,16,96,I229A:G232R,2,3.6815052032470703,0.08215763419866562,3.763662815093994,3.63014408463
0,ucb,5,17,97,L64M:E132G:R215C:A227T,4,3.665025234222412,0.09863582998514175,3.7636611461639404,3.40857165125
0,ucb,5,18,98,I47V:F99Y:L221Q,3,3.69256591796875,0.07073139399290085,3.7632973194122314,3.67388079081
0,ucb,5,19,99,D117G:I229V,2,3.722607374191284,0.039163414388895035,3.761770725250244,3.70644726235
0,ucb,5,20,100,S28R:S202C:L221Q,3,3.6971797943115234,0.06258579343557358,3.759765625,3.88378812607
0,conservative,1,1,1,T108A:I123V:S147G:V150A:L178V:K214E:T230A,7,4.083102703094482,0.06615424901247025,4.016948223114014,3.19203418792
0,conservative,1,2,2,F46Y:P75H:N149D:I161V:Q184R,5,4.086663246154785,0.07330408692359924,4.013359069824219,3.43796043304
0,conservative,1,3,3,K41E:K52M:V61A:D103E:K140R:M153L:K158E:V224A,8,4.106531620025635,0.09525631368160248,4.011275291442871,1.3019250648
0,conservative,1,4,4,H81L:D133G:K158E:Q184L:T230P,5,4.066159725189209,0.08065754920244217,3.985502243041992,3.64728196307
0,conservative,1,5,5,L42Q:S72C:M78L:H81L:K101R:S147G:I167V:G191R:L201R:M233V:E235G,11,4.07015323638916,0.09342124313116074,3.976732015609741,1.7157266221
0,conservative,1,6,6,K45R:T50S:K131Q:N149S:T203A:L220M:V224A:D234G,8,4.0126261711120605,0.049804434180259705,3.9628217220306396,1.30476324801
0,conservative,1,7,7,F114Y:K156R:K158E:N170D,4,4.007878303527832,0.04672657698392868,3.9611518383026123,3.65873032967
0,conservative,1,8,8,C48R:M88L:Q94L:D103G:K107E:N121S:F130L:D133E:N146S:D216G,10,4.102030277252197,0.14888769388198853,3.9531426429748535,1.39034018786
0,conservative,1,9,9,N105S:N159D:N170S:T230A,4,4.010190010070801,0.06391974538564682,3.946270227432251,3.5547540060300005
0,conservative,1,10,10,T9A:V12M:T38I:D133G:K162R:V163A,6,4.035644054412842,0.0896177589893341,3.94602632522583,3.64372225725
0,conservative,1,11,11,T38S:V68A:N149S:K156M:N212D:I229V:H231R,7,4.013771057128906,0.07320395112037659,3.9405670166015625,3.36756650113
0,conservative,1,12,12,Y74F:F114S:Y145H:Y151H:K156R:H169L:Q184L:Y237F,8,4.043478965759277,0.11210592091083527,3.931373119354248,1.3163559218799998
0,conservative,1,13,13,V68E:K79E:N121S:H148R:D173G:Q184L:Y237C,7,3.9863829612731934,0.05545446276664734,3.9309284687042236,1.30178978615
0,conservative,1,14,14,T43A:K79R:K101R:D103G:N121D:D133G:N135D:K166M:K214E,9,4.027365207672119,0.09787417203187943,3.9294910430908203,1.45580821603
0,conservative,1,15,15,Y143C:S147G:Q157L:K162R,4,3.9650516510009766,0.0358048640191555,3.9292469024658203,3.2594431491400004
0,conservative,1,16,16,I47F:F99L:F130L:S147G:K158R:I161V,6,4.012187480926514,0.08356709778308868,3.9286203384399414,3.42369144893
0,conservative,1,17,17,K3E:F71Y:P75H:I98V:V224A,5,4.01853084564209,0.09117954969406128,3.927351236343384,1.6730253431
0,conservative,1,18,18,T38S:T62S,2,3.9767403602600098,0.052486564964056015,3.9242537021636963,3.69094324962
0,conservative,1,19,19,Y39N:K52M:P75S:E132G:I229V,5,3.991860866546631,0.06761123239994049,3.9242496490478516,3.58666852917
0,conservative,1,20,20,K41R:V61A:N121S:N146S:K162R:F165L:R168H:D173G,8,4.092220306396484,0.1684376746416092,3.9237825870513916,1.3010299877299998
0,conservative,2,1,21,F8Y:S28T:F99Y:E132V:I167V,5,3.8881492614746094,0.058694686740636826,3.8294546604156494,3.5671238294300003
0,conservative,2,2,22,I47T:R73L,2,3.836016893386841,0.09151710569858551,3.744499683380127,3.69368827921
0,conservative,2,3,23,E6K:S208C,2,3.759376049041748,0.024500355124473572,3.7348756790161133,3.6718140079300015
0,conservative,2,4,24,S208C:R215H:F223Y,3,3.753525495529175,0.019443614408373833,3.734081983566284,3.59412266825
0,conservative,2,5,25,D19N:K158G,2,3.7886874675750732,0.0576639324426651,3.7310235500335693,3.5987308810900003
0,conservative,2,6,26,R73L:I161V,2,3.8030076026916504,0.07476451247930527,3.728243112564087,3.69752524656
0,conservative,2,7,27,Y39N:N105I,2,3.775071620941162,0.04775206744670868,3.7273194789886475,4.08598147357
0,conservative,2,8,28,R73L:H169Y:E172K,3,3.7444941997528076,0.020904691889882088,3.7235894203186035,3.64501916546
0,conservative,2,9,29,R73L:F165Y,2,3.761964797973633,0.046932097524404526,3.7150328159332275,3.50262359987
0,conservative,2,10,30,M78L:M88L,2,3.7590930461883545,0.044412970542907715,3.7146801948547363,3.6225399647000014
0,conservative,2,11,31,N159D:I167V,2,3.7567801475524902,0.04399105906486511,3.7127890586853027,3.8063416518
0,conservative,2,12,32,S30T:S175C,2,3.7696521282196045,0.05895804986357689,3.7106940746307373,3.73437018198
0,conservative,2,13,33,E5V:S208C,2,3.7253577709198,0.015153049491345882,3.710204839706421,3.70013655592
0,conservative,2,14,34,L194P:S202C,2,3.7340171337127686,0.024830041453242302,3.7091870307922363,3.6930928697800014
0,conservative,2,15,35,M88L:M233L,2,3.734905242919922,0.027301322668790817,3.707603931427002,3.74794606247
0,conservative,2,16,36,I123V:I161V,2,3.7895138263702393,0.08458350598812103,3.704930305480957,3.75844470049
0,conservative,2,17,37,P187S:L194V,2,3.7723820209503174,0.06754638999700546,3.7048356533050537,3.77188125834
0,conservative,2,18,38,S28R:S202C:L221Q,3,3.7346160411834717,0.030593011528253555,3.7040231227874756,3.88378812607
0,conservative,2,19,39,S30T:F99L,2,3.74824595451355,0.04759194701910019,3.7006540298461914,3.68919990245
0,conservative,2,20,40,T59S:T62S:D180N,3,3.7723000049591064,0.07405534386634827,3.698244571685791,3.77597424733
0,conservative,3,1,41,Y39N:N105H,2,3.8218274116516113,0.03543835133314133,3.786389112472534,3.73007484474
0,conservative,3,2,42,N105I:N135D,2,3.7466323375701904,0.016193173825740814,3.7304391860961914,3.8151244434300007
0,conservative,3,3,43,E6V:I47F:P211T:M233T,4,3.7644710540771484,0.04875869303941727,3.715712308883667,3.16686910449
0,conservative,3,4,44,V163A:F165L,2,3.738530397415161,0.0267082117497921,3.711822271347046,3.95943385557
0,conservative,3,5,45,A37T:N105Y,2,3.7505080699920654,0.04318302124738693,3.707324981689453,3.56961432376
0,conservative,3,6,46,N105Y:N159D,2,3.730640411376953,0.0260965283960104,3.7045438289642334,3.81814755612
0,conservative,3,7,47,N105I:M233V,2,3.7330379486083984,0.029511429369449615,3.703526496887207,3.80170724825
0,conservative,3,8,48,I128T:I167V,2,3.7153573036193848,0.012117723003029823,3.703239679336548,3.77286349987
0,conservative,3,9,49,Q204L:K209E,2,3.7549471855163574,0.053149767220020294,3.7017974853515625,3.44647860334
0,conservative,3,10,50,N159D:I161T:I167T,3,3.7884838581085205,0.09021396934986115,3.698269844055176,3.26768497311
0,conservative,3,11,51,S86A:N105T,2,3.703944444656372,0.006203702185302973,3.6977407932281494,3.87110182176
0,conservative,3,12,52,N159D:M233V,2,3.722036361694336,0.02582254447042942,3.696213722229004,3.62377279013
0,conservative,3,13,53,N135I:K158E,2,3.7083866596221924,0.01349264569580555,3.6948940753936768,3.65895771013667
0,conservative,3,14,54,N105I:I171V,2,3.7220795154571533,0.027762461453676224,3.694317102432251,3.64184297157
0,conservative,3,15,55,K158E:N159D:E235G,3,3.7342758178710938,0.04181840270757675,3.692457437515259,3.576832167
0,conservative,3,16,56,N149S:N185D:T186S:I188F:Q204L:K209E:E235G,7,3.7531638145446777,0.06251849979162216,3.690645217895508,1.30103106176
0,conservative,3,17,57,Y39N:N135I:S208G,3,3.716233491897583,0.02657306008040905,3.6896605491638184,3.4464724772300004
0,conservative,3,18,58,I171T:I188V,2,3.7548935413360596,0.06524724513292313,3.6896462440490723,3.917373360280002
0,conservative,3,19,59,V163A:P196L,2,3.719007968902588,0.03197325021028519,3.6870346069335938,3.68717543765
0,conservative,3,20,60,K3R:Q204L,2,3.7407619953155518,0.05427573248744011,3.68648624420166,3.6312872528
0,conservative,4,1,61,I128T:I171V,2,3.7576076984405518,0.03295069560408592,3.7246570587158203,3.69577544388
0,conservative,4,2,62,G232D:M233L,2,3.732560634613037,0.018740814179182053,3.713819742202759,3.86952185022
0,conservative,4,3,63,F165L:F223Y,2,3.730461597442627,0.027882002294063568,3.7025794982910156,3.60844172018
0,conservative,4,4,64,I128T:S208T,2,3.7233901023864746,0.023875955492258072,3.699514150619507,3.66564163492
0,conservative,4,5,65,I152V:L221M,2,3.7260284423828125,0.02920631319284439,3.696822166442871,3.82467520356
0,conservative,4,6,66,N105T:D117V,2,3.7082667350769043,0.020627586171030998,3.6876392364501953,3.79107222206
0,conservative,4,7,67,I136V:I171T,2,3.702208995819092,0.01530878059566021,3.6869001388549805,3.84219000725
0,conservative,4,8,68,S28C:N105I,2,3.7224345207214355,0.035736311227083206,3.6866981983184814,3.55370484492
0,conservative,4,9,69,T59A:T62S,2,3.7513515949249268,0.06560401618480682,3.6857476234436035,3.54358325939
0,conservative,4,10,70,S147T:I161V,2,3.7324962615966797,0.04814521223306656,3.6843509674072266,3.66064154475
0,conservative,4,11,71,S65T:E115V:S202C:F223L,4,3.7757980823516846,0.09342305362224579,3.682374954223633,3.35385933139
0,conservative,4,12,72,S86A:I128T,2,3.720853328704834,0.038997307419776917,3.6818559169769287,3.74378465275
0,conservative,4,13,73,E17K:E34V,2,3.7484734058380127,0.0672578364610672,3.681215524673462,3.72463626683
0,conservative,4,14,74,I128T:S205A,2,3.7078521251678467,0.028165150433778763,3.679687023162842,3.6417542885400014
0,conservative,4,15,75,I123V:I167V,2,3.7066891193389893,0.027181167155504227,3.6795079708099365,3.69445183899
0,conservative,4,16,76,N105I:N149D,2,3.6892075538635254,0.010381988249719143,3.678825616836548,3.76040467543
0,conservative,4,17,77,E5K:N105S,2,3.7068893909454346,0.02944871224462986,3.677440643310547,3.8039042887
0,conservative,4,18,78,I128T:I229T,2,3.7029595375061035,0.026176692917943,3.6767828464508057,3.6843518496300014
0,conservative,4,19,79,F114Y:I171T,2,3.693459987640381,0.016680339351296425,3.6767797470092773,3.71739524606
0,conservative,4,20,80,I128T:M233K,2,3.6841964721679688,0.007700477261096239,3.6764960289001465,3.71548067086
0,conservative,5,1,81,F130L:V163A:F165L,3,3.738706111907959,0.036223459988832474,3.7024827003479004,3.61023150304
0,conservative,5,2,82,H25L:S28C:S175C:P187L,4,3.728862762451172,0.02993941493332386,3.698923349380493,3.3105745304900003
0,conservative,5,3,83,I128V:I229V,2,3.7343945503234863,0.03548482805490494,3.6989097595214844,3.54977207958
0,conservative,5,4,84,I161V:I171T,2,3.7053534984588623,0.012304000556468964,3.693049430847168,3.86077361263
0,conservative,5,5,85,I128V:I171V,2,3.7098331451416016,0.017684031277894974,3.6921491622924805,3.7483527695
0,conservative,5,6,86,I171T:I188N,2,3.724749803543091,0.0329446904361248,3.691805124282837,3.73550895947
0,conservative,5,7,87,E5G:Y143N:L221M:L236M,4,3.7194759845733643,0.028302444145083427,3.691173553466797,3.57935296007
0,conservative,5,8,88,I136V:N159D:I188V:A206D,4,3.7157821655273438,0.026405014097690582,3.6893770694732666,3.57989323429
0,conservative,5,9,89,S30C:E142G,2,3.703360080718994,0.017002860084176064,3.686357259750366,3.90677578216
0,conservative,5,10,90,H81Y:S205C:A206G,3,3.702052593231201,0.019830482080578804,3.6822221279144287,3.606422707
0,conservative,5,11,91,L15M:M153V,2,3.6834168434143066,0.007107394281774759,3.67630934715271,4.05637654332
0,conservative,5,12,92,T9I:S28R,2,3.6973354816436768,0.021806767210364342,3.6755287647247314,3.83482044497
0,conservative,5,13,93,N105I:N164D,2,3.69303560256958,0.01963706687092781,3.673398494720459,3.73928845961
0,conservative,5,14,94,F99L:E142G:R168S,3,3.6995606422424316,0.026722515001893044,3.6728382110595703,3.67246422179
0,conservative,5,15,95,S86T:S208C,2,3.6970722675323486,0.024790210649371147,3.6722819805145264,3.73979512352
0,conservative,5,16,96,E5V:I229T,2,3.6815903186798096,0.009939612820744514,3.6716506481170654,3.60227590311
0,conservative,5,17,97,S28C:D155N,2,3.7111728191375732,0.041438180953264236,3.6697347164154053,3.75619803907
0,conservative,5,18,98,D190V:A206S,2,3.6894290447235107,0.0210258886218071,3.668403148651123,3.71341913943
0,conservative,5,19,99,T97A:N105I,2,3.6839241981506348,0.017809227108955383,3.6661150455474854,3.73529500741
0,conservative,5,20,100,I128V:H231L:G232D,3,3.7043910026550293,0.03854967653751373,3.6658413410186768,3.71322440914
1,random,1,1,1,S86P:K214E,2,,,,3.5156871350800003
1,random,1,2,2,F27S:F46S:I188N,3,,,,1.46953905553
1,random,1,3,3,E32G:E124G:E235G,3,,,,3.53040814756
1,random,1,4,4,V61A:D76V:M78L:N159D:H199L,5,,,,1.4834578834099998
1,random,1,5,5,F46Y:V163A:T203A:L207P,4,,,,3.42049371328
1,random,1,6,6,G134S:N198S:V224A,3,,,,3.38988281192
1,random,1,7,7,I136T:N146S:H148R:I152T:K209R:I229S,6,,,,1.4491149087900002
1,random,1,8,8,E132G:N146D:Q157R,3,,,,3.628792131640002
1,random,1,9,9,T118A:N121S:F130S,3,,,,1.39264800414
1,random,1,10,10,Q94L:Y106H:I167T,3,,,,1.63020784171
1,random,1,11,11,I136F:D180G:L221P:M233V:D234G,5,,,,1.5725761926
1,random,1,12,12,H25R:T118A:L201Q,3,,,,3.3568462397500003
1,random,1,13,13,F71L:D76G:S175G:Y200N,4,,,,3.26110856274
1,random,1,14,14,Y74C:I152T:I161V:I167T:T186S:Q204L:F223L,7,,,,1.30103089918
1,random,1,15,15,S28G:D36V,2,,,,3.26068840102
1,random,1,16,16,H77R:Y143H:Q157R:K158T:E235G,5,,,,3.38135297191
1,random,1,17,17,N23D:F165V,2,,,,3.56456172375
1,random,1,18,18,S30T:F46L:K158R,3,,,,3.76168329262
1,random,1,19,19,E124V:L201Q:T203S:E235G,4,,,,3.47321858741
1,random,1,20,20,K156M:N170I:G232S,3,,,,3.63686967189
1,random,2,1,21,Q94L:H231R,2,,,,3.5060989698300005
1,random,2,2,22,F46Y:T50S:L53P:H169L:N185S:N198D,6,,,,1.41261963616
1,random,2,3,23,K79E:K156E:D190G,3,,,,3.44396220669
1,random,2,4,24,A37D:I161V:V224A,3,,,,3.0348911391400004
1,random,2,5,25,D117N:N121S:N159S:Q177R:E222G,5,,,,1.30103042564
1,random,2,6,26,L42Q:P56L:S86P:D103G:Y151H,5,,,,1.54359881714
1,random,2,7,27,K45R:I136F:T230A,3,,,,3.19805229501
1,random,2,8,28,E34G:D129G:D173V:D234G:E235G,5,,,,3.1702890521
1,random,2,9,29,G4D:K52E:E172G,3,,,,3.74371213513
1,random,2,10,30,N121S:N149I:K162E:E172G,4,,,,3.58437230472
1,random,2,11,31,E34K:K107R,2,,,,3.52523597181
1,random,2,12,32,K79E:K113R,2,,,,3.5931995022800005
1,random,2,13,33,K52R:M78T:F84L:N170S:I171V:D173V,6,,,,1.3010300397
1,random,2,14,34,F100L:R109H:K131R:D173G:S202C:Y237H,6,,,,3.35976082723
1,random,2,15,35,E17G:I98N,2,,,,1.3010301184100002
1,random,2,16,36,N23S:D36N:I167T:S202G,4,,,,3.3347324002900005
1,random,2,17,37,K79M:F99S,2,,,,3.62695164407
1,random,2,18,38,F46L:Y200F:H231L,3,,,,3.65687915894
1,random,2,19,39,T118S:L125P:F130Y:N212D,4,,,,1.3010298058499998
1,random,2,20,40,F8S:V68A:N105D:A179V:G189S,5,,,,1.3010301029200002
1,random,3,1,41,T9A:M88V:E90G:F130L:E213G,5,,,,1.30103001886
1,random,3,2,42,L18P:L53P:W57R:N135Y:N198D:R215L,6,,,,1.61184702945
1,random,3,3,43,K79E:Q157R:N159S,3,,,,3.3490132434099995
1,random,3,4,44,E17K:I167T:N170I,3,,,,3.60805396083
1,random,3,5,45,D19G:T62A,2,,,,3.6872836006
1,random,3,6,46,K41E:K156Q:I229V,3,,,,3.4923965909699994
1,random,3,7,47,G4C:I152T:T203A:K214R:Y237N,5,,,,3.05994882993
1,random,3,8,48,E5G:V22E:S30T:T38S:E90G:N212S,6,,,,1.77076110595
1,random,3,9,49,T43A:C48R:Q94P:L195Q,4,,,,1.29740235822
1,random,3,10,50,F71L:K140E,2,,,,3.38304797907
1,random,3,11,51,K140R:Q184H,2,,,,3.62556172106
1,random,3,12,52,D21V:T50S:F99I:N135D:G138R:K214E,6,,,,3.63332902374
1,random,3,13,53,E17K:S86T,2,,,,3.5534147065900004
1,random,3,14,54,Q69R:I123V:I161T,3,,,,1.58059242255
1,random,3,15,55,K52E:S147C,2,,,,3.78055739073
1,random,3,16,56,K131E:K162R,2,,,,3.72274955822
1,random,3,17,57,F100Y:N164I,2,,,,3.4802775616300003
1,random,3,18,58,K85M:N159I:D210G,3,,,,1.63322638007
1,random,3,19,59,E6V:D82G:D129G:E222G,4,,,,1.55952140873
1,random,3,20,60,V29E:D103G:N164S:D173G:S202C:E213G,6,,,,1.6839699372
1,random,4,1,61,N146S:N149D,2,,,,3.6476075421
1,random,4,2,62,N170S:D180V,2,,,,3.41182761625
1,random,4,3,63,L15Q:S30P:N121T,3,,,,1.30112305286
1,random,4,4,64,V112E:E132V:N146D,3,,,,1.51578277195
1,random,4,5,65,K126E:I136V:M153T:E235G:L236P,5,,,,3.56390562346
1,random,4,6,66,D36V:L53P:C70R:Y74N:F99S,5,,,,1.3048758706
1,random,4,7,67,F8S:D36G:K45E:T63P:D76N:D155V:K156E:I171V,8,,,,1.61842995216
1,random,4,8,68,M88V:V93L:N159S,3,,,,3.2630564037900003
1,random,4,9,69,I47F:D133V:K156N:E172G:M233T,5,,,,3.41531291727
1,random,4,10,70,F71S:K107E:I136T:I161T,4,,,,1.3010706451
1,random,4,11,71,Y39C:T62S:D82G,3,,,,3.1410961149400003
1,random,4,12,72,I14T:M218T,2,,,,1.44418021687
1,random,4,13,73,R73H:Y74F:Q184R,3,,,,3.5037908435
1,random,4,14,74,E124G:S175G:T203A:T225A,4,,,,3.71398925478
1,random,4,15,75,F71L:F99L:K101E:N164Y,4,,,,3.55575323426
1,random,4,16,76,L64P:Y92C,2,,,,1.6877190546399998
1,random,4,17,77,V163A:S175G,2,,,,3.78650979649
1,random,4,18,78,D102G:N164Y:S202C,3,,,,3.83243277332
1,random,4,19,79,D155G:E172G:V193A,3,,,,3.43558924333
1,random,4,20,80,E17G:E34V:N146D,3,,,,3.49497621812
1,random,5,1,81,D129G:K209E,2,,,,3.54228295204
1,random,5,2,82,K79R:N135Y:I136T:V163A,4,,,,3.46288092888
1,random,5,3,83,K131E:H217R:F223S:G232C,4,,,,1.30126844185
1,random,5,4,84,L15Q:F165L:T225S,3,,,,3.65716428019
1,random,5,5,85,V16A:L64Q:D173G:I229V,4,,,,1.52562342629
1,random,5,6,86,F46L:M153T:D197Y,3,,,,3.64063173344
1,random,5,7,87,V29A:L44Q:Y237H,3,,,,1.44034139318
1,random,5,8,88,K52R:K79R:Y92N:A110T:I136V:K209R:T230S,7,,,,1.3019576851
1,random,5,9,89,I47V:D173G:T225A,3,,,,3.5501664290699995
1,random,5,10,90,T9A:N23D:F130L:V150A:I152V,5,,,,3.30342249462
1,random,5,11,91,V22E:L53P:S65T:G67C:K79E:I152V:E172G,7,,,,1.42018988357
1,random,5,12,92,N144I:I171T:D197G,3,,,,3.64238550069
1,random,5,13,93,S28G:Q80R:N105S:I188T,4,,,,3.74653316442
1,random,5,14,94,K131M:Y182H:T230A,3,,,,3.59250650696
1,random,5,15,95,F46L:K209E,2,,,,3.49476894925
1,random,5,16,96,K41R:F46L:L137P:N144D:K156E:K162R:N164D,7,,,,1.7751377791
1,random,5,17,97,K214R:M233T,2,,,,3.62884986137
1,random,5,18,98,D129V:L195P:H199P:L220P,4,,,,1.30103013157
1,random,5,19,99,Q80R:K126E,2,,,,3.4917068025
1,random,5,20,100,F27L:I47V:D102G:H139R:V163A:Y182H:N185Y:N212S,8,,,,1.6290007294
1,greedy,1,1,1,T108A:I123V:S147G:V150A:L178V:K214E:T230A,7,4.111358642578125,0.12814639508724213,4.111358642578125,3.19203418792
1,greedy,1,2,2,F165L:D180G:T203A:F223Y:T230A,5,4.083799362182617,0.15512464940547943,4.083799362182617,3.30179590602
1,greedy,1,3,3,Y74F:F114S:Y145H:Y151H:K156R:H169L:Q184L:Y237F,8,4.079277992248535,0.1151428148150444,4.079277992248535,1.3163559218799998
1,greedy,1,4,4,K41R:V61A:N121S:N146S:K162R:F165L:R168H:D173G,8,4.076691150665283,0.11086824536323547,4.076691150665283,1.3010299877299998
1,greedy,1,5,5,K3E:F71Y:P75H:I98V:V224A,5,4.069092273712158,0.18794676661491394,4.069092273712158,1.6730253431
1,greedy,1,6,6,F46Y:P75H:N149D:I161V:Q184R,5,4.0590715408325195,0.10467824339866638,4.0590715408325195,3.43796043304
1,greedy,1,7,7,F71S:S72C:D103G:I136T:N164D:I167V:I171L:L194P:S208C:A226T,10,4.052308082580566,0.2209959775209427,4.052308082580566,1.5632813020200005
1,greedy,1,8,8,E6G:L15Q:F46L:I47T:N105D:D133G:F165V:T203A,8,4.043696403503418,0.18178175389766693,4.043696403503418,1.30103163828
1,greedy,1,9,9,T43A:V163M:F165Y:D180G,4,4.040158748626709,0.06648832559585571,4.040158748626709,3.35506356041
1,greedy,1,10,10,L42Q:S72C:M78L:H81L:K101R:S147G:I167V:G191R:L201R:M233V:E235G,11,4.0358476638793945,0.11450681835412979,4.0358476638793945,1.7157266221
1,greedy,1,11,11,F71L:P75H:F114S:D180G:K209E,5,4.033689022064209,0.1340463012456894,4.033689022064209,1.30102998814
1,greedy,1,12,12,I47V:N105S:F165Y:I167V:D197G:M233V,6,4.018002986907959,0.13124234974384308,4.018002986907959,3.90870556551
1,greedy,1,13,13,T38A:T43I:K107E:K156M:F165L:I167V:Q204H,7,4.006102561950684,0.11055779457092285,4.006102561950684,3.18684595493
1,greedy,1,14,14,C70S:F84L:Y92H:K113R:N121S:K158M:I161V:I167V,8,4.002375602722168,0.17893478274345398,4.002375602722168,1.68209372099
1,greedy,1,15,15,T62A:I98T:K107R:K126E:G138A:K156Q:F165L:N170S:D197G,9,3.99619722366333,0.09116224199533463,3.99619722366333,1.30102952236
1,greedy,1,16,16,E6G:K156E:F165I:V176A:Q184R:S202C:M233V,7,3.9948971271514893,0.10688308626413345,3.9948971271514893,3.66942884964
1,greedy,1,17,17,K3E:H81L:F114L:L141Q:V150A:K158E:I161F:V176A:T230A,9,3.991835355758667,0.12438318133354187,3.991835355758667,1.51425584818
1,greedy,1,18,18,L15Q:N105S:K140E:N144S:N198I:T230A,6,3.991392135620117,0.07732589542865753,3.991392135620117,3.4875339051
1,greedy,1,19,19,F8L:F71L:R73H:K156E:K166R:Q184L,6,3.9854214191436768,0.12791049480438232,3.9854214191436768,3.65183927055
1,greedy,1,20,20,K41E:K52M:V61A:D103E:K140R:M153L:K158E:V224A,8,3.984748125076294,0.05287543684244156,3.984748125076294,1.3019250648
1,greedy,2,1,21,T38S:T62S,2,3.8105976581573486,0.07853352278470993,3.8105976581573486,3.69094324962
1,greedy,2,2,22,R73L:F165Y,2,3.7475807666778564,0.06622380018234253,3.7475807666778564,3.50262359987
1,greedy,2,3,23,D19N:K158G,2,3.7467141151428223,0.04810924455523491,3.7467141151428223,3.5987308810900003
1,greedy,2,4,24,R73L:I161V,2,3.745232343673706,0.051863010972738266,3.745232343673706,3.69752524656
1,greedy,2,5,25,T62A:T63S,2,3.743053436279297,0.0409415103495121,3.743053436279297,3.83773820258
1,greedy,2,6,26,T63S:F223Y,2,3.740025758743286,0.0574902668595314,3.740025758743286,3.55726154367
1,greedy,2,7,27,T43S:K52M:D76N:N105S:S202C:H231R,6,3.7361857891082764,0.06279092282056808,3.7361857891082764,3.71922727372
1,greedy,2,8,28,S30T:F99L,2,3.7319931983947754,0.0393088236451149,3.7319931983947754,3.68919990245
1,greedy,2,9,29,T38S:T225S,2,3.731257200241089,0.08655059337615967,3.731257200241089,3.63098750431
1,greedy,2,10,30,T38S:T63S,2,3.729907512664795,0.08099401742219925,3.729907512664795,3.54678935236
1,greedy,2,11,31,I152V:L221M,2,3.729518175125122,0.057513415813446045,3.729518175125122,3.82467520356
1,greedy,2,12,32,P187S:L194V,2,3.728548526763916,0.04694006219506264,3.728548526763916,3.77188125834
1,greedy,2,13,33,T38A:R73C:F84Y:G191V,4,3.7255356311798096,0.0693359225988388,3.7255356311798096,3.523309400930002
1,greedy,2,14,34,H25L:S28C:S175C:P187L,4,3.7237930297851562,0.043100468814373016,3.7237930297851562,3.3105745304900003
1,greedy,2,15,35,E17K:E34V,2,3.722024917602539,0.0676734521985054,3.722024917602539,3.72463626683
1,greedy,2,16,36,F99L:E142G:R168S,3,3.7220165729522705,0.05035550519824028,3.7220165729522705,3.67246422179
1,greedy,2,17,37,S30T:S175C,2,3.718198299407959,0.0523807555437088,3.718198299407959,3.73437018198
1,greedy,2,18,38,L15M:M153V,2,3.7181828022003174,0.07581842690706253,3.7181828022003174,4.05637654332
1,greedy,2,19,39,Y39N:N105I,2,3.7173781394958496,0.05790145695209503,3.7173781394958496,4.08598147357
1,greedy,2,20,40,E34V:K79M:L220M:G232D,4,3.716402053833008,0.04502717778086662,3.716402053833008,3.610553587780002
1,greedy,3,1,41,N149S:N185D:T186S:I188F:Q204L:K209E:E235G,7,3.8376355171203613,0.13370947539806366,3.8376355171203613,1.30103106176
1,greedy,3,2,42,F8L:D36E:M88L:E90V:Q204L:D234G,6,3.8264756202697754,0.18512670695781708,3.8264756202697754,3.36770332714
1,greedy,3,3,43,D117G:K162R:Q204L,3,3.8221230506896973,0.12286220490932465,3.8221230506896973,3.88673949705
1,greedy,3,4,44,F99L:Q204L:M233V,3,3.8207168579101562,0.11637884378433228,3.8207168579101562,3.70631709739
1,greedy,3,5,45,K3R:E34V:M233T:D234G,4,3.806910276412964,0.1204095259308815,3.806910276412964,3.68096208476
1,greedy,3,6,46,D19G:D117G:Q204L,3,3.803457736968994,0.08112969994544983,3.803457736968994,3.4719140314699994
1,greedy,3,7,47,H139L:Q204L:K209I,3,3.799584150314331,0.0666394904255867,3.799584150314331,3.24680264277
1,greedy,3,8,48,E172V:Q204L:M233V,3,3.7946255207061768,0.08963894098997116,3.7946255207061768,3.62998065841
1,greedy,3,9,49,Y39N:N105H,2,3.793684482574463,0.03956623747944832,3.793684482574463,3.73007484474
1,greedy,3,10,50,L15R:N105T,2,3.7870545387268066,0.04345060884952545,3.7870545387268066,3.88408956321
1,greedy,3,11,51,Q204L:K209E,2,3.7862675189971924,0.08147969096899033,3.7862675189971924,3.44647860334
1,greedy,3,12,52,N105T:D117V,2,3.7843003273010254,0.04324089735746384,3.7843003273010254,3.79107222206
1,greedy,3,13,53,M88L:N164D:R168S:D197N:E235G,5,3.7807693481445312,0.10206253826618195,3.7807693481445312,3.62049303243
1,greedy,3,14,54,D117G:K131E:Q204L,3,3.7732157707214355,0.1368364840745926,3.7732157707214355,3.68135430034
1,greedy,3,15,55,H81L:A154T:Q204L:E235G,4,3.771296739578247,0.11551214754581451,3.771296739578247,3.61412091735
1,greedy,3,16,56,D117G:K156E:M233V,3,3.7697417736053467,0.06119054928421974,3.7697417736053467,3.90079282579
1,greedy,3,17,57,I171V:Q204L:L236V,3,3.7696080207824707,0.09719280153512955,3.7696080207824707,3.98402309894
1,greedy,3,18,58,T59A:T62S,2,3.7652549743652344,0.04907560721039772,3.7652549743652344,3.54358325939
1,greedy,3,19,59,E6G:F46L:A87T:E142V:Q204L,5,3.764237880706787,0.06352629512548447,3.764237880706787,3.68359314788
1,greedy,3,20,60,N105I:M233T,2,3.7632198333740234,0.03775305673480034,3.7632198333740234,3.71409848884
1,greedy,4,1,61,L15M:M153L,2,3.740251064300537,0.05559815093874931,3.740251064300537,3.65407122272
1,greedy,4,2,62,I128V:M233V,2,3.7348263263702393,0.031228303909301758,3.7348263263702393,3.7844853697800014
1,greedy,4,3,63,N105I:I171V,2,3.728198528289795,0.02259298786520958,3.728198528289795,3.64184297157
1,greedy,4,4,64,I128V:I171V,2,3.7271294593811035,0.03982941061258316,3.7271294593811035,3.7483527695
1,greedy,4,5,65,I123V:I167V,2,3.7258636951446533,0.05938822776079178,3.7258636951446533,3.69445183899
1,greedy,4,6,66,N105Y:N159D,2,3.7238762378692627,0.032479315996170044,3.7238762378692627,3.81814755612
1,greedy,4,7,67,P75T:I171T,2,3.723417282104492,0.05559790879487991,3.723417282104492,3.3862372492
1,greedy,4,8,68,I128V:H231L:G232D,3,3.72290301322937,0.0363498218357563,3.72290301322937,3.71322440914
1,greedy,4,9,69,E5K:N105S,2,3.716547727584839,0.027167385444045067,3.716547727584839,3.8039042887
1,greedy,4,10,70,E6G:Y39N,2,3.715426206588745,0.048953577876091,3.715426206588745,3.79136497401
1,greedy,4,11,71,D21V:D155N:F165Y:I167V:P211R,5,3.7154088020324707,0.11027007550001144,3.7154088020324707,3.4485189378400003
1,greedy,4,12,72,N105I:N146S,2,3.7132086753845215,0.044163480401039124,3.7132086753845215,3.80873689423
1,greedy,4,13,73,I123V:I161V,2,3.7098679542541504,0.0583825446665287,3.7098679542541504,3.75844470049
1,greedy,4,14,74,N170D:H231Y,2,3.7085957527160645,0.055066995322704315,3.7085957527160645,3.75255098138
1,greedy,4,15,75,S28R:S202C:L221Q,3,3.707441806793213,0.08422394096851349,3.707441806793213,3.88378812607
1,greedy,4,16,76,Y39N:N135I:S208G,3,3.707293748855591,0.01716838777065277,3.707293748855591,3.4464724772300004
1,greedy,4,17,77,D117G:M233V,2,3.7072460651397705,0.03198936581611633,3.7072460651397705,3.74068813691
1,greedy,4,18,78,Y39N:E132G:Y145F,3,3.70648455619812,0.04463433846831322,3.70648455619812,3.64561793492
1,greedy,4,19,79,N105I:I128V:I229V,3,3.7056851387023926,0.025852076709270477,3.7056851387023926,3.76375782591
1,greedy,4,20,80,K3R:N105V,2,3.7054123878479004,0.03675996884703636,3.7054123878479004,3.73313256047
1,greedy,5,1,81,T49A:N105T:S202C,3,3.7543768882751465,0.03989182785153389,3.7543768882751465,3.55835043306
1,greedy,5,2,82,S30T:N159D:M233V,3,3.735386610031128,0.026892315596342087,3.735386610031128,3.77066711613
1,greedy,5,3,83,I229V:M233V,2,3.734898090362549,0.03526639565825462,3.734898090362549,3.70531263054
1,greedy,5,4,84,Q157R:N159D,2,3.733704090118408,0.034096915274858475,3.733704090118408,3.58701614833
1,greedy,5,5,85,V22I:V150I:L178I:N212H,4,3.73357892036438,0.08349590748548508,3.73357892036438,3.71568198867
1,greedy,5,6,86,N105S:E172K,2,3.729750156402588,0.028624650090932846,3.729750156402588,3.65463551589
1,greedy,5,7,87,E6K:S208C,2,3.7289156913757324,0.04966742545366287,3.7289156913757324,3.6718140079300015
1,greedy,5,8,88,E5V:N105I:K126E,3,3.7277703285217285,0.057563334703445435,3.7277703285217285,3.725876017230002
1,greedy,5,9,89,E5V:E90D:H231R:L236Q,4,3.7271018028259277,0.03473600745201111,3.7271018028259277,3.63159981355
1,greedy,5,10,90,N159D:M233V,2,3.7245991230010986,0.03418045490980148,3.7245991230010986,3.62377279013
1,greedy,5,11,91,E17K:K79M:N105S:K214R,4,3.7245635986328125,0.06484194844961166,3.7245635986328125,3.67603817469
1,greedy,5,12,92,I229T:M233L,2,3.7244999408721924,0.02699461206793785,3.7244999408721924,3.83156717175
1,greedy,5,13,93,Y39H:P211T:N212I,3,3.7240219116210938,0.04483311250805855,3.7240219116210938,3.4440609512300004
1,greedy,5,14,94,R73L:H169Y:E172K,3,3.7235114574432373,0.047305911779403687,3.7235114574432373,3.64501916546
1,greedy,5,15,95,N105I:N135D,2,3.7232937812805176,0.04329938441514969,3.7232937812805176,3.8151244434300007
1,greedy,5,16,96,I229T:M233V,2,3.7219295501708984,0.0412258617579937,3.7219295501708984,3.75146447991
1,greedy,5,17,97,S202C:T203A,2,3.7218825817108154,0.058980945497751236,3.7218825817108154,3.717375780725
1,greedy,5,18,98,E34R:E90D:N105S:E115V:T118A:T225A,6,3.7218151092529297,0.06297037750482559,3.7218151092529297,3.53122443329
1,greedy,5,19,99,E34K:K166Q,2,3.7216389179229736,0.03052893839776516,3.7216389179229736,3.58405370597
1,greedy,5,20,100,I128V:I229V,2,3.7213547229766846,0.03120018169283867,3.7213547229766846,3.54977207958
1,ucb,1,1,1,F71S:S72C:D103G:I136T:N164D:I167V:I171L:L194P:S208C:A226T,10,4.052308082580566,0.2209959775209427,4.273303985595703,1.5632813020200005
1,ucb,1,2,2,K3E:F71Y:P75H:I98V:V224A,5,4.069092273712158,0.18794676661491394,4.2570390701293945,1.6730253431
1,ucb,1,3,3,T108A:I123V:S147G:V150A:L178V:K214E:T230A,7,4.111358642578125,0.12814639508724213,4.239504814147949,3.19203418792
1,ucb,1,4,4,F165L:D180G:T203A:F223Y:T230A,5,4.083799362182617,0.15512464940547943,4.238924026489258,3.30179590602
1,ucb,1,5,5,E6G:L15Q:F46L:I47T:N105D:D133G:F165V:T203A,8,4.043696403503418,0.18178175389766693,4.225478172302246,1.30103163828
1,ucb,1,6,6,Y74F:F114S:Y145H:Y151H:K156R:H169L:Q184L:Y237F,8,4.079277992248535,0.1151428148150444,4.19442081451416,1.3163559218799998
1,ucb,1,7,7,S28C:T38A:I47V:Q80L:I128V:I161V:L221P,7,3.8799076080322266,0.30920448899269104,4.189112186431885,3.2606921778
1,ucb,1,8,8,K41R:V61A:N121S:N146S:K162R:F165L:R168H:D173G,8,4.076691150665283,0.11086824536323547,4.187559604644775,1.3010299877299998
1,ucb,1,9,9,C70S:F84L:Y92H:K113R:N121S:K158M:I161V:I167V,8,4.002375602722168,0.17893478274345398,4.181310176849365,1.68209372099
1,ucb,1,10,10,V68A:K79R:K158R:V176E:V193M:E235G,6,3.976715564727783,0.2009081244468689,4.177623748779297,3.60372676656
1,ucb,1,11,11,F71L:P75H:F114S:D180G:K209E,5,4.033689022064209,0.1340463012456894,4.1677350997924805,1.30102998814
1,ucb,1,12,12,F46Y:P75H:N149D:I161V:Q184R,5,4.0590715408325195,0.10467824339866638,4.163749694824219,3.43796043304
1,ucb,1,13,13,F83L:I98T:I128T:D155G:K156R:K162M:S208G:D210V:L221Q:T225A,10,3.968308925628662,0.1943807154893875,4.162689685821533,1.7987656546000002
1,ucb,1,14,14,F71L:N105D:Y106C:K156M:I161V:I229T,6,3.9737486839294434,0.18133904039859772,4.155087947845459,1.67825849989
1,ucb,1,15,15,L42Q:S72C:M78L:H81L:K101R:S147G:I167V:G191R:L201R:M233V:E235G,11,4.0358476638793945,0.11450681835412979,4.150354385375977,1.7157266221
1,ucb,1,16,16,I47V:N105S:F165Y:I167V:D197G:M233V,6,4.018002986907959,0.13124234974384308,4.149245262145996,3.90870556551
1,ucb,1,17,17,E6G:E32G:E34A:K156M:K166M:L194P,6,3.9200682640075684,0.2101161628961563,4.130184650421143,3.16414810046
1,ucb,1,18,18,L15Q:S72C:T118A:D173G:T186S:L221Q,6,3.9050796031951904,0.22395148873329163,4.129031181335449,3.72567300651
1,ucb,1,19,19,K3M:F99L:N159D:I161V:N170D:I188L:E235G,7,3.949437379837036,0.17083172500133514,4.120269298553467,3.5714425372300007
1,ucb,1,20,20,T38A:T43I:K107E:K156M:F165L:I167V:Q204H,7,4.006102561950684,0.11055779457092285,4.116660118103027,3.18684595493
1,ucb,2,1,21,T43S:K52M:D76N:N105S:S202C:H231R,6,3.8780524730682373,0.06720203906297684,3.9452545642852783,3.71922727372
1,ucb,2,2,22,N149S:N185D:T186S:I188F:Q204L:K209E:E235G,7,3.7688255310058594,0.14109587669372559,3.909921407699585,1.30103106176
1,ucb,2,3,23,S28R:G134C:V150I,3,3.780062198638916,0.11471563577651978,3.894777774810791,3.44739478449
1,ucb,2,4,24,D19N:K158G,2,3.829965591430664,0.05281636118888855,3.882781982421875,3.5987308810900003
1,ucb,2,5,25,H139L:Q204L:K209I,3,3.800818681716919,0.07765862345695496,3.8784773349761963,3.24680264277
1,ucb,2,6,26,T38S:T62S,2,3.809357166290283,0.0654233992099762,3.8747806549072266,3.69094324962
1,ucb,2,7,27,F46Y:F130L:Q177L:P211L,4,3.7484958171844482,0.12523406744003296,3.873729944229126,3.32319930746
1,ucb,2,8,28,F99L:Q204L:M233V,3,3.7423770427703857,0.12772491574287415,3.8701019287109375,3.70631709739
1,ucb,2,9,29,K156E:K209I:F223Y:E235V,4,3.777463436126709,0.09064644575119019,3.868109941482544,3.65558639409
1,ucb,2,10,30,V163M:N170D:T186I,3,3.711308717727661,0.15466926991939545,3.8659780025482178,3.56489568677
1,ucb,2,11,31,E34G:N105I:D117G:Q157L:N164S:D173G,6,3.6470046043395996,0.21535786986351013,3.8623623847961426,3.61935390243
1,ucb,2,12,32,D76G:E95G:N105I:D117G:E172D:P187L,6,3.701667070388794,0.15832605957984924,3.8599932193756104,2.88669888917
1,ucb,2,13,33,N105I:R168S:D234G,3,3.739936113357544,0.1134432777762413,3.853379487991333,3.67283646551
1,ucb,2,14,34,M88L:N164D:R168S:D197N:E235G,5,3.773214817047119,0.07819079607725143,3.851405620574951,3.62049303243
1,ucb,2,15,35,T9I:V61A:E132G:M233T,4,3.709653377532959,0.13893254101276398,3.848585844039917,3.13919726795
1,ucb,2,16,36,E90G:E95G:N105I:S175C:V193M,5,3.780994415283203,0.06574008613824844,3.8467345237731934,3.5065790017800005
1,ucb,2,17,37,D19G:D117G:Q204L,3,3.6977458000183105,0.14205718040466309,3.8398029804229736,3.4719140314699994
1,ucb,2,18,38,N159Y:E172G:V176A:Q204L,4,3.700960874557495,0.1378360539674759,3.838796854019165,3.35218489001
1,ucb,2,19,39,F8Y:S28T:F99Y:E132V:I167V,5,3.7442517280578613,0.09101272374391556,3.8352644443511963,3.5671238294300003
1,ucb,2,20,40,H81L:A154T:Q204L:E235G,4,3.740751266479492,0.0931520089507103,3.8339033126831055,3.61412091735
1,ucb,3,1,41,D173E:H231Y,2,3.7355217933654785,0.09256374090909958,3.828085422515869,3.66816042591
1,ucb,3,2,42,T59A:T62S,2,3.7492759227752686,0.07314449548721313,3.822420358657837,3.54358325939
1,ucb,3,3,43,S30T:S175C,2,3.763782501220703,0.045582108199596405,3.8093645572662354,3.73437018198
1,ucb,3,4,44,I47T:R73L,2,3.745851993560791,0.057386644184589386,3.8032386302948,3.69368827921
1,ucb,3,5,45,T9I:T62S:V68A:V150A:S202N,5,3.7334773540496826,0.0634545162320137,3.7969319820404053,3.6979408553699993
1,ucb,3,6,46,Q157R:N159D,2,3.7142555713653564,0.08194814622402191,3.79620361328125,3.58701614833
1,ucb,3,7,47,G232D:M233L,2,3.7334811687469482,0.062457792460918427,3.7959389686584473,3.86952185022
1,ucb,3,8,48,H81Y:D102G:N105S:H139R,4,3.7164745330810547,0.07901415973901749,3.7954885959625244,3.4827631022900003
1,ucb,3,9,49,L7R:N105S,2,3.7112414836883545,0.08044262230396271,3.791684150695801,3.5675809106900003
1,ucb,3,10,50,T38A:R73C:F84Y:G191V,4,3.700040340423584,0.09140148758888245,3.7914419174194336,3.523309400930002
1,ucb,3,11,51,H81R:D234Y,2,3.6566505432128906,0.13384322822093964,3.7904937267303467,3.5194103516500004
1,ucb,3,12,52,I128V:M233V,2,3.723745822906494,0.06544128060340881,3.78918719291687,3.7844853697800014
1,ucb,3,13,53,H25L:S28C:S175C:P187L,4,3.675602436065674,0.11244779825210571,3.7880501747131348,3.3105745304900003
1,ucb,3,14,54,T59S:T62S:D180N,3,3.7404518127441406,0.04512355104088783,3.7855753898620605,3.77597424733
1,ucb,3,15,55,P187S:L194V,2,3.726712703704834,0.05761817470192909,3.7843308448791504,3.77188125834
1,ucb,3,16,56,L15R:S28N:Q177L:V219A:T230S,5,3.6564948558807373,0.12776237726211548,3.784257173538208,3.52309947813
1,ucb,3,17,57,G228R:H231L,2,3.7067065238952637,0.07740157842636108,3.7841081619262695,3.70470055836
1,ucb,3,18,58,S86T:S208C,2,3.719686508178711,0.06348827481269836,3.783174753189087,3.73979512352
1,ucb,3,19,59,T62A:L178I,2,3.6756770610809326,0.1074746623635292,3.783151626586914,3.90668189269
1,ucb,3,20,60,S30T:N159D:M233V,3,3.7014472484588623,0.08158289641141891,3.7830300331115723,3.77066711613
1,ucb,4,1,61,Y39N:N105I,2,3.7399444580078125,0.04912229999899864,3.789066791534424,4.08598147357
1,ucb,4,2,62,N105Y:N159D,2,3.723919630050659,0.06174737215042114,3.7856669425964355,3.81814755612
1,ucb,4,3,63,I128V:H231L:G232D,3,3.7362594604492188,0.04593498632311821,3.7821943759918213,3.71322440914
1,ucb,4,4,64,S30T:F99L,2,3.7284069061279297,0.04681055620312691,3.7752175331115723,3.68919990245
1,ucb,4,5,65,T50S:T62A:V163E:T203I,4,3.6933646202087402,0.07947506010532379,3.7728397846221924,3.43596873686
1,ucb,4,6,66,R73L:L194Q:D197V,3,3.7293758392333984,0.042705461382865906,3.7720813751220703,3.55587915745
1,ucb,4,7,67,T62A:T63S,2,3.730097532272339,0.04156117141246796,3.7716586589813232,3.83773820258
1,ucb,4,8,68,N144T:N212Y:M233V,3,3.6836307048797607,0.07967986166477203,3.763310670852661,3.56504113737
1,ucb,4,9,69,K158E:M233V,2,3.7134737968444824,0.04717027023434639,3.76064395904541,3.94619655391
1,ucb,4,10,70,S86T:K158E:Q184L,3,3.6682515144348145,0.09124190360307693,3.759493350982666,3.65567117701
1,ucb,4,11,71,N105I:M233V,2,3.716958522796631,0.041226454079151154,3.7581849098205566,3.80170724825
1,ucb,4,12,72,I171T:I188V,2,3.6957366466522217,0.06221083179116249,3.7579474449157715,3.917373360280002
1,ucb,4,13,73,R73L:I161V,2,3.706058979034424,0.05056304112076759,3.756622076034546,3.69752524656
1,ucb,4,14,74,N105I:N135D,2,3.7132515907287598,0.037726812064647675,3.750978469848633,3.8151244434300007
1,ucb,4,15,75,N159D:M233V,2,3.713491916656494,0.03734799101948738,3.750839948654175,3.62377279013
1,ucb,4,16,76,R73L:H169L,2,3.701249599456787,0.04938051849603653,3.7506301403045654,3.56330936636
1,ucb,4,17,77,M153V:K158E,2,3.687969207763672,0.06204136833548546,3.7500104904174805,3.97910423572
1,ucb,4,18,78,T225S:T230A,2,3.7016682624816895,0.04806869477033615,3.749737024307251,3.85265935346
1,ucb,4,19,79,F99L:E142G:R168S,3,3.6907315254211426,0.059002093970775604,3.7497336864471436,3.67246422179
1,ucb,4,20,80,T43N:M78L:K131E:N144D:L221Q:T225A:H231Q,7,3.564981460571289,0.18441222608089447,3.7493937015533447,3.5464978644
1,ucb,5,1,81,M78T:K158E:M233V,3,3.8022866249084473,0.07574503123760223,3.8780317306518555,3.41686094374
1,ucb,5,2,82,Y39N:N105H,2,3.8105685710906982,0.06371215730905533,3.8742806911468506,3.73007484474
1,ucb,5,3,83,E34V:K158E,2,3.767559766769409,0.05880080163478851,3.8263604640960693,3.71537590182
1,ucb,5,4,84,K158E:A227T,2,3.746995210647583,0.07128891348838806,3.818284034729004,3.6979901741
1,ucb,5,5,85,T38S:K158E,2,3.729127883911133,0.0850539356470108,3.8141818046569824,3.7525170047000014
1,ucb,5,6,86,Y39N:S86T,2,3.7334022521972656,0.07852563261985779,3.8119277954101562,3.63716609971
1,ucb,5,7,87,Y39N:K52E,2,3.70324969291687,0.10517927259206772,3.808429002761841,3.65571152001
1,ucb,5,8,88,M78I:A206T,2,3.7453293800354004,0.06217026710510254,3.807499647140503,3.7047260676
1,ucb,5,9,89,Y39N:N105S:N144D:T225S,4,3.6895675659179688,0.11506342887878418,3.804630994796753,3.75683912546
1,ucb,5,10,90,L15Q:S72G:T186S:L201Q,4,3.6847939491271973,0.11858778446912766,3.8033816814422607,3.54178159184
1,ucb,5,11,91,N135S:K158E,2,3.715766429901123,0.08496148884296417,3.8007278442382812,3.72495474112
1,ucb,5,12,92,N135I:K158E,2,3.732215404510498,0.06801902502775192,3.800234317779541,3.65895771013667
1,ucb,5,13,93,L221Q:T225S,2,3.6921546459198,0.10760217159986496,3.7997567653656006,3.69753055427
1,ucb,5,14,94,Y39N:K79E,2,3.692570209503174,0.10439583659172058,3.796966075897217,3.75372282007
1,ucb,5,15,95,K158E:T230I,2,3.7253787517547607,0.063813216984272,3.789191961288452,3.88990290766
1,ucb,5,16,96,K26R:E32K:E235V,3,3.662696123123169,0.1263519823551178,3.789048194885254,3.5530615414699995
1,ucb,5,17,97,D102G:Q157L:K158E,3,3.7370848655700684,0.05134344846010208,3.78842830657959,3.68115022678
1,ucb,5,18,98,Y39N:D155G,2,3.713703155517578,0.07415948063135147,3.787862539291382,3.78355313085
1,ucb,5,19,99,F130L:P211T:M218K:G232S:D234V,5,3.703281879425049,0.08427693694829941,3.7875587940216064,1.30103023512
1,ucb,5,20,100,M78V:K158E,2,3.7703030109405518,0.016754446551203728,3.787057399749756,3.50379063096
1,conservative,1,1,1,T108A:I123V:S147G:V150A:L178V:K214E:T230A,7,4.111358642578125,0.12814639508724213,3.9832122325897217,3.19203418792
1,conservative,1,2,2,T43A:V163M:F165Y:D180G,4,4.040158748626709,0.06648832559585571,3.973670482635498,3.35506356041
1,conservative,1,3,3,K41R:V61A:N121S:N146S:K162R:F165L:R168H:D173G,8,4.076691150665283,0.11086824536323547,3.96582293510437,1.3010299877299998
1,conservative,1,4,4,Y74F:F114S:Y145H:Y151H:K156R:H169L:Q184L:Y237F,8,4.079277992248535,0.1151428148150444,3.96413516998291,1.3163559218799998
1,conservative,1,5,5,F46Y:P75H:N149D:I161V:Q184R,5,4.0590715408325195,0.10467824339866638,3.9543933868408203,3.43796043304
1,conservative,1,6,6,K41E:K52M:V61A:D103E:K140R:M153L:K158E:V224A,8,3.984748125076294,0.05287543684244156,3.931872606277466,1.3019250648
1,conservative,1,7,7,F165L:D180G:T203A:F223Y:T230A,5,4.083799362182617,0.15512464940547943,3.9286746978759766,3.30179590602
1,conservative,1,8,8,L42Q:S72C:M78L:H81L:K101R:S147G:I167V:G191R:L201R:M233V:E235G,11,4.0358476638793945,0.11450681835412979,3.9213409423828125,1.7157266221
1,conservative,1,9,9,S72G:N105Y:K113R:I128V:D133G:Y151H:I171V:S202C,8,3.940138339996338,0.02403024025261402,3.9161081314086914,3.87501518006
1,conservative,1,10,10,L15Q:N105S:K140E:N144S:N198I:T230A,6,3.991392135620117,0.07732589542865753,3.9140663146972656,3.4875339051
1,conservative,1,11,11,T62A:I98T:K107R:K126E:G138A:K156Q:F165L:N170S:D197G,9,3.99619722366333,0.09116224199533463,3.9050350189208984,1.30102952236
1,conservative,1,12,12,T97A:V112A:N149S:K162E:F165L:R168H:V176A:P196H:P211T,9,3.9837112426757812,0.08209957182407379,3.901611566543579,1.42500087641
1,conservative,1,13,13,F71L:P75H:F114S:D180G:K209E,5,4.033689022064209,0.1340463012456894,3.8996427059173584,1.30102998814
1,conservative,1,14,14,T118A:N121S:I152V:K158E:M233V,5,3.9679324626922607,0.07040629535913467,3.897526264190674,3.66313109315
1,conservative,1,15,15,T38A:T43I:K107E:K156M:F165L:I167V:Q204H,7,4.006102561950684,0.11055779457092285,3.8955447673797607,3.18684595493
1,conservative,1,16,16,D19N:K158G,2,3.936601161956787,0.04131589084863663,3.8952853679656982,3.5987308810900003
1,conservative,1,17,17,S72G:N121S:I128T:N170S:D197G:I229V,6,3.940061569213867,0.048002876341342926,3.8920586109161377,3.75097299945
1,conservative,1,18,18,I47F:F99L:F130L:S147G:K158R:I161V,6,3.969160556793213,0.07878435403108597,3.890376091003418,3.42369144893
1,conservative,1,19,19,I47L:D102G:E132G:H139R:F165S:P192L:N198S,7,3.9263954162597656,0.03634459525346756,3.8900508880615234,1.6780396854700002
1,conservative,1,20,20,E6G:K156E:F165I:V176A:Q184R:S202C:M233V,7,3.9948971271514893,0.10688308626413345,3.888014078140259,3.66942884964
1,conservative,2,1,21,R73L:I161V,2,3.806257963180542,0.041861820966005325,3.7643961906433105,3.69752524656
1,conservative,2,2,22,T38S:T62S,2,3.8084042072296143,0.05436417832970619,3.754040002822876,3.69094324962
1,conservative,2,3,23,K3M:F99L:N159D:I161V:N170D:I188L:E235G,7,3.809657335281372,0.08608163148164749,3.7235755920410156,3.5714425372300007
1,conservative,2,4,24,S30T:F99L,2,3.7626991271972656,0.040479231625795364,3.722219944000244,3.68919990245
1,conservative,2,5,25,F8Y:S28T:F99Y:E132V:I167V,5,3.803237199783325,0.08965233713388443,3.7135848999023438,3.5671238294300003
1,conservative,2,6,26,T59A:T62S,2,3.768115997314453,0.05498858541250229,3.713127374649048,3.54358325939
1,conservative,2,7,27,R73C:H231Y,2,3.7550644874572754,0.043231718242168427,3.7118327617645264,3.62482326559
1,conservative,2,8,28,I171T:I188V,2,3.7404797077178955,0.029159007593989372,3.711320638656616,3.917373360280002
1,conservative,2,9,29,T62A:T63S,2,3.767155170440674,0.06053096055984497,3.7066242694854736,3.83773820258
1,conservative,2,10,30,N105I:I128V:I229V,3,3.7251975536346436,0.01901102252304554,3.706186532974243,3.76375782591
1,conservative,2,11,31,I47T:R73L,2,3.761320114135742,0.05534384399652481,3.7059762477874756,3.69368827921
1,conservative,2,12,32,S208C:R215H:F223Y,3,3.7677230834960938,0.06274809688329697,3.704974889755249,3.59412266825
1,conservative,2,13,33,I128V:I229T,2,3.712329864501953,0.00747158657759428,3.7048583030700684,3.66962286989
1,conservative,2,14,34,S86T:S208C,2,3.739473819732666,0.034716252237558365,3.7047574520111084,3.73979512352
1,conservative,2,15,35,I128V:R168H:M233T,3,3.7542927265167236,0.050776585936546326,3.7035162448883057,3.59418598265
1,conservative,2,16,36,I123V:I161V,2,3.7549374103546143,0.05177975445985794,3.703157663345337,3.75844470049
1,conservative,2,17,37,S30T:S175C,2,3.7507388591766357,0.04982733726501465,3.700911521911621,3.73437018198
1,conservative,2,18,38,T38S:T63S,2,3.738673686981201,0.041272372007369995,3.697401285171509,3.54678935236
1,conservative,2,19,39,E6K:D117G:I128T,3,3.7425036430358887,0.04512600600719452,3.6973776817321777,3.85619505192
1,conservative,2,20,40,F8Y:N144D:N159D:I167T:R168C,5,3.7232673168182373,0.02719014883041382,3.6960771083831787,2.91537020047
1,conservative,3,1,41,N149S:N185D:T186S:I188F:Q204L:K209E:E235G,7,3.903066635131836,0.10213254392147064,3.800934076309204,1.30103106176
1,conservative,3,2,42,D117G:K162R:Q204L,3,3.8434500694274902,0.07809346914291382,3.7653565406799316,3.88673949705
1,conservative,3,3,43,K3R:Q204L,2,3.796204090118408,0.033677298575639725,3.762526750564575,3.6312872528
1,conservative,3,4,44,D19G:D117G:Q204L,3,3.8234550952911377,0.07298094779253006,3.750474214553833,3.4719140314699994
1,conservative,3,5,45,E142V:Y182C:Q204L,3,3.8047547340393066,0.05670406296849251,3.7480506896972656,3.78479877502
1,conservative,3,6,46,F99L:Q204L:M233V,3,3.837606906890869,0.09648454189300537,3.741122245788574,3.70631709739
1,conservative,3,7,47,Q204L:K209E,2,3.8070366382598877,0.06848746538162231,3.73854923248291,3.44647860334
1,conservative,3,8,48,I128V:I229V,2,3.7581965923309326,0.02023261785507202,3.737963914871216,3.54977207958
1,conservative,3,9,49,S30T:E32G:Q204L,3,3.8065757751464844,0.0686388835310936,3.7379369735717773,3.4989171228
1,conservative,3,10,50,K3R:Q80R:S208C,3,3.757307529449463,0.024221722036600113,3.733085870742798,3.70361535927
1,conservative,3,11,51,Q80R:S208C,2,3.770106554031372,0.03872456029057503,3.731381893157959,3.68664094569
1,conservative,3,12,52,I128V:I171V,2,3.7409586906433105,0.012735162861645222,3.7282235622406006,3.7483527695
1,conservative,3,13,53,I171T:M233T,2,3.7619965076446533,0.03405223786830902,3.7279443740844727,3.67919683198
1,conservative,3,14,54,V11A:E90G:D117G,3,3.7446670532226562,0.0190100260078907,3.7256569862365723,3.81215276672
1,conservative,3,15,55,N105S:Q157R,2,3.743234634399414,0.019323104992508888,3.7239115238189697,3.68430086447
1,conservative,3,16,56,S202C:T203A,2,3.760683059692383,0.03781736642122269,3.722865581512451,3.717375780725
1,conservative,3,17,57,E6G:F46L:A87T:E142V:Q204L,5,3.782313585281372,0.0613844133913517,3.7209291458129883,3.68359314788
1,conservative,3,18,58,E90G:D117G,2,3.732102870941162,0.011461270041763783,3.720641613006592,3.74880078856
1,conservative,3,19,59,K79R:S208C,2,3.7602386474609375,0.040037427097558975,3.720201253890991,3.73773824554
1,conservative,3,20,60,G232D:M233L,2,3.753483533859253,0.03371651470661163,3.7197670936584473,3.86952185022
1,conservative,4,1,61,I128V:H231L:G232D,3,3.764801502227783,0.04823353886604309,3.7165679931640625,3.71322440914
1,conservative,4,2,62,D117G:I229V,2,3.73152232170105,0.015279983170330524,3.7162423133850098,3.70644726235
1,conservative,4,3,63,E17K:E34V,2,3.7430946826934814,0.02886132150888443,3.7142333984375,3.72463626683
1,conservative,4,4,64,Y39N:N105I,2,3.7623209953308105,0.0481446199119091,3.7141764163970947,4.08598147357
1,conservative,4,5,65,S28R:S202C:L221Q,3,3.7571513652801514,0.047298990190029144,3.709852457046509,3.88378812607
1,conservative,4,6,66,R73L:L194Q:D197V,3,3.7224667072296143,0.014174669981002808,3.708292007446289,3.55587915745
1,conservative,4,7,67,E6K:D76N:N105Y,3,3.729475498199463,0.022283369675278664,3.7071921825408936,4.09563969548
1,conservative,4,8,68,E32V:P75T:E90G,3,3.718318223953247,0.012295366264879704,3.7060227394104004,3.56026819905
1,conservative,4,9,69,E32V:A179V:S208C,3,3.7209792137145996,0.02029171958565712,3.7006874084472656,3.60585870129
1,conservative,4,10,70,K3R:N105V,2,3.7090201377868652,0.010156532749533653,3.6988635063171387,3.73313256047
1,conservative,4,11,71,N105T:D117V,2,3.716407060623169,0.01810433529317379,3.698302745819092,3.79107222206
1,conservative,4,12,72,I161V:I171T,2,3.729494094848633,0.03392321243882179,3.695570945739746,3.86077361263
1,conservative,4,13,73,Q157R:N159D,2,3.7150909900665283,0.01956208609044552,3.695528984069824,3.58701614833
1,conservative,4,14,74,I229V:M233V,2,3.7256057262420654,0.030926184728741646,3.6946794986724854,3.70531263054
1,conservative,4,15,75,D117G:I171V,2,3.718470811843872,0.02413644827902317,3.6943342685699463,3.95603200407
1,conservative,4,16,76,D190V:S208C,2,3.710092067718506,0.016092032194137573,3.694000005722046,3.61389324074
1,conservative,4,17,77,D117G:S208C,2,3.715362071990967,0.022114748135209084,3.6932473182678223,3.6935723983
1,conservative,4,18,78,T108A:D117G:I128T,3,3.7126574516296387,0.022771138697862625,3.6898863315582275,3.80416644415
1,conservative,4,19,79,I136V:I171T,2,3.715411424636841,0.026695869863033295,3.6887154579162598,3.84219000725
1,conservative,4,20,80,I229T:M233L,2,3.717402696609497,0.02923017181456089,3.6881725788116455,3.83156717175
1,conservative,5,1,81,I128T:I171V,2,3.7772438526153564,0.01381447073072195,3.7634294033050537,3.69577544388
1,conservative,5,2,82,I171T:I188N,2,3.75683856010437,0.017774805426597595,3.7390637397766113,3.73550895947
1,conservative,5,3,83,S28C:N105I,2,3.7714505195617676,0.04005926474928856,3.731391191482544,3.55370484492
1,conservative,5,4,84,Y39N:N105H,2,3.7825260162353516,0.0556996688246727,3.7268264293670654,3.73007484474
1,conservative,5,5,85,S28R:G134C:V150I,3,3.749830722808838,0.025630837306380272,3.7241997718811035,3.44739478449
1,conservative,5,6,86,H25L:S28C:S175C:P187L,4,3.7793374061584473,0.056256648153066635,3.72308087348938,3.3105745304900003
1,conservative,5,7,87,E6V:I128T:D133G:N135D,4,3.749533176422119,0.027355805039405823,3.722177267074585,3.61644173683
1,conservative,5,8,88,S86A:N105T,2,3.730466842651367,0.008485062047839165,3.7219817638397217,3.87110182176
1,conservative,5,9,89,T97A:N105I,2,3.730970859527588,0.01300514955073595,3.717965602874756,3.73529500741
1,conservative,5,10,90,D117G:I188T,2,3.74579119682312,0.030863389372825623,3.714927911758423,3.53369320316
1,conservative,5,11,91,S28C:D155N,2,3.7670860290527344,0.05239780992269516,3.714688301086426,3.75619803907
1,conservative,5,12,92,D117G:I128T:A179V:L195M,4,3.7753443717956543,0.06142771616578102,3.713916540145874,3.75005216145
1,conservative,5,13,93,K26R:S175C,2,3.7297186851501465,0.01637723296880722,3.713341474533081,3.51030432931
1,conservative,5,14,94,S30C:E142G,2,3.7508788108825684,0.03806355968117714,3.712815284729004,3.90677578216
1,conservative,5,15,95,E6V:Y39N,2,3.7637405395507812,0.05202727019786835,3.7117133140563965,3.9178467176
1,conservative,5,16,96,N105I:I171V,2,3.7347474098205566,0.025798143818974495,3.708949327468872,3.64184297157
1,conservative,5,17,97,N105I:N146S,2,3.7268080711364746,0.01899777352809906,3.707810401916504,3.80873689423
1,conservative,5,18,98,A37T:N105Y,2,3.747328996658325,0.03977044299244881,3.7075586318969727,3.56961432376
1,conservative,5,19,99,E5K:N105S,2,3.753383159637451,0.04706157371401787,3.7063214778900146,3.8039042887
1,conservative,5,20,100,L15R:N105T,2,3.757084369659424,0.05137744918465614,3.705706834793091,3.88408956321
2,random,1,1,1,K3E:I161T,2,,,,3.58825841866
2,random,1,2,2,F99L:T118A:E142V:N144D:V176A:K214T,6,,,,3.50845078465
2,random,1,3,3,T59I:Y66N:N164D:T186A,4,,,,1.30270154794
2,random,1,4,4,F8L:I14V,2,,,,3.48371432332
2,random,1,5,5,V112A:Y145C:K156R:I171T,4,,,,3.5574601619699995
2,random,1,6,6,T59S:Y74C:Y106H:M218K,4,,,,1.30102999154
2,random,1,7,7,F84L:M88L:N121S,3,,,,3.65594868062
2,random,1,8,8,V22A:V29A:F83L:K101T,4,,,,1.29812296175
2,random,1,9,9,K101M:K126R:S202R:E235V,4,,,,3.2549150681800003
2,random,1,10,10,I152V:K158M,2,,,,3.9085186389
2,random,1,11,11,Y39H:S72G:Q204L:M233T,4,,,,3.70106110135
2,random,1,12,12,Y39C:H77R:D102G,3,,,,3.69290144591
2,random,1,13,13,Y66I:F100L:K101R,3,,,,1.445142959
2,random,1,14,14,G35C:F46L:E213K,3,,,,1.30103037529
2,random,1,15,15,E6G:T59A:K126E:H169R:T225S,5,,,,1.30103080985
2,random,1,16,16,R109C:L221V:L236P,3,,,,3.60464917426
2,random,1,17,17,F99L:N212D,2,,,,3.83562617661
2,random,1,18,18,I47T:N121S,2,,,,3.73342494237
2,random,1,19,19,Y74N:K101E:R109C:I123L,4,,,,1.30103091048
2,random,1,20,20,K26M:T186A,2,,,,3.74854400349
2,random,2,1,21,E34G:D117G:L178H,3,,,,3.52305053859
2,random,2,2,22,F46S:L221Q,2,,,,3.59770383316
2,random,2,3,23,F8L:D82N:D129Y:K156E:F223Y,5,,,,3.25935412266
2,random,2,4,24,K101E:E132K:K162R:K166R:I188N:K209N,6,,,,3.36090653686
2,random,2,5,25,E5G:K101E:E172G,3,,,,3.57914290336
2,random,2,6,26,F27S:E172K:H181R:D197G,4,,,,1.5938410230700002
2,random,2,7,27,T63A:F84Y:F114S:N146D:L207R,5,,,,1.3010300036700002
2,random,2,8,28,H148R:M153T:K214E:V219A,4,,,,3.16283245631
2,random,2,9,29,Y182C:Y200F,2,,,,3.66035579443
2,random,2,10,30,E34G:T108A:L194Q,3,,,,3.00091761915
2,random,2,11,31,K3E:T43A:K101R:K107E:N121S,5,,,,3.70678677896
2,random,2,12,32,L60H:Y92S:N121S:I171T:D173G:V176A:D210G,7,,,,1.51266197008
2,random,2,13,33,V12M:V16A:K101T:Y182D:I188V:N212D,6,,,,1.3010308875499998
2,random,2,14,34,E34G:F100L:K101T:K140E:Y182C:D216G:F223S,7,,,,1.60497556255
2,random,2,15,35,L18P:K166E,2,,,,1.30102998675
2,random,2,16,36,D19G:N23H:K45R:K52E:F83S:L207P:E213V,7,,,,1.30397619561
2,random,2,17,37,G24D:I128V,2,,,,3.54684847579
2,random,2,18,38,H77L:H217R:V219I,3,,,,1.45288933572
2,random,2,19,39,V93A:K156R,2,,,,3.67324077166
2,random,2,20,40,F27S:D102G:G138W:Y145D,4,,,,1.3024830554200002
2,random,3,1,41,Y106C:E124V:E213K,3,,,,1.30130728373
2,random,3,2,42,F99L:V219I,2,,,,3.67955888237
2,random,3,3,43,T62A:I128F:E132G:I188T,4,,,,3.39863773615
2,random,3,4,44,N23I:E235G,2,,,,3.17318128599
2,random,3,5,45,N23Y:K26E:V55M:K79E:Q183K,5,,,,1.30095059616
2,random,3,6,46,V11A:T38A:S72C:E115D:S202G:M233T,6,,,,3.51060233768
2,random,3,7,47,F46L:T186A:L194M,3,,,,3.6369886445
2,random,3,8,48,T118A:V150I:R168L:N170S:T230S,5,,,,3.69364794746
2,random,3,9,49,V12E:D82G:H169R,3,,,,1.57404776479
2,random,3,10,50,T49S:N144Y:D210G,3,,,,1.41268353097
2,random,3,11,51,V29M:L53P:Y74C:G189D:T203I:L221S:H231L:L236P,8,,,,1.3010307335
2,random,3,12,52,Q80R:M88L:N105I:I152L,4,,,,3.65542143086
2,random,3,13,53,V11A:T43A:V61E:K85E:N135S,5,,,,1.30103003471
2,random,3,14,54,F223L:Y237F,2,,,,3.7417774711
2,random,3,15,55,L64P:M78V:Y106H:I136F:A179T:Q204P:M218K,7,,,,1.30103163753
2,random,3,16,56,I123V:Y143C:L178H,3,,,,3.73397212625
2,random,3,17,57,K41R:V68A:K79E:K140R,4,,,,3.55629231368
2,random,3,18,58,Y66C:H77L:K140E:T225S,4,,,,1.30612907594
2,random,3,19,59,W57R:Y74H:I128S:N170D:T186A:S208C,6,,,,1.30102995852
2,random,3,20,60,M88V:F99L,2,,,,3.56067317916
2,random,4,1,61,K41R:T43A:V68A:N105Y:T118S:I136F:N164S,7,,,,3.21228546101
2,random,4,2,62,E32V:H139L:T203I,3,,,,3.65707496631
2,random,4,3,63,F99S:N149D:N164I,3,,,,3.63334174219
2,random,4,4,64,D76N:E132G,2,,,,3.58943380459
2,random,4,5,65,G33D:G91D:I136T:E142G:V224E,5,,,,1.30103199546
2,random,4,6,66,F8L:E34V:T97A,3,,,,3.6194307940300017
2,random,4,7,67,F84L:D117G:I167V:I171T:T186A,5,,,,3.65601011834
2,random,4,8,68,L44P:E95V:A110T:N146S:N164S,5,,,,1.45431475389
2,random,4,9,69,E6V:V163A:L178F,3,,,,3.70552847214
2,random,4,10,70,Q80R:I98L:E142G:I161V:Q177L:S205T,6,,,,3.28221366454
2,random,4,11,71,C48R:D103G:Y106H:K158E,4,,,,1.52133788062
2,random,4,12,72,C48R:K140R:S208G:T225A,4,,,,1.30103010035
2,random,4,13,73,N144S:V193A,2,,,,3.67981874194
2,random,4,14,74,K107E:I188F:G228R,3,,,,3.4624433795800003
2,random,4,15,75,K45R:P196L,2,,,,3.27853318637
2,random,4,16,76,S65P:P75H:T118A:F165I:N185G:L194P:S208C:R215C:D216N,9,,,,1.3015020095299998
2,random,4,17,77,E124G:K158Q:I188V,3,,,,3.66715489934
2,random,4,18,78,N23D:I98V:N144D,3,,,,3.68446745127
2,random,4,19,79,D129A:S147G:V150A,3,,,,3.3780775282
2,random,4,20,80,I14N:S28G:Y145C:Q157L:T225A:L236Q,6,,,,1.30102998827
2,random,5,1,81,N23Y:M153V:V163A,3,,,,3.5036999198300003
2,random,5,2,82,F71S:Q94R:K101R:E115G:Y145H:M153V,6,,,,1.32174718422
2,random,5,3,83,L64Q:E90D:A226S,3,,,,1.7151825267200005
2,random,5,4,84,L15Q:D21G:N23T:F83S:I128V:N144I:Y145H:S147G:Y200C:K214Q,10,,,,1.30783840135
2,random,5,5,85,F8S:V61M:I128N:N159D:F165S,5,,,,1.31364349793
2,random,5,6,86,F99L:Y151C:K209R,3,,,,3.7140345241800015
2,random,5,7,87,N105D:M153T:H231L,3,,,,3.47833381674
2,random,5,8,88,K214E:A227T,2,,,,3.70249604262
2,random,5,9,89,T38A:S86T:N164S:N198D,4,,,,3.4390319054900003
2,random,5,10,90,E111G:K113R:K214Q:L236Q,4,,,,3.6272634299
2,random,5,11,91,N105S:K131R:S147G:K162R,4,,,,3.5408881954300004
2,random,5,12,92,K26M:F71L:N105S:K113M:Y182H,5,,,,3.31984675771
2,random,5,13,93,L60P:M88K:N121S:Y143C:I171T:A179T,6,,,,1.54355572143
2,random,5,14,94,A87T:E142G:Y151C:S175G,4,,,,3.69028459445
2,random,5,15,95,V68A:S147G,2,,,,3.755388404730002
2,random,5,16,96,F8L:T63P:K79E:S86A:L137Q,5,,,,1.55697467734
2,random,5,17,97,D19G:M78V,2,,,,3.45025717877
2,random,5,18,98,V11A:I167V:N198Y,3,,,,3.68709733102
2,random,5,19,99,F8L:T50S:K131R:I136V:M153L:L195Q,6,,,,3.192125099
2,random,5,20,100,F8L:K41E:K52M:I152V:F165S:L178P:N212D,7,,,,1.4191992180200002
2,greedy,1,1,1,K41E:K52M:V61A:D103E:K140R:M153L:K158E:V224A,8,4.075666427612305,0.199881449341774,4.075666427612305,1.3019250648
2,greedy,1,2,2,F46Y:P75H:N149D:I161V:Q184R,5,4.065630912780762,0.17079725861549377,4.065630912780762,3.43796043304
2,greedy,1,3,3,T38A:T43I:K107E:K156M:F165L:I167V:Q204H,7,4.060667514801025,0.20508602261543274,4.060667514801025,3.18684595493
2,greedy,1,4,4,E5G:I14N:C70R:F99L:T108A:N164S:F165Y:I171V:S208C:M218V:D234V:E235G,12,4.041785717010498,0.16926784813404083,4.041785717010498,3.52184539929
2,greedy,1,5,5,C70S:F84L:Y92H:K113R:N121S:K158M:I161V:I167V,8,4.040058135986328,0.1449974775314331,4.040058135986328,1.68209372099
2,greedy,1,6,6,L15R:N105S:K140R:Y143H:Q157R:K166R:A227V,7,4.0334649085998535,0.1962607204914093,4.0334649085998535,3.66542833051
2,greedy,1,7,7,T108A:I123V:S147G:V150A:L178V:K214E:T230A,7,4.014594078063965,0.21928927302360535,4.014594078063965,3.19203418792
2,greedy,1,8,8,I47V:N105S:F165Y:I167V:D197G:M233V,6,4.012207508087158,0.11708863079547882,4.012207508087158,3.90870556551
2,greedy,1,9,9,F27Y:Q80L:G134S:K158E:A179V:K214R,6,4.010653972625732,0.12246010452508926,4.010653972625732,1.30103146631
2,greedy,1,10,10,K41R:V61A:N121S:N146S:K162R:F165L:R168H:D173G,8,4.010647773742676,0.11884870380163193,4.010647773742676,1.3010299877299998
2,greedy,1,11,11,L42Q:S72C:M78L:H81L:K101R:S147G:I167V:G191R:L201R:M233V:E235G,11,4.004368782043457,0.1903606355190277,4.004368782043457,1.7157266221
2,greedy,1,12,12,T62A:I98T:K107R:K126E:G138A:K156Q:F165L:N170S:D197G,9,4.003024578094482,0.1785237342119217,4.003024578094482,1.30102952236
2,greedy,1,13,13,I47F:F99L:F130L:S147G:K158R:I161V,6,3.999742031097412,0.1482745260000229,3.999742031097412,3.42369144893
2,greedy,1,14,14,K3M:F99L:N159D:I161V:N170D:I188L:E235G,7,3.9980995655059814,0.17976219952106476,3.9980995655059814,3.5714425372300007
2,greedy,1,15,15,F8Y:S28T:F99Y:E132V:I167V,5,3.9961752891540527,0.11529232561588287,3.9961752891540527,3.5671238294300003
2,greedy,1,16,16,E5G:F165C:I167V:Q204R:K214R:M233V,6,3.9961657524108887,0.1766016036272049,3.9961657524108887,3.61199101315
2,greedy,1,17,17,S28R:K41R:I123V:F130L:N144D:I161V,6,3.983367443084717,0.148061603307724,3.983367443084717,3.6057455678699992
2,greedy,1,18,18,F83L:I98T:I128T:D155G:K156R:K162M:S208G:D210V:L221Q:T225A,10,3.9824233055114746,0.14336556196212769,3.9824233055114746,1.7987656546000002
2,greedy,1,19,19,T97S:I188F:D197V:N198Y:T230A:H231R,6,3.9742820262908936,0.12537193298339844,3.9742820262908936,3.4776206878
2,greedy,1,20,20,P58S:N121S:K140R:I188L:K214M:D216E,6,3.9738364219665527,0.12504415214061737,3.9738364219665527,3.509230301030001
2,greedy,2,1,21,N149S:N185D:T186S:I188F:Q204L:K209E:E235G,7,3.811796188354492,0.09692959487438202,3.811796188354492,1.30103106176
2,greedy,2,2,22,T38A:R73C:F84Y:G191V,4,3.8117241859436035,0.08122236281633377,3.8117241859436035,3.523309400930002
2,greedy,2,3,23,E132A:N135D:N164S:N198G,4,3.8048882484436035,0.06470596045255661,3.8048882484436035,3.81187595859
2,greedy,2,4,24,R73C:H231Y,2,3.798081636428833,0.0733141079545021,3.798081636428833,3.62482326559
2,greedy,2,5,25,T38S:T62S,2,3.7923927307128906,0.04219286888837814,3.7923927307128906,3.69094324962
2,greedy,2,6,26,N105S:S175C:M233K,3,3.7870986461639404,0.07205858081579208,3.7870986461639404,3.76731958722
2,greedy,2,7,27,T59A:T62S,2,3.783299207687378,0.03514782339334488,3.783299207687378,3.54358325939
2,greedy,2,8,28,P196L:R215C:F223Y,3,3.7818191051483154,0.0853833481669426,3.7818191051483154,3.3945029992
2,greedy,2,9,29,F99L:Q204L:M233V,3,3.7773468494415283,0.08188501000404358,3.7773468494415283,3.70631709739
2,greedy,2,10,30,T62A:T63S,2,3.7703163623809814,0.023696672171354294,3.7703163623809814,3.83773820258
2,greedy,2,11,31,M233K:D234G,2,3.7673442363739014,0.1030227541923523,3.7673442363739014,3.57778684547
2,greedy,2,12,32,T43A:Y151C:S208C,3,3.7668347358703613,0.07215680927038193,3.7668347358703613,3.73743168822
2,greedy,2,13,33,E17K:D36V:Y39D:D129G:N164H:Q184L,6,3.7659690380096436,0.09206267446279526,3.7659690380096436,3.73660976111
2,greedy,2,14,34,T50A:Q157R:N159S:S175C,4,3.7657012939453125,0.08364757150411606,3.7657012939453125,3.55285173706
2,greedy,2,15,35,E90G:E95G:N105I:S175C:V193M,5,3.7635416984558105,0.06408121436834335,3.7635416984558105,3.5065790017800005
2,greedy,2,16,36,N105T:D117V,2,3.763397693634033,0.04271741956472397,3.763397693634033,3.79107222206
2,greedy,2,17,37,V11A:Q80R:E90K:Q157R:S208C,5,3.7626965045928955,0.07355627417564392,3.7626965045928955,3.70598451121
2,greedy,2,18,38,Q80R:Y237C,2,3.7608227729797363,0.059221602976322174,3.7608227729797363,3.805613470880001
2,greedy,2,19,39,F99S:I128V:Q157R:Q204R:K209I:D234G,6,3.7603862285614014,0.17508555948734283,3.7603862285614014,3.6447609648
2,greedy,2,20,40,T59S:T62S:D180N,3,3.7596065998077393,0.025745026767253876,3.7596065998077393,3.77597424733
2,greedy,3,1,41,P187S:L194V,2,3.771347761154175,0.05746738612651825,3.771347761154175,3.77188125834
2,greedy,3,2,42,D19N:K158G,2,3.7626869678497314,0.07732829451560974,3.7626869678497314,3.5987308810900003
2,greedy,3,3,43,Y39N:E132G:Y145F,3,3.7605278491973877,0.037144750356674194,3.7605278491973877,3.64561793492
2,greedy,3,4,44,I47T:R73L,2,3.756277561187744,0.048240043222904205,3.756277561187744,3.69368827921
2,greedy,3,5,45,S30T:S175C,2,3.754704713821411,0.058490198105573654,3.754704713821411,3.73437018198
2,greedy,3,6,46,R73L:L194Q:D197V,3,3.7487730979919434,0.059252794831991196,3.7487730979919434,3.55587915745
2,greedy,3,7,47,Y39N:N105I,2,3.743196487426758,0.04183895140886307,3.743196487426758,4.08598147357
2,greedy,3,8,48,N105S:N146K,2,3.741816997528076,0.05301161855459213,3.741816997528076,3.71280698487
2,greedy,3,9,49,R73L:I161V,2,3.740938663482666,0.033144354820251465,3.740938663482666,3.69752524656
2,greedy,3,10,50,L15R:N105T,2,3.73738431930542,0.04449392855167389,3.73738431930542,3.88408956321
2,greedy,3,11,51,Q80R:S208C,2,3.7372689247131348,0.07192520052194595,3.7372689247131348,3.68664094569
2,greedy,3,12,52,Y39C:S208C,2,3.734501600265503,0.06907869875431061,3.734501600265503,3.7918634266
2,greedy,3,13,53,P75T:I171T,2,3.7329788208007812,0.05138711631298065,3.7329788208007812,3.3862372492
2,greedy,3,14,54,S30T:F99L,2,3.732531785964966,0.03281882405281067,3.732531785964966,3.68919990245
2,greedy,3,15,55,Y39C:G189C,2,3.7316601276397705,0.04841450974345207,3.7316601276397705,3.5584565846300005
2,greedy,3,16,56,P75H:V163A,2,3.730602264404297,0.08366246521472931,3.730602264404297,3.54965357239
2,greedy,3,17,57,Q80R:F114L:S208C:F223L,4,3.7289562225341797,0.10877986997365952,3.7289562225341797,3.21782494516
2,greedy,3,18,58,G189D:Y237C,2,3.7288365364074707,0.02770397812128067,3.7288365364074707,3.70155541215
2,greedy,3,19,59,R73H:D197G,2,3.7285332679748535,0.024798961356282234,3.7285332679748535,3.86594019328
2,greedy,3,20,60,Y151C:S175C,2,3.728039264678955,0.05870318040251732,3.728039264678955,3.68369295219
2,greedy,4,1,61,Y39N:N105H,2,3.789548873901367,0.04965399578213692,3.789548873901367,3.73007484474
2,greedy,4,2,62,I128V:I229V,2,3.7650551795959473,0.07674650102853775,3.7650551795959473,3.54977207958
2,greedy,4,3,63,E6G:Y39N,2,3.7552571296691895,0.06062715873122215,3.7552571296691895,3.79136497401
2,greedy,4,4,64,F99I:N105T:M233T:L236P,4,3.752333879470825,0.05146533623337746,3.752333879470825,3.66177470908
2,greedy,4,5,65,E17K:E34V,2,3.751538038253784,0.05459054559469223,3.751538038253784,3.72463626683
2,greedy,4,6,66,Y39N:N135I:S208G,3,3.74540376663208,0.05393353849649429,3.74540376663208,3.4464724772300004
2,greedy,4,7,67,E5K:N105S,2,3.744427442550659,0.020986052230000496,3.744427442550659,3.8039042887
2,greedy,4,8,68,N105I:N212D,2,3.7441887855529785,0.018274297937750816,3.7441887855529785,3.68195086952
2,greedy,4,9,69,I229T:M233L,2,3.7422726154327393,0.0312039814889431,3.7422726154327393,3.83156717175
2,greedy,4,10,70,I229V:M233V,2,3.7420926094055176,0.04060901328921318,3.7420926094055176,3.70531263054
2,greedy,4,11,71,N105I:M233T,2,3.739333391189575,0.012445902451872826,3.739333391189575,3.71409848884
2,greedy,4,12,72,N105I:M233V,2,3.7391910552978516,0.03081336058676243,3.7391910552978516,3.80170724825
2,greedy,4,13,73,I229T:M233V,2,3.7381644248962402,0.027840686962008476,3.7381644248962402,3.75146447991
2,greedy,4,14,74,N105I:N135D,2,3.7356295585632324,0.022241899743676186,3.7356295585632324,3.8151244434300007
2,greedy,4,15,75,N105I:N164D,2,3.7354354858398438,0.03893179073929787,3.7354354858398438,3.73928845961
2,greedy,4,16,76,Y151H:S202C,2,3.734858989715576,0.03778236731886864,3.734858989715576,3.91240028697
2,greedy,4,17,77,L194P:S202C,2,3.732928514480591,0.035641878843307495,3.732928514480591,3.6930928697800014
2,greedy,4,18,78,N105I:Y145F:M233L,3,3.7323241233825684,0.056102994829416275,3.7323241233825684,3.68904430313
2,greedy,4,19,79,N105S:E172K,2,3.7311758995056152,0.03855586796998978,3.7311758995056152,3.65463551589
2,greedy,4,20,80,K3E:N105T,2,3.7308902740478516,0.03938295692205429,3.7308902740478516,3.69353813991
2,greedy,5,1,81,S28R:S202C:L221Q,3,3.7505252361297607,0.041336365044116974,3.7505252361297607,3.88378812607
2,greedy,5,2,82,I229T:Y237C,2,3.745326280593872,0.045350152999162674,3.745326280593872,3.50476424335
2,greedy,5,3,83,T38I:T63S:D133G,3,3.7383415699005127,0.09114740043878555,3.7383415699005127,3.70188449965
2,greedy,5,4,84,T38S:T63S,2,3.7328057289123535,0.0385465994477272,3.7328057289123535,3.54678935236
2,greedy,5,5,85,G232D:M233L,2,3.7325408458709717,0.042596958577632904,3.7325408458709717,3.86952185022
2,greedy,5,6,86,E6G:I229T,2,3.7289061546325684,0.04285192862153053,3.7289061546325684,3.75483706211
2,greedy,5,7,87,I229V:Y237C,2,3.7267520427703857,0.027163065969944,3.7267520427703857,3.67615300697
2,greedy,5,8,88,N105H:I229T,2,3.7250170707702637,0.01716925948858261,3.7250170707702637,3.89553750682
2,greedy,5,9,89,S30T:N159D:M233V,3,3.718252658843994,0.04742458835244179,3.718252658843994,3.77066711613
2,greedy,5,10,90,N105I:N149D,2,3.718029022216797,0.031886789947748184,3.718029022216797,3.76040467543
2,greedy,5,11,91,K3R:N105V,2,3.7166755199432373,0.033126987516880035,3.7166755199432373,3.73313256047
2,greedy,5,12,92,E6V:N159D:M233T,3,3.71571683883667,0.08006175607442856,3.71571683883667,3.79030712296
2,greedy,5,13,93,N105I:N146S,2,3.7149670124053955,0.031604211777448654,3.7149670124053955,3.80873689423
2,greedy,5,14,94,E6V:Y39N,2,3.714906692504883,0.03391365706920624,3.714906692504883,3.9178467176
2,greedy,5,15,95,I128V:M233V,2,3.7141215801239014,0.0309472493827343,3.7141215801239014,3.7844853697800014
2,greedy,5,16,96,N135I:I229T:M233V,3,3.7130184173583984,0.02038543112576008,3.7130184173583984,3.54781614465
2,greedy,5,17,97,E6G:G232S,2,3.7107059955596924,0.07153426110744476,3.7107059955596924,3.69047175102
2,greedy,5,18,98,S202C:T203A,2,3.710702896118164,0.01908711902797222,3.710702896118164,3.717375780725
2,greedy,5,19,99,Y39C:N105Y,2,3.7096009254455566,0.046315256506204605,3.7096009254455566,3.771154964830002
2,greedy,5,20,100,Q80R:N105S,2,3.709514617919922,0.027360619977116585,3.709514617919922,3.54678934328
2,ucb,1,1,1,K41E:K52M:V61A:D103E:K140R:M153L:K158E:V224A,8,4.075666427612305,0.199881449341774,4.275547981262207,1.3019250648
2,ucb,1,2,2,T38A:T43I:K107E:K156M:F165L:I167V:Q204H,7,4.060667514801025,0.20508602261543274,4.265753746032715,3.18684595493
2,ucb,1,3,3,F46Y:P75H:N149D:I161V:Q184R,5,4.065630912780762,0.17079725861549377,4.236428260803223,3.43796043304
2,ucb,1,4,4,T108A:I123V:S147G:V150A:L178V:K214E:T230A,7,4.014594078063965,0.21928927302360535,4.233883380889893,3.19203418792
2,ucb,1,5,5,L15R:N105S:K140R:Y143H:Q157R:K166R:A227V,7,4.0334649085998535,0.1962607204914093,4.2297258377075195,3.66542833051
2,ucb,1,6,6,E5G:I14N:C70R:F99L:T108A:N164S:F165Y:I171V:S208C:M218V:D234V:E235G,12,4.041785717010498,0.16926784813404083,4.211053371429443,3.52184539929
2,ucb,1,7,7,L42V:I47N:Q80R:F100L:D103G:E111G:N135H:K140R:N164D:Q177R:D180G,11,3.900740146636963,0.309644877910614,4.210384845733643,1.30812731283
2,ucb,1,8,8,L42Q:S72C:M78L:H81L:K101R:S147G:I167V:G191R:L201R:M233V:E235G,11,4.004368782043457,0.1903606355190277,4.194729328155518,1.7157266221
2,ucb,1,9,9,T43A:T50N:F83Y:K131E:S175C:K209N:T230A,7,3.951101779937744,0.23720397055149078,4.188305854797363,1.74256481032
2,ucb,1,10,10,F165L:R168H:Q184L:P192L:T203A,5,3.967041492462158,0.22042788565158844,4.187469482421875,3.61322957162
2,ucb,1,11,11,H25R:F46S:T49S:G51S:F130L:S147C:K158R:D173V:Q204L,9,3.8721516132354736,0.31356361508369446,4.185715198516846,1.30113765832
2,ucb,1,12,12,C70S:F84L:Y92H:K113R:N121S:K158M:I161V:I167V,8,4.040058135986328,0.1449974775314331,4.185055732727051,1.68209372099
2,ucb,1,13,13,T62A:I98T:K107R:K126E:G138A:K156Q:F165L:N170S:D197G,9,4.003024578094482,0.1785237342119217,4.181548118591309,1.30102952236
2,ucb,1,14,14,K3M:F99L:N159D:I161V:N170D:I188L:E235G,7,3.9980995655059814,0.17976219952106476,4.17786169052124,3.5714425372300007
2,ucb,1,15,15,E5G:F165C:I167V:Q204R:K214R:M233V,6,3.9961657524108887,0.1766016036272049,4.172767162322998,3.61199101315
2,ucb,1,16,16,I14F:I47T:Y74C:F130L:I136V:K158E:I161T:Y237D,8,3.8967201709747314,0.27208390831947327,4.168804168701172,1.57961618169
2,ucb,1,17,17,D76G:Q80E:Y145H:N149S:K156E:N159S:M233V,7,3.9480457305908203,0.22004447877407074,4.168090343475342,3.55864187715
2,ucb,1,18,18,K41R:T62A:T63S:K126E:G138R:L141V,6,3.9525718688964844,0.2069152444601059,4.159487247467041,3.25820080384
2,ucb,1,19,19,N105Y:K107E:N121S:K126E:K140R:Q157R:N185S:E222G,8,3.9473838806152344,0.21050573885440826,4.1578898429870605,1.30503880066
2,ucb,1,20,20,N121S:Q157R:N159D:Q184H,4,3.9704525470733643,0.17996321618556976,4.150415897369385,3.64209556674
2,ucb,2,1,21,F8Y:S28T:F99Y:E132V:I167V,5,3.8140175342559814,0.10397384315729141,3.9179913997650146,3.5671238294300003
2,ucb,2,2,22,I171N:L178H:V193M:T230A,4,3.7127976417541504,0.1910112202167511,3.903808832168579,3.5424022365800005
2,ucb,2,3,23,T38A:R73C:F84Y:G191V,4,3.763580322265625,0.10268843919038773,3.8662688732147217,3.523309400930002
2,ucb,2,4,24,R73H:M88L:V112A:F165L,4,3.7633633613586426,0.09014777094125748,3.853511095046997,1.68476327231
2,ucb,2,5,25,S65T:E115V:S202C:F223L,4,3.753643035888672,0.09696567058563232,3.8506088256835938,3.35385933139
2,ucb,2,6,26,R73L:L194Q:D197V,3,3.727282762527466,0.11992704123258591,3.8472096920013428,3.55587915745
2,ucb,2,7,27,S30T:S175C,2,3.755040407180786,0.0897790938615799,3.8448195457458496,3.73437018198
2,ucb,2,8,28,C70S:E132G:P192L:T230S,4,3.766756057739258,0.07661882042884827,3.8433749675750732,3.25877483674
2,ucb,2,9,29,P187S:L194V,2,3.7365920543670654,0.10048062354326248,3.8370726108551025,3.77188125834
2,ucb,2,10,30,S86T:S208C,2,3.76481556892395,0.07134468108415604,3.836160182952881,3.73979512352
2,ucb,2,11,31,E5A:R73H:S208C,3,3.7425003051757812,0.09344369918107986,3.8359439373016357,3.76046475966
2,ucb,2,12,32,R73L:H169Y:E172K,3,3.7378153800964355,0.09804388135671616,3.8358592987060547,3.64501916546
2,ucb,2,13,33,L178H:T186I,2,3.6965293884277344,0.1367470771074295,3.8332765102386475,3.83464489804
2,ucb,2,14,34,T38S:T62S,2,3.7886734008789062,0.04161633551120758,3.830289840698242,3.69094324962
2,ucb,2,15,35,Y39N:N105I,2,3.7508246898651123,0.07670223712921143,3.8275270462036133,4.08598147357
2,ucb,2,16,36,R73L:F165Y,2,3.73164439201355,0.09204349666833878,3.823687791824341,3.50262359987
2,ucb,2,17,37,Y39N:E132G:Y145F,3,3.744016170501709,0.07858938723802567,3.822605609893799,3.64561793492
2,ucb,2,18,38,S208C:R215H:F223Y,3,3.7597641944885254,0.06223440542817116,3.8219985961914062,3.59412266825
2,ucb,2,19,39,T62A:T63S,2,3.7662901878356934,0.05118970945477486,3.8174798488616943,3.83773820258
2,ucb,2,20,40,E6K:S208C,2,3.7480335235595703,0.0682448223233223,3.8162784576416016,3.6718140079300015
2,ucb,3,1,41,D19N:K158G,2,3.7786312103271484,0.08044732362031937,3.8590786457061768,3.5987308810900003
2,ucb,3,2,42,E6G:Y106F:L194Q,3,3.5956168174743652,0.2553517818450928,3.850968599319458,3.78275738406
2,ucb,3,3,43,Y39N:N105H,2,3.769315719604492,0.05112316086888313,3.820438861846924,3.73007484474
2,ucb,3,4,44,D117G:G160S:R168S,3,3.718446731567383,0.08342456817626953,3.8018712997436523,3.77597432689
2,ucb,3,5,45,E6V:Y39N,2,3.7184996604919434,0.08180901408195496,3.8003087043762207,3.9178467176
2,ucb,3,6,46,Y39N:N105S:N144D:T225S,4,3.726041793823242,0.06993597745895386,3.795977830886841,3.75683912546
2,ucb,3,7,47,E6G:Y39N,2,3.743687391281128,0.04949453845620155,3.793181896209717,3.79136497401
2,ucb,3,8,48,G232D:M233L,2,3.7404544353485107,0.044262755662202835,3.784717082977295,3.86952185022
2,ucb,3,9,49,I229T:M233L,2,3.7018516063690186,0.08114322274923325,3.7829947471618652,3.83156717175
2,ucb,3,10,50,S28R:G134C:V150I,3,3.7223610877990723,0.05931883677840233,3.78167986869812,3.44739478449
2,ucb,3,11,51,E34V:Y39N:M153L:M233L,4,3.6811375617980957,0.10047992318868637,3.7816174030303955,3.60475305432
2,ucb,3,12,52,V22I:V150I:L178I:N212H,4,3.700103282928467,0.0771271213889122,3.7772305011749268,3.71568198867
2,ucb,3,13,53,Y39H:P211T:N212I,3,3.7252445220947266,0.05117412656545639,3.776418685913086,3.4440609512300004
2,ucb,3,14,54,R73C:H231Y,2,3.710017681121826,0.06639371812343597,3.776411294937134,3.62482326559
2,ucb,3,15,55,E5K:Y39N:S72G,3,3.6598007678985596,0.11495321989059448,3.774754047393799,3.91223097583
2,ucb,3,16,56,N105I:N135D,2,3.7279090881347656,0.04526173695921898,3.7731707096099854,3.8151244434300007
2,ucb,3,17,57,H77L:M78L:M233L,3,3.603813648223877,0.16774721443653107,3.7715609073638916,3.72212317
2,ucb,3,18,58,Y39H:Q80L,2,3.6943137645721436,0.07716107368469238,3.771474838256836,3.73931610518
2,ucb,3,19,59,T63S:F223Y,2,3.6968448162078857,0.07436831295490265,3.7712130546569824,3.55726154367
2,ucb,3,20,60,A206T:G232D,2,3.7043094635009766,0.0656142383813858,3.769923686981201,3.73750507467
2,ucb,4,1,61,P75T:I171T,2,3.7509396076202393,0.0835709422826767,3.834510564804077,3.3862372492
2,ucb,4,2,62,E6G:Y39N:N149T,3,3.797267198562622,0.032221175730228424,3.8294882774353027,3.52444069652
2,ucb,4,3,63,E5G:S30T:N105I:M218I,4,3.749180555343628,0.06935198605060577,3.8185324668884277,3.5436499941000004
2,ucb,4,4,64,E32V:P75T:E90G,3,3.7151763439178467,0.09881050139665604,3.8139867782592773,3.56026819905
2,ucb,4,5,65,Y39N:N135I:S208G,3,3.769878387451172,0.04046664759516716,3.810344934463501,3.4464724772300004
2,ucb,4,6,66,L15Q:L194Q,2,3.703930616378784,0.0954529345035553,3.7993836402893066,3.74094345846
2,ucb,4,7,67,N212S:T230P,2,3.6969761848449707,0.10053189843893051,3.7975080013275146,3.78597026747
2,ucb,4,8,68,P75S:V163A:L194Q,3,3.7285542488098145,0.06737212836742401,3.795926332473755,3.70058931976
2,ucb,4,9,69,N105I:M233T,2,3.760845899581909,0.034774020314216614,3.7956199645996094,3.71409848884
2,ucb,4,10,70,V68E:N105S:D117V,3,3.7189338207244873,0.0762266218662262,3.7951605319976807,3.43574280271
2,ucb,4,11,71,N105I:Y145F:M233L,3,3.719661235809326,0.07071331143379211,3.790374517440796,3.68904430313
2,ucb,4,12,72,T59A:T62S,2,3.7561264038085938,0.03359796479344368,3.789724349975586,3.54358325939
2,ucb,4,13,73,T59S:T62A,2,3.70088267326355,0.08876793831586838,3.7896506786346436,3.54027652442
2,ucb,4,14,74,E34Q:Y39H,2,3.717688798904419,0.07092393189668655,3.7886128425598145,3.74334218208
2,ucb,4,15,75,I229V:M233V,2,3.739009141921997,0.04656746983528137,3.785576581954956,3.70531263054
2,ucb,4,16,76,Q204L:N212D,2,3.727682590484619,0.0577939972281456,3.7854766845703125,3.7030129004
2,ucb,4,17,77,N105S:N135D:T203A,3,3.7106423377990723,0.07406463474035263,3.7847070693969727,3.65779502561
2,ucb,4,18,78,E17K:E34V,2,3.718573808670044,0.06480176001787186,3.7833755016326904,3.72463626683
2,ucb,4,19,79,S202C:T203A:D234G,3,3.697216033935547,0.08503572642803192,3.7822518348693848,3.80595821089
2,ucb,4,20,80,E5V:S202C,2,3.7190041542053223,0.06130821257829666,3.7803122997283936,3.6028180934800007
2,ucb,5,1,81,E17K:V163M,2,3.7122581005096436,0.11866199225187302,3.8309199810028076,3.66461343792
2,ucb,5,2,82,E5G:V68A:V93I:H139L:V163M,5,3.6945862770080566,0.1267809271812439,3.8213672637939453,3.5727307390199994
2,ucb,5,3,83,V163M:N170D:T186I,3,3.741863965988159,0.0724792629480362,3.814343214035034,3.56489568677
2,ucb,5,4,84,Q157R:N159D,2,3.7424583435058594,0.06381718814373016,3.8062756061553955,3.58701614833
2,ucb,5,5,85,T186I:I188V,2,3.7267818450927734,0.07209490239620209,3.7988767623901367,3.62904776289
2,ucb,5,6,86,I128V:M233V,2,3.7513110637664795,0.045381683856248856,3.7966928482055664,3.7844853697800014
2,ucb,5,7,87,I128V:I229V,2,3.753201723098755,0.041574232280254364,3.79477596282959,3.54977207958
2,ucb,5,8,88,Y143C:Q157R:Q184L,3,3.6596744060516357,0.12941665947437286,3.789091110229492,3.4202700060900004
2,ucb,5,9,89,S72G:R168H,2,3.6973628997802734,0.08797230571508408,3.7853353023529053,3.79271228818
2,ucb,5,10,90,S72G:R73C:N212Y,3,3.670299530029297,0.11398714780807495,3.7842867374420166,3.66579939698
2,ucb,5,11,91,T118K:D155G,2,3.7028305530548096,0.0802520290017128,3.7830824851989746,3.73591764476
2,ucb,5,12,92,E17K:S30A:T43N:V176G:E235G,5,3.700282335281372,0.07849504053592682,3.7787773609161377,3.63126961482
2,ucb,5,13,93,I128V:I171V,2,3.7006354331970215,0.07593821734189987,3.776573657989502,3.7483527695
2,ucb,5,14,94,E6G:H148R:T186N,3,3.7037346363067627,0.07213239371776581,3.775866985321045,3.35087038153
2,ucb,5,15,95,Y39C:G189C,2,3.702712297439575,0.07214167714118958,3.7748539447784424,3.5584565846300005
2,ucb,5,16,96,N105I:N146S,2,3.7352566719055176,0.03936069831252098,3.7746174335479736,3.80873689423
2,ucb,5,17,97,T203A:M233V,2,3.7001030445098877,0.07406941056251526,3.77417254447937,3.730870481
2,ucb,5,18,98,Y182F:T203A,2,3.6797375679016113,0.09222681075334549,3.7719643115997314,3.74190845301
2,ucb,5,19,99,E6G:V11M:L195Q,3,3.707796573638916,0.06373507529497147,3.771531581878662,3.42514551951
2,ucb,5,20,100,I229T:M233V,2,3.739017963409424,0.029521025717258453,3.7685389518737793,3.75146447991
2,conservative,1,1,1,I47V:N105S:F165Y:I167V:D197G:M233V,6,4.012207508087158,0.11708863079547882,3.8951189517974854,3.90870556551
2,conservative,1,2,2,C70S:F84L:Y92H:K113R:N121S:K158M:I161V:I167V,8,4.040058135986328,0.1449974775314331,3.8950605392456055,1.68209372099
2,conservative,1,3,3,F46Y:P75H:N149D:I161V:Q184R,5,4.065630912780762,0.17079725861549377,3.894833564758301,3.43796043304
2,conservative,1,4,4,K41R:V61A:N121S:N146S:K162R:F165L:R168H:D173G,8,4.010647773742676,0.11884870380163193,3.891798973083496,1.3010299877299998
2,conservative,1,5,5,K158Q:I161V:K166Q:E235G,4,3.9624831676483154,0.07084383815526962,3.891639232635498,3.94893156252
2,conservative,1,6,6,Y39N:K52M:P75S:E132G:I229V,5,3.9513866901397705,0.0616876520216465,3.8896989822387695,3.58666852917
2,conservative,1,7,7,F27Y:Q80L:G134S:K158E:A179V:K214R,6,4.010653972625732,0.12246010452508926,3.8881938457489014,1.30103146631
2,conservative,1,8,8,Y143C:S147G:Q157L:K162R,4,3.935269832611084,0.05249446630477905,3.88277530670166,3.2594431491400004
2,conservative,1,9,9,F8Y:S28T:F99Y:E132V:I167V,5,3.9961752891540527,0.11529232561588287,3.880882978439331,3.5671238294300003
2,conservative,1,10,10,N159D:I161T:I167T,3,3.952099561691284,0.07462207973003387,3.8774774074554443,3.26768497311
2,conservative,1,11,11,K41E:K52M:V61A:D103E:K140R:M153L:K158E:V224A,8,4.075666427612305,0.199881449341774,3.8757848739624023,1.3019250648
2,conservative,1,12,12,S28N:P75T:K158E,3,3.9109203815460205,0.03579726442694664,3.8751230239868164,3.54475230125
2,conservative,1,13,13,E5G:I14N:C70R:F99L:T108A:N164S:F165Y:I171V:S208C:M218V:D234V:E235G,12,4.041785717010498,0.16926784813404083,3.8725178241729736,3.52184539929
2,conservative,1,14,14,E6G:K156E:F165I:V176A:Q184R:S202C:M233V,7,3.939485549926758,0.07295695692300797,3.8665285110473633,3.66942884964
2,conservative,1,15,15,E17K:K79M:N105S:K214R,4,3.9032814502716064,0.03937825188040733,3.863903284072876,3.67603817469
2,conservative,1,16,16,D19A:K79R:V112A:N121T:K158R:K166M,6,3.9182796478271484,0.06077941507101059,3.8575003147125244,3.23872621426
2,conservative,1,17,17,D19N:K158G,2,3.922504425048828,0.06541524082422256,3.8570892810821533,3.5987308810900003
2,conservative,1,18,18,K107R:N121S:K166E:S202C:K214R,5,3.9729340076446533,0.11655184626579285,3.856382131576538,3.79231655042
2,conservative,1,19,19,T38A:T43I:K107E:K156M:F165L:I167V:Q204H,7,4.060667514801025,0.20508602261543274,3.855581521987915,3.18684595493
2,conservative,1,20,20,V68E:K79E:N121S:H148R:D173G:Q184L:Y237C,7,3.938933849334717,0.08379543572664261,3.8551383018493652,1.30178978615
2,conservative,2,1,21,T38S:T62S,2,3.793769121170044,0.022311681881546974,3.7714574337005615,3.69094324962
2,conservative,2,2,22,T38A:R73C:F84Y:G191V,4,3.843313217163086,0.07188782095909119,3.771425485610962,3.523309400930002
2,conservative,2,3,23,K79R:S208C,2,3.7997355461120605,0.02868817187845707,3.771047353744507,3.73773824554
2,conservative,2,4,24,S28R:S202C:L221Q,3,3.806626796722412,0.03922028839588165,3.767406463623047,3.88378812607
2,conservative,2,5,25,R73L:I161V,2,3.827500104904175,0.06099046394228935,3.766509532928467,3.69752524656
2,conservative,2,6,26,I128V:I229V,2,3.807302474975586,0.04369349032640457,3.763608932495117,3.54977207958
2,conservative,2,7,27,R73L:L194Q:D197V,3,3.815109968185425,0.05862312763929367,3.7564868927001953,3.55587915745
2,conservative,2,8,28,D21V:I47V:A87V:F130L:I171V:S175C:V193A:I229V,8,3.803379774093628,0.04726804792881012,3.7561116218566895,3.69473077452
2,conservative,2,9,29,S30T:S175C,2,3.791830539703369,0.03845283389091492,3.753377676010132,3.73437018198
2,conservative,2,10,30,E17K:I123V:I136V,3,3.7642250061035156,0.014138917438685894,3.7500860691070557,3.66127045134
2,conservative,2,11,31,I229T:M233L,2,3.782228469848633,0.03272506594657898,3.7495033740997314,3.83156717175
2,conservative,2,12,32,F46L:E90G:D117G:T118S:S202C:H231L,6,3.808595657348633,0.06343117356300354,3.745164394378662,3.61599456696
2,conservative,2,13,33,E6K:D117G:I128T,3,3.7667014598846436,0.022120961919426918,3.7445805072784424,3.85619505192
2,conservative,2,14,34,I229V:M233V,2,3.782458543777466,0.03855602815747261,3.7439024448394775,3.70531263054
2,conservative,2,15,35,N149S:N185D:T186S:I188F:Q204L:K209E:E235G,7,3.8986854553222656,0.16097204387187958,3.73771333694458,1.30103106176
2,conservative,2,16,36,T62A:T63S,2,3.7843406200408936,0.04685371741652489,3.7374868392944336,3.83773820258
2,conservative,2,17,37,A87T:S175C:I188F,3,3.7594637870788574,0.022440234199166298,3.7370235919952393,3.70132017934
2,conservative,2,18,38,I47V:I161V,2,3.7553696632385254,0.01865382120013237,3.736715793609619,4.02854128538
2,conservative,2,19,39,E5V:E90D:H231R:L236Q,4,3.784170150756836,0.04991037771105766,3.734259843826294,3.63159981355
2,conservative,2,20,40,T59S:T62S:D180N,3,3.798369884490967,0.06469084322452545,3.7336790561676025,3.77597424733
2,conservative,3,1,41,T63S:F223Y,2,3.760545015335083,0.020289914682507515,3.740255117416382,3.55726154367
2,conservative,3,2,42,V163A:F165L,2,3.762439012527466,0.028267690911889076,3.7341713905334473,3.95943385557
2,conservative,3,3,43,G232D:M233L,2,3.7550766468048096,0.022756099700927734,3.732320547103882,3.86952185022
2,conservative,3,4,44,Y39N:N105I,2,3.7705273628234863,0.049787137657403946,3.72074031829834,4.08598147357
2,conservative,3,5,45,L15Q:I47V,2,3.7414755821228027,0.02132159285247326,3.720154047012329,3.7605424
2,conservative,3,6,46,S86T:S208C,2,3.7236640453338623,0.010821067728102207,3.7128429412841797,3.73979512352
2,conservative,3,7,47,I47T:R73L,2,3.7458443641662598,0.03424108773469925,3.7116031646728516,3.69368827921
2,conservative,3,8,48,T59A:T62S,2,3.7550206184387207,0.04365226998925209,3.7113683223724365,3.54358325939
2,conservative,3,9,49,M78V:M233V,2,3.7491745948791504,0.04728997126221657,3.7018845081329346,3.6363534533
2,conservative,3,10,50,E90G:E95G:N105I:S175C:V193M,5,3.7511658668518066,0.049452848732471466,3.7017130851745605,3.5065790017800005
2,conservative,3,11,51,I14V:P89A:I128T:F130L:I136N:S208C,6,3.7872233390808105,0.0859486386179924,3.7012746334075928,1.6678815295200002
2,conservative,3,12,52,L221Q:T225S,2,3.7176151275634766,0.019575240090489388,3.6980397701263428,3.69753055427
2,conservative,3,13,53,E6G:F114Y:D117G,3,3.7720394134521484,0.07527952641248703,3.6967599391937256,3.68140084347
2,conservative,3,14,54,E34K:K166Q,2,3.741185426712036,0.04530385509133339,3.6958816051483154,3.58405370597
2,conservative,3,15,55,S30T:F99L,2,3.727973222732544,0.035183437168598175,3.6927897930145264,3.68919990245
2,conservative,3,16,56,E6G:I14F:H77N:N105D:F114C:P211L,6,3.7192206382751465,0.02727685123682022,3.691943883895874,1.30290650198
2,conservative,3,17,57,Y39N:N105H,2,3.723743438720703,0.03192039206624031,3.6918230056762695,3.73007484474
2,conservative,3,18,58,I123V:I161V,2,3.7709484100341797,0.07972600311040878,3.6912224292755127,3.75844470049
2,conservative,3,19,59,E6K:S208C,2,3.7470734119415283,0.05618075281381607,3.6908926963806152,3.6718140079300015
2,conservative,3,20,60,Y39N:E132G:Y145F,3,3.730283737182617,0.0397404283285141,3.6905434131622314,3.64561793492
2,conservative,4,1,61,S65T:E115V:S202C:F223L,4,3.7901012897491455,0.044374994933605194,3.7457263469696045,3.35385933139
2,conservative,4,2,62,S65A:S202C,2,3.762819766998291,0.026162682101130486,3.73665714263916,3.3422389806700004
2,conservative,4,3,63,I128V:H231L:G232D,3,3.765946626663208,0.040288399904966354,3.7256581783294678,3.71322440914
2,conservative,4,4,64,Y151H:S202C,2,3.748459577560425,0.026998376473784447,3.721461296081543,3.91240028697
2,conservative,4,5,65,E32V:A179V:S208C,3,3.752112627029419,0.03413195535540581,3.7179806232452393,3.60585870129
2,conservative,4,6,66,L15R:D36E:I47V:I229V:D234N,5,3.788116931915283,0.07364965975284576,3.7144672870635986,3.64962149625
2,conservative,4,7,67,D190V:S208C,2,3.7418053150177,0.02846498414874077,3.7133402824401855,3.61389324074
2,conservative,4,8,68,N105I:N149D,2,3.7331929206848145,0.02104169689118862,3.712151288986206,3.76040467543
2,conservative,4,9,69,S202C:T203A,2,3.7536568641662598,0.041997890919446945,3.7116589546203613,3.717375780725
2,conservative,4,10,70,I47V:I123V,2,3.7359061241149902,0.024878602474927902,3.7110276222229004,3.76013797616
2,conservative,4,11,71,F46L:S202C,2,3.739544630050659,0.029231397435069084,3.710313320159912,3.78891134888
2,conservative,4,12,72,N105I:N135D,2,3.7321505546569824,0.022365299984812737,3.709785223007202,3.8151244434300007
2,conservative,4,13,73,Y151C:S175C,2,3.7418265342712402,0.03447791934013367,3.707348585128784,3.68369295219
2,conservative,4,14,74,S30C:K156R,2,3.739896297454834,0.03275151923298836,3.7071447372436523,3.93880516673
2,conservative,4,15,75,K166E:S175C:Q184R,3,3.747116804122925,0.04483944550156593,3.702277421951294,3.64956769238
2,conservative,4,16,76,Q80R:S208C,2,3.7415261268615723,0.0399257130920887,3.7016003131866455,3.68664094569
2,conservative,4,17,77,D197V:S202C,2,3.734307050704956,0.03538886457681656,3.698918104171753,3.58014600687
2,conservative,4,18,78,S28C:D155N,2,3.721543550491333,0.023077860474586487,3.698465585708618,3.75619803907
2,conservative,4,19,79,D76A:S202C,2,3.7080447673797607,0.009824352338910103,3.6982204914093018,3.69963473855
2,conservative,4,20,80,N105Y:N159D,2,3.717583417892456,0.019413268193602562,3.6981701850891113,3.81814755612
2,conservative,5,1,81,S147T:I161V,2,3.7772655487060547,0.018296653404831886,3.7589688301086426,3.66064154475
2,conservative,5,2,82,N105I:N212D,2,3.7402896881103516,0.03025059401988983,3.7100391387939453,3.68195086952
2,conservative,5,3,83,N105I:Y145F:M233L,3,3.7278683185577393,0.020764527842402458,3.707103729248047,3.68904430313
2,conservative,5,4,84,T225S:T230A,2,3.734342098236084,0.03351907432079315,3.7008230686187744,3.85265935346
2,conservative,5,5,85,K79R:K158R,2,3.7080540657043457,0.012756014242768288,3.695297956466675,3.9207043244
2,conservative,5,6,86,I171T:E235G,2,3.71887469291687,0.023827310651540756,3.695047378540039,3.61948845688
2,conservative,5,7,87,T38S:T63S,2,3.7361888885498047,0.04217543452978134,3.6940133571624756,3.54678935236
2,conservative,5,8,88,N105I:N164D,2,3.7117321491241455,0.02036800980567932,3.691364049911499,3.73928845961
2,conservative,5,9,89,K79R:L194M,2,3.7155654430389404,0.025830667465925217,3.689734697341919,3.73927614161
2,conservative,5,10,90,N105S:N146K,2,3.7313475608825684,0.04404890537261963,3.6872987747192383,3.71280698487
2,conservative,5,11,91,N105I:N146S,2,3.743598222732544,0.05882442370057106,3.6847736835479736,3.80873689423
2,conservative,5,12,92,Y39C:N105Y,2,3.69952392578125,0.01495991088449955,3.6845641136169434,3.771154964830002
2,conservative,5,13,93,K3R:K79R,2,3.702371597290039,0.018075810745358467,3.684295892715454,3.6418987729275
2,conservative,5,14,94,K79R:I171T,2,3.69844388961792,0.01580905169248581,3.6826348304748535,3.69397922327
2,conservative,5,15,95,N105S:N144D,2,3.696338653564453,0.014837799593806267,3.6815009117126465,3.83345993875
2,conservative,5,16,96,T230A:G232S,2,3.706714630126953,0.025379376485943794,3.681335210800171,3.88220497581
2,conservative,5,17,97,F165L:F223Y,2,3.70512318611145,0.023856548592448235,3.6812665462493896,3.60844172018
2,conservative,5,18,98,S28C:N135Y,2,3.6997432708740234,0.018676768988370895,3.6810665130615234,3.5943598538300003
2,conservative,5,19,99,I171T:M233T,2,3.7153618335723877,0.03629405423998833,3.679067850112915,3.67919683198
2,conservative,5,20,100,T97A:N105I,2,3.695845127105713,0.017078183591365814,3.678766965866089,3.73529500741
3,random,1,1,1,V11E:N121S:N170S:D197V:E235D,5,,,,3.14282743698
3,random,1,2,2,T50A:Y74N:F114L:Y237C,4,,,,1.40817622134
3,random,1,3,3,G51S:L60P:H81R:M88V,4,,,,1.51748973171
3,random,1,4,4,E6G:V29E:V68A:T118S:N149D:N164S:D216G,7,,,,1.30102998603
3,random,1,5,5,F84S:F114L:S205P,3,,,,1.6851432322600002
3,random,1,6,6,M88T:K126R:K131R:M233V,4,,,,3.44685608932
3,random,1,7,7,T50S:F83S,2,,,,3.08438531988
3,random,1,8,8,K113E:E115V:D129G:F130S:P211L,5,,,,1.30463466034
3,random,1,9,9,L42P:I98V:K113R:N164S:Y200C,5,,,,1.30103298662
3,random,1,10,10,H169L:V176A:I229T,3,,,,3.5728213181
3,random,1,11,11,V55E:P192S:H199Y:S202G,4,,,,1.30176008897
3,random,1,12,12,L15P:E142G:N198D:T203I,4,,,,1.6939761877
3,random,1,13,13,V11M:C48R:M78L:D82G:D129G:A206T:V219A,7,,,,1.77249615183
3,random,1,14,14,L42P:S86P:N105S:N135S,4,,,,1.3005651166
3,random,1,15,15,T9A:N185I,2,,,,3.7184075443
3,random,1,16,16,K3T:Y92S:F130S,3,,,,1.30117211125
3,random,1,17,17,V93A:I161T:K166R:Q184R:T203A:P211L,6,,,,3.25935492222
3,random,1,18,18,C70G:L220P:F223S,3,,,,1.3049894137
3,random,1,19,19,K41R:L42Q:F165L,3,,,,3.14575246597
3,random,1,20,20,K131R:L137R:Y151H:M153V:T230A,5,,,,3.4764408020199995
3,random,2,1,21,F8L:L42P:F100L:N164S:K209E,5,,,,1.30103142347
3,random,2,2,22,V93I:F165L:V176A:T186A:A206T:A226P:H231L,7,,,,1.54401480041
3,random,2,3,23,L18P:N144D:A227T,3,,,,1.30077159321
3,random,2,4,24,E5G:N121S:E142V,3,,,,3.76047592366
3,random,2,5,25,I136V:N164S:M233V,3,,,,3.76051905331
3,random,2,6,26,G116D:K162E:V193M,3,,,,3.616070750530002
3,random,2,7,27,K26E:H148R,2,,,,3.24945137287
3,random,2,8,28,E5G:I47V:N135S:N144H:D155N,5,,,,3.51474298227
3,random,2,9,29,N149S:V150A:F165L,3,,,,3.5010167228
3,random,2,10,30,F8L:W57R:T62A:I123T:V193A:S205P:K209I,7,,,,1.6328859531600002
3,random,2,11,31,T38S:S72G:K113R:Q157L:D197V,5,,,,3.73213279119
3,random,2,12,32,E5G:V29A:H81R:F100S:D117G:N121I,6,,,,1.3010299908399998
3,random,2,13,33,K45Q:Q69R:N149S,3,,,,1.4829958103999998
3,random,2,14,34,F99L:D133E:Y151F:Q184R,4,,,,3.67567094072
3,random,2,15,35,V11L:Q80R:F100P:D103G:L195P,5,,,,1.30103001068
3,random,2,16,36,I47V:Q80H:Y151H,3,,,,3.64709448952
3,random,2,17,37,I14V:V55A:Y66C:N144D,4,,,,1.60021830378
3,random,2,18,38,K26E:N170Y:V219A,3,,,,3.19846321064
3,random,2,19,39,E32G:D129A:I167V:N170D:M233K,5,,,,3.59927050811
3,random,2,20,40,W57R:H77R:K107M:E213G:Y237C,5,,,,1.32640380417
3,random,3,1,41,S72C:M153V:K166E:F223S,4,,,,3.5584841745
3,random,3,2,42,Y39N:E95V:K107M:F165S,4,,,,3.4723224972400004
3,random,3,3,43,N105S:A154T:F165L:K214M,4,,,,3.63807431488
3,random,3,4,44,I14V:F71Y:V163A:D180V,4,,,,3.23630833204
3,random,3,5,45,F46L:K156R:K162N,3,,,,3.6994517231
3,random,3,6,46,D76V:N149S:G228R,3,,,,3.5739230759
3,random,3,7,47,V29G:Y39C:K45E:Y92H:F114L:N146D,6,,,,1.4962367062200002
3,random,3,8,48,S28R:Q80L:L137Q:Q184L:N212D,5,,,,3.1717483131
3,random,3,9,49,V12L:V22G:G35S:F46Y:H169L:L201R:S208G:E222V,8,,,,1.30103101321
3,random,3,10,50,V68A:F130L:Q183R,3,,,,1.30103004216
3,random,3,11,51,K45R:I47V:K140M:I167V:M233T,5,,,,3.736604093590001
3,random,3,12,52,E34G:N144S:T225A,3,,,,3.5324709673300005
3,random,3,13,53,N23S:T59S:F99I:G134V:I188N,5,,,,1.30304596221
3,random,3,14,54,K113E:F130S:Q177L:Q204R,4,,,,1.3010299846200002
3,random,3,15,55,E5G:Y39H:K101R:I128V:N149K,5,,,,3.7131132445
3,random,3,16,56,F27L:K52E:L60P:I161T:T230A,5,,,,1.30103002749
3,random,3,17,57,L15P:N23S:F83L:F84L:D102G,5,,,,1.6945774042
3,random,3,18,58,K41M:R168H:L195Q,3,,,,3.56880468649
3,random,3,19,59,P75H:M153T:Y237H,3,,,,3.60803124162
3,random,3,20,60,K79R:T97S:F99V:N170S,4,,,,3.59391085141
3,random,4,1,61,V22I:Q94R:I161L,3,,,,1.5037991129799997
3,random,4,2,62,F130L:H139R,2,,,,3.58249397813
3,random,4,3,63,L60H:L207Q:E235K,3,,,,1.30103024237
3,random,4,4,64,D21Y:S28C,2,,,,3.5494194084599995
3,random,4,5,65,H25L:F100L:I128V:D133A:Y143N,5,,,,1.30103147259
3,random,4,6,66,Q183L:T203I:S205A,3,,,,1.5251111992299995
3,random,4,7,67,D36G:T50I:Y92N:R96L:N149I:K158R:V163A:S202G,8,,,,1.4760211051199998
3,random,4,8,68,T38A:M88L:T97N,3,,,,3.60413315567
3,random,4,9,69,L7P:T43A:K140M:V150I:H231Y,5,,,,3.37285569426
3,random,4,10,70,F8I:D21V:L64Q:F71S:K85R:F165L:E222G,7,,,,1.30111750987
3,random,4,11,71,V11E:P75S:K101M:K140R:Y143H:V150A:K214E:H217R,8,,,,1.30103000994
3,random,4,12,72,N159S:G160D,2,,,,3.8359429377900014
3,random,4,13,73,D76G:L236P,2,,,,3.6986356584800006
3,random,4,14,74,Y74H:F165S:E213G,3,,,,1.3792391979499998
3,random,4,15,75,F99S:F114L:N198D,3,,,,3.58403928187
3,random,4,16,76,S30F:N144Y:M153V:D197G:N212D:M233K,6,,,,3.70821583929
3,random,4,17,77,E32G:I229N:E235V:L236P,4,,,,3.63101372039
3,random,4,18,78,T9A:Y151H,2,,,,3.71896096264
3,random,4,19,79,T9A:L18P:E32G:D103G:K131E:L178H:H231P,7,,,,1.41226682175
3,random,4,20,80,K3R:I152V:F165S:Y182C,4,,,,3.13750453024
3,random,5,1,81,L18P:V29A:L42Q:N170S:S202G:S208G:K214E,7,,,,1.30102999441
3,random,5,2,82,E32V:I98V:E115V:S175G,4,,,,3.85320283337
3,random,5,3,83,V22I:Y143H:H148R,3,,,,2.84593670835
3,random,5,4,84,L42Q:D133E:N164S,3,,,,3.14203062603
3,random,5,5,85,S30P:H77L:M88L:Y151H:K162E:V163A,6,,,,1.3013781843
3,random,5,6,86,D19G:S30P:I167F:H199R:L236V,5,,,,1.55268114494
3,random,5,7,87,K45E:T63A:S65P:H148R:N185S:M218T:I229T,7,,,,1.3010299906899998
3,random,5,8,88,R73H:E90Q:F100S:V112A:I128F:N135D,6,,,,1.30103021055
3,random,5,9,89,V11E:K52T:T62A:I128V:M153L:N159I:D190N:L194P:L195Q,9,,,,2.0432096044
3,random,5,10,90,E34G:I47L:G67S,3,,,,1.5167251592
3,random,5,11,91,T108S:D129G,2,,,,3.56406795498
3,random,5,12,92,V68E:S72C:K166M:V224A,4,,,,3.46264688065
3,random,5,13,93,F8L:E34G:K113R:S147G:V163A:F165L,6,,,,1.73424395773
3,random,5,14,94,N121Y:K140E:S202G:E222V,4,,,,1.30103064574
3,random,5,15,95,V68E:K113E:N146S:L207P,4,,,,1.2926333425399998
3,random,5,16,96,K126M:I152V:H169L:H181R:Q204R,5,,,,1.55432748086
3,random,5,17,97,N146S:N185S,2,,,,3.60013136985
3,random,5,18,98,D19V:K79E:K85R:I123V:I136F:N159S:R168H:S205F:D234G,9,,,,1.30102997594
3,random,5,19,99,V16A:T108A:L137P:F165S:I171L,5,,,,1.3010288974600002
3,random,5,20,100,K26E:D36V:T50P:C70S:D103G,5,,,,1.30585222681
3,greedy,1,1,1,K41R:V61A:N121S:N146S:K162R:F165L:R168H:D173G,8,4.151881217956543,0.19565117359161377,4.151881217956543,1.3010299877299998
3,greedy,1,2,2,C70S:F84L:Y92H:K113R:N121S:K158M:I161V:I167V,8,4.118460178375244,0.2289179116487503,4.118460178375244,1.68209372099
3,greedy,1,3,3,Y74F:F114S:Y145H:Y151H:K156R:H169L:Q184L:Y237F,8,4.0956621170043945,0.2500123381614685,4.0956621170043945,1.3163559218799998
3,greedy,1,4,4,K79G:P89L:D102G:E132V:N159D:G160A:L201Q:T225A:M233V,9,4.087956428527832,0.19513776898384094,4.087956428527832,1.68976291929
3,greedy,1,5,5,I47V:N121S:F130L:N135D:I161V,5,4.08410120010376,0.20501752197742462,4.08410120010376,3.25754409058
3,greedy,1,6,6,E6G:L15Q:F46L:I47T:N105D:D133G:F165V:T203A,8,4.080048561096191,0.13722002506256104,4.080048561096191,1.30103163828
3,greedy,1,7,7,T38A:T43I:K107E:K156M:F165L:I167V:Q204H,7,4.069362163543701,0.18159329891204834,4.069362163543701,3.18684595493
3,greedy,1,8,8,T62A:I98T:K107R:K126E:G138A:K156Q:F165L:N170S:D197G,9,4.060733795166016,0.12222891300916672,4.060733795166016,1.30102952236
3,greedy,1,9,9,E5G:I14N:C70R:F99L:T108A:N164S:F165Y:I171V:S208C:M218V:D234V:E235G,12,4.054994583129883,0.1549738347530365,4.054994583129883,3.52184539929
3,greedy,1,10,10,S72G:N105Y:K113R:I128V:D133G:Y151H:I171V:S202C,8,4.0544281005859375,0.11987793445587158,4.0544281005859375,3.87501518006
3,greedy,1,11,11,T38S:V68A:N149S:K156M:N212D:I229V:H231R,7,4.0540876388549805,0.12221037596464157,4.0540876388549805,3.36756650113
3,greedy,1,12,12,F71S:S72C:D103G:I136T:N164D:I167V:I171L:L194P:S208C:A226T,10,4.051543235778809,0.14373764395713806,4.051543235778809,1.5632813020200005
3,greedy,1,13,13,F46Y:P75H:N149D:I161V:Q184R,5,4.050782203674316,0.09243746846914291,4.050782203674316,3.43796043304
3,greedy,1,14,14,Y145F:S147G:D173G:V176A:Y182C:I188L:V193A,7,4.04837703704834,0.13101674616336823,4.04837703704834,3.59120944888
3,greedy,1,15,15,F165L:D180G:T203A:F223Y:T230A,5,4.043055057525635,0.1064426526427269,4.043055057525635,3.30179590602
3,greedy,1,16,16,M78L:N121S:N144I:H148R:N159D:I188V:D197G,7,4.035729885101318,0.17266583442687988,4.035729885101318,1.4731926326700002
3,greedy,1,17,17,I47F:F99L:F130L:S147G:K158R:I161V,6,4.034804344177246,0.07370880991220474,4.034804344177246,3.42369144893
3,greedy,1,18,18,S28C:T38A:I47V:Q80L:I128V:I161V:L221P,7,4.030768871307373,0.11900589615106583,4.030768871307373,3.2606921778
3,greedy,1,19,19,L42Q:S72C:M78L:H81L:K101R:S147G:I167V:G191R:L201R:M233V:E235G,11,4.028043746948242,0.10535616427659988,4.028043746948242,1.7157266221
3,greedy,1,20,20,S28R:K41R:I123V:F130L:N144D:I161V,6,4.0217814445495605,0.13340157270431519,4.0217814445495605,3.6057455678699992
3,greedy,2,1,21,R73L:F165Y,2,3.8120810985565186,0.09934791922569275,3.8120810985565186,3.50262359987
3,greedy,2,2,22,T38S:T62S,2,3.807403087615967,0.05597592145204544,3.807403087615967,3.69094324962
3,greedy,2,3,23,K52M:D129N:H181Y:A206T,4,3.802129030227661,0.08224714547395706,3.802129030227661,3.4859772180300004
3,greedy,2,4,24,D19N:K158G,2,3.798719882965088,0.0746658444404602,3.798719882965088,3.5987308810900003
3,greedy,2,5,25,T43S:K52M:D76N:N105S:S202C:H231R,6,3.7935378551483154,0.05120585486292839,3.7935378551483154,3.71922727372
3,greedy,2,6,26,T38A:R73C:F84Y:G191V,4,3.792543411254883,0.060361605137586594,3.792543411254883,3.523309400930002
3,greedy,2,7,27,E17K:K52M:P56S:Q204R,4,3.7791342735290527,0.05849084258079529,3.7791342735290527,3.45994910004
3,greedy,2,8,28,Y39N:N105I,2,3.777613401412964,0.03978903964161873,3.777613401412964,4.08598147357
3,greedy,2,9,29,F46Y:F130L:Q177L:P211L,4,3.774869918823242,0.07512956857681274,3.774869918823242,3.32319930746
3,greedy,2,10,30,S30T:S175C,2,3.768786668777466,0.05049559101462364,3.768786668777466,3.73437018198
3,greedy,2,11,31,T38I:E142G:V163M:K166R,4,3.7660655975341797,0.06458259373903275,3.7660655975341797,3.76414226105
3,greedy,2,12,32,T62A:T63S,2,3.762915849685669,0.05508836358785629,3.762915849685669,3.83773820258
3,greedy,2,13,33,R73L:H169L,2,3.7610511779785156,0.12172262370586395,3.7610511779785156,3.56330936636
3,greedy,2,14,34,S202C:T203A:D234G,3,3.760258436203003,0.08540111035108566,3.760258436203003,3.80595821089
3,greedy,2,15,35,H25L:S28C:S175C:P187L,4,3.758660078048706,0.09740298986434937,3.758660078048706,3.3105745304900003
3,greedy,2,16,36,T38S:T63S,2,3.756117582321167,0.06416952610015869,3.756117582321167,3.54678935236
3,greedy,2,17,37,K52M:M153L:Q177L:S202C,4,3.7522056102752686,0.0536530427634716,3.7522056102752686,3.7080278307
3,greedy,2,18,38,T59S:T62S:D180N,3,3.7496628761291504,0.07967087626457214,3.7496628761291504,3.77597424733
3,greedy,2,19,39,S72G:K79M:Q157L,3,3.74894642829895,0.06731341779232025,3.74894642829895,3.67334687857
3,greedy,2,20,40,T59A:T62S,2,3.7478420734405518,0.04511890932917595,3.7478420734405518,3.54358325939
3,greedy,3,1,41,Y39N:N105H,2,3.7652840614318848,0.03805384412407875,3.7652840614318848,3.73007484474
3,greedy,3,2,42,N149S:N185D:T186S:I188F:Q204L:K209E:E235G,7,3.760641574859619,0.1380152702331543,3.760641574859619,1.30103106176
3,greedy,3,3,43,P75T:I171T,2,3.751283645629883,0.04035799577832222,3.751283645629883,3.3862372492
3,greedy,3,4,44,N105I:R168S:D234G,3,3.7499442100524902,0.09550246596336365,3.7499442100524902,3.67283646551
3,greedy,3,5,45,H139L:Q204L:K209I,3,3.74873423576355,0.09715186804533005,3.74873423576355,3.24680264277
3,greedy,3,6,46,N105I:D234G,2,3.747082233428955,0.05577661097049713,3.747082233428955,3.54761856898
3,greedy,3,7,47,M233K:D234G,2,3.7458107471466064,0.09096045792102814,3.7458107471466064,3.57778684547
3,greedy,3,8,48,D117G:K162R:Q204L,3,3.744964122772217,0.1544952541589737,3.744964122772217,3.88673949705
3,greedy,3,9,49,N105I:N135D,2,3.7416205406188965,0.049732767045497894,3.7416205406188965,3.8151244434300007
3,greedy,3,10,50,Q204L:K209E,2,3.7414844036102295,0.06708459556102753,3.7414844036102295,3.44647860334
3,greedy,3,11,51,L7R:T9A,2,3.74045991897583,0.017873283475637436,3.74045991897583,3.62285563009
3,greedy,3,12,52,I128V:H231L:G232D,3,3.739715576171875,0.05163770169019699,3.739715576171875,3.71322440914
3,greedy,3,13,53,S28R:S202C:L221Q,3,3.7386810779571533,0.0501231774687767,3.7386810779571533,3.88378812607
3,greedy,3,14,54,H81R:D234Y,2,3.7376296520233154,0.08436325192451477,3.7376296520233154,3.5194103516500004
3,greedy,3,15,55,S30T:F99L,2,3.736975908279419,0.02847854606807232,3.736975908279419,3.68919990245
3,greedy,3,16,56,K52E:P75H,2,3.7334580421447754,0.03957866504788399,3.7334580421447754,3.3204030666500004
3,greedy,3,17,57,K3R:E34V:M233T:D234G,4,3.7331175804138184,0.04322966933250427,3.7331175804138184,3.68096208476
3,greedy,3,18,58,N105I:Y145F:M233L,3,3.732823133468628,0.09193351119756699,3.732823133468628,3.68904430313
3,greedy,3,19,59,T9I:S28R,2,3.7302119731903076,0.04519873112440109,3.7302119731903076,3.83482044497
3,greedy,3,20,60,E5V:S202C,2,3.7292017936706543,0.03698083385825157,3.7292017936706543,3.6028180934800007
3,greedy,4,1,61,T9I:T62S:V68A:V150A:S202N,5,3.7439332008361816,0.035224154591560364,3.7439332008361816,3.6979408553699993
3,greedy,4,2,62,E90G:E95G:N105I:S175C:V193M,5,3.737748622894287,0.08690491318702698,3.737748622894287,3.5065790017800005
3,greedy,4,3,63,T59S:T62A,2,3.7318267822265625,0.05628271400928497,3.7318267822265625,3.54027652442
3,greedy,4,4,64,T225S:T230A,2,3.7180609703063965,0.030917273834347725,3.7180609703063965,3.85265935346
3,greedy,4,5,65,N105I:N212D,2,3.716949462890625,0.018705561757087708,3.716949462890625,3.68195086952
3,greedy,4,6,66,S65A:S202C,2,3.7145328521728516,0.06776230037212372,3.7145328521728516,3.3422389806700004
3,greedy,4,7,67,S30C:E142G,2,3.713663101196289,0.060452334582805634,3.713663101196289,3.90677578216
3,greedy,4,8,68,Q184R:D234G,2,3.711967945098877,0.07879583537578583,3.711967945098877,3.69942487304
3,greedy,4,9,69,E34V:K79M:L220M:G232D,4,3.711017608642578,0.05568981543183327,3.711017608642578,3.610553587780002
3,greedy,4,10,70,D117G:K162E,2,3.7109954357147217,0.04460907727479935,3.7109954357147217,3.59907764441
3,greedy,4,11,71,T62A:T230S,2,3.7102901935577393,0.06938725709915161,3.7102901935577393,3.8348596966199993
3,greedy,4,12,72,L42V:S72G,2,3.7101314067840576,0.0491035170853138,3.7101314067840576,3.8402690008800007
3,greedy,4,13,73,I152V:L221M,2,3.70896577835083,0.04919657111167908,3.70896577835083,3.82467520356
3,greedy,4,14,74,V22I:V150I:L178I:N212H,4,3.7078781127929688,0.09081309288740158,3.7078781127929688,3.71568198867
3,greedy,4,15,75,Y39H:P211T:N212I,3,3.7078070640563965,0.04019365459680557,3.7078070640563965,3.4440609512300004
3,greedy,4,16,76,I229V:M233V,2,3.707263231277466,0.020383654162287712,3.707263231277466,3.70531263054
3,greedy,4,17,77,K79R:L194M,2,3.7065556049346924,0.05266965180635452,3.7065556049346924,3.73927614161
3,greedy,4,18,78,S202C:T203A,2,3.706055164337158,0.04727189242839813,3.706055164337158,3.717375780725
3,greedy,4,19,79,I229T:T230I,2,3.7047481536865234,0.03884245455265045,3.7047481536865234,3.79480956972
3,greedy,4,20,80,T43S:T97S:V176M,3,3.7045509815216064,0.06429637223482132,3.7045509815216064,3.47774631056
3,greedy,5,1,81,Q80R:S208C,2,3.7582314014434814,0.03669064864516258,3.7582314014434814,3.68664094569
3,greedy,5,2,82,Q80R:S202C,2,3.750239849090576,0.047499846667051315,3.750239849090576,3.96326999611
3,greedy,5,3,83,K3R:Q80R:S208C,3,3.7491073608398438,0.04975580796599388,3.7491073608398438,3.70361535927
3,greedy,5,4,84,E6K:S208C,2,3.735804796218872,0.02804749645292759,3.735804796218872,3.6718140079300015
3,greedy,5,5,85,K79R:S208C,2,3.73478627204895,0.02281288616359234,3.73478627204895,3.73773824554
3,greedy,5,6,86,G232D:M233L,2,3.733252763748169,0.036652568727731705,3.733252763748169,3.86952185022
3,greedy,5,7,87,S86T:S208C,2,3.7316536903381348,0.03209906071424484,3.7316536903381348,3.73979512352
3,greedy,5,8,88,E32G:K126R:K131R:Q184R:S208C:K214R,6,3.727055788040161,0.06677869707345963,3.727055788040161,3.6013193627900004
3,greedy,5,9,89,T9A:L178R:S208C,3,3.7261974811553955,0.06367571651935577,3.7261974811553955,3.49131319211
3,greedy,5,10,90,T62A:L178I,2,3.724698543548584,0.09452248364686966,3.724698543548584,3.90668189269
3,greedy,5,11,91,S202R:K214R,2,3.7245707511901855,0.02431446686387062,3.7245707511901855,3.63330687487
3,greedy,5,12,92,L15M:M153V,2,3.7226576805114746,0.04844917356967926,3.7226576805114746,4.05637654332
3,greedy,5,13,93,I128V:I229V,2,3.720982313156128,0.023262720555067062,3.720982313156128,3.54977207958
3,greedy,5,14,94,N105I:I128V:I229V,3,3.720036268234253,0.03303305432200432,3.720036268234253,3.76375782591
3,greedy,5,15,95,K3R:Q80R,2,3.719636917114258,0.049842704087495804,3.719636917114258,3.66355486365
3,greedy,5,16,96,S28C:N105I,2,3.7169480323791504,0.060802485793828964,3.7169480323791504,3.55370484492
3,greedy,5,17,97,L15R:N105T,2,3.716028928756714,0.036314014345407486,3.716028928756714,3.88408956321
3,greedy,5,18,98,E142V:S175R:T230A,3,3.715867519378662,0.03580024093389511,3.715867519378662,3.5850262406
3,greedy,5,19,99,S28R:K162R,2,3.715406894683838,0.042527973651885986,3.715406894683838,3.74945936226
3,greedy,5,20,100,S147T:I161V,2,3.714261293411255,0.040949564427137375,3.714261293411255,3.66064154475
3,ucb,1,1,1,K41R:V61A:N121S:N146S:K162R:F165L:R168H:D173G,8,4.151881217956543,0.19565117359161377,4.347532272338867,1.3010299877299998
3,ucb,1,2,2,C70S:F84L:Y92H:K113R:N121S:K158M:I161V:I167V,8,4.118460178375244,0.2289179116487503,4.347378253936768,1.68209372099
3,ucb,1,3,3,Y74F:F114S:Y145H:Y151H:K156R:H169L:Q184L:Y237F,8,4.0956621170043945,0.2500123381614685,4.345674514770508,1.3163559218799998
3,ucb,1,4,4,I47V:N121S:F130L:N135D:I161V,5,4.08410120010376,0.20501752197742462,4.289118766784668,3.25754409058
3,ucb,1,5,5,K79G:P89L:D102G:E132V:N159D:G160A:L201Q:T225A:M233V,9,4.087956428527832,0.19513776898384094,4.28309440612793,1.68976291929
3,ucb,1,6,6,T38A:T43I:K107E:K156M:F165L:I167V:Q204H,7,4.069362163543701,0.18159329891204834,4.250955581665039,3.18684595493
3,ucb,1,7,7,C48R:M88L:Q94L:D103G:K107E:N121S:F130L:D133E:N146S:D216G,10,3.993116855621338,0.23697708547115326,4.230093955993652,1.39034018786
3,ucb,1,8,8,E6G:L15Q:F46L:I47T:N105D:D133G:F165V:T203A,8,4.080048561096191,0.13722002506256104,4.217268466949463,1.30103163828
3,ucb,1,9,9,V55M:T62S:D102G:D129G:N146S:K156R:K166E:D190G:L221P,9,4.005253791809082,0.20532841980457306,4.210582256317139,1.30103236579
3,ucb,1,10,10,E5G:I14N:C70R:F99L:T108A:N164S:F165Y:I171V:S208C:M218V:D234V:E235G,12,4.054994583129883,0.1549738347530365,4.209968566894531,3.52184539929
3,ucb,1,11,11,M78L:N121S:N144I:H148R:N159D:I188V:D197G,7,4.035729885101318,0.17266583442687988,4.208395957946777,1.4731926326700002
3,ucb,1,12,12,M78L:N121S:H139L:K158E,4,3.959322690963745,0.24155931174755096,4.2008819580078125,3.1387043877900003
3,ucb,1,13,13,V68E:K79E:N121S:H148R:D173G:Q184L:Y237C,7,4.019816875457764,0.18073788285255432,4.200554847717285,1.30178978615
3,ucb,1,14,14,F71S:S72C:D103G:I136T:N164D:I167V:I171L:L194P:S208C:A226T,10,4.051543235778809,0.14373764395713806,4.195281028747559,1.5632813020200005
3,ucb,1,15,15,K3E:H81L:F114L:L141Q:V150A:K158E:I161F:V176A:T230A,9,4.0004401206970215,0.19116172194480896,4.191601753234863,1.51425584818
3,ucb,1,16,16,E17K:F71V:D102G:Y143C:N144D:N159D:N164S:T225A,8,4.003353595733643,0.18419691920280457,4.1875505447387695,1.6686963967
3,ucb,1,17,17,T62A:I98T:K107R:K126E:G138A:K156Q:F165L:N170S:D197G,9,4.060733795166016,0.12222891300916672,4.182962894439697,1.30102952236
3,ucb,1,18,18,Y145F:S147G:D173G:V176A:Y182C:I188L:V193A,7,4.04837703704834,0.13101674616336823,4.179393768310547,3.59120944888
3,ucb,1,19,19,N105I:N121S:N146S:D155G:I167N:N185D:P196S:V219A,8,3.9988303184509277,0.17852649092674255,4.177356719970703,1.30103022035
3,ucb,1,20,20,T38S:V68A:N149S:K156M:N212D:I229V:H231R,7,4.0540876388549805,0.12221037596464157,4.176298141479492,3.36756650113
3,ucb,2,1,21,T38A:R73C:F84Y:G191V,4,3.8416354656219482,0.09926984459161758,3.9409053325653076,3.523309400930002
3,ucb,2,2,22,T38S:T62S,2,3.8518612384796143,0.06956508010625839,3.921426296234131,3.69094324962
3,ucb,2,3,23,T43A:T50N:F83Y:K131E:S175C:K209N:T230A,7,3.789670944213867,0.11937542259693146,3.9090464115142822,1.74256481032
3,ucb,2,4,24,F8Y:S28T:F99Y:E132V:I167V,5,3.737654209136963,0.16467712819576263,3.9023313522338867,3.5671238294300003
3,ucb,2,5,25,H25L:S28C:S175C:P187L,4,3.805392026901245,0.0898347869515419,3.8952267169952393,3.3105745304900003
3,ucb,2,6,26,D117G:K131E:Q204L,3,3.781101703643799,0.10828395187854767,3.88938570022583,3.68135430034
3,ucb,2,7,27,S28N:K126E:S175C,3,3.843827724456787,0.04343365877866745,3.887261390686035,3.6680833849300014
3,ucb,2,8,28,D117G:K162R:Q204L,3,3.73591685295105,0.1510409563779831,3.886957883834839,3.88673949705
3,ucb,2,9,29,V163E:G189C:D234N,3,3.7890007495880127,0.09582969546318054,3.8848304748535156,3.61066981323
3,ucb,2,10,30,S30T:S175C,2,3.842449903488159,0.04154089838266373,3.88399076461792,3.73437018198
3,ucb,2,11,31,E6G:F46L:A87T:E142V:Q204L,5,3.730942964553833,0.15218932926654816,3.883132219314575,3.68359314788
3,ucb,2,12,32,K3R:E34V:M233T:D234G,4,3.8155550956726074,0.06655801087617874,3.882113218307495,3.68096208476
3,ucb,2,13,33,E32V:A179V:S208C,3,3.801481246948242,0.07943125814199448,3.8809125423431396,3.60585870129
3,ucb,2,14,34,F99L:Q204L:M233V,3,3.7833685874938965,0.09401551634073257,3.8773841857910156,3.70631709739
3,ucb,2,15,35,N159Y:E172G:V176A:Q204L,4,3.6623008251190186,0.21203555166721344,3.8743364810943604,3.35218489001
3,ucb,2,16,36,K52M:M153L:Q177L:S202C,4,3.794591188430786,0.07930462807416916,3.8738958835601807,3.7080278307
3,ucb,2,17,37,K52M:P75L:E111V:R122H:E124V:E235K,6,3.7837576866149902,0.08996862918138504,3.8737263679504395,3.69349819437
3,ucb,2,18,38,D19G:D117G:Q204L,3,3.7432942390441895,0.1286333054304123,3.871927499771118,3.4719140314699994
3,ucb,2,19,39,S28N:P75T:K158E,3,3.7956435680389404,0.06873265653848648,3.8643763065338135,3.54475230125
3,ucb,2,20,40,F99L:E142G:R168S,3,3.7716941833496094,0.09029875695705414,3.861992835998535,3.67246422179
3,ucb,3,1,41,H231R:E235V,2,3.7762603759765625,0.04344978556036949,3.8197102546691895,3.75887008257
3,ucb,3,2,42,K52M:D129N:H181Y:A206T,4,3.723564624786377,0.08968087285757065,3.8132455348968506,3.4859772180300004
3,ucb,3,3,43,I152V:L221M,2,3.7478630542755127,0.060377687215805054,3.8082406520843506,3.82467520356
3,ucb,3,4,44,T59S:T62S:D180N,3,3.6875388622283936,0.11764328181743622,3.8051822185516357,3.77597424733
3,ucb,3,5,45,I123V:I161V,2,3.749664783477783,0.05424423888325691,3.8039090633392334,3.75844470049
3,ucb,3,6,46,G191S:D197V:G232S,3,3.7183380126953125,0.0847129300236702,3.803050994873047,3.68835337389
3,ucb,3,7,47,T43S:K52M:D76N:N105S:S202C:H231R,6,3.654914140701294,0.1448487639427185,3.7997629642486572,3.71922727372
3,ucb,3,8,48,R73L:H169Y:E172K,3,3.710878849029541,0.08640391379594803,3.7972826957702637,3.64501916546
3,ucb,3,9,49,D19N:K158G,2,3.727397918701172,0.06743255257606506,3.794830560684204,3.5987308810900003
3,ucb,3,10,50,S30T:F99L,2,3.7460713386535645,0.04870544373989105,3.794776678085327,3.68919990245
3,ucb,3,11,51,Q69L:F83L:M88L:M153L:D197N:E235G,6,3.657336473464966,0.137405663728714,3.7947421073913574,1.30142796706
3,ucb,3,12,52,I128T:I171T:D173G:P211T,4,3.6574771404266357,0.13606372475624084,3.7935409545898438,3.78276275931
3,ucb,3,13,53,R73L:I161V,2,3.7502601146698,0.04250533878803253,3.7927653789520264,3.69752524656
3,ucb,3,14,54,G232D:M233L,2,3.734846830368042,0.053334955126047134,3.788181781768799,3.86952185022
3,ucb,3,15,55,G104R:G232S,2,3.7150917053222656,0.07302892953157425,3.788120746612549,1.77159787504
3,ucb,3,16,56,P75H:V163A,2,3.6976094245910645,0.0899759829044342,3.787585496902466,3.54965357239
3,ucb,3,17,57,L15Q:H181Y,2,3.6503806114196777,0.1349792182445526,3.7853598594665527,3.55634938206
3,ucb,3,18,58,T62A:T63S,2,3.738739490509033,0.0428316630423069,3.78157114982605,3.83773820258
3,ucb,3,19,59,I123V:I167V,2,3.744309186935425,0.03608445078134537,3.780393600463867,3.69445183899
3,ucb,3,20,60,K41E:T43A:I47V,3,3.536803722381592,0.24064959585666656,3.7774534225463867,3.6718822194
3,ucb,4,1,61,T38S:T63S,2,3.7145533561706543,0.0982515811920166,3.812804937362671,3.54678935236
3,ucb,4,2,62,T59S:T62A,2,3.70442533493042,0.10817747563123703,3.8126027584075928,3.54027652442
3,ucb,4,3,63,Q204L:K209E,2,3.7313733100891113,0.07643801718950272,3.8078112602233887,3.44647860334
3,ucb,4,4,64,L15M:E34G,2,3.699953079223633,0.10460364073514938,3.8045566082000732,3.54010780486
3,ucb,4,5,65,K113E:S202R:Q204L,3,3.7063469886779785,0.09506863355636597,3.8014156818389893,3.37832775527
3,ucb,4,6,66,Q80R:S208C,2,3.6990089416503906,0.10148734599351883,3.8004963397979736,3.68664094569
3,ucb,4,7,67,H139L:Q204L:K209I,3,3.674638032913208,0.12443220615386963,3.799070358276367,3.24680264277
3,ucb,4,8,68,N149S:N185D:T186S:I188F:Q204L:K209E:E235G,7,3.6952075958251953,0.09458310157060623,3.789790630340576,1.30103106176
3,ucb,4,9,69,K3R:Q80R:S208C,3,3.648397445678711,0.13562138378620148,3.7840187549591064,3.70361535927
3,ucb,4,10,70,V163M:Q184R,2,3.67942476272583,0.10355526208877563,3.782979965209961,3.630928172
3,ucb,4,11,71,T62A:Q184R:F223Y,3,3.683406114578247,0.09724162518978119,3.7806477546691895,3.8506287127
3,ucb,4,12,72,S28R:S202C:L221Q,3,3.7005889415740967,0.07892188429832458,3.779510736465454,3.88378812607
3,ucb,4,13,73,I171V:Q204L:L236V,3,3.708631992340088,0.06851950287818909,3.777151584625244,3.98402309894
3,ucb,4,14,74,T59A:T62S,2,3.7256267070770264,0.050902582705020905,3.776529312133789,3.54358325939
3,ucb,4,15,75,I171T:I188V,2,3.7253241539001465,0.050722386687994,3.7760465145111084,3.917373360280002
3,ucb,4,16,76,K3R:E34V,2,3.6953182220458984,0.07489711791276932,3.7702152729034424,3.97098805067
3,ucb,4,17,77,T59S:T203A,2,3.6741702556610107,0.09579332917928696,3.769963502883911,3.73332073451
3,ucb,4,18,78,E17K:K52M:P56S:Q204R,4,3.6905243396759033,0.07610220462083817,3.7666265964508057,3.45994910004
3,ucb,4,19,79,L7R:H231L,2,3.701714277267456,0.06444471329450607,3.7661590576171875,3.75941655966
3,ucb,4,20,80,K3R:Q204L,2,3.7003982067108154,0.062212005257606506,3.7626101970672607,3.6312872528
3,ucb,5,1,81,T43A:D155G:Q157R,3,3.7390735149383545,0.12214446812868118,3.861217975616455,3.69412268443
3,ucb,5,2,82,E34V:K113R:Q157R:P196H,4,3.732816219329834,0.10627490282058716,3.8390910625457764,3.13893388677
3,ucb,5,3,83,Q157R:I171V:E235V,3,3.6742801666259766,0.16237768530845642,3.836657762527466,3.81158782141
3,ucb,5,4,84,I171T:Q184R,2,3.7121505737304688,0.12373141944408417,3.8358819484710693,3.76981334752
3,ucb,5,5,85,I161V:I171T,2,3.7363662719726562,0.08307787030935287,3.819444179534912,3.86077361263
3,ucb,5,6,86,I128V:M233V,2,3.752246141433716,0.06711501628160477,3.8193612098693848,3.7844853697800014
3,ucb,5,7,87,I171V:Q184R:I188V,3,3.727141857147217,0.09162691980600357,3.8187687397003174,3.8425349291300006
3,ucb,5,8,88,Q157R:I171T:D173N:G189D,4,3.6996421813964844,0.11628945171833038,3.815931558609009,3.72366279775
3,ucb,5,9,89,I171T:M233T,2,3.7355892658233643,0.07900575548410416,3.8145949840545654,3.67919683198
3,ucb,5,10,90,P75L:S202C,2,3.7027297019958496,0.1040509045124054,3.8067805767059326,3.67174453985
3,ucb,5,11,91,S65A:S202C,2,3.707064151763916,0.09478822350502014,3.8018524646759033,3.3422389806700004
3,ucb,5,12,92,I171V:M233T,2,3.716290235519409,0.08303984254598618,3.799329996109009,3.9140333299
3,ucb,5,13,93,T43A:N105Y:K113R:E124D,4,3.682511568069458,0.11595343798398972,3.7984650135040283,3.761897244
3,ucb,5,14,94,E5V:I229T,2,3.7046501636505127,0.0917116329073906,3.7963616847991943,3.60227590311
3,ucb,5,15,95,K3R:E32V,2,3.7600696086883545,0.035219162702560425,3.7952888011932373,3.7550811934699992
3,ucb,5,16,96,P75T:I171T,2,3.7296881675720215,0.06489105522632599,3.794579267501831,3.3862372492
3,ucb,5,17,97,I229V:M233V,2,3.721583604812622,0.07132928818464279,3.7929129600524902,3.70531263054
3,ucb,5,18,98,S86T:Q184R:E235V,3,3.6994667053222656,0.09165580570697784,3.7911224365234375,3.5984347968400003
3,ucb,5,19,99,T49A:N105T:S202C,3,3.7134032249450684,0.07653307914733887,3.7899363040924072,3.55835043306
3,ucb,5,20,100,D117G:M233V,2,3.69569730758667,0.0937119647860527,3.7894091606140137,3.74068813691
3,conservative,1,1,1,E5G:F165C:I167V:Q204R:K214R:M233V,6,4.0166802406311035,0.04543996974825859,3.971240282058716,3.61199101315
3,conservative,1,2,2,I47F:F99L:F130L:S147G:K158R:I161V,6,4.034804344177246,0.07370880991220474,3.9610955715179443,3.42369144893
3,conservative,1,3,3,F46Y:P75H:N149D:I161V:Q184R,5,4.050782203674316,0.09243746846914291,3.9583446979522705,3.43796043304
3,conservative,1,4,4,K41R:V61A:N121S:N146S:K162R:F165L:R168H:D173G,8,4.151881217956543,0.19565117359161377,3.9562301635742188,1.3010299877299998
3,conservative,1,5,5,E6G:L15Q:F46L:I47T:N105D:D133G:F165V:T203A,8,4.080048561096191,0.13722002506256104,3.94282865524292,1.30103163828
3,conservative,1,6,6,T62A:I98T:K107R:K126E:G138A:K156Q:F165L:N170S:D197G,9,4.060733795166016,0.12222891300916672,3.938504934310913,1.30102952236
3,conservative,1,7,7,N149S:N185D:T186S:I188F:Q204L:K209E:E235G,7,3.9994430541992188,0.06099634990096092,3.9384467601776123,1.30103106176
3,conservative,1,8,8,F165L:D180G:T203A:F223Y:T230A,5,4.043055057525635,0.1064426526427269,3.936612367630005,3.30179590602
3,conservative,1,9,9,S72G:N105Y:K113R:I128V:D133G:Y151H:I171V:S202C,8,4.0544281005859375,0.11987793445587158,3.9345502853393555,3.87501518006
3,conservative,1,10,10,T38S:V68A:N149S:K156M:N212D:I229V:H231R,7,4.0540876388549805,0.12221037596464157,3.931877374649048,3.36756650113
3,conservative,1,11,11,E6G:K156E:F165I:V176A:Q184R:S202C:M233V,7,4.0023298263549805,0.07419317215681076,3.9281365871429443,3.66942884964
3,conservative,1,12,12,L42Q:S72C:M78L:H81L:K101R:S147G:I167V:G191R:L201R:M233V:E235G,11,4.028043746948242,0.10535616427659988,3.922687530517578,1.7157266221
3,conservative,1,13,13,K107R:N121S:K166E:S202C:K214R,5,4.0131731033325195,0.09057755768299103,3.922595500946045,3.79231655042
3,conservative,1,14,14,I47V:N105S:F165Y:I167V:D197G:M233V,6,3.946483612060547,0.025723956525325775,3.920759677886963,3.90870556551
3,conservative,1,15,15,E32G:K126R:K131R:Q184R:S208C:K214R,6,3.967390537261963,0.04719282314181328,3.9201977252960205,3.6013193627900004
3,conservative,1,16,16,Y145F:S147G:D173G:V176A:Y182C:I188L:V193A,7,4.04837703704834,0.13101674616336823,3.917360305786133,3.59120944888
3,conservative,1,17,17,E6K:N144D:K156R:K214R:Y237C,5,3.9926822185516357,0.07580115646123886,3.9168810844421387,3.92993048033
3,conservative,1,18,18,H77L:F114L:I128T:S147C:K156R:G191C:S208G,7,3.9708943367004395,0.05909564346075058,3.9117987155914307,3.26174033786
3,conservative,1,19,19,S28C:T38A:I47V:Q80L:I128V:I161V:L221P,7,4.030768871307373,0.11900589615106583,3.9117629528045654,3.2606921778
3,conservative,1,20,20,F71L:P75H:F114S:D180G:K209E,5,4.0142388343811035,0.10549629479646683,3.9087424278259277,1.30102998814
3,conservative,2,1,21,S30T:S175C,2,3.7992141246795654,0.03275764361023903,3.766456365585327,3.73437018198
3,conservative,2,2,22,Y39N:N105I,2,3.8047854900360107,0.039556775242090225,3.765228748321533,4.08598147357
3,conservative,2,3,23,D19N:K158G,2,3.834113359451294,0.09114072471857071,3.7429726123809814,3.5987308810900003
3,conservative,2,4,24,S30T:F99L,2,3.774362087249756,0.03360370546579361,3.7407584190368652,3.68919990245
3,conservative,2,5,25,S28R:D133V:S175C:D190G,4,3.7589199542999268,0.02031721919775009,3.738602638244629,3.63876705214
3,conservative,2,6,26,E90G:E95G:N105I:S175C:V193M,5,3.8195419311523438,0.0859602764248848,3.73358154296875,3.5065790017800005
3,conservative,2,7,27,T38A:R73C:F84Y:G191V,4,3.812087297439575,0.08075950294733047,3.731327772140503,3.523309400930002
3,conservative,2,8,28,R73L:H169L,2,3.783020496368408,0.057776108384132385,3.7252442836761475,3.56330936636
3,conservative,2,9,29,S28N:K126E:S175C,3,3.7614712715148926,0.037400126457214355,3.7240710258483887,3.6680833849300014
3,conservative,2,10,30,P75L:S202C,2,3.7578303813934326,0.03485074266791344,3.7229795455932617,3.67174453985
3,conservative,2,11,31,N105Y:R168C,2,3.739557981491089,0.017857201397418976,3.721700668334961,3.90129281522
3,conservative,2,12,32,S65A:S202C,2,3.7576050758361816,0.04016892611980438,3.7174360752105713,3.3422389806700004
3,conservative,2,13,33,N105I:N135D,2,3.7259833812713623,0.008641114458441734,3.7173423767089844,3.8151244434300007
3,conservative,2,14,34,F99L:E142G:R168S,3,3.7613272666931152,0.04694046080112457,3.7143867015838623,3.67246422179
3,conservative,2,15,35,S28R:G134C:V150I,3,3.736581325531006,0.022823374718427658,3.7137579917907715,3.44739478449
3,conservative,2,16,36,I152V:L221M,2,3.740234375,0.027581915259361267,3.7126524448394775,3.82467520356
3,conservative,2,17,37,E115V:S175C,2,3.7608864307403564,0.048488255590200424,3.7123982906341553,3.73431025858
3,conservative,2,18,38,K158T:S175C,2,3.7453174591064453,0.03321325406432152,3.712104320526123,3.6668415432
3,conservative,2,19,39,S72G:D133V:S175C,3,3.7591392993927,0.04761523753404617,3.71152400970459,3.74828784453
3,conservative,2,20,40,S28C:N105I,2,3.742215633392334,0.03138221055269241,3.7108333110809326,3.55370484492
3,conservative,3,1,41,Y39N:N105H,2,3.8009605407714844,0.017237350344657898,3.7837231159210205,3.73007484474
3,conservative,3,2,42,Y39N:E132G:Y145F,3,3.8289272785186768,0.05484485626220703,3.7740824222564697,3.64561793492
3,conservative,3,3,43,I123V:I167V,2,3.765129804611206,0.01636217162013054,3.748767614364624,3.69445183899
3,conservative,3,4,44,T62A:T63S,2,3.7618911266326904,0.028023269027471542,3.733867883682251,3.83773820258
3,conservative,3,5,45,I123V:I161V,2,3.7525646686553955,0.02439386211335659,3.728170871734619,3.75844470049
3,conservative,3,6,46,M78I:A206T,2,3.741158962249756,0.015488505363464355,3.725670337677002,3.7047260676
3,conservative,3,7,47,M78L:M88L,2,3.7403838634490967,0.018206730484962463,3.722177028656006,3.6225399647000014
3,conservative,3,8,48,N105Y:I123V:I161V,3,3.7668938636779785,0.04483630880713463,3.722057580947876,3.75983880995
3,conservative,3,9,49,N105Y:N159D,2,3.733046293258667,0.019441798329353333,3.71360445022583,3.81814755612
3,conservative,3,10,50,T38S:T62S,2,3.800285816192627,0.08925767987966537,3.7110280990600586,3.69094324962
3,conservative,3,11,51,N105I:N146S,2,3.749917507171631,0.04015421122312546,3.709763288497925,3.80873689423
3,conservative,3,12,52,P187S:L194V,2,3.7333099842071533,0.02630709484219551,3.707002878189087,3.77188125834
3,conservative,3,13,53,E17K:K79M:N105S:K214R,4,3.7365097999572754,0.03453192859888077,3.7019779682159424,3.67603817469
3,conservative,3,14,54,K52M:D129N:H181Y:A206T,4,3.7351326942443848,0.03315498307347298,3.7019777297973633,3.4859772180300004
3,conservative,3,15,55,N159D:I167V,2,3.727250337600708,0.02542935498058796,3.7018210887908936,3.8063416518
3,conservative,3,16,56,E6K:S208C,2,3.730196714401245,0.030714113265275955,3.6994826793670654,3.6718140079300015
3,conservative,3,17,57,T59A:T62S,2,3.770922899246216,0.07171691209077835,3.6992058753967285,3.54358325939
3,conservative,3,18,58,Y39H:P211T:N212I,3,3.7487690448760986,0.05144675821065903,3.697322368621826,3.4440609512300004
3,conservative,3,19,59,M88L:M233L,2,3.7244420051574707,0.030014393851161003,3.694427728652954,3.74794606247
3,conservative,3,20,60,D102G:Q157L:K158E,3,3.746004581451416,0.05174954980611801,3.6942551136016846,3.68115022678
3,conservative,4,1,61,N105I:N149D,2,3.7285683155059814,0.02409823052585125,3.704470157623291,3.76040467543
3,conservative,4,2,62,I229T:M233L,2,3.7197768688201904,0.02112082950770855,3.6986560821533203,3.83156717175
3,conservative,4,3,63,N105I:M233V,2,3.744460344314575,0.057549912482500076,3.686910390853882,3.80170724825
3,conservative,4,4,64,N159D:I171V,2,3.713745594024658,0.02691914327442646,3.686826467514038,3.9218424121900006
3,conservative,4,5,65,N105I:I171V,2,3.716599941253662,0.03162243589758873,3.6849775314331055,3.64184297157
3,conservative,4,6,66,I229V:M233V,2,3.7250187397003174,0.04111401364207268,3.6839046478271484,3.70531263054
3,conservative,4,7,67,E6K:K214R,2,3.704258441925049,0.021221164613962173,3.683037281036377,3.6982814454300006
3,conservative,4,8,68,N105I:N212D,2,3.704209089279175,0.022047678008675575,3.682161331176758,3.68195086952
3,conservative,4,9,69,G232D:M233L,2,3.716768264770508,0.034942612051963806,3.681825637817383,3.86952185022
3,conservative,4,10,70,N105Y:N170D,2,3.7030746936798096,0.023343555629253387,3.6797311305999756,3.96310362512
3,conservative,4,11,71,I229T:M233V,2,3.7098400592803955,0.030766278505325317,3.6790738105773926,3.75146447991
3,conservative,4,12,72,I128T:N159D,2,3.7091968059539795,0.03098287619650364,3.6782138347625732,3.87261053444
3,conservative,4,13,73,I171T:I188V,2,3.7177138328552246,0.040190525352954865,3.677523374557495,3.917373360280002
3,conservative,4,14,74,N105Y:I136V,2,3.705942153930664,0.028755279257893562,3.677186965942383,3.7854795969
3,conservative,4,15,75,I128T:I167V,2,3.6997127532958984,0.022724168375134468,3.6769886016845703,3.77286349987
3,conservative,4,16,76,L221Q:T225S,2,3.6893813610076904,0.012893094681203365,3.676488161087036,3.69753055427
3,conservative,4,17,77,N105I:M233T,2,3.744702100753784,0.06842989474534988,3.67627215385437,3.71409848884
3,conservative,4,18,78,N159D:M233V,2,3.719609498977661,0.0437009334564209,3.6759085655212402,3.62377279013
3,conservative,4,19,79,F46Y:T62A,2,3.697687864303589,0.022244064137339592,3.6754438877105713,3.78983842113
3,conservative,4,20,80,N105S:N146K,2,3.7106871604919434,0.03620001673698425,3.6744871139526367,3.71280698487
3,conservative,5,1,81,I128V:I171V,2,3.7686164379119873,0.04775773733854294,3.7208588123321533,3.7483527695
3,conservative,5,2,82,I128T:I171V,2,3.766254425048828,0.046954598277807236,3.719299793243408,3.69577544388
3,conservative,5,3,83,I171L:I229T,2,3.727820634841919,0.019261380657553673,3.708559274673462,3.69836800236
3,conservative,5,4,84,N159D:I171T,2,3.741851329803467,0.03852776810526848,3.7033236026763916,3.7759743323
3,conservative,5,5,85,I161V:I171T,2,3.735058546066284,0.032333359122276306,3.7027251720428467,3.86077361263
3,conservative,5,6,86,I128V:I229V,2,3.7524940967559814,0.049875713884830475,3.702618360519409,3.54977207958
3,conservative,5,7,87,I128V:M233V,2,3.719205379486084,0.020180316641926765,3.6990251541137695,3.7844853697800014
3,conservative,5,8,88,N105I:I128V:I229V,3,3.742783308029175,0.04449554905295372,3.6982877254486084,3.76375782591
3,conservative,5,9,89,N105T:D117V,2,3.7160801887512207,0.02172882668673992,3.6943514347076416,3.79107222206
3,conservative,5,10,90,K3R:N105V,2,3.7244811058044434,0.030287204310297966,3.6941938400268555,3.73313256047
3,conservative,5,11,91,I128V:I188T,2,3.7107410430908203,0.017230812460184097,3.6935102939605713,3.6983239591
3,conservative,5,12,92,N105I:D234G,2,3.704677104949951,0.012292265892028809,3.692384719848633,3.54761856898
3,conservative,5,13,93,S86T:S208C,2,3.72607159614563,0.03493506833910942,3.691136598587036,3.73979512352
3,conservative,5,14,94,I128T:S208T,2,3.757858991622925,0.0674278736114502,3.6904311180114746,3.66564163492
3,conservative,5,15,95,I136V:I171T,2,3.7225372791290283,0.03313116356730461,3.689406156539917,3.84219000725
3,conservative,5,16,96,K3E:N105T,2,3.7063660621643066,0.018962860107421875,3.6874032020568848,3.69353813991
3,conservative,5,17,97,L15R:N105T,2,3.7249953746795654,0.03824314847588539,3.6867523193359375,3.88408956321
3,conservative,5,18,98,I136V:N159D:I188V:A206D,4,3.7410385608673096,0.05539088323712349,3.68564772605896,3.57989323429
3,conservative,5,19,99,A206T:G232D,2,3.7166061401367188,0.031152648851275444,3.685453414916992,3.73750507467
3,conservative,5,20,100,I188T:S208C,2,3.723853349685669,0.038540538400411606,3.6853127479553223,3.60871317742
4,random,1,1,1,L7Q:F27S:T59S:S72G:H77L:Q80R:P187L:E235K,8,,,,1.30102994948
4,random,1,2,2,L18Q:E90G:I136F:V224E,4,,,,1.3046826674
4,random,1,3,3,L7R:T118I:Y143H,3,,,,3.53838473708
4,random,1,4,4,F46L:C48S:N144S:K156E,4,,,,3.723875482880002
4,random,1,5,5,D19G:G67V:K79E:Y143F:D234G,5,,,,1.3010300206799998
4,random,1,6,6,F84S:F100L:V150D:K158R:N164S:R168C:L194P:N198I,8,,,,1.35699541364
4,random,1,7,7,T43S:N146S:D234G,3,,,,3.71192627011
4,random,1,8,8,H25L:I47T:C48Y:M78T:M88T:V93A:I98T:K107R:E142V:Y151H:G160S:Q183R:E222G,13,,,,1.30270212671
4,random,1,9,9,G174S:K209R,2,,,,3.7048464128300007
4,random,1,10,10,V55G:M78T:D103N:D210G,4,,,,1.59090297685
4,random,1,11,11,K3E:E5G:G116D,3,,,,3.62966383343
4,random,1,12,12,T108A:P187T:K214R,3,,,,3.30745348344
4,random,1,13,13,K41R:L195Q,2,,,,3.50171659804
4,random,1,14,14,E90V:F100H:M233L,3,,,,3.46810358431
4,random,1,15,15,D155V:T225A,2,,,,3.4779187728
4,random,1,16,16,K45M:Y143C:I161V:H231L,4,,,,3.1963999714599995
4,random,1,17,17,F27L:F46Y:K79R:F83S:E95G:H139Y:I152T:H231L,8,,,,1.30117182559
4,random,1,18,18,I128N:Y200C,2,,,,3.67382275148
4,random,1,19,19,E90G:K140R:N144D:S202C,4,,,,3.6970246466400014
4,random,1,20,20,F8L:V12A:I14T:K126R:K166E:T186A:D210G,7,,,,1.73258440189
4,random,2,1,21,G134S:M233T,2,,,,3.69451434943
4,random,2,2,22,K26R:F84Y,2,,,,3.813742463480002
4,random,2,3,23,N105Y:S147G:I229V,3,,,,3.69390264304
4,random,2,4,24,F99C:I128F:V176A:I229T,4,,,,3.61620942571
4,random,2,5,25,E17K:H148P:I167V:I171T,4,,,,3.4444079966500003
4,random,2,6,26,D133V:D173V:N212D,3,,,,3.4524006623300005
4,random,2,7,27,M153V:E172G,2,,,,3.7544400640800006
4,random,2,8,28,I14F:G40S:M78L:I98T:G104S:F114L:E235G,7,,,,1.31394310691
4,random,2,9,29,H139R:V224A,2,,,,3.61790473695
4,random,2,10,30,K79R:F84L:F114S:P211T,4,,,,1.51234326571
4,random,2,11,31,V11A:D76G:I167V,3,,,,3.70514780733
4,random,2,12,32,K113R:Y145H:V193G:K214E,4,,,,3.71675353365
4,random,2,13,33,E17G:Y145F:D197V:N198D:S208G,5,,,,3.19007041321
4,random,2,14,34,G24C:K26M:F46L:E95G:D117G,5,,,,1.30233579261
4,random,2,15,35,T62A:N164Y:N185S:K209E,4,,,,3.23321946468
4,random,2,16,36,F99L:T186A:V224A,3,,,,3.46700758749
4,random,2,17,37,Q94L:Y106H:I167T,3,,,,1.63020784171
4,random,2,18,38,E95K:N164D:I229N,3,,,,3.5219829441500003
4,random,2,19,39,N135D:N159S:R168C:H169R:K214E,5,,,,1.30083483578
4,random,2,20,40,F100Y:T108A,2,,,,3.25935493316
4,random,3,1,41,L60P:N144S:M153L:L195Q:H199N,5,,,,1.30103078806
4,random,3,2,42,E6G:H77Y:S208G,3,,,,3.65570568707
4,random,3,3,43,K26E:K52E:F71S:M218L,4,,,,1.6399854368
4,random,3,4,44,D36E:F130L:S147G:M233K,4,,,,3.6939027593
4,random,3,5,45,E34G:K107R:L194Q,3,,,,3.5208834659800003
4,random,3,6,46,T43A:K101E:I136V:N164D:L195P,5,,,,3.5110447918800003
4,random,3,7,47,V61A:Y74C:F83P:G138E:D155G:K166E,6,,,,1.30112962355
4,random,3,8,48,K26E:M78V:F83L:V112E:H139R:E172G:T230A,7,,,,1.3096817548
4,random,3,9,49,K131E:E172G,2,,,,3.625329675195
4,random,3,10,50,T9A:Y151H,2,,,,3.71896096264
4,random,3,11,51,L194Q:A227T,2,,,,3.6271937197199993
4,random,3,12,52,V12E:K101N:E142K:Y151D:I167V:I229T,6,,,,1.30103161719
4,random,3,13,53,L64P:F99L:A110T:N164I,4,,,,1.60890401903
4,random,3,14,54,Y200H:N212S,2,,,,3.70251184511
4,random,3,15,55,H181R:N185Y,2,,,,1.5360880959299998
4,random,3,16,56,F99L:E142G:R168S,3,,,,3.67246422179
4,random,3,17,57,R73H:D180G:I229T,3,,,,3.46572878242
4,random,3,18,58,F27L:T50P:G91D:F100S,4,,,,1.60658653357
4,random,3,19,59,E142G:K158R:S175G:D216E,4,,,,3.66845410732
4,random,3,20,60,F71S:K107R:K156M,3,,,,2.94196867177
4,random,4,1,61,F46L:N185S,2,,,,3.434448233485
4,random,4,2,62,K101Q:D102G:N105D:K166E,4,,,,3.65479352802
4,random,4,3,63,H25N:Y151H:K214R,3,,,,3.4463589060900004
4,random,4,4,64,K140M:I229T,2,,,,3.63653610571
4,random,4,5,65,I136V:L201P,2,,,,1.30111618352
4,random,4,6,66,V12A:K45R:I47T:T49I:G189D,5,,,,1.30102998617
4,random,4,7,67,K52L:K79R:L201R:H231R,4,,,,1.62581043943
4,random,4,8,68,F84S:I136T:Q177R,3,,,,1.30222836838
4,random,4,9,69,K101E:N135S,2,,,,3.59242730516
4,random,4,10,70,L7Q:M88V:K156E:T203I,4,,,,3.42378407622
4,random,4,11,71,T43S:F99L:L137R:N146S:N198S:R215H,6,,,,3.40088979178
4,random,4,12,72,T97S:K158E,2,,,,3.61975088841
4,random,4,13,73,F83S:M88L:E90G:T203A,4,,,,1.6129420004
4,random,4,14,74,D19G:V29A:T38A:F46L:M88T:N135D,6,,,,1.3010299900799998
4,random,4,15,75,M88V:N170D:N212S,3,,,,3.69371403335
4,random,4,16,76,K107R:D197G:Y200S,3,,,,3.57384797957
4,random,4,17,77,S65P:D82A:K140E,3,,,,1.3010300128
4,random,4,18,78,K126M:H139R,2,,,,3.5404372845699994
4,random,4,19,79,K45R:R122S:F130L:I136V:S147G:L207Q:M218K,7,,,,1.7380303926900005
4,random,4,20,80,E5G:K52E:D82G:V193E:K209T,5,,,,1.54932404483
4,random,5,1,81,D19V:S28G:N159S,3,,,,3.4634170084900004
4,random,5,2,82,I98T:K113R:S208G,3,,,,3.19992542753
4,random,5,3,83,T63S:N144Y:K158E,3,,,,3.51639085081
4,random,5,4,84,K45R:K85E:N146S:D197V:M233L,5,,,,1.3010302902600002
4,random,5,5,85,K113E:V163A:Y182F:T186S:P187A:Y200C:S202R,7,,,,3.73734497503
4,random,5,6,86,K52R:K156R,2,,,,3.79808695679
4,random,5,7,87,F83L:Q94L:Y151H:V193E:G228E,5,,,,1.38272328109
4,random,5,8,88,H77L:L178P:D197A,3,,,,3.7027147595
4,random,5,9,89,T118P:N121K,2,,,,1.30363408605
4,random,5,10,90,G10E:Q69R:F84S:K85E:T108A:L221P,6,,,,1.5786339476299998
4,random,5,11,91,L42P:H81L:I123N:V150D:Y182C:K209N:N212T,7,,,,1.3010310502
4,random,5,12,92,F71L:I152V:I188L,3,,,,3.54742942736
4,random,5,13,93,S30P:M78T:I136V:F165S,4,,,,1.5712029827899998
4,random,5,14,94,K52R:D102G:T118A:H139Q:S147G:Q184P:N198S:Y237F,8,,,,1.61583639519
4,random,5,15,95,F27L:T38A:L60H:G104C:D117V:I123V,6,,,,1.57659185657
4,random,5,16,96,T49A:D117A:I229T,3,,,,3.69243281903
4,random,5,17,97,Q94L:D190G,2,,,,2.96439017688
4,random,5,18,98,Y106C:I128T,2,,,,3.56568017442
4,random,5,19,99,N23D:V55A:Y66F:Q183R,4,,,,1.30103094788
4,random,5,20,100,H25R:V68M:L195P,3,,,,3.65457118647
4,greedy,1,1,1,V68E:K79E:N121S:H148R:D173G:Q184L:Y237C,7,4.036831378936768,0.11957582831382751,4.036831378936768,1.30178978615
4,greedy,1,2,2,E6G:L15Q:F46L:I47T:N105D:D133G:F165V:T203A,8,4.020037651062012,0.16578036546707153,4.020037651062012,1.30103163828
4,greedy,1,3,3,I14T:S30F:K52R:Q80L:F99I:K158R:Y182C:L207P:K209R:E222G,10,4.007984161376953,0.15016409754753113,4.007984161376953,1.30102997409
4,greedy,1,4,4,H25R:F46S:T49S:G51S:F130L:S147C:K158R:D173V:Q204L,9,4.004096508026123,0.2172974944114685,4.004096508026123,1.30113765832
4,greedy,1,5,5,E32G:K126R:K131R:Q184R:S208C:K214R,6,3.9959073066711426,0.08014722168445587,3.9959073066711426,3.6013193627900004
4,greedy,1,6,6,L42Q:S72C:M78L:H81L:K101R:S147G:I167V:G191R:L201R:M233V:E235G,11,3.992579221725464,0.256675660610199,3.992579221725464,1.7157266221
4,greedy,1,7,7,I47V:N105S:F165Y:I167V:D197G:M233V,6,3.982182025909424,0.16699442267417908,3.982182025909424,3.90870556551
4,greedy,1,8,8,K41E:K52M:V61A:D103E:K140R:M153L:K158E:V224A,8,3.976900815963745,0.14806725084781647,3.976900815963745,1.3019250648
4,greedy,1,9,9,G138R:H139R:K158R:K162R:P187T,5,3.968684434890747,0.1802406758069992,3.968684434890747,3.5631714864
4,greedy,1,10,10,E6G:E32G:E34A:K156M:K166M:L194P,6,3.9671051502227783,0.21757149696350098,3.9671051502227783,3.16414810046
4,greedy,1,11,11,D21N:H25R:K79M:Q80R:K158E:K214M,6,3.964656352996826,0.0351165272295475,3.964656352996826,3.76406696884
4,greedy,1,12,12,T108A:I123V:S147G:V150A:L178V:K214E:T230A,7,3.963933229446411,0.20610541105270386,3.963933229446411,3.19203418792
4,greedy,1,13,13,V68A:K79R:K158R:V176E:V193M:E235G,6,3.961869716644287,0.11160814017057419,3.961869716644287,3.60372676656
4,greedy,1,14,14,F46Y:P75H:N149D:I161V:Q184R,5,3.9593539237976074,0.08974404633045197,3.9593539237976074,3.43796043304
4,greedy,1,15,15,K3R:P75L:P89S:N105D:K158E,5,3.948715925216675,0.16567979753017426,3.948715925216675,1.62120476056
4,greedy,1,16,16,V68A:P75A:K156E:V224A,4,3.9459128379821777,0.18645954132080078,3.9459128379821777,3.29049031588
4,greedy,1,17,17,S28C:H77L:Q80R:F84Y:Y145H:N149Y:K158R:K162E:D173V:Y182C:T186A:S202G,12,3.9433319568634033,0.1327751725912094,3.9433319568634033,1.30102999207
4,greedy,1,18,18,E132A:N135D:N164S:N198G,4,3.9429633617401123,0.10107124596834183,3.9429633617401123,3.81187595859
4,greedy,1,19,19,E6G:I123V:I152V:K214Q,4,3.942958116531372,0.0830504447221756,3.942958116531372,3.75896595024
4,greedy,1,20,20,N149S:N185D:T186S:I188F:Q204L:K209E:E235G,7,3.9427573680877686,0.06753804534673691,3.9427573680877686,1.30103106176
4,greedy,2,1,21,Y39N:N105I,2,3.8280396461486816,0.05637672170996666,3.8280396461486816,4.08598147357
4,greedy,2,2,22,T59S:T62S:D180N,3,3.774930477142334,0.06676656752824783,3.774930477142334,3.77597424733
4,greedy,2,3,23,T38S:T62S,2,3.7670350074768066,0.021281497552990913,3.7670350074768066,3.69094324962
4,greedy,2,4,24,I123V:I161V,2,3.7631888389587402,0.03455450013279915,3.7631888389587402,3.75844470049
4,greedy,2,5,25,R73L:I161V,2,3.759760618209839,0.060102690011262894,3.759760618209839,3.69752524656
4,greedy,2,6,26,I123V:I167V,2,3.7561581134796143,0.045647021383047104,3.7561581134796143,3.69445183899
4,greedy,2,7,27,C70S:E132G:P192L:T230S,4,3.754051685333252,0.043969929218292236,3.754051685333252,3.25877483674
4,greedy,2,8,28,S208C:R215H:F223Y,3,3.752443790435791,0.05675158277153969,3.752443790435791,3.59412266825
4,greedy,2,9,29,S30T:F99L,2,3.750967502593994,0.054222721606492996,3.750967502593994,3.68919990245
4,greedy,2,10,30,R73L:H169Y:E172K,3,3.745291233062744,0.061430640518665314,3.745291233062744,3.64501916546
4,greedy,2,11,31,D19N:K158G,2,3.7432563304901123,0.07273624837398529,3.7432563304901123,3.5987308810900003
4,greedy,2,12,32,I171T:I188V,2,3.742906093597412,0.060253214091062546,3.742906093597412,3.917373360280002
4,greedy,2,13,33,S30T:S175C,2,3.7414469718933105,0.02345461957156658,3.7414469718933105,3.73437018198
4,greedy,2,14,34,I128T:S208T,2,3.7397589683532715,0.05628461018204689,3.7397589683532715,3.66564163492
4,greedy,2,15,35,Y39N:N105H,2,3.738957643508911,0.02798384055495262,3.738957643508911,3.73007484474
4,greedy,2,16,36,I128T:I171V,2,3.73884916305542,0.042716555297374725,3.73884916305542,3.69577544388
4,greedy,2,17,37,N105I:N146S,2,3.7386317253112793,0.04105040803551674,3.7386317253112793,3.80873689423
4,greedy,2,18,38,I128V:M233V,2,3.7385094165802,0.03290139511227608,3.7385094165802,3.7844853697800014
4,greedy,2,19,39,I128V:I229V,2,3.7379581928253174,0.03284040093421936,3.7379581928253174,3.54977207958
4,greedy,2,20,40,I128V:I171V,2,3.737222671508789,0.059845875948667526,3.737222671508789,3.7483527695
4,greedy,3,1,41,N159D:I161T:I167T,3,3.8127846717834473,0.07419838011264801,3.8127846717834473,3.26768497311
4,greedy,3,2,42,E17K:K79M:N105S:K214R,4,3.7907462120056152,0.05267837271094322,3.7907462120056152,3.67603817469
4,greedy,3,3,43,T62A:T63S,2,3.7884368896484375,0.0724046602845192,3.7884368896484375,3.83773820258
4,greedy,3,4,44,R73C:H231Y,2,3.7701447010040283,0.04575427621603012,3.7701447010040283,3.62482326559
4,greedy,3,5,45,K79R:L194M,2,3.765869140625,0.03724881261587143,3.765869140625,3.73927614161
4,greedy,3,6,46,N105I:N135D,2,3.7654922008514404,0.025777097791433334,3.7654922008514404,3.8151244434300007
4,greedy,3,7,47,I152V:L221M,2,3.758455753326416,0.08254603296518326,3.758455753326416,3.82467520356
4,greedy,3,8,48,S208C:F223L:T230A,3,3.754323959350586,0.03481748700141907,3.754323959350586,3.68579956687
4,greedy,3,9,49,P187S:L194V,2,3.750664472579956,0.03641537204384804,3.750664472579956,3.77188125834
4,greedy,3,10,50,I171N:L178H:V193M:T230A,4,3.7497806549072266,0.040949705988168716,3.7497806549072266,3.5424022365800005
4,greedy,3,11,51,T38A:R73C:F84Y:G191V,4,3.7489867210388184,0.03960370272397995,3.7489867210388184,3.523309400930002
4,greedy,3,12,52,E34V:K79M:L220M:G232D,4,3.7481274604797363,0.08086514472961426,3.7481274604797363,3.610553587780002
4,greedy,3,13,53,E132A:N135D,2,3.746133804321289,0.061872448772192,3.746133804321289,3.63110249431
4,greedy,3,14,54,E32G:N105I:N135D,3,3.741460084915161,0.046162985265254974,3.741460084915161,3.650781739
4,greedy,3,15,55,T97A:N105I,2,3.7407386302948,0.010990629903972149,3.7407386302948,3.73529500741
4,greedy,3,16,56,S72G:R73C:N212Y,3,3.7397263050079346,0.1094040647149086,3.7397263050079346,3.66579939698
4,greedy,3,17,57,L53M:K79R:K214R,3,3.737410068511963,0.08217546343803406,3.737410068511963,3.602005917780002
4,greedy,3,18,58,D21V:D155N:F165Y:I167V:P211R,5,3.7365360260009766,0.03228670358657837,3.7365360260009766,3.4485189378400003
4,greedy,3,19,59,E5G:E32R:K79R,3,3.7350783348083496,0.03211427479982376,3.7350783348083496,3.80394907707
4,greedy,3,20,60,N105I:N212D,2,3.7344260215759277,0.01733691804111004,3.7344260215759277,3.68195086952
4,greedy,4,1,61,N105I:N149D,2,3.7397289276123047,0.030467145144939423,3.7397289276123047,3.76040467543
4,greedy,4,2,62,Y39N:N135I:S208G,3,3.735006809234619,0.018796639516949654,3.735006809234619,3.4464724772300004
4,greedy,4,3,63,S72C:G138E:H169L:D197G,4,3.7349460124969482,0.02412627637386322,3.7349460124969482,3.53002709911
4,greedy,4,4,64,R73L:L194Q:D197V,3,3.7331395149230957,0.05620422959327698,3.7331395149230957,3.55587915745
4,greedy,4,5,65,I128V:H231L:G232D,3,3.7257180213928223,0.05473332852125168,3.7257180213928223,3.71322440914
4,greedy,4,6,66,T97S:G138R:K140R,3,3.7255311012268066,0.0769345760345459,3.7255311012268066,3.62374389311
4,greedy,4,7,67,Y39N:D155G,2,3.722180128097534,0.03947002440690994,3.722180128097534,3.78355313085
4,greedy,4,8,68,P75T:I171T,2,3.7174859046936035,0.04009652137756348,3.7174859046936035,3.3862372492
4,greedy,4,9,69,F46L:S202C,2,3.717168092727661,0.07550158351659775,3.717168092727661,3.78891134888
4,greedy,4,10,70,I47V:D155G:P187T,3,3.7156224250793457,0.023932624608278275,3.7156224250793457,3.38645995061
4,greedy,4,11,71,V163A:F165L,2,3.715066909790039,0.067096047103405,3.715066909790039,3.95943385557
4,greedy,4,12,72,N105S:N146K,2,3.714226484298706,0.024156533181667328,3.714226484298706,3.71280698487
4,greedy,4,13,73,S72G:M88L:F165L,3,3.7140979766845703,0.03979365900158882,3.7140979766845703,3.3028980798400003
4,greedy,4,14,74,N105I:Y145F:M233L,3,3.713376998901367,0.05034760385751724,3.713376998901367,3.68904430313
4,greedy,4,15,75,G232D:M233L,2,3.7111802101135254,0.039663709700107574,3.7111802101135254,3.86952185022
4,greedy,4,16,76,T59S:T62A,2,3.709876298904419,0.0278943981975317,3.709876298904419,3.54027652442
4,greedy,4,17,77,F8Y:S28T:F99Y:E132V:I167V,5,3.7095401287078857,0.08186163008213043,3.7095401287078857,3.5671238294300003
4,greedy,4,18,78,T38S:T63S,2,3.7075390815734863,0.04928926005959511,3.7075390815734863,3.54678935236
4,greedy,4,19,79,I47T:R73L,2,3.7070159912109375,0.04513097554445267,3.7070159912109375,3.69368827921
4,greedy,4,20,80,S65A:S202C,2,3.704578399658203,0.03025875613093376,3.704578399658203,3.3422389806700004
4,greedy,5,1,81,T59A:T62S,2,3.7567806243896484,0.07291896641254425,3.7567806243896484,3.54358325939
4,greedy,5,2,82,I229T:M233L,2,3.721451997756958,0.024295730516314507,3.721451997756958,3.83156717175
4,greedy,5,3,83,A206T:G232D,2,3.713616132736206,0.03262309357523918,3.713616132736206,3.73750507467
4,greedy,5,4,84,I229V:M233V,2,3.7105019092559814,0.03281553462147713,3.7105019092559814,3.70531263054
4,greedy,5,5,85,I161V:I171T,2,3.7074947357177734,0.052569713443517685,3.7074947357177734,3.86077361263
4,greedy,5,6,86,P75H:V163A,2,3.707368850708008,0.043688155710697174,3.707368850708008,3.54965357239
4,greedy,5,7,87,M78I:A206T,2,3.698876142501831,0.05681060254573822,3.698876142501831,3.7047260676
4,greedy,5,8,88,F46L:I123V,2,3.6984894275665283,0.05693568289279938,3.6984894275665283,3.74956292846
4,greedy,5,9,89,S28R:G134C:V150I,3,3.698395252227783,0.05694613605737686,3.698395252227783,3.44739478449
4,greedy,5,10,90,T59S:V68A,2,3.697144031524658,0.07542504370212555,3.697144031524658,3.73129506939
4,greedy,5,11,91,I229T:M233V,2,3.697051525115967,0.038601092994213104,3.697051525115967,3.75146447991
4,greedy,5,12,92,N159D:M233V,2,3.695465087890625,0.061705250293016434,3.695465087890625,3.62377279013
4,greedy,5,13,93,L15R:T38S,2,3.695338726043701,0.07053637504577637,3.695338726043701,3.67463741686
4,greedy,5,14,94,E6K:S208C,2,3.6947433948516846,0.06122487038373947,3.6947433948516846,3.6718140079300015
4,greedy,5,15,95,L221Q:T225S,2,3.691255569458008,0.04706413671374321,3.691255569458008,3.69753055427
4,greedy,5,16,96,N105S:N146S,2,3.689823627471924,0.05694003403186798,3.689823627471924,3.54678934664
4,greedy,5,17,97,F46Y:T62A,2,3.6892783641815186,0.035538073629140854,3.6892783641815186,3.78983842113
4,greedy,5,18,98,I188F:M233T,2,3.6882920265197754,0.04410458728671074,3.6882920265197754,3.63325757953
4,greedy,5,19,99,I136V:I171T,2,3.68829083442688,0.04277161508798599,3.68829083442688,3.84219000725
4,greedy,5,20,100,T203A:S208C,2,3.688263416290283,0.040648702532052994,3.688263416290283,3.62507130661
4,ucb,1,1,1,L42Q:S72C:M78L:H81L:K101R:S147G:I167V:G191R:L201R:M233V:E235G,11,3.992579221725464,0.256675660610199,4.2492547035217285,1.7157266221
4,ucb,1,2,2,H25R:F46S:T49S:G51S:F130L:S147C:K158R:D173V:Q204L,9,4.004096508026123,0.2172974944114685,4.221394062042236,1.30113765832
4,ucb,1,3,3,E6G:L15Q:F46L:I47T:N105D:D133G:F165V:T203A,8,4.020037651062012,0.16578036546707153,4.185818195343018,1.30103163828
4,ucb,1,4,4,E6G:E32G:E34A:K156M:K166M:L194P,6,3.9671051502227783,0.21757149696350098,4.184676647186279,3.16414810046
4,ucb,1,5,5,V16A:E34G:K41E:T43A:D133G:S147G:H148Y:N159D,8,3.8765652179718018,0.30390599370002747,4.180471420288086,1.30151444908
4,ucb,1,6,6,T108A:I123V:S147G:V150A:L178V:K214E:T230A,7,3.963933229446411,0.20610541105270386,4.17003870010376,3.19203418792
4,ucb,1,7,7,I14T:S30F:K52R:Q80L:F99I:K158R:Y182C:L207P:K209R:E222G,10,4.007984161376953,0.15016409754753113,4.158148288726807,1.30102997409
4,ucb,1,8,8,V68E:K79E:N121S:H148R:D173G:Q184L:Y237C,7,4.036831378936768,0.11957582831382751,4.156407356262207,1.30178978615
4,ucb,1,9,9,I47V:M78V:I123V:K126R:E132V:K162T,6,3.8889431953430176,0.2629525363445282,4.151895523071289,3.34630305867
4,ucb,1,10,10,I47V:N105S:F165Y:I167V:D197G:M233V,6,3.982182025909424,0.16699442267417908,4.149176597595215,3.90870556551
4,ucb,1,11,11,G138R:H139R:K158R:K162R:P187T,5,3.968684434890747,0.1802406758069992,4.148925304412842,3.5631714864
4,ucb,1,12,12,V68A:P75A:K156E:V224A,4,3.9459128379821777,0.18645954132080078,4.1323723793029785,3.29049031588
4,ucb,1,13,13,K41E:K52M:V61A:D103E:K140R:M153L:K158E:V224A,8,3.976900815963745,0.14806725084781647,4.1249680519104,1.3019250648
4,ucb,1,14,14,M78L:N121S:N144I:H148R:N159D:I188V:D197G,7,3.9391016960144043,0.18555814027786255,4.124660015106201,1.4731926326700002
4,ucb,1,15,15,V55M:T62S:D102G:D129G:N146S:K156R:K166E:D190G:L221P,9,3.894207000732422,0.2294325828552246,4.1236395835876465,1.30103236579
4,ucb,1,16,16,F71S:S72C:D103G:I136T:N164D:I167V:I171L:L194P:S208C:A226T,10,3.899033308029175,0.22134359180927277,4.120377063751221,1.5632813020200005
4,ucb,1,17,17,K3R:P75L:P89S:N105D:K158E,5,3.948715925216675,0.16567979753017426,4.114395618438721,1.62120476056
4,ucb,1,18,18,E6G:S28R:K166E:N212Y:V224A:T230A:E235D,7,3.921996593475342,0.18388815224170685,4.105884552001953,3.41971880197
4,ucb,1,19,19,C48R:M88L:Q94L:D103G:K107E:N121S:F130L:D133E:N146S:D216G,10,3.8843181133270264,0.21318916976451874,4.097507476806641,1.39034018786
4,ucb,1,20,20,I47T:K79E:K126E:D197G:M218K:D234V,6,3.857529401779175,0.23880109190940857,4.096330642700195,1.30103094545
4,ucb,2,1,21,H25L:S28C:S175C:P187L,4,3.7988224029541016,0.12276382744312286,3.921586275100708,3.3105745304900003
4,ucb,2,2,22,R73L:H169Y:E172K,3,3.8040924072265625,0.0755077376961708,3.8796000480651855,3.64501916546
4,ucb,2,3,23,T38S:T62S,2,3.7855210304260254,0.08000513166189194,3.8655261993408203,3.69094324962
4,ucb,2,4,24,T62A:T63S,2,3.773266553878784,0.09088585525751114,3.864152431488037,3.83773820258
4,ucb,2,5,25,Y39C:G189C,2,3.7674496173858643,0.08452717214822769,3.8519768714904785,3.5584565846300005
4,ucb,2,6,26,R73L:F165Y,2,3.7789466381073,0.07057745009660721,3.8495240211486816,3.50262359987
4,ucb,2,7,27,F8Y:S28T:F99Y:E132V:I167V,5,3.764944553375244,0.08339854329824448,3.8483431339263916,3.5671238294300003
4,ucb,2,8,28,T38A:R73C:F84Y:G191V,4,3.7694296836853027,0.07860426604747772,3.848033905029297,3.523309400930002
4,ucb,2,9,29,E5A:R73H:S208C,3,3.7576630115509033,0.08899789303541183,3.846660852432251,3.76046475966
4,ucb,2,10,30,S30T:S175C,2,3.7887122631073,0.05308452621102333,3.841796875,3.73437018198
4,ucb,2,11,31,T59S:T62S:D180N,3,3.7535202503204346,0.08805669844150543,3.8415770530700684,3.77597424733
4,ucb,2,12,32,R73L:L194Q:D197V,3,3.760643720626831,0.07680515944957733,3.837448835372925,3.55587915745
4,ucb,2,13,33,E172K:T225S:E235V,3,3.7341506481170654,0.10306987166404724,3.8372204303741455,3.65575243639
4,ucb,2,14,34,R73C:H231Y,2,3.7305092811584473,0.10567937046289444,3.836188554763794,3.62482326559
4,ucb,2,15,35,S202C:T203A,2,3.7869651317596436,0.04548899456858635,3.832454204559326,3.717375780725
4,ucb,2,16,36,E17K:K79M:N105S:K214R,4,3.7191081047058105,0.11029419302940369,3.829402208328247,3.67603817469
4,ucb,2,17,37,Y39N:N105I,2,3.759512424468994,0.06598830223083496,3.825500726699829,4.08598147357
4,ucb,2,18,38,T38S:T63S,2,3.745007038116455,0.07839590311050415,3.8234028816223145,3.54678935236
4,ucb,2,19,39,R73L:I161V,2,3.782588243484497,0.04018441587686539,3.822772741317749,3.69752524656
4,ucb,2,20,40,T97A:V112A:N149S:K162E:F165L:R168H:V176A:P196H:P211T,9,3.6980597972869873,0.12281692773103714,3.8208768367767334,1.42500087641
4,ucb,3,1,41,Y39N:E132G:Y145F,3,3.795397996902466,0.08809002488851547,3.8834879398345947,3.64561793492
4,ucb,3,2,42,T59A:T62S,2,3.7823524475097656,0.08424971252679825,3.8666021823883057,3.54358325939
4,ucb,3,3,43,Y39N:N105H,2,3.8255043029785156,0.038809146732091904,3.8643133640289307,3.73007484474
4,ucb,3,4,44,I14T:T38I:L44M:N105I,4,3.7160415649414062,0.13673309981822968,3.8527746200561523,3.3860796577700003
4,ucb,3,5,45,E5K:Y39N:S72G,3,3.7254137992858887,0.11134705692529678,3.8367607593536377,3.91223097583
4,ucb,3,6,46,I152V:L221M,2,3.775280475616455,0.04754146188497543,3.822821855545044,3.82467520356
4,ucb,3,7,47,D180Y:L221Q,2,3.7134571075439453,0.08594094961881638,3.7993979454040527,3.83657731471
4,ucb,3,8,48,P187S:L194V,2,3.7585442066192627,0.040607351809740067,3.799151659011841,3.77188125834
4,ucb,3,9,49,L178H:L195Q,2,3.6640610694885254,0.12735459208488464,3.7914156913757324,3.5077313452199994
4,ucb,3,10,50,E6V:Y39N,2,3.7386467456817627,0.051667243242263794,3.790313959121704,3.9178467176
4,ucb,3,11,51,T63S:F223Y,2,3.7193775177001953,0.06872404366731644,3.7881016731262207,3.55726154367
4,ucb,3,12,52,I171N:L178H:V193M:T230A,4,3.6395161151885986,0.14520643651485443,3.7847225666046143,3.5424022365800005
4,ucb,3,13,53,Y39N:N105Y:H181Y,3,3.6983470916748047,0.08444599062204361,3.7827930450439453,3.54964105642
4,ucb,3,14,54,I128V:M233V,2,3.7196269035339355,0.06142363324761391,3.781050443649292,3.7844853697800014
4,ucb,3,15,55,E6K:K214R,2,3.719586133956909,0.060881953686475754,3.780467987060547,3.6982814454300006
4,ucb,3,16,56,E34V:K79M:L220M:G232D,4,3.6904215812683105,0.08860021084547043,3.779021739959717,3.610553587780002
4,ucb,3,17,57,Y39N:D133V,2,3.6696174144744873,0.10830332338809967,3.777920722961426,3.6692949053199992
4,ucb,3,18,58,I123V:I161V,2,3.743011474609375,0.03450261801481247,3.7775139808654785,3.75844470049
4,ucb,3,19,59,Y39H:I188F,2,3.720867156982422,0.05470052734017372,3.7755677700042725,3.64508992584
4,ucb,3,20,60,Y39N:D155G,2,3.7393956184387207,0.03576841205358505,3.7751641273498535,3.78355313085
4,ucb,4,1,61,E34V:Y39N:M153L:M233L,4,3.719304323196411,0.1274595856666565,3.846763849258423,3.60475305432
4,ucb,4,2,62,D19N:K158G,2,3.778968095779419,0.06475842744112015,3.843726634979248,3.5987308810900003
4,ucb,4,3,63,I123V:I167V,2,3.773117780685425,0.06708438694477081,3.8402020931243896,3.69445183899
4,ucb,4,4,64,E5V:E17K,2,3.7227790355682373,0.08672443777322769,3.8095035552978516,3.76816794704
4,ucb,4,5,65,E5K:N105S,2,3.7408623695373535,0.06433850526809692,3.8052008152008057,3.8039042887
4,ucb,4,6,66,E17K:E34V,2,3.7208144664764404,0.07932257652282715,3.8001370429992676,3.72463626683
4,ucb,4,7,67,E6G:Y39N,2,3.756251096725464,0.04107097536325455,3.7973220348358154,3.79136497401
4,ucb,4,8,68,E32K:D117G:M233V,3,3.6972649097442627,0.09748797863721848,3.794752836227417,3.77608727763
4,ucb,4,9,69,R73H:S202C,2,3.711961030960083,0.08208084851503372,3.794041872024536,3.57062554499
4,ucb,4,10,70,L15R:N105T,2,3.7158000469207764,0.0743321031332016,3.7901320457458496,3.88408956321
4,ucb,4,11,71,E6V:Y39N:T59A:R73H:G228W,5,3.70784068107605,0.08056174963712692,3.7884023189544678,3.55464308354
4,ucb,4,12,72,E5V:M88L:D102G:M233V,4,3.6485989093780518,0.13858333230018616,3.787182331085205,3.63772887128
4,ucb,4,13,73,I47V:I161V,2,3.698899745941162,0.0876278430223465,3.786527633666992,4.02854128538
4,ucb,4,14,74,E17K:I123V:I136V,3,3.6641464233398438,0.11790525913238525,3.7820515632629395,3.66127045134
4,ucb,4,15,75,I47V:N105S:I123V:I136V:T186S,5,3.6917853355407715,0.08799032866954803,3.779775619506836,3.6940136665400014
4,ucb,4,16,76,Y39N:K52M:P75S:E132G:I229V,5,3.676734447479248,0.1028093472123146,3.779543876647949,3.58666852917
4,ucb,4,17,77,I128V:I229V,2,3.7421364784240723,0.03630363196134567,3.778439998626709,3.54977207958
4,ucb,4,18,78,S30C:E142G,2,3.691920757293701,0.08218409866094589,3.7741048336029053,3.90677578216
4,ucb,4,19,79,E6K:S208C,2,3.7152717113494873,0.05766826868057251,3.772939920425415,3.6718140079300015
4,ucb,4,20,80,Y39N:D76V,2,3.709831953048706,0.05891404300928116,3.7687458992004395,3.8903704987
4,ucb,5,1,81,N159D:I161T:I167T,3,3.6862659454345703,0.13215161859989166,3.818417549133301,3.26768497311
4,ucb,5,2,82,P75H:V163A,2,3.6830010414123535,0.12912535667419434,3.812126398086548,3.54965357239
4,ucb,5,3,83,L15R:T38S,2,3.70348858833313,0.09527067840099335,3.7987592220306396,3.67463741686
4,ucb,5,4,84,Y39N:S86T,2,3.70855712890625,0.08877990394830704,3.797337055206299,3.63716609971
4,ucb,5,5,85,L15Q:I47V,2,3.671679735183716,0.12033212929964066,3.7920119762420654,3.7605424
4,ucb,5,6,86,N105T:D117V,2,3.7622084617614746,0.027796531096100807,3.7900049686431885,3.79107222206
4,ucb,5,7,87,D117N:N146D:I161V,3,3.7143681049346924,0.07499491423368454,3.789362907409668,3.86890527636
4,ucb,5,8,88,V163E:Q184L,2,3.649293899536133,0.13685375452041626,3.7861475944519043,4.0211712601
4,ucb,5,9,89,S86A:N105T,2,3.7443833351135254,0.03764965012669563,3.7820329666137695,3.87110182176
4,ucb,5,10,90,I128F:G138R:H231R:G232S,4,3.623250961303711,0.15455402433872223,3.7778050899505615,3.68875221798
4,ucb,5,11,91,S147T:I161V,2,3.713362216949463,0.06270162761211395,3.776063919067383,3.66064154475
4,ucb,5,12,92,L15R:D36E:I47V:I229V:D234N,5,3.5949432849884033,0.18092232942581177,3.7758655548095703,3.64962149625
4,ucb,5,13,93,I128V:H231L:G232D,3,3.7148067951202393,0.057879067957401276,3.7726857662200928,3.71322440914
4,ucb,5,14,94,Y39N:I128V,2,3.6671416759490967,0.1033116802573204,3.770453453063965,3.90529475602
4,ucb,5,15,95,L15Q:S72G:T186S:L201Q,4,3.61000394821167,0.1563630849123001,3.766366958618164,3.54178159184
4,ucb,5,16,96,G232D:M233L,2,3.7070631980895996,0.0579056590795517,3.7649688720703125,3.86952185022
4,ucb,5,17,97,Y39N:T50A,2,3.7014153003692627,0.06320606172084808,3.7646212577819824,3.66583716524
4,ucb,5,18,98,L15Q:H139Y,2,3.644977569580078,0.11621927469968796,3.7611968517303467,3.40858207139
4,ucb,5,19,99,V163E:F223L,2,3.5388119220733643,0.22224800288677216,3.7610599994659424,3.7529132302
4,ucb,5,20,100,Q204H:L221R,2,3.6227290630340576,0.1374182105064392,3.7601473331451416,3.66719668375
4,conservative,1,1,1,D21N:H25R:K79M:Q80R:K158E:K214M,6,3.964656352996826,0.0351165272295475,3.929539918899536,3.76406696884
4,conservative,1,2,2,V68E:K79E:N121S:H148R:D173G:Q184L:Y237C,7,4.036831378936768,0.11957582831382751,3.9172556400299072,1.30178978615
4,conservative,1,3,3,E32G:K126R:K131R:Q184R:S208C:K214R,6,3.9959073066711426,0.08014722168445587,3.915760040283203,3.6013193627900004
4,conservative,1,4,4,F8L:V22I:S28C:S72C:I98T:D103N:I128V:N135S:D234G,9,3.9252307415008545,0.03949941694736481,3.8857312202453613,1.43553558396
4,conservative,1,5,5,N149S:N185D:T186S:I188F:Q204L:K209E:E235G,7,3.9427573680877686,0.06753804534673691,3.8752193450927734,1.30103106176
4,conservative,1,6,6,S30C:N105Y:E142G:N146S:Q157L:Q204R:Y237C,7,3.934401273727417,0.05989207327365875,3.87450909614563,3.39616390601
4,conservative,1,7,7,F46Y:P75H:N149D:I161V:Q184R,5,3.9593539237976074,0.08974404633045197,3.869609832763672,3.43796043304
4,conservative,1,8,8,T38S:T62S,2,3.8811187744140625,0.01849455013871193,3.862624168395996,3.69094324962
4,conservative,1,9,9,L15Q:S72G:T186S:L201Q,4,3.907170057296753,0.04545658454298973,3.861713409423828,3.54178159184
4,conservative,1,10,10,K41R:V61A:N121S:N146S:K162R:F165L:R168H:D173G,8,3.9296600818634033,0.06886617094278336,3.8607938289642334,1.3010299877299998
4,conservative,1,11,11,E6G:I123V:I152V:K214Q,4,3.942958116531372,0.0830504447221756,3.859907627105713,3.75896595024
4,conservative,1,12,12,I14T:S30F:K52R:Q80L:F99I:K158R:Y182C:L207P:K209R:E222G,10,4.007984161376953,0.15016409754753113,3.8578200340270996,1.30102997409
4,conservative,1,13,13,E17K:D36V:Y39D:D129G:N164H:Q184L,6,3.895124912261963,0.03773888945579529,3.8573861122131348,3.73660976111
4,conservative,1,14,14,E6G:L15Q:F46L:I47T:N105D:D133G:F165V:T203A,8,4.020037651062012,0.16578036546707153,3.854257345199585,1.30103163828
4,conservative,1,15,15,V68A:K79R:K158R:V176E:V193M:E235G,6,3.961869716644287,0.11160814017057419,3.850261688232422,3.60372676656
4,conservative,1,16,16,K107R:K158R:K162R:D190V:H231L,5,3.9212021827697754,0.07353124022483826,3.8476710319519043,3.7818035145
4,conservative,1,17,17,K52M:K79R:Q157L:S175C,4,3.877765655517578,0.030754921957850456,3.847010850906372,3.66047880531
4,conservative,1,18,18,P54L:F130L:H139L:I152V:K156E:F165L:I171T:D190V:V193A:I229T,10,3.9148623943328857,0.07062871009111404,3.844233751296997,1.30103165203
4,conservative,1,19,19,E132A:N135D:N164S:N198G,4,3.9429633617401123,0.10107124596834183,3.8418920040130615,3.81187595859
4,conservative,1,20,20,T9A:V12M:T38I:D133G:K162R:V163A,6,3.904837131500244,0.06950896233320236,3.8353281021118164,3.64372225725
4,conservative,2,1,21,S30T:S175C,2,3.7925848960876465,0.028633784502744675,3.763951063156128,3.73437018198
4,conservative,2,2,22,S202C:T203A,2,3.783449172973633,0.034756045788526535,3.7486932277679443,3.717375780725
4,conservative,2,3,23,Y39N:N105I,2,3.792043685913086,0.060063667595386505,3.731980085372925,4.08598147357
4,conservative,2,4,24,D19N:K158G,2,3.795302629470825,0.06390932947397232,3.731393337249756,3.5987308810900003
4,conservative,2,5,25,S30T:F99L,2,3.7449493408203125,0.02248033881187439,3.7224690914154053,3.68919990245
4,conservative,2,6,26,T59S:T62S:D180N,3,3.7422873973846436,0.020192446187138557,3.722095012664795,3.77597424733
4,conservative,2,7,27,E17K:E34V,2,3.751518964767456,0.034703657031059265,3.716815233230591,3.72463626683
4,conservative,2,8,28,E5V:E132V:K166M,3,3.753995895385742,0.03844987973570824,3.715546131134033,3.69389363508
4,conservative,2,9,29,E115V:S175C,2,3.730916976928711,0.015869513154029846,3.7150473594665527,3.73431025858
4,conservative,2,10,30,S208C:T225A,2,3.755692720413208,0.043439991772174835,3.712252616882324,3.58470750349
4,conservative,2,11,31,N105I:N135D,2,3.7705447673797607,0.058733563870191574,3.7118113040924072,3.8151244434300007
4,conservative,2,12,32,S86T:S208C,2,3.770723819732666,0.06015513092279434,3.71056866645813,3.73979512352
4,conservative,2,13,33,K158M:D197G,2,3.7429111003875732,0.034970298409461975,3.7079408168792725,3.75722624596
4,conservative,2,14,34,S208C:R215H:F223Y,3,3.7650585174560547,0.057544589042663574,3.7075138092041016,3.59412266825
4,conservative,2,15,35,E34V:K158E,2,3.7471961975097656,0.04073891416192055,3.7064573764801025,3.71537590182
4,conservative,2,16,36,E6K:S208C,2,3.753295421600342,0.04730905592441559,3.705986261367798,3.6718140079300015
4,conservative,2,17,37,S28R:S202C:L221Q,3,3.7460029125213623,0.04141329228878021,3.704589605331421,3.88378812607
4,conservative,2,18,38,G232D:M233L,2,3.738361358642578,0.03463464975357056,3.7037267684936523,3.86952185022
4,conservative,2,19,39,K158M:D180G,2,3.7425758838653564,0.04080936685204506,3.7017664909362793,3.57930823166
4,conservative,2,20,40,N105I:N149D,2,3.7457938194274902,0.04584209993481636,3.699951648712158,3.76040467543
4,conservative,3,1,41,Y39N:N105H,2,3.783578872680664,0.016710979864001274,3.7668678760528564,3.73007484474
4,conservative,3,2,42,R73C:P75S:K156Q:H231L,4,3.793856382369995,0.04835210368037224,3.745504379272461,3.45945391491
4,conservative,3,3,43,V68A:P75A:K156E:V224A,4,3.7847342491149902,0.06743308901786804,3.7173011302948,3.29049031588
4,conservative,3,4,44,I128V:H231L:G232D,3,3.7405922412872314,0.02737051621079445,3.713221788406372,3.71322440914
4,conservative,3,5,45,E132A:N135D,2,3.7737374305725098,0.06162776052951813,3.7121095657348633,3.63110249431
4,conservative,3,6,46,K3E:E17K:E132G:N135D,4,3.7445805072784424,0.034567274153232574,3.7100131511688232,3.5077120098300005
4,conservative,3,7,47,P187S:L194V,2,3.7629992961883545,0.053271420300006866,3.7097277641296387,3.77188125834
4,conservative,3,8,48,K79R:L194M,2,3.7489516735076904,0.04055958241224289,3.7083921432495117,3.73927614161
4,conservative,3,9,49,K41R:N105I,2,3.740961790084839,0.03557927533984184,3.7053825855255127,3.5552057492
4,conservative,3,10,50,N105S:N159D:N170S:T230A,4,3.730707883834839,0.02569909393787384,3.7050087451934814,3.5547540060300005
4,conservative,3,11,51,E34V:Y39N:M153L:M233L,4,3.7328407764434814,0.029360277578234673,3.7034804821014404,3.60475305432
4,conservative,3,12,52,N105I:N146S,2,3.7495064735412598,0.04612134397029877,3.7033851146698,3.80873689423
4,conservative,3,13,53,R73L:I161V,2,3.724524974822998,0.021961279213428497,3.702563762664795,3.69752524656
4,conservative,3,14,54,I123V:I167V,2,3.741882801055908,0.03940287604928017,3.702479839324951,3.69445183899
4,conservative,3,15,55,T97A:N105I,2,3.749502182006836,0.047932855784893036,3.7015693187713623,3.73529500741
4,conservative,3,16,56,I171N:L178H:V193M:T230A,4,3.771620273590088,0.07034160941839218,3.7012786865234375,3.5424022365800005
4,conservative,3,17,57,I123V:I161V,2,3.744248867034912,0.04847472906112671,3.6957740783691406,3.75844470049
4,conservative,3,18,58,N105I:N212D,2,3.752577543258667,0.05716558173298836,3.6954119205474854,3.68195086952
4,conservative,3,19,59,Y39N:K52M:P75S:E132G:I229V,5,3.7618651390075684,0.06653109937906265,3.695333957672119,3.58666852917
4,conservative,3,20,60,T43N:M78L:K131E:N144D:L221Q:T225A:H231Q,7,3.764132022857666,0.07121922820806503,3.6929128170013428,3.5464978644
4,conservative,4,1,61,S65A:S202C,2,3.7415480613708496,0.020993834361433983,3.7205541133880615,3.3422389806700004
4,conservative,4,2,62,Y39N:D155G,2,3.7275023460388184,0.013708633370697498,3.7137937545776367,3.78355313085
4,conservative,4,3,63,T59A:T62S,2,3.72455096244812,0.012294154614210129,3.712256908416748,3.54358325939
4,conservative,4,4,64,T62A:T63S,2,3.7311196327209473,0.02206341363489628,3.7090561389923096,3.83773820258
4,conservative,4,5,65,Q157R:N159D,2,3.7357285022735596,0.03727017343044281,3.698458433151245,3.58701614833
4,conservative,4,6,66,I171T:I188V,2,3.714751720428467,0.01738668605685234,3.6973650455474854,3.917373360280002
4,conservative,4,7,67,Y39N:E142V:N146I,3,3.752124786376953,0.05932226777076721,3.6928024291992188,3.67375124373
4,conservative,4,8,68,N135I:K158E,2,3.7130672931671143,0.024305744096636772,3.6887614727020264,3.65895771013667
4,conservative,4,9,69,S147G:Q157H,2,3.726529359817505,0.04367126151919365,3.6828579902648926,3.4822310128500003
4,conservative,4,10,70,T38I:T62A:K162R:V176M:G191S,5,3.708317995071411,0.025829171761870384,3.6824889183044434,3.6036911635300006
4,conservative,4,11,71,N105I:N164D,2,3.7229411602020264,0.04312121868133545,3.6798200607299805,3.73928845961
4,conservative,4,12,72,D197V:S202C,2,3.7317123413085938,0.05292849987745285,3.678783893585205,3.58014600687
4,conservative,4,13,73,K214R:G232V,2,3.7021682262420654,0.02344750426709652,3.678720712661743,3.50126546147
4,conservative,4,14,74,N105I:M233V,2,3.705601215362549,0.02692488580942154,3.6786763668060303,3.80170724825
4,conservative,4,15,75,T38I:T97A,2,3.7480602264404297,0.0696379691362381,3.678422212600708,3.59321211754
4,conservative,4,16,76,N146I:N159D,2,3.697608232498169,0.01956428773701191,3.678043842315674,3.74917005473
4,conservative,4,17,77,Y39H:I188F,2,3.6970527172088623,0.01918964460492134,3.677863121032715,3.64508992584
4,conservative,4,18,78,R73L:F165Y,2,3.7315268516540527,0.054317038506269455,3.6772098541259766,3.50262359987
4,conservative,4,19,79,P192L:A206T,2,3.7049732208251953,0.028076568618416786,3.676896572113037,3.63879036564
4,conservative,4,20,80,K158E:M233V,2,3.7117552757263184,0.03495635837316513,3.6767988204956055,3.94619655391
4,conservative,5,1,81,M78T:K158E:M233V,3,3.8080360889434814,0.04471086710691452,3.7633252143859863,3.41686094374
4,conservative,5,2,82,I128V:M233V,2,3.7329201698303223,0.020288551226258278,3.7126317024230957,3.7844853697800014
4,conservative,5,3,83,M78V:M233V,2,3.732086658477783,0.021202927455306053,3.710883617401123,3.6363534533
4,conservative,5,4,84,M78T:I128V:M233V,3,3.7261414527893066,0.02160206250846386,3.7045392990112305,3.63225185677
4,conservative,5,5,85,N159D:M233V,2,3.7321884632110596,0.035114385187625885,3.6970741748809814,3.62377279013
4,conservative,5,6,86,I136V:I171T,2,3.716090440750122,0.029098521918058395,3.6869919300079346,3.84219000725
4,conservative,5,7,87,I161V:I171T,2,3.6907620429992676,0.005829953122884035,3.684931993484497,3.86077361263
4,conservative,5,8,88,I128V:I171V,2,3.7013168334960938,0.017109740525484085,3.6842072010040283,3.7483527695
4,conservative,5,9,89,T9I:S28R,2,3.701742172241211,0.01849973388016224,3.6832423210144043,3.83482044497
4,conservative,5,10,90,I229V:M233V,2,3.721937894821167,0.0395796112716198,3.6823582649230957,3.70531263054
4,conservative,5,11,91,N105I:Y145F:M233L,3,3.7155227661132812,0.033917952328920364,3.6816048622131348,3.68904430313
4,conservative,5,12,92,K158E:I188V,2,3.702016830444336,0.022461211308836937,3.679555654525757,3.70153688275
4,conservative,5,13,93,K158E:I171V,2,3.7126739025115967,0.03420203924179077,3.678471803665161,3.77275116606
4,conservative,5,14,94,N105Y:N159D,2,3.6875967979431152,0.012956121005117893,3.674640655517578,3.81814755612
4,conservative,5,15,95,M153V:K158E,2,3.730830669403076,0.05654111132025719,3.6742894649505615,3.97910423572
4,conservative,5,16,96,K79R:D180N,2,3.6860766410827637,0.012134941294789314,3.6739416122436523,3.63722493806
4,conservative,5,17,97,I136V:M233V,2,3.706855058670044,0.03415796160697937,3.672697067260742,3.736458554795
4,conservative,5,18,98,I171T:M233T,2,3.7129147052764893,0.04040718823671341,3.6725075244903564,3.67919683198
4,conservative,5,19,99,N105S:N146K,2,3.710935115814209,0.03919614478945732,3.671738862991333,3.71280698487
4,conservative,5,20,100,S30T:N159D:M233V,3,3.7183728218078613,0.047226354479789734,3.6711463928222656,3.77066711613
5,random,1,1,1,K85E:K158R:D173G:K209N,4,,,,1.50476050709
5,random,1,2,2,E6G:L18P:R109C,3,,,,1.30180017713
5,random,1,3,3,K101M:E111G:N146D:H148R:I188F:N212S,6,,,,1.7336441888999998
5,random,1,4,4,T49A:V68M:K85R:L201P,4,,,,1.3005862973
5,random,1,5,5,E5K:L137P:Y145C:I171F:D234G,5,,,,1.30103052744
5,random,1,6,6,D21V:M78V:T118A:I136L,4,,,,2.7447212280799995
5,random,1,7,7,G127C:N159D,2,,,,3.59221672255
5,random,1,8,8,F8L:H77R,2,,,,3.56417815251
5,random,1,9,9,D117G:H148R:K156E:S175G,4,,,,3.75414514597
5,random,1,10,10,T43A:E132G:L141Q:L221P:F223L,5,,,,1.70136881972
5,random,1,11,11,V68A:S86T:K107E:V163G:N164D:M233T,6,,,,3.70680762487
5,random,1,12,12,I47V:N159S,2,,,,3.683410917
5,random,1,13,13,V16D:Y200H,2,,,,1.74258548135
5,random,1,14,14,D21G:M78V:Q94R:N164S:E222G,5,,,,1.86065461078
5,random,1,15,15,C48S:T97I:F99L:V163A:T230S,5,,,,3.39544354042
5,random,1,16,16,V11A:Q69R:M78T:Q183L:L201P,5,,,,1.55412035118
5,random,1,17,17,D103G:L220P,2,,,,1.30032682327
5,random,1,18,18,F71L:R122C:L178H,3,,,,3.24299315921
5,random,1,19,19,E17K:H25R:L60P:N121D:K126E:F130L:V150F,7,,,,1.30102998634
5,random,1,20,20,H81L:D190G,2,,,,3.659485496
5,random,2,1,21,F8I:L18P:N105S:Y106H,4,,,,1.52987838151
5,random,2,2,22,L125Q:H217Y,2,,,,1.56210514076
5,random,2,3,23,F8Y:N23D:K41E:F46Y:T62A:A87T:E90V:F100L:V150A:L221Q,10,,,,1.30103000201
5,random,2,4,24,V29A:F46L:I47S:E115K:Y182H,5,,,,1.4303701920200005
5,random,2,5,25,F46V:Q184P:N185S:D190G:G232V,5,,,,1.30102998963
5,random,2,6,26,V68A:M78T:S175G:D190G,4,,,,3.37993059335
5,random,2,7,27,T38A:F46S:K158R,3,,,,3.43325877586
5,random,2,8,28,F165L:L207Q,2,,,,1.38771571317
5,random,2,9,29,F8S:S28G,2,,,,3.43411160604
5,random,2,10,30,Y74C:I123F:K162R:K209R:H231Y,5,,,,1.66059001476
5,random,2,11,31,T62A:M153V,2,,,,3.77483351396
5,random,2,12,32,K26M:E32G:L60P:F71Y:N135S:N149S,6,,,,1.30102999315
5,random,2,13,33,E17V:K126R:K140R:F223L,4,,,,3.71552684145
5,random,2,14,34,K140E:M153T:D216G:T225A,4,,,,1.60420056972
5,random,2,15,35,I98T:K113R:E142G:N164Y:Y182H:S205P:E213G,7,,,,1.30103091748
5,random,2,16,36,K52E:E132G:I229T,3,,,,3.57831737537
5,random,2,17,37,T97S:I128T:N164S,3,,,,3.73781395676
5,random,2,18,38,K126R:K158R:N164Y,3,,,,3.59812076234
5,random,2,19,39,Q69R:F84L:D129G:F165L:Y182S,5,,,,1.30110447445
5,random,2,20,40,V12A:V22A:T49P:Y106H:K107E:K156E:V163A:H199R:D216V,9,,,,1.61720901052
5,random,3,1,41,K79R:I161V:K166R:K214M,4,,,,3.76313704616
5,random,3,2,42,K140R:I161T:E172G,3,,,,3.64316708208
5,random,3,3,43,S30P:N170D,2,,,,1.30102963126
5,random,3,4,44,F8L:V16D:Y39N:V68M:K126R:Y182C,6,,,,1.30154046083
5,random,3,5,45,H25R:M78L:D133G:L178P,4,,,,3.63370767066
5,random,3,6,46,I98V:F100L:V112A:K158R:M218V:V219I,6,,,,1.5322121384
5,random,3,7,47,L7P:I98T:N164D:F223L,4,,,,1.30102997737
5,random,3,8,48,E17G:K26R:N164D,3,,,,3.50188865769
5,random,3,9,49,I47V:F99L:I171T:T186A,4,,,,3.76599646747
5,random,3,10,50,S30T:D102V:K140E:I161N,4,,,,1.3002704833399998
5,random,3,11,51,N23S:I171F:N198D,3,,,,3.6419227090699993
5,random,3,12,52,K79E:N170D:I229T,3,,,,3.46890993987
5,random,3,13,53,K26Q:I98F:T108A:N135S:K162M:L178P:E213G,7,,,,1.49377765062
5,random,3,14,54,N23D:G31S:K140E:N159D:S205F:L236P,6,,,,1.3010299635100002
5,random,3,15,55,N164Y:I167V:R168C:D210G,4,,,,2.8122307990099995
5,random,3,16,56,G31R:M88L:M153T:I161V:I188N,5,,,,1.30111407613
5,random,3,17,57,Y39C:K113R:D234G,3,,,,3.785652682
5,random,3,18,58,N23D:W57R:N149S:S175G:H181R:G189S,6,,,,1.29970969328
5,random,3,19,59,K45R:I136T:T225A,3,,,,3.11329580523
5,random,3,20,60,D133G:K158E,2,,,,3.67943346475
5,random,4,1,61,Q183L:T203I:S205A,3,,,,1.5251111992299995
5,random,4,2,62,G20S:F71L:N105Y:F114L:E132G,5,,,,1.30102999216
5,random,4,3,63,N23S:V61A,2,,,,3.22111678876
5,random,4,4,64,K45R:F46S:T49A:F100S:N159S:T203A,6,,,,1.30102998169
5,random,4,5,65,F8L:V11L:T118A:N146D:I171F,5,,,,1.54983953014
5,random,4,6,66,L15Q:F165L:T225S,3,,,,3.65716428019
5,random,4,7,67,L44Q:Y66C:K166E:I229S,4,,,,1.3010754652299998
5,random,4,8,68,D76G:F84L:D133N:D197G,4,,,,3.69392044579
5,random,4,9,69,E132G:S205T:S208G,3,,,,3.6628254461
5,random,4,10,70,D117G:I188T,2,,,,3.53369320316
5,random,4,11,71,H25R:F71I:Y182F,3,,,,3.68531281077
5,random,4,12,72,N164Y:N170D:G189S:S202G,4,,,,3.54955452197
5,random,4,13,73,Q80L:V176A,2,,,,3.5766984292300004
5,random,4,14,74,F8L:Q80R:M88L:I128T:M218L,5,,,,3.53152976256
5,random,4,15,75,H81L:L201Q:Q204R,3,,,,3.3350954997400004
5,random,4,16,76,K41R:K107R:N135S,3,,,,3.64620903807
5,random,4,17,77,K166M:I229V,2,,,,3.83299452554
5,random,4,18,78,T118S:I161T,2,,,,3.69610226128
5,random,4,19,79,V11A:S175R,2,,,,3.6456990759400014
5,random,4,20,80,M78T:K156E,2,,,,3.3669271275200003
5,random,5,1,81,D19G:V22A:D76V:T97A:S147G:V193A,6,,,,1.6528969025100002
5,random,5,2,82,K79E:F99I:K101R:K107R:I128N,5,,,,3.4991790452
5,random,5,3,83,N23G:I136T:Q184R,3,,,,3.3956770248400003
5,random,5,4,84,K3M:K79E,2,,,,3.3934610924299995
5,random,5,5,85,K101R:K140N:V193A,3,,,,3.50824197455
5,random,5,6,86,D133G:I152T,2,,,,3.28635433536
5,random,5,7,87,Q80L:E124G:Y143H:Y237C,4,,,,3.30734662217
5,random,5,8,88,T9A:C48S:S147G:I229T,4,,,,3.55802963292
5,random,5,9,89,D36E:D103G:I167V:Q184L:F223L,5,,,,3.27634812989
5,random,5,10,90,M78V:Y237C,2,,,,3.5351952468800003
5,random,5,11,91,H25L:F99S:F114L:K131R:H199R:K209E:N212S,7,,,,1.30103004012
5,random,5,12,92,N121S:E142G:N164S,3,,,,3.51767904635
5,random,5,13,93,V11M:K41N:I136T:M218T,4,,,,1.30103002808
5,random,5,14,94,Y74F:I136T:I171N:A226D,4,,,,1.42254060118
5,random,5,15,95,D21V:Y66C:H81R,3,,,,1.36792523702
5,random,5,16,96,F27Y:Q69R:D82E:T108S:I123F:S147N:N170D:N212Y,8,,,,1.45319614368
5,random,5,17,97,G24D:I171T:K214E,3,,,,3.72149483797
5,random,5,18,98,T50S:K52E:K140R:K156M:N212S,5,,,,3.70990432617
5,random,5,19,99,R109S:N170D:N198Y,3,,,,3.66635026226
5,random,5,20,100,N159S:D190G:H231R,3,,,,3.57294780527
5,greedy,1,1,1,L42Q:S72C:M78L:H81L:K101R:S147G:I167V:G191R:L201R:M233V:E235G,11,4.104321479797363,0.12699204683303833,4.104321479797363,1.7157266221
5,greedy,1,2,2,I47V:N105S:F165Y:I167V:D197G:M233V,6,4.068088531494141,0.08170473575592041,4.068088531494141,3.90870556551
5,greedy,1,3,3,M78L:N121S:N144I:H148R:N159D:I188V:D197G,7,4.06220006942749,0.08072551339864731,4.06220006942749,1.4731926326700002
5,greedy,1,4,4,F165L:D180G:T203A:F223Y:T230A,5,4.054388999938965,0.1402696818113327,4.054388999938965,3.30179590602
5,greedy,1,5,5,N149S:N185D:T186S:I188F:Q204L:K209E:E235G,7,4.053613185882568,0.20718875527381897,4.053613185882568,1.30103106176
5,greedy,1,6,6,F46Y:P75H:N149D:I161V:Q184R,5,4.053567886352539,0.0893586277961731,4.053567886352539,3.43796043304
5,greedy,1,7,7,F8Y:S28T:F99Y:E132V:I167V,5,4.038630962371826,0.1657656878232956,4.038630962371826,3.5671238294300003
5,greedy,1,8,8,T108A:I123V:S147G:V150A:L178V:K214E:T230A,7,4.037527561187744,0.07426288723945618,4.037527561187744,3.19203418792
5,greedy,1,9,9,C70S:F84L:Y92H:K113R:N121S:K158M:I161V:I167V,8,4.026125431060791,0.05293644592165947,4.026125431060791,1.68209372099
5,greedy,1,10,10,F27Y:Q80L:G134S:K158E:A179V:K214R,6,4.022037506103516,0.0596587210893631,4.022037506103516,1.30103146631
5,greedy,1,11,11,I47L:D102G:E132G:H139R:F165S:P192L:N198S,7,4.019094944000244,0.1842719316482544,4.019094944000244,1.6780396854700002
5,greedy,1,12,12,K3M:F99L:N159D:I161V:N170D:I188L:E235G,7,4.018345832824707,0.0841885656118393,4.018345832824707,3.5714425372300007
5,greedy,1,13,13,T62A:I98T:K107R:K126E:G138A:K156Q:F165L:N170S:D197G,9,4.015688419342041,0.156905397772789,4.015688419342041,1.30102952236
5,greedy,1,14,14,K41E:K52M:V61A:D103E:K140R:M153L:K158E:V224A,8,4.009571552276611,0.03972114995121956,4.009571552276611,1.3019250648
5,greedy,1,15,15,T38A:T43I:K107E:K156M:F165L:I167V:Q204H,7,4.006660461425781,0.11189744621515274,4.006660461425781,3.18684595493
5,greedy,1,16,16,Y74F:F114S:Y145H:Y151H:K156R:H169L:Q184L:Y237F,8,4.0059943199157715,0.12090692669153214,4.0059943199157715,1.3163559218799998
5,greedy,1,17,17,C48R:M88L:Q94L:D103G:K107E:N121S:F130L:D133E:N146S:D216G,10,4.005959510803223,0.17878757417201996,4.005959510803223,1.39034018786
5,greedy,1,18,18,S28R:K41R:I123V:F130L:N144D:I161V,6,4.005644798278809,0.03225332126021385,4.005644798278809,3.6057455678699992
5,greedy,1,19,19,F46L:F99L:K101E:Y145H:K158R:K166M:M218L,7,4.00544548034668,0.17425546050071716,4.00544548034668,3.65127595083
5,greedy,1,20,20,E6G:I47T:F100Y:R109C:N121S:Q157L:I161V,7,4.003857612609863,0.18539725244045258,4.003857612609863,3.1988405200200005
5,greedy,2,1,21,H25L:S28C:S175C:P187L,4,3.8109564781188965,0.07141821831464767,3.8109564781188965,3.3105745304900003
5,greedy,2,2,22,D19N:K158G,2,3.794534206390381,0.08319763094186783,3.794534206390381,3.5987308810900003
5,greedy,2,3,23,S65T:E115V:S202C:F223L,4,3.79313325881958,0.05673462897539139,3.79313325881958,3.35385933139
5,greedy,2,4,24,E90G:E95G:N105I:S175C:V193M,5,3.785991668701172,0.09244360029697418,3.785991668701172,3.5065790017800005
5,greedy,2,5,25,S28R:S202C:L221Q,3,3.7728991508483887,0.04189034923911095,3.7728991508483887,3.88378812607
5,greedy,2,6,26,F46L:S202C,2,3.7719428539276123,0.02168096974492073,3.7719428539276123,3.78891134888
5,greedy,2,7,27,S30T:S175C,2,3.7691969871520996,0.03759196773171425,3.7691969871520996,3.73437018198
5,greedy,2,8,28,Y39N:N105I,2,3.767092227935791,0.05338459461927414,3.767092227935791,4.08598147357
5,greedy,2,9,29,R73C:H231Y,2,3.766435146331787,0.07351603358983994,3.766435146331787,3.62482326559
5,greedy,2,10,30,T38S:T62S,2,3.7658934593200684,0.10199970752000809,3.7658934593200684,3.69094324962
5,greedy,2,11,31,S208C:R215H:F223Y,3,3.7658851146698,0.09163375943899155,3.7658851146698,3.59412266825
5,greedy,2,12,32,I128V:I229V,2,3.7604873180389404,0.0520736388862133,3.7604873180389404,3.54977207958
5,greedy,2,13,33,R73C:D190G:S208C,3,3.7593541145324707,0.09993406385183334,3.7593541145324707,3.60793762446
5,greedy,2,14,34,S65A:S202C,2,3.7565395832061768,0.01832662709057331,3.7565395832061768,3.3422389806700004
5,greedy,2,15,35,V22I:V61A:V176A:M233I,4,3.756535053253174,0.05620831996202469,3.756535053253174,3.33693980137
5,greedy,2,16,36,F46Y:E142G:R168H,3,3.7559914588928223,0.04281117394566536,3.7559914588928223,3.5211729965400003
5,greedy,2,17,37,S202C:T203A,2,3.7528369426727295,0.06365949660539627,3.7528369426727295,3.717375780725
5,greedy,2,18,38,L15Q:L194Q,2,3.7512497901916504,0.03327217325568199,3.7512497901916504,3.74094345846
5,greedy,2,19,39,T9A:L178R:S208C,3,3.7508950233459473,0.12845438718795776,3.7508950233459473,3.49131319211
5,greedy,2,20,40,S86T:S208C,2,3.747534990310669,0.05632239207625389,3.747534990310669,3.73979512352
5,greedy,3,1,41,R73L:L194Q:D197V,3,3.8163044452667236,0.0784730464220047,3.8163044452667236,3.55587915745
5,greedy,3,2,42,Y39N:N105H,2,3.8053665161132812,0.033890895545482635,3.8053665161132812,3.73007484474
5,greedy,3,3,43,L15R:N105T,2,3.7452728748321533,0.053265977650880814,3.7452728748321533,3.88408956321
5,greedy,3,4,44,N105T:D117V,2,3.7449421882629395,0.043824274092912674,3.7449421882629395,3.79107222206
5,greedy,3,5,45,S30T:F99L,2,3.7448978424072266,0.026451731100678444,3.7448978424072266,3.68919990245
5,greedy,3,6,46,I128T:I171V,2,3.7401137351989746,0.02719932608306408,3.7401137351989746,3.69577544388
5,greedy,3,7,47,I128T:S208T,2,3.7371795177459717,0.027054060250520706,3.7371795177459717,3.66564163492
5,greedy,3,8,48,P187S:L194V,2,3.7353503704071045,0.03861475735902786,3.7353503704071045,3.77188125834
5,greedy,3,9,49,I128T:I167V,2,3.733107328414917,0.03948083892464638,3.733107328414917,3.77286349987
5,greedy,3,10,50,K79R:L194M,2,3.727024793624878,0.04464605450630188,3.727024793624878,3.73927614161
5,greedy,3,11,51,K79R:S208C,2,3.7270190715789795,0.04082407429814339,3.7270190715789795,3.73773824554
5,greedy,3,12,52,R73L:I161V,2,3.7205467224121094,0.06326549500226974,3.7205467224121094,3.69752524656
5,greedy,3,13,53,E6V:Y39N,2,3.7192001342773438,0.04411701485514641,3.7192001342773438,3.9178467176
5,greedy,3,14,54,E5K:N105S,2,3.7187047004699707,0.04217753931879997,3.7187047004699707,3.8039042887
5,greedy,3,15,55,R73L:H169L,2,3.7181785106658936,0.06441741436719894,3.7181785106658936,3.56330936636
5,greedy,3,16,56,I152V:L221M,2,3.7179527282714844,0.037802960723638535,3.7179527282714844,3.82467520356
5,greedy,3,17,57,N105I:M233V,2,3.7162094116210938,0.0260318610817194,3.7162094116210938,3.80170724825
5,greedy,3,18,58,I171T:M233T,2,3.7159500122070312,0.061976026743650436,3.7159500122070312,3.67919683198
5,greedy,3,19,59,K3E:N105T,2,3.715893507003784,0.0452578105032444,3.715893507003784,3.69353813991
5,greedy,3,20,60,E17K:E34V,2,3.715550661087036,0.05782885476946831,3.715550661087036,3.72463626683
5,greedy,4,1,61,E6G:Y39N,2,3.796522855758667,0.06928393244743347,3.796522855758667,3.79136497401
5,greedy,4,2,62,I123V:I167V,2,3.748417615890503,0.03822072595357895,3.748417615890503,3.69445183899
5,greedy,4,3,63,S86A:N105T,2,3.7459964752197266,0.051103223115205765,3.7459964752197266,3.87110182176
5,greedy,4,4,64,E6G:Y39N:N149T,3,3.7412590980529785,0.10135875642299652,3.7412590980529785,3.52444069652
5,greedy,4,5,65,T63S:L221Q,2,3.739227294921875,0.09610790014266968,3.739227294921875,3.69390273672
5,greedy,4,6,66,Y39N:N135I:S208G,3,3.7369284629821777,0.05122140794992447,3.7369284629821777,3.4464724772300004
5,greedy,4,7,67,I123V:I161V,2,3.736146926879883,0.03778834640979767,3.736146926879883,3.75844470049
5,greedy,4,8,68,G232D:M233L,2,3.7355446815490723,0.03439249470829964,3.7355446815490723,3.86952185022
5,greedy,4,9,69,Y39N:S86T,2,3.734696626663208,0.08135595917701721,3.734696626663208,3.63716609971
5,greedy,4,10,70,P75T:I171T,2,3.7297720909118652,0.05746590718626976,3.7297720909118652,3.3862372492
5,greedy,4,11,71,T63S:F223Y,2,3.7267098426818848,0.061647020280361176,3.7267098426818848,3.55726154367
5,greedy,4,12,72,Y39N:D76V,2,3.726698398590088,0.04858960211277008,3.726698398590088,3.8903704987
5,greedy,4,13,73,T38S:T225S,2,3.723686933517456,0.04223812371492386,3.723686933517456,3.63098750431
5,greedy,4,14,74,T62A:T63S,2,3.722773790359497,0.05025649443268776,3.722773790359497,3.83773820258
5,greedy,4,15,75,N105I:M233T,2,3.7225749492645264,0.029084445908665657,3.7225749492645264,3.71409848884
5,greedy,4,16,76,N105I:N135D,2,3.7214419841766357,0.040746062994003296,3.7214419841766357,3.8151244434300007
5,greedy,4,17,77,N105S:E172K,2,3.7173409461975098,0.043887797743082047,3.7173409461975098,3.65463551589
5,greedy,4,18,78,Y39C:S208C,2,3.7171599864959717,0.04383236542344093,3.7171599864959717,3.7918634266
5,greedy,4,19,79,T59A:T62S,2,3.716266632080078,0.08510936051607132,3.716266632080078,3.54358325939
5,greedy,4,20,80,Y39C:N105Y,2,3.7148633003234863,0.03557881340384483,3.7148633003234863,3.771154964830002
5,greedy,5,1,81,Y39H:P211T:N212I,3,3.728543519973755,0.064210444688797,3.728543519973755,3.4440609512300004
5,greedy,5,2,82,E6K:D76N:N105Y,3,3.7217984199523926,0.05293602868914604,3.7217984199523926,4.09563969548
5,greedy,5,3,83,L15R:T38S,2,3.7196319103240967,0.047616444528102875,3.7196319103240967,3.67463741686
5,greedy,5,4,84,Q80R:N105S,2,3.7088420391082764,0.0486309714615345,3.7088420391082764,3.54678934328
5,greedy,5,5,85,S147T:I161V,2,3.7074825763702393,0.048120539635419846,3.7074825763702393,3.66064154475
5,greedy,5,6,86,V163A:F165L,2,3.7045273780822754,0.05802130326628685,3.7045273780822754,3.95943385557
5,greedy,5,7,87,K41R:N105I,2,3.6987223625183105,0.047227051109075546,3.6987223625183105,3.5552057492
5,greedy,5,8,88,T225S:T230A,2,3.6986114978790283,0.03542601689696312,3.6986114978790283,3.85265935346
5,greedy,5,9,89,E6G:H148R:T186N,3,3.6977972984313965,0.08000227808952332,3.6977972984313965,3.35087038153
5,greedy,5,10,90,L221Q:T225S,2,3.6955318450927734,0.053907569497823715,3.6955318450927734,3.69753055427
5,greedy,5,11,91,T9I:S28R,2,3.695507049560547,0.07066920399665833,3.695507049560547,3.83482044497
5,greedy,5,12,92,L141M:V163A,2,3.6939454078674316,0.028247954323887825,3.6939454078674316,3.93788704051
5,greedy,5,13,93,S72G:N105S:I161V,3,3.6937458515167236,0.04018527269363403,3.6937458515167236,3.87501234581
5,greedy,5,14,94,N105S:S175G,2,3.693188428878784,0.018621915951371193,3.693188428878784,3.7913267431
5,greedy,5,15,95,E6G:Y39S,2,3.6931076049804688,0.05676111951470375,3.6931076049804688,3.75917102243
5,greedy,5,16,96,I229T:M233L,2,3.6922943592071533,0.04425688832998276,3.6922943592071533,3.83156717175
5,greedy,5,17,97,Q80R:D234N,2,3.6922824382781982,0.016297833994030952,3.6922824382781982,3.67658743785
5,greedy,5,18,98,D76E:N105S,2,3.69193959236145,0.025901954621076584,3.69193959236145,3.71866983072
5,greedy,5,19,99,T38S:T63S,2,3.6919021606445312,0.03635518625378609,3.6919021606445312,3.54678935236
5,greedy,5,20,100,N105I:N212D,2,3.6902949810028076,0.04066915810108185,3.6902949810028076,3.68195086952
5,ucb,1,1,1,N149S:N185D:T186S:I188F:Q204L:K209E:E235G,7,4.053613185882568,0.20718875527381897,4.260801792144775,1.30103106176
5,ucb,1,2,2,L42Q:S72C:M78L:H81L:K101R:S147G:I167V:G191R:L201R:M233V:E235G,11,4.104321479797363,0.12699204683303833,4.231313705444336,1.7157266221
5,ucb,1,3,3,M78T:H81Y:F83S:N105Y:I152V:M153V:I161V:K209E:N212S,9,3.9698097705841064,0.24503174424171448,4.214841365814209,1.7405984609799998
5,ucb,1,4,4,F8Y:S28T:F99Y:E132V:I167V,5,4.038630962371826,0.1657656878232956,4.204396724700928,3.5671238294300003
5,ucb,1,5,5,I47L:D102G:E132G:H139R:F165S:P192L:N198S,7,4.019094944000244,0.1842719316482544,4.203366756439209,1.6780396854700002
5,ucb,1,6,6,F165L:D180G:T203A:F223Y:T230A,5,4.054388999938965,0.1402696818113327,4.1946587562561035,3.30179590602
5,ucb,1,7,7,E6G:I47T:F100Y:R109C:N121S:Q157L:I161V,7,4.003857612609863,0.18539725244045258,4.1892547607421875,3.1988405200200005
5,ucb,1,8,8,C48R:M88L:Q94L:D103G:K107E:N121S:F130L:D133E:N146S:D216G,10,4.005959510803223,0.17878757417201996,4.184747219085693,1.39034018786
5,ucb,1,9,9,F46L:F99L:K101E:Y145H:K158R:K166M:M218L,7,4.00544548034668,0.17425546050071716,4.17970085144043,3.65127595083
5,ucb,1,10,10,T62A:I98T:K107R:K126E:G138A:K156Q:F165L:N170S:D197G,9,4.015688419342041,0.156905397772789,4.172593593597412,1.30102952236
5,ucb,1,11,11,I14N:K41T:S65T:Y74C:F99Y:N105I:N121S:N149D:M153V:D155V:K158R:D173G,12,3.9766650199890137,0.1929566115140915,4.169621467590332,1.301030004
5,ucb,1,12,12,S28C:H77L:Q80R:F84Y:Y145H:N149Y:K158R:K162E:D173V:Y182C:T186A:S202G,12,3.9901938438415527,0.17405760288238525,4.164251327514648,1.30102999207
5,ucb,1,13,13,F71S:S72C:D103G:I136T:N164D:I167V:I171L:L194P:S208C:A226T,10,3.960266590118408,0.19489629566669464,4.155162811279297,1.5632813020200005
5,ucb,1,14,14,I47V:N105S:F165Y:I167V:D197G:M233V,6,4.068088531494141,0.08170473575592041,4.1497931480407715,3.90870556551
5,ucb,1,15,15,N105I:N121S:N146S:D155G:I167N:N185D:P196S:V219A,8,3.9949429035186768,0.14964069426059723,4.144583702087402,1.30103022035
5,ucb,1,16,16,F46Y:P75H:N149D:I161V:Q184R,5,4.053567886352539,0.0893586277961731,4.1429266929626465,3.43796043304
5,ucb,1,17,17,M78L:N121S:N144I:H148R:N159D:I188V:D197G,7,4.06220006942749,0.08072551339864731,4.14292573928833,1.4731926326700002
5,ucb,1,18,18,V68E:K79E:N121S:H148R:D173G:Q184L:Y237C,7,3.9864742755889893,0.14597271382808685,4.132446765899658,1.30178978615
5,ucb,1,19,19,S72G:N105Y:K113R:I128V:D133G:Y151H:I171V:S202C,8,3.9656729698181152,0.1657615303993225,4.131434440612793,3.87501518006
5,ucb,1,20,20,Y74F:F114S:Y145H:Y151H:K156R:H169L:Q184L:Y237F,8,4.0059943199157715,0.12090692669153214,4.126901149749756,1.3163559218799998
5,ucb,2,1,21,K52M:P56L:E95G:G104C:K107Q:Y182H:P196H:K209V,8,3.5749316215515137,0.3712162375450134,3.946147918701172,1.30103137637
5,ucb,2,2,22,T43S:K52M:D76N:N105S:S202C:H231R,6,3.759117603302002,0.16819487512111664,3.9273123741149902,3.71922727372
5,ucb,2,3,23,D19N:K158G,2,3.80865478515625,0.06399649381637573,3.8726513385772705,3.5987308810900003
5,ucb,2,4,24,T59S:T62S:D180N,3,3.7753024101257324,0.0895787701010704,3.8648812770843506,3.77597424733
5,ucb,2,5,25,R73L:L194Q:D197V,3,3.7518534660339355,0.11102791875600815,3.8628814220428467,3.55587915745
5,ucb,2,6,26,T38S:T62S,2,3.789611339569092,0.07259884476661682,3.862210273742676,3.69094324962
5,ucb,2,7,27,L53M:K79R:K214R,3,3.7202224731445312,0.13312844932079315,3.853350877761841,3.602005917780002
5,ucb,2,8,28,P75S:V163A:L194Q,3,3.6908481121063232,0.15598788857460022,3.8468360900878906,3.70058931976
5,ucb,2,9,29,E17K:K79M:N105S:K214R,4,3.7762088775634766,0.05770660191774368,3.8339154720306396,3.67603817469
5,ucb,2,10,30,S28N:P75T:K158E,3,3.733205795288086,0.0961131751537323,3.8293190002441406,3.54475230125
5,ucb,2,11,31,K79M:K113R:G191C,3,3.708940029144287,0.11737272143363953,3.826312780380249,3.61090994831
5,ucb,2,12,32,H25L:S28C:S175C:P187L,4,3.6772093772888184,0.14750055968761444,3.824709892272949,3.3105745304900003
5,ucb,2,13,33,E6G:F114Y:D117G,3,3.722996473312378,0.10017814487218857,3.8231747150421143,3.68140084347
5,ucb,2,14,34,S28R:G134C:V150I,3,3.7436554431915283,0.07936728000640869,3.8230228424072266,3.44739478449
5,ucb,2,15,35,P196L:R215C:F223Y,3,3.7048232555389404,0.11641238629817963,3.8212356567382812,3.3945029992
5,ucb,2,16,36,K52M:K79R:Q157L:S175C,4,3.7070164680480957,0.11365076154470444,3.820667266845703,3.66047880531
5,ucb,2,17,37,I152V:L221M,2,3.731505870819092,0.08655451238155365,3.8180603981018066,3.82467520356
5,ucb,2,18,38,T38I:T62A:K162R:V176M:G191S,5,3.728516101837158,0.08845075219869614,3.8169667720794678,3.6036911635300006
5,ucb,2,19,39,T9I:T62S:V68A:V150A:S202N,5,3.7193408012390137,0.09741858392953873,3.8167593479156494,3.6979408553699993
5,ucb,2,20,40,S208C:F223L:T230A,3,3.7307486534118652,0.08488775044679642,3.815636396408081,3.68579956687
5,ucb,3,1,41,K52M:D129N:H181Y:A206T,4,3.7628886699676514,0.11395034939050674,3.8768389225006104,3.4859772180300004
5,ucb,3,2,42,E6G:E32G:E34A:K156M:K166M:L194P,6,3.694425106048584,0.15491749346256256,3.8493425846099854,3.16414810046
5,ucb,3,3,43,T38A:R73C:F84Y:G191V,4,3.7992196083068848,0.039026424288749695,3.8382461071014404,3.523309400930002
5,ucb,3,4,44,S30C:E142G,2,3.7296810150146484,0.10658667981624603,3.8362677097320557,3.90677578216
5,ucb,3,5,45,F46Y:E142G:R168H,3,3.7310595512390137,0.09144934266805649,3.8225088119506836,3.5211729965400003
5,ucb,3,6,46,E34V:K79M:L220M:G232D,4,3.738546371459961,0.08392471820116043,3.8224711418151855,3.610553587780002
5,ucb,3,7,47,I128T:S208T,2,3.770977020263672,0.0428936742246151,3.813870668411255,3.66564163492
5,ucb,3,8,48,K41M:K131M:E172V:S175D:K209N:V224A,6,3.639479398727417,0.16797056794166565,3.80745005607605,2.99847188247
5,ucb,3,9,49,T38I:K79E:F99I:G134S:Q184W:V193M,6,3.7085742950439453,0.09885607659816742,3.8074302673339844,1.3007288107
5,ucb,3,10,50,T43A:T50N:F83Y:K131E:S175C:K209N:T230A,7,3.6383633613586426,0.16675040125846863,3.8051137924194336,1.74256481032
5,ucb,3,11,51,K158E:M233V,2,3.73590350151062,0.0674772635102272,3.8033807277679443,3.94619655391
5,ucb,3,12,52,T62A:T63S,2,3.748267650604248,0.047413382679224014,3.7956809997558594,3.83773820258
5,ucb,3,13,53,S30T:S175C,2,3.7295658588409424,0.06568248569965363,3.79524827003479,3.73437018198
5,ucb,3,14,54,E5K:K41M:K52M:Q157R,4,3.6176223754882812,0.17586791515350342,3.793490409851074,3.5839855748
5,ucb,3,15,55,N159D:I161T:I167T,3,3.742481231689453,0.050902359187603,3.7933835983276367,3.26768497311
5,ucb,3,16,56,Y39N:N105I,2,3.7431533336639404,0.04842899739742279,3.7915823459625244,4.08598147357
5,ucb,3,17,57,F99L:K158T,2,3.7413928508758545,0.05000411719083786,3.7913968563079834,3.65233822133
5,ucb,3,18,58,E5V:S202C,2,3.7349636554718018,0.05548565089702606,3.790449380874634,3.6028180934800007
5,ucb,3,19,59,D117N:H231L,2,3.725146532058716,0.06327921152114868,3.7884256839752197,3.64736654007
5,ucb,3,20,60,S30T:F99L,2,3.748417377471924,0.03495369479060173,3.7833709716796875,3.68919990245
5,ucb,4,1,61,T62P:I161V,2,3.774977445602417,0.09816518425941467,3.873142719268799,3.80177467345
5,ucb,4,2,62,T43S:T97S:V176M,3,3.683316707611084,0.15858323872089386,3.841899871826172,3.47774631056
5,ucb,4,3,63,Y39N:N135I:S208G,3,3.755478620529175,0.07798101007938385,3.8334596157073975,3.4464724772300004
5,ucb,4,4,64,Y39N:N105H,2,3.7847342491149902,0.04614541307091713,3.8308796882629395,3.73007484474
5,ucb,4,5,65,I123V:I167V,2,3.7860636711120605,0.04031294211745262,3.8263766765594482,3.69445183899
5,ucb,4,6,66,G232D:M233L,2,3.7103095054626465,0.09026944637298584,3.800579071044922,3.86952185022
5,ucb,4,7,67,I123V:I161V,2,3.7601401805877686,0.03866785392165184,3.7988080978393555,3.75844470049
5,ucb,4,8,68,S72G:F114L:L178V,3,3.715559720993042,0.07960743457078934,3.7951672077178955,3.7906770702
5,ucb,4,9,69,I128V:I229V,2,3.7288126945495605,0.06548307836055756,3.7942957878112793,3.54977207958
5,ucb,4,10,70,S72G:I167V,2,3.713115692138672,0.07990290969610214,3.7930185794830322,3.62758899412
5,ucb,4,11,71,H231R:E235V,2,3.683112621307373,0.10966967791318893,3.7927823066711426,3.75887008257
5,ucb,4,12,72,D197N:M233V,2,3.742354154586792,0.04864620789885521,3.7910003662109375,3.75256201845
5,ucb,4,13,73,I47T:R73L,2,3.7296600341796875,0.05847017839550972,3.788130283355713,3.69368827921
5,ucb,4,14,74,K156E:I171F:P187H:L195Q:L207Q,5,3.639907121658325,0.14468373358249664,3.78459095954895,1.70448815897
5,ucb,4,15,75,T38S:T63S,2,3.7025818824768066,0.08057869225740433,3.78316068649292,3.54678935236
5,ucb,4,16,76,I229V:M233V,2,3.72296404838562,0.053692374378442764,3.77665638923645,3.70531263054
5,ucb,4,17,77,T38P:T62S:I229V,3,3.7010960578918457,0.07553202658891678,3.776628017425537,3.63857552691
5,ucb,4,18,78,F130L:P211T:M218K:G232S:D234V,5,3.6579391956329346,0.11775420606136322,3.775693416595459,1.30103023512
5,ucb,4,19,79,M233K:D234G,2,3.705998182296753,0.06912651658058167,3.7751247882843018,3.57778684547
5,ucb,4,20,80,K158E:A227T,2,3.7361156940460205,0.03861437365412712,3.7747299671173096,3.6979901741
5,ucb,5,1,81,T59S:T62A,2,3.6640594005584717,0.1569753736257553,3.8210346698760986,3.54027652442
5,ucb,5,2,82,R73L:I161V,2,3.7482471466064453,0.05289050564169884,3.801137685775757,3.69752524656
5,ucb,5,3,83,T59S:T225A,2,3.7066428661346436,0.09338425099849701,3.8000271320343018,3.7445959381
5,ucb,5,4,84,T62S:D216E,2,3.732117176055908,0.06429564207792282,3.796412706375122,3.5304038220800003
5,ucb,5,5,85,T59A:T62S,2,3.7245266437530518,0.06910816580057144,3.7936348915100098,3.54358325939
5,ucb,5,6,86,F99L:I123V,2,3.7170894145965576,0.06769833713769913,3.784787654876709,3.84864049697
5,ucb,5,7,87,T59S:T203A,2,3.6955275535583496,0.08867601305246353,3.78420352935791,3.73332073451
5,ucb,5,8,88,I47V:T62P,2,3.680276393890381,0.09758000075817108,3.7778563499450684,3.748261281080002
5,ucb,5,9,89,R73L:F165Y,2,3.6946396827697754,0.08317486941814423,3.7778146266937256,3.50262359987
5,ucb,5,10,90,R73L:H169L,2,3.66438627243042,0.1093171015381813,3.7737033367156982,3.56330936636
5,ucb,5,11,91,T186I:I188V,2,3.6975090503692627,0.06815697997808456,3.7656660079956055,3.62904776289
5,ucb,5,12,92,M78T:K158E:M233V,3,3.6665313243865967,0.09666597843170166,3.763197422027588,3.41686094374
5,ucb,5,13,93,T62S:I123M,2,3.71478271484375,0.04481221362948418,3.7595949172973633,3.6429177337
5,ucb,5,14,94,Y39N:T225S,2,3.575329303741455,0.18367137014865875,3.759000778198242,3.82223011769
5,ucb,5,15,95,S147T:I161V,2,3.6885037422180176,0.06854116916656494,3.757044792175293,3.66064154475
5,ucb,5,16,96,E5V:S72G:M78T,3,3.644644260406494,0.11141066998243332,3.7560548782348633,3.43461471367
5,ucb,5,17,97,E6K:D117G:I128T,3,3.689244508743286,0.06620380282402039,3.755448341369629,3.85619505192
5,ucb,5,18,98,L7R:T9A,2,3.670536756515503,0.08413222432136536,3.754668951034546,3.62285563009
5,ucb,5,19,99,E6K:S208C,2,3.725464344024658,0.02888214960694313,3.7543466091156006,3.6718140079300015
5,ucb,5,20,100,P192L:A206T,2,3.693772077560425,0.05976564809679985,3.753537654876709,3.63879036564
5,conservative,1,1,1,I47V:N105S:F165Y:I167V:D197G:M233V,6,4.068088531494141,0.08170473575592041,3.9863839149475098,3.90870556551
5,conservative,1,2,2,M78L:N121S:N144I:H148R:N159D:I188V:D197G,7,4.06220006942749,0.08072551339864731,3.9814746379852295,1.4731926326700002
5,conservative,1,3,3,L42Q:S72C:M78L:H81L:K101R:S147G:I167V:G191R:L201R:M233V:E235G,11,4.104321479797363,0.12699204683303833,3.9773294925689697,1.7157266221
5,conservative,1,4,4,S28R:K41R:I123V:F130L:N144D:I161V,6,4.005644798278809,0.03225332126021385,3.973391532897949,3.6057455678699992
5,conservative,1,5,5,C70S:F84L:Y92H:K113R:N121S:K158M:I161V:I167V,8,4.026125431060791,0.05293644592165947,3.973188877105713,1.68209372099
5,conservative,1,6,6,K41E:K52M:V61A:D103E:K140R:M153L:K158E:V224A,8,4.009571552276611,0.03972114995121956,3.9698503017425537,1.3019250648
5,conservative,1,7,7,F46Y:P75H:N149D:I161V:Q184R,5,4.053567886352539,0.0893586277961731,3.9642093181610107,3.43796043304
5,conservative,1,8,8,T108A:I123V:S147G:V150A:L178V:K214E:T230A,7,4.037527561187744,0.07426288723945618,3.9632647037506104,3.19203418792
5,conservative,1,9,9,F27Y:Q80L:G134S:K158E:A179V:K214R,6,4.022037506103516,0.0596587210893631,3.962378740310669,1.30103146631
5,conservative,1,10,10,K3M:F99L:N159D:I161V:N170D:I188L:E235G,7,4.018345832824707,0.0841885656118393,3.934157371520996,3.5714425372300007
5,conservative,1,11,11,F71L:Q80R:K158M:L221R,4,3.9823455810546875,0.05523019656538963,3.9271154403686523,3.65343279806
5,conservative,1,12,12,D19V:F99L:K158E:I161V,4,3.9670493602752686,0.040927987545728683,3.926121473312378,3.80127745774
5,conservative,1,13,13,I47F:F99L:F130L:S147G:K158R:I161V,6,3.9668641090393066,0.04409436881542206,3.922769784927368,3.42369144893
5,conservative,1,14,14,F165L:D180G:T203A:F223Y:T230A,5,4.054388999938965,0.1402696818113327,3.914119243621826,3.30179590602
5,conservative,1,15,15,N105S:E111V:K113R:N121S:N144D:A154G,6,3.9376227855682373,0.02644733525812626,3.911175489425659,3.59303690147
5,conservative,1,16,16,F8L:K79R:I152V:N159D:Q184L,5,3.969874620437622,0.05945863202214241,3.9104158878326416,3.56223786305
5,conservative,1,17,17,L15Q:K26R:G189C:D197V:K214R,5,3.955644130706787,0.04606270417571068,3.909581422805786,3.61064533681
5,conservative,1,18,18,P58S:N121S:K140R:I188L:K214M:D216E,6,3.947460174560547,0.039620764553546906,3.907839298248291,3.509230301030001
5,conservative,1,19,19,I47V:T97A:F114Y:K214M:T230A,5,3.9479458332061768,0.040151435881853104,3.90779447555542,3.64272007958
5,conservative,1,20,20,T43A:T50N:F83Y:K131E:S175C:K209N:T230A,7,3.9601798057556152,0.058312464505434036,3.901867389678955,1.74256481032
5,conservative,2,1,21,E6G:F114Y:D117G,3,3.825859785079956,0.0331471748650074,3.792712688446045,3.68140084347
5,conservative,2,2,22,D19N:K158G,2,3.822359561920166,0.03811974450945854,3.7842397689819336,3.5987308810900003
5,conservative,2,3,23,E6K:S208C,2,3.8201961517333984,0.04376440867781639,3.7764317989349365,3.6718140079300015
5,conservative,2,4,24,E34V:K79M:L220M:G232D,4,3.830329418182373,0.05765800550580025,3.7726714611053467,3.610553587780002
5,conservative,2,5,25,S208C:R215H:F223Y,3,3.833204746246338,0.06249086931347847,3.7707138061523438,3.59412266825
5,conservative,2,6,26,T38S:T62S,2,3.8379967212677,0.06819456815719604,3.7698020935058594,3.69094324962
5,conservative,2,7,27,E17K:E34V,2,3.794900417327881,0.0381438247859478,3.756756544113159,3.72463626683
5,conservative,2,8,28,F46Y:E142G:R168H,3,3.8253257274627686,0.06893429160118103,3.7563915252685547,3.5211729965400003
5,conservative,2,9,29,S86T:S208C,2,3.8041014671325684,0.048115700483322144,3.755985736846924,3.73979512352
5,conservative,2,10,30,K79M:S208C:E235G,3,3.831745147705078,0.0779811218380928,3.7537639141082764,3.6163641916300007
5,conservative,2,11,31,F8Y:S28T:F99Y:E132V:I167V,5,3.8951478004455566,0.1438891887664795,3.751258611679077,3.5671238294300003
5,conservative,2,12,32,S30T:S175C,2,3.781888961791992,0.030894456431269646,3.7509944438934326,3.73437018198
5,conservative,2,13,33,E17K:K79M:N105S:K214R,4,3.801701068878174,0.05212724953889847,3.7495737075805664,3.67603817469
5,conservative,2,14,34,E6G:F130L:E132G:I152T:D190V:F223S,6,3.7773215770721436,0.02780507318675518,3.749516487121582,1.3014591306
5,conservative,2,15,35,V163A:P196L,2,3.79950213432312,0.05290178582072258,3.746600389480591,3.68717543765
5,conservative,2,16,36,S65T:E115V:S202C:F223L,4,3.8020389080047607,0.05654701218008995,3.7454919815063477,3.35385933139
5,conservative,2,17,37,F99L:E142G:R168S,3,3.7877259254455566,0.04366409778594971,3.7440619468688965,3.67246422179
5,conservative,2,18,38,T9A:V12M:T38I:D133G:K162R:V163A,6,3.8102023601531982,0.06911658495664597,3.7410857677459717,3.64372225725
5,conservative,2,19,39,E6G:E132G:V163A:D190G,4,3.784419298171997,0.04425154998898506,3.7401678562164307,3.76838838286
5,conservative,2,20,40,T97S:V163A:P187S,3,3.7733733654022217,0.033933524042367935,3.7394397258758545,3.59934727755
5,conservative,3,1,41,R73L:L194Q:D197V,3,3.835099697113037,0.03668099269270897,3.7984187602996826,3.55587915745
5,conservative,3,2,42,L15R:N105T,2,3.75278902053833,0.026984376832842827,3.725804567337036,3.88408956321
5,conservative,3,3,43,I128V:I171V,2,3.7447922229766846,0.025483563542366028,3.719308614730835,3.7483527695
5,conservative,3,4,44,S28C:N105I,2,3.7207579612731934,0.00825281161814928,3.7125051021575928,3.55370484492
5,conservative,3,5,45,I171T:I188V,2,3.7230124473571777,0.011000449769198895,3.7120120525360107,3.917373360280002
5,conservative,3,6,46,I128T:S208T,2,3.7236666679382324,0.016046393662691116,3.70762038230896,3.66564163492
5,conservative,3,7,47,N105I:N146S,2,3.739223003387451,0.03191937133669853,3.707303524017334,3.80873689423
5,conservative,3,8,48,R73C:H231Y,2,3.7169158458709717,0.010031400248408318,3.7068843841552734,3.62482326559
5,conservative,3,9,49,Q80R:N212H,2,3.7424893379211426,0.036003872752189636,3.7064855098724365,3.6187032016
5,conservative,3,10,50,N105S:Q157R,2,3.7323086261749268,0.026660680770874023,3.7056479454040527,3.68430086447
5,conservative,3,11,51,I128V:I229V,2,3.741457462310791,0.03783615306019783,3.7036213874816895,3.54977207958
5,conservative,3,12,52,K158E:M233V,2,3.7317042350769043,0.03061050735414028,3.7010936737060547,3.94619655391
5,conservative,3,13,53,I128V:M233V,2,3.7461307048797607,0.04516863450407982,3.7009620666503906,3.7844853697800014
5,conservative,3,14,54,N105I:N149D,2,3.7104058265686035,0.0096498504281044,3.700756072998047,3.76040467543
5,conservative,3,15,55,K79R:H231L,2,3.7082297801971436,0.008170586079359055,3.700059175491333,3.68209138997
5,conservative,3,16,56,R73L:H169Y:E172K,3,3.750187397003174,0.05012979358434677,3.7000575065612793,3.64501916546
5,conservative,3,17,57,Q80R:S208C,2,3.710627794265747,0.010820617899298668,3.6998071670532227,3.68664094569
5,conservative,3,18,58,R73L:I161V,2,3.7383105754852295,0.03939387947320938,3.6989166736602783,3.69752524656
5,conservative,3,19,59,F99L:K158T,2,3.725533962249756,0.02960670180618763,3.695927143096924,3.65233822133
5,conservative,3,20,60,I229T:M233L,2,3.7143635749816895,0.019357046112418175,3.6950066089630127,3.83156717175
5,conservative,4,1,61,Y39N:N105I,2,3.770406723022461,0.03033112920820713,3.7400755882263184,4.08598147357
5,conservative,4,2,62,S30T:F99L,2,3.744109630584717,0.028758876025676727,3.715350866317749,3.68919990245
5,conservative,4,3,63,I171F:Y182C,2,3.7444920539855957,0.02987159974873066,3.714620351791382,3.43116239626
5,conservative,4,4,64,N105Y:I123V:I161V,3,3.7450027465820312,0.032626956701278687,3.7123758792877197,3.75983880995
5,conservative,4,5,65,K158E:I171V,2,3.7491564750671387,0.04018117114901543,3.708975315093994,3.77275116606
5,conservative,4,6,66,I171T:L178H,2,3.7248008251190186,0.021060319617390633,3.7037405967712402,3.7641585984
5,conservative,4,7,67,I123V:I161V,2,3.7614235877990723,0.05823705345392227,3.703186511993408,3.75844470049
5,conservative,4,8,68,K158E:I188V,2,3.7150604724884033,0.014817112125456333,3.7002434730529785,3.70153688275
5,conservative,4,9,69,I123V:I167V,2,3.7580819129943848,0.05813111737370491,3.699950695037842,3.69445183899
5,conservative,4,10,70,E34V:K158E,2,3.717027187347412,0.017831243574619293,3.6991958618164062,3.71537590182
5,conservative,4,11,71,Y39N:F99S:N105S:I188M:S208C:H231R,6,3.736557722091675,0.04172112047672272,3.6948366165161133,3.7279162693
5,conservative,4,12,72,S30T:F99I:K158E,3,3.7231338024139404,0.028311822563409805,3.694822072982788,3.70976256688
5,conservative,4,13,73,E6G:Y39N,2,3.7248611450195312,0.030408749356865883,3.6944522857666016,3.79136497401
5,conservative,4,14,74,N105I:N135D,2,3.717893123626709,0.02667270228266716,3.69122052192688,3.8151244434300007
5,conservative,4,15,75,N105D:G191C,2,3.708310604095459,0.018651124089956284,3.689659595489502,3.52479644962
5,conservative,4,16,76,I188F:M233T,2,3.7199389934539795,0.033045802265405655,3.6868932247161865,3.63325757953
5,conservative,4,17,77,I47V:D155G:P187T,3,3.7053897380828857,0.01963823474943638,3.685751438140869,3.38645995061
5,conservative,4,18,78,I171T:I188N,2,3.7187933921813965,0.034940145909786224,3.6838531494140625,3.73550895947
5,conservative,4,19,79,I171L:I229T,2,3.70513916015625,0.021710367873311043,3.6834287643432617,3.69836800236
5,conservative,4,20,80,F99L:I123V,2,3.714796543121338,0.034199368208646774,3.6805970668792725,3.84864049697
5,conservative,5,1,81,N105S:N144D,2,3.7316842079162598,0.011973636224865913,3.7197105884552,3.83345993875
5,conservative,5,2,82,D76E:N105S,2,3.7330193519592285,0.02322976291179657,3.709789514541626,3.71866983072
5,conservative,5,3,83,F99L:I167V,2,3.7300384044647217,0.0205069687217474,3.709531545639038,3.73389647095
5,conservative,5,4,84,Y39N:N105H,2,3.770367383956909,0.06170588359236717,3.7086615562438965,3.73007484474
5,conservative,5,5,85,I98V:F99L,2,3.7378287315368652,0.031282853335142136,3.706545829772949,3.63996099394
5,conservative,5,6,86,T62A:T63S,2,3.7624118328094482,0.059101201593875885,3.70331072807312,3.83773820258
5,conservative,5,7,87,N105S:N146S,2,3.7288079261779785,0.027554526925086975,3.7012534141540527,3.54678934664
5,conservative,5,8,88,N105I:M233V,2,3.737130641937256,0.036065101623535156,3.7010655403137207,3.80170724825
5,conservative,5,9,89,N105S:M233K,2,3.712357759475708,0.01612657867372036,3.6962311267852783,3.76559459955
5,conservative,5,10,90,G232D:M233L,2,3.7404227256774902,0.050064459443092346,3.6903581619262695,3.86952185022
5,conservative,5,11,91,E6V:Y39N,2,3.723280668258667,0.0361141636967659,3.687166452407837,3.9178467176
5,conservative,5,12,92,N105S:I161V,2,3.7202465534210205,0.03432158753275871,3.685925006866455,3.7967871819
5,conservative,5,13,93,M78T:K158E:M233V,3,3.7507801055908203,0.06505436450242996,3.685725688934326,3.41686094374
5,conservative,5,14,94,T203A:M233V,2,3.7099125385284424,0.024365874007344246,3.685546636581421,3.730870481
5,conservative,5,15,95,K41R:N105I,2,3.723407745361328,0.04056384414434433,3.6828439235687256,3.5552057492
5,conservative,5,16,96,F165L:F223Y,2,3.701854705810547,0.01983560249209404,3.682018995285034,3.60844172018
5,conservative,5,17,97,I47V:N105S:M153L,3,3.6866321563720703,0.006123403552919626,3.680508852005005,3.69013232307
5,conservative,5,18,98,D117G:K156E:M233V,3,3.7056632041931152,0.02599240466952324,3.679670810699463,3.90079282579
5,conservative,5,19,99,N105T:D117V,2,3.701598644256592,0.02197098173201084,3.6796276569366455,3.79107222206
5,conservative,5,20,100,T38A:M233V,2,3.704843044281006,0.025344980880618095,3.6794979572296143,3.89480337946
6,random,1,1,1,H25L:N105I:V176A:T225A:M233T,5,,,,3.6332516795
6,random,1,2,2,T38A:L42R:N170S:N212D:K214T,5,,,,3.4630628438699995
6,random,1,3,3,V61M:Y106H:N135D:D180G:S202T:K214R,6,,,,1.3010305074700002
6,random,1,4,4,K52E:M78T:D173N,3,,,,3.52614968565
6,random,1,5,5,F99S:F165L:I167V,3,,,,3.5877055448800004
6,random,1,6,6,T97A:K126N,2,,,,3.61899380642
6,random,1,7,7,V61A:A87V:T118S:D197G,4,,,,3.2416957613700004
6,random,1,8,8,L15R:T38S,2,,,,3.67463741686
6,random,1,9,9,D19E:N170S,2,,,,3.6815179839
6,random,1,10,10,T9A:I47V:G174D,3,,,,3.80378879973
6,random,1,11,11,D103N:K113R:I136T:F165S:Q177L,5,,,,1.30102997707
6,random,1,12,12,H25R:Q157L:G174D:K214M:M233V,5,,,,3.74716989021
6,random,1,13,13,S65L:V68A,2,,,,3.14392870935
6,random,1,14,14,N105S:D155G:D190G:V224A,4,,,,3.34359451796
6,random,1,15,15,T59P:C70R:L207R:E213G,4,,,,1.3010301628
6,random,1,16,16,F71S:Y151C:V176E:Y237C,4,,,,1.3010310720799998
6,random,1,17,17,I98V:K140M,2,,,,3.74746621419
6,random,1,18,18,K41R:F71L:I123M:E124V,4,,,,3.0942252218400004
6,random,1,19,19,F8S:E34G:G51C:V55A:V61E:N170S,6,,,,1.3010301426200002
6,random,1,20,20,I167V:S175R:D190V,3,,,,3.634664447780002
6,random,2,1,21,F71L:Y74C:K113E:N159D:S208C:M218V,6,,,,1.30103000228
6,random,2,2,22,K79R:F165S,2,,,,3.2615545272400004
6,random,2,3,23,I161L:D190G,2,,,,3.65316629782
6,random,2,4,24,E17G:E32G:K79R:I136T:L207P:L221Q,6,,,,1.30542325067
6,random,2,5,25,V22E:K107E:N135K:S147G:T186A:E213A,6,,,,1.42984534745
6,random,2,6,26,L7P:F83L:I161F:L220Q:T230A,5,,,,1.71121746492
6,random,2,7,27,F83L:E95G:S205P,3,,,,1.3010920436700002
6,random,2,8,28,K45R:G174D,2,,,,3.77759873981
6,random,2,9,29,V16A:F99C:K107M:N135S:A179D:N185H,6,,,,1.30102988291
6,random,2,10,30,H25L:D190A,2,,,,3.74519572188
6,random,2,11,31,K3R:F8L:F27I:P56S:Y74C:D82G:V163E:I167N,8,,,,1.5922762005200002
6,random,2,12,32,E5A:E95V:F99Y:N105I:T203A:M233L,6,,,,3.5477147978500003
6,random,2,13,33,F27L:G40D,2,,,,1.47017334657
6,random,2,14,34,K45E:E95V:I152N:N159S:E172G,5,,,,1.30103000732
6,random,2,15,35,D19V:M153T:Q157L:G160R:F165L:N198I:S205T:D216G,8,,,,1.56535934851
6,random,2,16,36,I14N:E17G:V68A:Q69R:S86P:E124G:D133G:L194P,8,,,,1.30102998593
6,random,2,17,37,N170H:D190V:P211S,3,,,,3.7069303446
6,random,2,18,38,V22A:D117G,2,,,,3.24309870241
6,random,2,19,39,I136T:H169R:Q183P,3,,,,1.30103077745
6,random,2,20,40,K3M:Q69R:N105D:T186A:F223L,5,,,,1.3011403258
6,random,3,1,41,D82N:I128V,2,,,,3.5879640384
6,random,3,2,42,S28N:H81Y:H169P:L207R:D210V,5,,,,1.6214639052700002
6,random,3,3,43,I14F:E32G:C70S:K101E:V112E:I128T:K158T:K166R,8,,,,1.3010301108700002
6,random,3,4,44,K113R:N149S:M153K:N185S:M218K:F223L:M233V,7,,,,1.53183449287
6,random,3,5,45,H81L:N144D:K209R,3,,,,3.628626600880001
6,random,3,6,46,N135D:Y237F,2,,,,3.69282887464
6,random,3,7,47,L7P:V93A,2,,,,3.45174514083
6,random,3,8,48,K26R:H77R,2,,,,3.60872781075
6,random,3,9,49,I47T:K156E:D173V,3,,,,3.2762232382
6,random,3,10,50,L15Q:L64Q:C70S:H81R,4,,,,1.3863669064200002
6,random,3,11,51,M218L:F223S,2,,,,3.77057133739
6,random,3,12,52,Q69R:K85E:D103N:R122C,4,,,,1.41767022064
6,random,3,13,53,K3E:K85R:N144S:K166R:I167T,5,,,,3.18858909612
6,random,3,14,54,D21G:N23S:G24S:F46L:E90D:G134D:G138A:N146D:Q184R:D190G,10,,,,1.3010319172799998
6,random,3,15,55,K107R:E132G:N170Y,3,,,,3.6886221715400014
6,random,3,16,56,V68A:K79R:F100S:F114S:F165L,5,,,,1.57812533636
6,random,3,17,57,V11M:E32G:T63A:M78T:M88K:Y106N:I128N:R168H:S208G,9,,,,1.39109073234
6,random,3,18,58,V29E:L42Q:F71L:D190G:N198S:E213G,6,,,,1.55545405901
6,random,3,19,59,K166E:P196L:V224L,3,,,,3.45840336352
6,random,3,20,60,F100L:Y143N:N170D:G191D,4,,,,1.30140504151
6,random,4,1,61,K45T:D129N:H139R:Q184R,4,,,,3.57072995225
6,random,4,2,62,E5G:C48R:L60P:T108A:R122C:V193E:L195Q:A227T,8,,,,1.6349304127000002
6,random,4,3,63,F84S:Y92H,2,,,,1.30110157288
6,random,4,4,64,T9A:E17G:D19V:E34G:K79R:F99L:Q184R:L236Q,8,,,,2.80279403386
6,random,4,5,65,F8L:D19G:D82G:M88L:K131R,5,,,,1.40062911439
6,random,4,6,66,S147G:T186S,2,,,,3.83142109672
6,random,4,7,67,K52M:Y145H:K162R,3,,,,3.54678934649
6,random,4,8,68,C48R:S175G:N185S:S205T:L220P,5,,,,1.55217824074
6,random,4,9,69,N23D:D129G:M153V:T203A,4,,,,3.69840688087
6,random,4,10,70,S28G:L42P:F71S:F83L:Q94L:D103G:Y145H:D197G:S205P,9,,,,1.3010311172
6,random,4,11,71,K52R:T62A,2,,,,3.8678485877900006
6,random,4,12,72,L7P:L42P:D76V:F99S:N164I,5,,,,1.29978995911
6,random,4,13,73,N23D:T43A:V61A:I152N:N185S:T225I:D234G,7,,,,1.3010314548200002
6,random,4,14,74,K26E:I161F:T230P,3,,,,3.7747638809199993
6,random,4,15,75,S147C:D155N:K156R,3,,,,3.77741963309
6,random,4,16,76,D133G:K156E:N212S:E222G,4,,,,2.90185508231
6,random,4,17,77,F165S:D216E,2,,,,3.40973742356
6,random,4,18,78,N23I:E235G,2,,,,3.17318128599
6,random,4,19,79,T59A:C70R:F84I:F165I,4,,,,1.36150457259
6,random,4,20,80,I14V:D103V:I128V:H169L:N198I:S205T,6,,,,1.48023263463
6,random,5,1,81,I128V:F165I:K166E,3,,,,3.53976605866
6,random,5,2,82,F71L:E90G:K166E:N212D,4,,,,3.99873668511
6,random,5,3,83,M88L:K131E:M153T:H169L:N212D,5,,,,3.32217897486
6,random,5,4,84,Y92N:D102N:R215C,3,,,,1.30102998555
6,random,5,5,85,S86P:M88T:K162R,3,,,,1.83696957403
6,random,5,6,86,I14T:M78R:Q80L:T97A:T118A:F130Y:G134D:I188V:V219A,9,,,,1.30103045944
6,random,5,7,87,T118A:I171F:Y237N,3,,,,3.3591455048400003
6,random,5,8,88,V16F:L44P:Q80R:R96C,4,,,,1.5589278837399998
6,random,5,9,89,T63I:N146D:D173G:S205P:P211S,5,,,,1.30068950981
6,random,5,10,90,E32K:L207V,2,,,,3.49912152766
6,random,5,11,91,Q69L:V176A,2,,,,3.22430116338
6,random,5,12,92,V93A:E172G,2,,,,3.66375670065
6,random,5,13,93,N170S:S208G,2,,,,3.59839767355
6,random,5,14,94,V16A:T50A:H77L:F84S:K113E:T118A:L137M:I171V:D210G,9,,,,1.30270218621
6,random,5,15,95,L44P:S72R:G160R:I171F,4,,,,1.30106082291
6,random,5,16,96,V11M:D173G,2,,,,3.64239306652
6,random,5,17,97,K3R:V93A:F114L:N185S:H217L,5,,,,1.30102999428
6,random,5,18,98,C48S:T49A:L60H:F100L:G134S:S208G:H231R:M233T,8,,,,1.3010299869
6,random,5,19,99,T9S:Q184L:L207P,3,,,,3.31900521356
6,random,5,20,100,F130L:V163A:F165L,3,,,,3.61023150304
6,greedy,1,1,1,L42Q:S72C:M78L:H81L:K101R:S147G:I167V:G191R:L201R:M233V:E235G,11,4.1670942306518555,0.15162664651870728,4.1670942306518555,1.7157266221
6,greedy,1,2,2,K41R:V61A:N121S:N146S:K162R:F165L:R168H:D173G,8,4.0908589363098145,0.09704360365867615,4.0908589363098145,1.3010299877299998
6,greedy,1,3,3,M78L:N121S:N144I:H148R:N159D:I188V:D197G,7,4.090078830718994,0.1378931850194931,4.090078830718994,1.4731926326700002
6,greedy,1,4,4,E6G:L15Q:F46L:I47T:N105D:D133G:F165V:T203A,8,4.044405937194824,0.09666656702756882,4.044405937194824,1.30103163828
6,greedy,1,5,5,F8Y:S28T:F99Y:E132V:I167V,5,4.042912483215332,0.12226065248250961,4.042912483215332,3.5671238294300003
6,greedy,1,6,6,F71S:S72C:D103G:I136T:N164D:I167V:I171L:L194P:S208C:A226T,10,4.035811424255371,0.2499563992023468,4.035811424255371,1.5632813020200005
6,greedy,1,7,7,I47V:N105S:F165Y:I167V:D197G:M233V,6,4.034196376800537,0.16076964139938354,4.034196376800537,3.90870556551
6,greedy,1,8,8,K3M:F99L:N159D:I161V:N170D:I188L:E235G,7,4.032077312469482,0.20336152613162994,4.032077312469482,3.5714425372300007
6,greedy,1,9,9,T62A:I98T:K107R:K126E:G138A:K156Q:F165L:N170S:D197G,9,4.031085014343262,0.16934940218925476,4.031085014343262,1.30102952236
6,greedy,1,10,10,S72G:N121S:I128T:N170S:D197G:I229V,6,4.02753210067749,0.10995959490537643,4.02753210067749,3.75097299945
6,greedy,1,11,11,E5G:I14N:C70R:F99L:T108A:N164S:F165Y:I171V:S208C:M218V:D234V:E235G,12,4.025416374206543,0.1233176738023758,4.025416374206543,3.52184539929
6,greedy,1,12,12,F165L:D180G:T203A:F223Y:T230A,5,4.023693084716797,0.12214283645153046,4.023693084716797,3.30179590602
6,greedy,1,13,13,F46Y:P75H:N149D:I161V:Q184R,5,4.023550510406494,0.04455067962408066,4.023550510406494,3.43796043304
6,greedy,1,14,14,E5G:F165C:I167V:Q204R:K214R:M233V,6,4.019702911376953,0.06318367272615433,4.019702911376953,3.61199101315
6,greedy,1,15,15,C48R:M88L:Q94L:D103G:K107E:N121S:F130L:D133E:N146S:D216G,10,4.0167646408081055,0.18629416823387146,4.0167646408081055,1.39034018786
6,greedy,1,16,16,M78L:M88L:F100I:R109C:F165V:I167V,6,4.012585639953613,0.17612417042255402,4.012585639953613,1.30103001551
6,greedy,1,17,17,T108A:I123V:S147G:V150A:L178V:K214E:T230A,7,4.012148380279541,0.09187731146812439,4.012148380279541,3.19203418792
6,greedy,1,18,18,E6G:I47T:F100Y:R109C:N121S:Q157L:I161V,7,4.011736869812012,0.16430926322937012,4.011736869812012,3.1988405200200005
6,greedy,1,19,19,K41E:K52M:V61A:D103E:K140R:M153L:K158E:V224A,8,4.00107479095459,0.11662505567073822,4.00107479095459,1.3019250648
6,greedy,1,20,20,F99L:I152V:K158E:N159D:S202G,5,4.000462532043457,0.14345353841781616,4.000462532043457,3.3841157553099994
6,greedy,2,1,21,E90G:E95G:N105I:S175C:V193M,5,3.830260753631592,0.0797479972243309,3.830260753631592,3.5065790017800005
6,greedy,2,2,22,D19N:K158G,2,3.798698902130127,0.05035571753978729,3.798698902130127,3.5987308810900003
6,greedy,2,3,23,Y39N:N105I,2,3.786360263824463,0.08790532499551773,3.786360263824463,4.08598147357
6,greedy,2,4,24,T38S:T62S,2,3.7733044624328613,0.029471196234226227,3.7733044624328613,3.69094324962
6,greedy,2,5,25,H25L:S28C:S175C:P187L,4,3.7711517810821533,0.058239806443452835,3.7711517810821533,3.3105745304900003
6,greedy,2,6,26,T43S:K52M:D76N:N105S:S202C:H231R,6,3.7683818340301514,0.058718904852867126,3.7683818340301514,3.71922727372
6,greedy,2,7,27,Y39N:E132G:Y145F,3,3.7629635334014893,0.12054793536663055,3.7629635334014893,3.64561793492
6,greedy,2,8,28,E17K:E34V,2,3.755753993988037,0.015893206000328064,3.755753993988037,3.72463626683
6,greedy,2,9,29,S28C:D155N,2,3.754563808441162,0.030107896775007248,3.754563808441162,3.75619803907
6,greedy,2,10,30,T38S:T225S,2,3.7535552978515625,0.01707710325717926,3.7535552978515625,3.63098750431
6,greedy,2,11,31,E34V:K79M:L220M:G232D,4,3.7530078887939453,0.05013607069849968,3.7530078887939453,3.610553587780002
6,greedy,2,12,32,Y39N:K52M:P75S:E132G:I229V,5,3.7526321411132812,0.13959625363349915,3.7526321411132812,3.58666852917
6,greedy,2,13,33,T9A:K131M:S175C,3,3.7513835430145264,0.052795957773923874,3.7513835430145264,3.501843210280002
6,greedy,2,14,34,S28G:D190V:S208C,3,3.7499337196350098,0.04681462049484253,3.7499337196350098,3.69503295391
6,greedy,2,15,35,Y39N:N105H,2,3.749568223953247,0.053669754415750504,3.749568223953247,3.73007484474
6,greedy,2,16,36,P187S:L194V,2,3.74908185005188,0.035331860184669495,3.74908185005188,3.77188125834
6,greedy,2,17,37,R73L:I161V,2,3.7490463256835938,0.060309890657663345,3.7490463256835938,3.69752524656
6,greedy,2,18,38,E32V:P75T:E90G,3,3.74076509475708,0.04786073416471481,3.74076509475708,3.56026819905
6,greedy,2,19,39,S30T:S175C,2,3.74053692817688,0.03537965193390846,3.74053692817688,3.73437018198
6,greedy,2,20,40,E17K:K52M:P56S:Q204R,4,3.7391998767852783,0.05718759819865227,3.7391998767852783,3.45994910004
6,greedy,3,1,41,I14T:T38I:L44M:N105I,4,3.7449469566345215,0.06425993144512177,3.7449469566345215,3.3860796577700003
6,greedy,3,2,42,R73L:L194Q:D197V,3,3.744166612625122,0.07201717793941498,3.744166612625122,3.55587915745
6,greedy,3,3,43,Y39N:D76V,2,3.7369418144226074,0.07089723646640778,3.7369418144226074,3.8903704987
6,greedy,3,4,44,K3R:Q204L,2,3.735957384109497,0.06589537113904953,3.735957384109497,3.6312872528
6,greedy,3,5,45,R73C:H231Y,2,3.7294342517852783,0.07647241652011871,3.7294342517852783,3.62482326559
6,greedy,3,6,46,Q80R:N105S,2,3.7280349731445312,0.05839569494128227,3.7280349731445312,3.54678934328
6,greedy,3,7,47,E5K:N105S,2,3.727902889251709,0.0395863838493824,3.727902889251709,3.8039042887
6,greedy,3,8,48,S30T:F99L,2,3.7274062633514404,0.026286941021680832,3.7274062633514404,3.68919990245
6,greedy,3,9,49,G232D:M233L,2,3.727375030517578,0.029504189267754555,3.727375030517578,3.86952185022
6,greedy,3,10,50,N105I:N135D,2,3.7270896434783936,0.036486461758613586,3.7270896434783936,3.8151244434300007
6,greedy,3,11,51,I229V:M233V,2,3.7265594005584717,0.060999687761068344,3.7265594005584717,3.70531263054
6,greedy,3,12,52,D76Y:I128T,2,3.725109100341797,0.046283457428216934,3.725109100341797,3.9755409443
6,greedy,3,13,53,Q80R:P89L:D155N:P187T:D234G,5,3.7250232696533203,0.04805956780910492,3.7250232696533203,3.12406658107
6,greedy,3,14,54,S202C:T203A:D234G,3,3.7247109413146973,0.022722477093338966,3.7247109413146973,3.80595821089
6,greedy,3,15,55,I128V:H231L:G232D,3,3.7246947288513184,0.026732828468084335,3.7246947288513184,3.71322440914
6,greedy,3,16,56,F46Y:E142G:R168H,3,3.7246756553649902,0.13325905799865723,3.7246756553649902,3.5211729965400003
6,greedy,3,17,57,N105I:M233V,2,3.7233784198760986,0.041022732853889465,3.7233784198760986,3.80170724825
6,greedy,3,18,58,T62A:T63S,2,3.7229793071746826,0.04597112908959389,3.7229793071746826,3.83773820258
6,greedy,3,19,59,R73L:F165Y,2,3.7228076457977295,0.06238926947116852,3.7228076457977295,3.50262359987
6,greedy,3,20,60,S202C:T203A,2,3.7225289344787598,0.03513983637094498,3.7225289344787598,3.717375780725
6,greedy,4,1,61,N105T:D117V,2,3.755561351776123,0.023401323705911636,3.755561351776123,3.79107222206
6,greedy,4,2,62,D76G:I128T,2,3.7523231506347656,0.03569306805729866,3.7523231506347656,4.005134125055
6,greedy,4,3,63,N105I:N212D,2,3.737255096435547,0.04679711163043976,3.737255096435547,3.68195086952
6,greedy,4,4,64,T59S:T62S:D180N,3,3.7355213165283203,0.09064424782991409,3.7355213165283203,3.77597424733
6,greedy,4,5,65,L15R:N105T,2,3.735090732574463,0.034338586032390594,3.735090732574463,3.88408956321
6,greedy,4,6,66,Y39H:P211T:N212I,3,3.7345073223114014,0.06064768135547638,3.7345073223114014,3.4440609512300004
6,greedy,4,7,67,T59A:T62S,2,3.7315850257873535,0.0837751179933548,3.7315850257873535,3.54358325939
6,greedy,4,8,68,E6K:S208C,2,3.7311339378356934,0.03641003742814064,3.7311339378356934,3.6718140079300015
6,greedy,4,9,69,E6K:D117G:I128T,3,3.7272658348083496,0.03005286306142807,3.7272658348083496,3.85619505192
6,greedy,4,10,70,Y39N:D155G,2,3.7268588542938232,0.06593839079141617,3.7268588542938232,3.78355313085
6,greedy,4,11,71,N105I:M233T,2,3.7248377799987793,0.03024088591337204,3.7248377799987793,3.71409848884
6,greedy,4,12,72,I152V:L221M,2,3.7218520641326904,0.05487089231610298,3.7218520641326904,3.82467520356
6,greedy,4,13,73,N105I:D234G,2,3.7212142944335938,0.02379181981086731,3.7212142944335938,3.54761856898
6,greedy,4,14,74,I128T:S208T,2,3.7163727283477783,0.029214471578598022,3.7163727283477783,3.66564163492
6,greedy,4,15,75,I128T:N212H,2,3.715005397796631,0.03933132439851761,3.715005397796631,3.7194079856
6,greedy,4,16,76,T63S:F223Y,2,3.713538408279419,0.059778135269880295,3.713538408279419,3.55726154367
6,greedy,4,17,77,K79M:S208C:E235G,3,3.7122676372528076,0.04403725266456604,3.7122676372528076,3.6163641916300007
6,greedy,4,18,78,M233K:D234G,2,3.7116503715515137,0.04598069563508034,3.7116503715515137,3.57778684547
6,greedy,4,19,79,I171V:Q204L:L236V,3,3.7116103172302246,0.10348401963710785,3.7116103172302246,3.98402309894
6,greedy,4,20,80,N105I:Y145F:M233L,3,3.7110486030578613,0.019733037799596786,3.7110486030578613,3.68904430313
6,greedy,5,1,81,F99L:Q204L:M233V,3,3.772472858428955,0.06697101145982742,3.772472858428955,3.70631709739
6,greedy,5,2,82,N149S:N185D:T186S:I188F:Q204L:K209E:E235G,7,3.769773483276367,0.12772972881793976,3.769773483276367,1.30103106176
6,greedy,5,3,83,Q204L:K209E,2,3.766064167022705,0.056666988879442215,3.766064167022705,3.44647860334
6,greedy,5,4,84,H81Y:I167V:Q204L:I229V,4,3.747515916824341,0.08701057732105255,3.747515916824341,3.64412893748
6,greedy,5,5,85,H81L:A154T:Q204L:E235G,4,3.731384754180908,0.11364982277154922,3.731384754180908,3.61412091735
6,greedy,5,6,86,Y39N:S86T,2,3.730447769165039,0.06076096370816231,3.730447769165039,3.63716609971
6,greedy,5,7,87,I123V:I161V,2,3.727421522140503,0.021266786381602287,3.727421522140503,3.75844470049
6,greedy,5,8,88,N105I:I128V:I229V,3,3.7251524925231934,0.02435218170285225,3.7251524925231934,3.76375782591
6,greedy,5,9,89,D117G:I128T:A179V:L195M,4,3.724777936935425,0.040762390941381454,3.724777936935425,3.75005216145
6,greedy,5,10,90,G174D:Q204L,2,3.723050594329834,0.04174265265464783,3.723050594329834,3.50686699821
6,greedy,5,11,91,I128T:Q204L:E235G,3,3.7229206562042236,0.09603326767683029,3.7229206562042236,3.68840622453
6,greedy,5,12,92,E172V:Q204L:M233V,3,3.7208564281463623,0.043412577360868454,3.7208564281463623,3.62998065841
6,greedy,5,13,93,I128T:R168S:D197N,3,3.7197890281677246,0.040520697832107544,3.7197890281677246,3.74293102773
6,greedy,5,14,94,I128V:I229V,2,3.7170310020446777,0.03351946175098419,3.7170310020446777,3.54977207958
6,greedy,5,15,95,E5V:M78K:Q204L,3,3.7169723510742188,0.11157754808664322,3.7169723510742188,3.2808045942
6,greedy,5,16,96,I123V:I167V,2,3.7160439491271973,0.035370491445064545,3.7160439491271973,3.69445183899
6,greedy,5,17,97,I128T:I188F,2,3.7125301361083984,0.03070637583732605,3.7125301361083984,3.7641315453199993
6,greedy,5,18,98,S30T:E32G:Q204L,3,3.7110695838928223,0.03145505487918854,3.7110695838928223,3.4989171228
6,greedy,5,19,99,T62P:I161V,2,3.710292100906372,0.07311197370290756,3.710292100906372,3.80177467345
6,greedy,5,20,100,E6V:Y39N,2,3.7102534770965576,0.05240197479724884,3.7102534770965576,3.9178467176
6,ucb,1,1,1,L42Q:S72C:M78L:H81L:K101R:S147G:I167V:G191R:L201R:M233V:E235G,11,4.1670942306518555,0.15162664651870728,4.318720817565918,1.7157266221
6,ucb,1,2,2,F71S:S72C:D103G:I136T:N164D:I167V:I171L:L194P:S208C:A226T,10,4.035811424255371,0.2499563992023468,4.285768032073975,1.5632813020200005
6,ucb,1,3,3,K3M:F99L:N159D:I161V:N170D:I188L:E235G,7,4.032077312469482,0.20336152613162994,4.235438823699951,3.5714425372300007
6,ucb,1,4,4,M78L:N121S:N144I:H148R:N159D:I188V:D197G,7,4.090078830718994,0.1378931850194931,4.227972030639648,1.4731926326700002
6,ucb,1,5,5,F27L:F71Y:I128F:I152V:N159D:K162E:S208C,7,3.993973970413208,0.23032712936401367,4.224301338195801,1.56144182992
6,ucb,1,6,6,C48R:M88L:Q94L:D103G:K107E:N121S:F130L:D133E:N146S:D216G,10,4.0167646408081055,0.18629416823387146,4.20305871963501,1.39034018786
6,ucb,1,7,7,T62A:I98T:K107R:K126E:G138A:K156Q:F165L:N170S:D197G,9,4.031085014343262,0.16934940218925476,4.20043420791626,1.30102952236
6,ucb,1,8,8,I47V:N105S:F165Y:I167V:D197G:M233V,6,4.034196376800537,0.16076964139938354,4.194965839385986,3.90870556551
6,ucb,1,9,9,M78L:M88L:F100I:R109C:F165V:I167V,6,4.012585639953613,0.17612417042255402,4.188709735870361,1.30103001551
6,ucb,1,10,10,K41R:V61A:N121S:N146S:K162R:F165L:R168H:D173G,8,4.0908589363098145,0.09704360365867615,4.187902450561523,1.3010299877299998
6,ucb,1,11,11,T38A:T43I:K107E:K156M:F165L:I167V:Q204H,7,3.993511915206909,0.19380974769592285,4.187321662902832,3.18684595493
6,ucb,1,12,12,E6G:I47T:F100Y:R109C:N121S:Q157L:I161V,7,4.011736869812012,0.16430926322937012,4.176046371459961,3.1988405200200005
6,ucb,1,13,13,C70S:F84L:Y92H:K113R:N121S:K158M:I161V:I167V,8,3.992776393890381,0.18272650241851807,4.175502777099609,1.68209372099
6,ucb,1,14,14,I14F:I47T:Y74C:F130L:I136V:K158E:I161T:Y237D,8,3.9173214435577393,0.2565002739429474,4.173821926116943,1.57961618169
6,ucb,1,15,15,V68A:H77R:Y143C:K158E:I161V:N170D:D216E:M233L,8,3.9376251697540283,0.22956933081150055,4.167194366455078,1.66877504024
6,ucb,1,16,16,F8Y:S28T:F99Y:E132V:I167V,5,4.042912483215332,0.12226065248250961,4.165173053741455,3.5671238294300003
6,ucb,1,17,17,P75L:I98T:K107E:I161T:N170D:Q184R:M218L:I229F,8,3.984966993331909,0.18002396821975708,4.1649909019470215,1.49153081785
6,ucb,1,18,18,E32G:K126R:K131R:Q184R:S208C:K214R,6,3.9779937267303467,0.18368203938007355,4.161675930023193,3.6013193627900004
6,ucb,1,19,19,S28C:T38A:I47V:Q80L:I128V:I161V:L221P,7,3.9357376098632812,0.21728941798210144,4.153027057647705,3.2606921778
6,ucb,1,20,20,E5G:I14N:C70R:F99L:T108A:N164S:F165Y:I171V:S208C:M218V:D234V:E235G,12,4.025416374206543,0.1233176738023758,4.148734092712402,3.52184539929
6,ucb,2,1,21,E90G:E95G:N105I:S175C:V193M,5,3.8923306465148926,0.16353052854537964,4.055860996246338,3.5065790017800005
6,ucb,2,2,22,T59S:T62S:D180N,3,3.8345565795898438,0.14071303606033325,3.9752695560455322,3.77597424733
6,ucb,2,3,23,T43S:K52M:D76N:N105S:S202C:H231R,6,3.896092653274536,0.07489823549985886,3.9709908962249756,3.71922727372
6,ucb,2,4,24,T43A:V163M:F165Y:D180G,4,3.835536241531372,0.12123174965381622,3.956768035888672,3.35506356041
6,ucb,2,5,25,T9A:V12M:T38I:D133G:K162R:V163A,6,3.8093044757843018,0.13136924803256989,3.940673828125,3.64372225725
6,ucb,2,6,26,T38S:T62S,2,3.8633010387420654,0.07693438231945038,3.9402353763580322,3.69094324962
6,ucb,2,7,27,T43A:T50N:F83Y:K131E:S175C:K209N:T230A,7,3.8367812633514404,0.1010061502456665,3.9377875328063965,1.74256481032
6,ucb,2,8,28,E6G:F130L:E132G:I152T:D190V:F223S,6,3.733825206756592,0.19957251846790314,3.9333977699279785,1.3014591306
6,ucb,2,9,29,E6V:M78V:H81Y:H199L:D234G,5,3.7398757934570312,0.18477334082126617,3.924649238586426,2.16177774529
6,ucb,2,10,30,H25L:S28C:S175C:P187L,4,3.797191619873047,0.12159021198749542,3.9187817573547363,3.3105745304900003
6,ucb,2,11,31,T38I:E142G:V163M:K166R,4,3.8078980445861816,0.10706442594528198,3.9149625301361084,3.76414226105
6,ucb,2,12,32,V22I:V150I:L178I:N212H,4,3.8261642456054688,0.08307547867298126,3.9092397689819336,3.71568198867
6,ucb,2,13,33,V112M:T118A:G134C:D173G:L195R:V224A,6,3.786337375640869,0.11966501176357269,3.9060022830963135,1.54556442199
6,ucb,2,14,34,E17K:K52M:P56S:Q204R,4,3.8169848918914795,0.0868321880698204,3.9038171768188477,3.45994910004
6,ucb,2,15,35,P75H:V163A,2,3.8003897666931152,0.10127845406532288,3.9016683101654053,3.54965357239
6,ucb,2,16,36,E6G:F114Y:D117G,3,3.800492763519287,0.09883467108011246,3.899327516555786,3.68140084347
6,ucb,2,17,37,E34A:F71Y:E132G:Q184L:T203A,5,3.7645397186279297,0.1324867606163025,3.897026538848877,2.16138085219
6,ucb,2,18,38,E5K:K41M:K52M:Q157R,4,3.7359557151794434,0.15848644077777863,3.894442081451416,3.5839855748
6,ucb,2,19,39,K156E:K209I:F223Y:E235V,4,3.779179096221924,0.11157991737127304,3.890758991241455,3.65558639409
6,ucb,2,20,40,E34V:K79M:L220M:G232D,4,3.801931858062744,0.08341983705759048,3.8853516578674316,3.610553587780002
6,ucb,3,1,41,D19N:K158G,2,3.7830653190612793,0.0626022145152092,3.845667600631714,3.5987308810900003
6,ucb,3,2,42,R73C:H231Y,2,3.744939088821411,0.08667363971471786,3.8316128253936768,3.62482326559
6,ucb,3,3,43,Q204L:K209E,2,3.6259288787841797,0.20260508358478546,3.828533887863159,3.44647860334
6,ucb,3,4,44,D117G:K131E:Q204L,3,3.5499606132507324,0.2678704261779785,3.817831039428711,3.68135430034
6,ucb,3,5,45,R73L:H169Y:E172K,3,3.6838507652282715,0.132541686296463,3.816392421722412,3.64501916546
6,ucb,3,6,46,Q80R:N105S,2,3.755742311477661,0.05841168016195297,3.8141539096832275,3.54678934328
6,ucb,3,7,47,R73L:L194Q:D197V,3,3.7250781059265137,0.08129492402076721,3.806373119354248,3.55587915745
6,ucb,3,8,48,S28N:P75T:K158E,3,3.719062328338623,0.08178241550922394,3.800844669342041,3.54475230125
6,ucb,3,9,49,K52M:D129N:H181Y:A206T,4,3.737161159515381,0.06215963140130043,3.799320697784424,3.4859772180300004
6,ucb,3,10,50,N105Y:I123V:I161V,3,3.6955864429473877,0.10120457410812378,3.7967910766601562,3.75983880995
6,ucb,3,11,51,S30T:S175C,2,3.7269954681396484,0.06939297914505005,3.7963883876800537,3.73437018198
6,ucb,3,12,52,I229V:D234V,2,3.683250904083252,0.10806726664304733,3.79131817817688,3.50960223011
6,ucb,3,13,53,Y151H:S202C,2,3.7060351371765137,0.0844363123178482,3.7904715538024902,3.91240028697
6,ucb,3,14,54,S30T:F99L,2,3.747178554534912,0.04295496270060539,3.790133476257324,3.68919990245
6,ucb,3,15,55,N105S:Q157R,2,3.746323347091675,0.038878683000802994,3.7852020263671875,3.68430086447
6,ucb,3,16,56,I14T:T38I:L44M:N105I,4,3.6981844902038574,0.08530521392822266,3.78348970413208,3.3860796577700003
6,ucb,3,17,57,R73L:H169L,2,3.7307353019714355,0.05241212621331215,3.7831473350524902,3.56330936636
6,ucb,3,18,58,R73L:F165Y,2,3.710900068283081,0.07154538482427597,3.7824454307556152,3.50262359987
6,ucb,3,19,59,Y39C:N105Y,2,3.70586895942688,0.0748697817325592,3.7807388305664062,3.771154964830002
6,ucb,3,20,60,S28C:N105I,2,3.696429491043091,0.08050227165222168,3.7769317626953125,3.55370484492
6,ucb,4,1,61,T59A:T62S,2,3.7385356426239014,0.07880450785160065,3.817340135574341,3.54358325939
6,ucb,4,2,62,E6K:S208C,2,3.7305140495300293,0.06445834785699844,3.7949724197387695,3.6718140079300015
6,ucb,4,3,63,L15M:M153V,2,3.7316699028015137,0.06095835939049721,3.792628288269043,4.05637654332
6,ucb,4,4,64,I47V:F99Y:L221Q,3,3.6902642250061035,0.09929980337619781,3.7895641326904297,3.67388079081
6,ucb,4,5,65,I171T:M233T,2,3.7156357765197754,0.06951051205396652,3.7851462364196777,3.67919683198
6,ucb,4,6,66,L15R:N105T,2,3.7309887409210205,0.05134166404604912,3.7823305130004883,3.88408956321
6,ucb,4,7,67,Y39N:N105I,2,3.741832733154297,0.03797117620706558,3.779803991317749,4.08598147357
6,ucb,4,8,68,L15Q:L194Q,2,3.679839611053467,0.09850521385669708,3.7783448696136475,3.74094345846
6,ucb,4,9,69,Y39C:G189C,2,3.7045884132385254,0.0736568346619606,3.778245210647583,3.5584565846300005
6,ucb,4,10,70,S30T:L137Q:Y145H:F223Y:G228V,5,3.6437630653381348,0.13100023567676544,3.774763345718384,3.23334693793
6,ucb,4,11,71,D190Y:Y200C:D234V,3,3.714064359664917,0.0597505196928978,3.7738149166107178,3.72551829265
6,ucb,4,12,72,T62A:T63S,2,3.732788562774658,0.03878200799226761,3.7715706825256348,3.83773820258
6,ucb,4,13,73,S147T:I161V,2,3.6927103996276855,0.07870832085609436,3.771418809890747,3.66064154475
6,ucb,4,14,74,S28R:S202C:L221Q,3,3.7418627738952637,0.028580520302057266,3.7704432010650635,3.88378812607
6,ucb,4,15,75,K79M:S208C:E235G,3,3.722555160522461,0.04595020040869713,3.768505334854126,3.6163641916300007
6,ucb,4,16,76,Y145C:E235V,2,3.686809539794922,0.08103886991739273,3.767848491668701,3.80846915935
6,ucb,4,17,77,E5V:S202C,2,3.7259812355041504,0.04101626202464104,3.7669975757598877,3.6028180934800007
6,ucb,4,18,78,E6G:Y39N,2,3.6991114616394043,0.06601956486701965,3.7651309967041016,3.79136497401
6,ucb,4,19,79,E5V:S208C,2,3.6988625526428223,0.06321535259485245,3.762077808380127,3.70013655592
6,ucb,4,20,80,M233K:D234G,2,3.690016269683838,0.0708879604935646,3.760904312133789,3.57778684547
6,ucb,5,1,81,Y39N:N105H,2,3.821735382080078,0.0772208571434021,3.898956298828125,3.73007484474
6,ucb,5,2,82,D155G:N198H:S202I:N212S:G232D,5,3.6295151710510254,0.22323226928710938,3.8527474403381348,3.76414926559
6,ucb,5,3,83,Y39N:D155G,2,3.772198438644409,0.07421521097421646,3.8464136123657227,3.78355313085
6,ucb,5,4,84,Y39S:Y151H:D155V,3,3.614640474319458,0.22504086792469025,3.839681386947632,3.6623411954
6,ucb,5,5,85,E17K:D36V:Y39D:D129G:N164H:Q184L,6,3.5855209827423096,0.2525279223918915,3.8380489349365234,3.73660976111
6,ucb,5,6,86,E5K:Y39N:S72G,3,3.6925926208496094,0.13744662702083588,3.8300392627716064,3.91223097583
6,ucb,5,7,87,Y39N:N105S:N144D:T225S,4,3.737907886505127,0.08968034386634827,3.8275883197784424,3.75683912546
6,ucb,5,8,88,Y151H:K166M,2,3.724381923675537,0.0909651443362236,3.8153469562530518,3.8052437373300014
6,ucb,5,9,89,N105T:D117V,2,3.741847515106201,0.06600271910429001,3.8078501224517822,3.79107222206
6,ucb,5,10,90,E142V:Y145C,2,3.7132301330566406,0.0927262157201767,3.8059563636779785,3.55891530069
6,ucb,5,11,91,L7R:N105S,2,3.7173984050750732,0.08418828994035721,3.801586627960205,3.5675809106900003
6,ucb,5,12,92,N105S:I161V,2,3.699924945831299,0.09207363426685333,3.7919986248016357,3.7967871819
6,ucb,5,13,93,Y39N:S86T,2,3.7307136058807373,0.05979875475168228,3.7905123233795166,3.63716609971
6,ucb,5,14,94,S86A:N105T,2,3.7294788360595703,0.060612305998802185,3.790091037750244,3.87110182176
6,ucb,5,15,95,N105S:N146K,2,3.7109851837158203,0.07829590886831284,3.789281129837036,3.71280698487
6,ucb,5,16,96,E32V:A179V:S208C,3,3.6756081581115723,0.11132745444774628,3.786935567855835,3.60585870129
6,ucb,5,17,97,N105S:Y237F,2,3.726048231124878,0.059962883591651917,3.786011219024658,3.66939016123
6,ucb,5,18,98,S202C:T203A:D234G,3,3.7037880420684814,0.08189474046230316,3.7856826782226562,3.80595821089
6,ucb,5,19,99,Y151H:D155V,2,3.6774566173553467,0.10585720092058182,3.783313751220703,3.82702609961
6,ucb,5,20,100,Y39H:N135S,2,3.6324973106384277,0.15013492107391357,3.782632350921631,4.08700897317
6,conservative,1,1,1,L42Q:S72C:M78L:H81L:K101R:S147G:I167V:G191R:L201R:M233V:E235G,11,4.1670942306518555,0.15162664651870728,4.015467643737793,1.7157266221
6,conservative,1,2,2,K41R:V61A:N121S:N146S:K162R:F165L:R168H:D173G,8,4.0908589363098145,0.09704360365867615,3.9938154220581055,1.3010299877299998
6,conservative,1,3,3,F46Y:P75H:N149D:I161V:Q184R,5,4.023550510406494,0.04455067962408066,3.9789998531341553,3.43796043304
6,conservative,1,4,4,E5G:F165C:I167V:Q204R:K214R:M233V,6,4.019702911376953,0.06318367272615433,3.95651912689209,3.61199101315
6,conservative,1,5,5,M78L:N121S:N144I:H148R:N159D:I188V:D197G,7,4.090078830718994,0.1378931850194931,3.95218563079834,1.4731926326700002
6,conservative,1,6,6,E6G:L15Q:F46L:I47T:N105D:D133G:F165V:T203A,8,4.044405937194824,0.09666656702756882,3.947739362716675,1.30103163828
6,conservative,1,7,7,I47T:K79E:K126E:D197G:M218K:D234V,6,3.971409320831299,0.0407433956861496,3.930665969848633,1.30103094545
6,conservative,1,8,8,E6G:K156E:F165I:V176A:Q184R:S202C:M233V,7,3.9859657287597656,0.05851922556757927,3.9274466037750244,3.66942884964
6,conservative,1,9,9,T97S:N135S:K158E:T230A,4,3.968425750732422,0.041810259222984314,3.9266154766082764,3.69468448043
6,conservative,1,10,10,F8Y:S28T:F99Y:E132V:I167V,5,4.042912483215332,0.12226065248250961,3.920651912689209,3.5671238294300003
6,conservative,1,11,11,T108A:I123V:S147G:V150A:L178V:K214E:T230A,7,4.012148380279541,0.09187731146812439,3.920271158218384,3.19203418792
6,conservative,1,12,12,S72G:N121S:I128T:N170S:D197G:I229V,6,4.02753210067749,0.10995959490537643,3.917572498321533,3.75097299945
6,conservative,1,13,13,H81L:D133G:K158E:Q184L:T230P,5,3.9682388305664062,0.058200448751449585,3.910038471221924,3.64728196307
6,conservative,1,14,14,V68E:K79E:N121S:H148R:D173G:Q184L:Y237C,7,3.976330280303955,0.06665001064538956,3.9096803665161133,1.30178978615
6,conservative,1,15,15,E5G:I14N:C70R:F99L:T108A:N164S:F165Y:I171V:S208C:M218V:D234V:E235G,12,4.025416374206543,0.1233176738023758,3.9020986557006836,3.52184539929
6,conservative,1,16,16,F165L:D180G:T203A:F223Y:T230A,5,4.023693084716797,0.12214283645153046,3.90155029296875,3.30179590602
6,conservative,1,17,17,E132A:N135D:N164S:N198G,4,3.9407801628112793,0.0437309555709362,3.8970491886138916,3.81187595859
6,conservative,1,18,18,S72G:N105Y:K113R:I128V:D133G:Y151H:I171V:S202C,8,3.979445219039917,0.08241719752550125,3.8970279693603516,3.87501518006
6,conservative,1,19,19,N105S:N159D:N170S:T230A,4,3.962923049926758,0.06883248686790466,3.8940906524658203,3.5547540060300005
6,conservative,1,20,20,N105I:N121S:N146S:D155G:I167N:N185D:P196S:V219A,8,3.952091932296753,0.06541188061237335,3.8866801261901855,1.30103022035
6,conservative,2,1,21,T38S:T62S,2,3.858107805252075,0.03550074249505997,3.8226070404052734,3.69094324962
6,conservative,2,2,22,Y39N:N105I,2,3.820079803466797,0.015509556978940964,3.804570198059082,4.08598147357
6,conservative,2,3,23,Y39N:K52M:P75S:E132G:I229V,5,3.8920340538024902,0.1080893874168396,3.783944606781006,3.58666852917
6,conservative,2,4,24,E34V:K79M:L220M:G232D,4,3.8329825401306152,0.0528406947851181,3.780141830444336,3.610553587780002
6,conservative,2,5,25,Y39N:N105H,2,3.794450283050537,0.01940702646970749,3.775043249130249,3.73007484474
6,conservative,2,6,26,E5V:V22A:Y106C:E142V:I171T:L194P:S208C:F223I:A226V:T230A,10,3.7788078784942627,0.021976379677653313,3.756831407546997,1.4571017860100002
6,conservative,2,7,27,T38A:R73C:F84Y:G191V,4,3.791419267654419,0.0408644862473011,3.7505548000335693,3.523309400930002
6,conservative,2,8,28,E5V:S208C,2,3.7616844177246094,0.012896322645246983,3.7487881183624268,3.70013655592
6,conservative,2,9,29,D19N:K158G,2,3.8051486015319824,0.0661962479352951,3.738952398300171,3.5987308810900003
6,conservative,2,10,30,E5V:S202C,2,3.7616660594940186,0.02356293983757496,3.738103151321411,3.6028180934800007
6,conservative,2,11,31,T43S:K52M:D76N:N105S:S202C:H231R,6,3.8361823558807373,0.09915462136268616,3.737027645111084,3.71922727372
6,conservative,2,12,32,I171T:I188V,2,3.7707104682922363,0.034496113657951355,3.7362143993377686,3.917373360280002
6,conservative,2,13,33,E32V:A179V:S208C,3,3.7582123279571533,0.02289269119501114,3.7353196144104004,3.60585870129
6,conservative,2,14,34,T62A:T63S,2,3.7887473106384277,0.055688757449388504,3.733058452606201,3.83773820258
6,conservative,2,15,35,K52M:D76V:N105Y:A227T,4,3.76703143119812,0.034415651112794876,3.7326157093048096,3.5679317761800005
6,conservative,2,16,36,I128V:I229V,2,3.791706085205078,0.059381548315286636,3.7323246002197266,3.54977207958
6,conservative,2,17,37,K79M:S208C:E235G,3,3.7569403648376465,0.028654204681515694,3.7282862663269043,3.6163641916300007
6,conservative,2,18,38,T59A:T62S,2,3.7766833305358887,0.04946935921907425,3.7272138595581055,3.54358325939
6,conservative,2,19,39,T9A:K131M:S175C,3,3.756687879562378,0.029922060668468475,3.7267658710479736,3.501843210280002
6,conservative,2,20,40,E90G:K158M:H231L,3,3.7646288871765137,0.03801249712705612,3.726616382598877,3.63377694
6,conservative,3,1,41,I128T:S208T,2,3.781799793243408,0.04573895037174225,3.736060857772827,3.66564163492
6,conservative,3,2,42,I128T:I171V,2,3.761981964111328,0.0370083749294281,3.724973678588867,3.69577544388
6,conservative,3,3,43,S30T:F99L,2,3.7567524909973145,0.03539986535906792,3.7213525772094727,3.68919990245
6,conservative,3,4,44,K79R:K158R,2,3.740901470184326,0.027927465736865997,3.7129740715026855,3.9207043244
6,conservative,3,5,45,R73L:H169L,2,3.741666793823242,0.03165348991751671,3.7100133895874023,3.56330936636
6,conservative,3,6,46,K156R:K158R,2,3.738790988922119,0.0327482707798481,3.706042766571045,3.77918393992
6,conservative,3,7,47,R73H:F84Y:I128T:V193L:E213V:M233L,6,3.770543336868286,0.07073873281478882,3.6998045444488525,3.28190359523
6,conservative,3,8,48,Y151H:S202C,2,3.73661470413208,0.03811070695519447,3.6985039710998535,3.91240028697
6,conservative,3,9,49,K113R:K158R,2,3.7288169860839844,0.03107030875980854,3.697746753692627,3.76668987115
6,conservative,3,10,50,K79R:L194M,2,3.7217116355895996,0.025493472814559937,3.696218252182007,3.73927614161
6,conservative,3,11,51,I136V:I171T,2,3.709240436553955,0.01460730005055666,3.6946332454681396,3.84219000725
6,conservative,3,12,52,S30T:F99I:K158E,3,3.7184505462646484,0.02605559304356575,3.692394971847534,3.70976256688
6,conservative,3,13,53,S202C:T203A,2,3.718139171600342,0.02651509828865528,3.691624164581299,3.717375780725
6,conservative,3,14,54,F46L:S202C,2,3.7237746715545654,0.03282318264245987,3.6909515857696533,3.78891134888
6,conservative,3,15,55,I161V:I171T,2,3.713348865509033,0.02367735281586647,3.689671516418457,3.86077361263
6,conservative,3,16,56,S30C:E142G,2,3.7293803691864014,0.04021846130490303,3.689162015914917,3.90677578216
6,conservative,3,17,57,I128T:I167V,2,3.7423107624053955,0.053517501801252365,3.688793182373047,3.77286349987
6,conservative,3,18,58,K126E:K158R,2,3.701958417892456,0.015325944870710373,3.6866323947906494,3.63920809039
6,conservative,3,19,59,R73L:L194Q:D197V,3,3.7027220726013184,0.01614815555512905,3.6865739822387695,3.55587915745
6,conservative,3,20,60,I171T:E235G,2,3.702620029449463,0.01660686731338501,3.6860132217407227,3.61948845688
6,conservative,4,1,61,P75T:I171T,2,3.757582426071167,0.05878748744726181,3.6987948417663574,3.3862372492
6,conservative,4,2,62,K79R:I171T,2,3.7315750122070312,0.036363791674375534,3.695211172103882,3.69397922327
6,conservative,4,3,63,K79R:T230S,2,3.7052440643310547,0.014307466335594654,3.69093656539917,3.69154004079
6,conservative,4,4,64,N146D:I171N,2,3.6996829509735107,0.011592099443078041,3.6880908012390137,3.7197688974
6,conservative,4,5,65,N105I:N149D,2,3.7098312377929688,0.022183459252119064,3.687647819519043,3.76040467543
6,conservative,4,6,66,E142G:N164D,2,3.707035541534424,0.019414646551012993,3.6876208782196045,3.57028948202
6,conservative,4,7,67,K79R:Q184R,2,3.7233009338378906,0.03745066374540329,3.6858503818511963,3.62282173537
6,conservative,4,8,68,P75L:S202C,2,3.7492852210998535,0.06375086307525635,3.6855344772338867,3.67174453985
6,conservative,4,9,69,I128T:I229T,2,3.6998355388641357,0.016685789451003075,3.683149814605713,3.6843518496300014
6,conservative,4,10,70,K3R:K79R,2,3.724726915359497,0.04197222739458084,3.6827547550201416,3.6418987729275
6,conservative,4,11,71,H81L:K158R,2,3.700695753097534,0.018159447237849236,3.6825363636016846,3.7988137016
6,conservative,4,12,72,N105I:N135D,2,3.736738681793213,0.05440031737089157,3.6823384761810303,3.8151244434300007
6,conservative,4,13,73,N170D:I188V,2,3.7016894817352295,0.019387761130928993,3.6823017597198486,3.77178793405
6,conservative,4,14,74,S30C:K156R,2,3.7085585594177246,0.026397468522191048,3.6821610927581787,3.93880516673
6,conservative,4,15,75,I171F:Y182C,2,3.692101240158081,0.010913592763245106,3.681187629699707,3.43116239626
6,conservative,4,16,76,K79R:S208C,2,3.6997902393341064,0.021801618859171867,3.6779885292053223,3.73773824554
6,conservative,4,17,77,N144D:K158R:I188L,3,3.689535617828369,0.012062270194292068,3.677473306655884,3.80376357181
6,conservative,4,18,78,I171T:I188N,2,3.702627182006836,0.025305358693003654,3.6773219108581543,3.73550895947
6,conservative,4,19,79,Y39N:D155G,2,3.701505184173584,0.024288982152938843,3.6772162914276123,3.78355313085
6,conservative,4,20,80,L53M:K79R:K214R,3,3.708245038986206,0.03169362619519234,3.676551342010498,3.602005917780002
6,conservative,5,1,81,S30T:S175C,2,3.8270068168640137,0.04286739230155945,3.784139394760132,3.73437018198
6,conservative,5,2,82,S28C:D155N,2,3.7447216510772705,0.031252797693014145,3.7134687900543213,3.75619803907
6,conservative,5,3,83,K158T:S175C,2,3.7431225776672363,0.03523503988981247,3.707887649536133,3.6668415432
6,conservative,5,4,84,S72C:D190G:S202C,3,3.7347359657287598,0.02896730601787567,3.705768585205078,3.77597432517
6,conservative,5,5,85,L7R:N105S,2,3.71903920173645,0.015367632731795311,3.703671455383301,3.5675809106900003
6,conservative,5,6,86,S28N:K126E:S175C,3,3.752645492553711,0.05250920355319977,3.700136184692383,3.6680833849300014
6,conservative,5,7,87,Y39H:N146D,2,3.742408037185669,0.043300919234752655,3.6991071701049805,3.98177902479
6,conservative,5,8,88,Y39H:N105Y:K209R,3,3.739445447921753,0.04404101520776749,3.695404529571533,3.71569389915
6,conservative,5,9,89,Q80R:N105S,2,3.7239372730255127,0.029478654265403748,3.6944587230682373,3.54678934328
6,conservative,5,10,90,N144D:N146D:Y151H:K158R,4,3.7455971240997314,0.05316277593374252,3.692434310913086,3.8297050345
6,conservative,5,11,91,Y39C:N105Y,2,3.7554402351379395,0.06362809985876083,3.691812038421631,3.771154964830002
6,conservative,5,12,92,N105S:K156R:L194M,3,3.718139171600342,0.02833968587219715,3.6897995471954346,3.78185683116
6,conservative,5,13,93,F99I:N144H:N198I:S202C,4,3.7467544078826904,0.05712122842669487,3.6896331310272217,3.5278030584099995
6,conservative,5,14,94,F99L:N144D,2,3.7083072662353516,0.019598206505179405,3.688709020614624,3.6940777767
6,conservative,5,15,95,N105S:K140R,2,3.7110049724578857,0.023813338950276375,3.6871917247772217,3.63454595774
6,conservative,5,16,96,T49A:N105T:S202C,3,3.7341620922088623,0.04786056652665138,3.6863014698028564,3.55835043306
6,conservative,5,17,97,K158E:M233V,2,3.6995081901550293,0.013733604922890663,3.685774564743042,3.94619655391
6,conservative,5,18,98,K156R:Q184L:G228R,3,3.7487874031066895,0.06332521140575409,3.685462236404419,3.62848550647
6,conservative,5,19,99,D36Y:K131N:Y151C:K158R,4,3.718106508255005,0.03273113816976547,3.685375452041626,3.24861846066
6,conservative,5,20,100,Y39N:K158R,2,3.7360291481018066,0.05150959640741348,3.6845195293426514,4.0563598297
7,random,1,1,1,K79R:I123V:Y151H:I152V:Q157R:K166R,6,,,,3.73333248463
7,random,1,2,2,D117G:Y151H:N185S,3,,,,3.41614623704
7,random,1,3,3,I128T:L178P:Q184L,3,,,,3.6993653295
7,random,1,4,4,F100S:N146Y:S202C:Y237C,4,,,,1.30247099238
7,random,1,5,5,K41R:F223L,2,,,,3.70435836195333
7,random,1,6,6,D76V:E95G:M233L,3,,,,3.57495844072
7,random,1,7,7,K126E:Q184R,2,,,,3.46790111475
7,random,1,8,8,G104D:I188V,2,,,,1.30103017663
7,random,1,9,9,G4S:K79R:D190G:D216Y,4,,,,1.30103100824
7,random,1,10,10,N144S:V224E,2,,,,3.14300705224
7,random,1,11,11,I47F:I161V,2,,,,3.5588458607
7,random,1,12,12,V68A:F165I:I171T:Q177L:H181R:N198I:S208N,7,,,,1.7697622689400003
7,random,1,13,13,T97A:G138W:K158R:Q183L,4,,,,1.38932657083
7,random,1,14,14,F8L:I47V:V68G:M78V:K131R:Q183L:T186A:L201Q,8,,,,1.46983812121
7,random,1,15,15,F83Y:D216N,2,,,,3.5922684408699994
7,random,1,16,16,K52E:N164D:S208G:E222G,4,,,,3.26017992462
7,random,1,17,17,K101R:N121D,2,,,,3.19235075975
7,random,1,18,18,E90V:E142G:M153V:K156R:D234A,5,,,,3.54780341485
7,random,1,19,19,K45E:I123F:P192L,3,,,,1.30103067951
7,random,1,20,20,F46Y:P54A:F71L:N149Y:L178P:Q183L:D197G:H217R,8,,,,1.30103050737
7,random,2,1,21,L15P:C70R:I128T:S175G,4,,,,1.57384887241
7,random,2,2,22,F8I:E17G:T50A:P58L:N164D:T186A:M233V,7,,,,1.98361356152
7,random,2,3,23,L15Q:E32G:K45R:V150A,4,,,,3.2614902316900003
7,random,2,4,24,S147G:N170I,2,,,,3.70002118658
7,random,2,5,25,D76N:K79R:N164D,3,,,,3.60346313042
7,random,2,6,26,H25R:S30P:H81L:E115G:N135I:T225A,6,,,,1.30171827364
7,random,2,7,27,T50A:L195Q,2,,,,3.5503508866199995
7,random,2,8,28,K41E:C48R:H81R:F114C:I123F:N170S:V176L:D210G:V224E,9,,,,1.30103003999
7,random,2,9,29,I128N:T186A:K214R,3,,,,3.56549709501
7,random,2,10,30,I98T:V163E:I171V:I229F,4,,,,2.43921255036
7,random,2,11,31,V16I:F83L:D102G:L137P:A154P,5,,,,1.65743558929
7,random,2,12,32,Y143S:N164D:L178H:Y237F,4,,,,3.44285908526
7,random,2,13,33,V93A:N121S,2,,,,3.605718864700002
7,random,2,14,34,E172V:V219A,2,,,,3.21882261773
7,random,2,15,35,V112E:S205F:P211S,3,,,,1.3010299466
7,random,2,16,36,L53Q:K113E:Y145H:E235V,4,,,,1.30100854
7,random,2,17,37,E95V:Y143H:E172G,3,,,,3.60392164818
7,random,2,18,38,L7P:C70Y:V93A:N135D:D180V:L195P,6,,,,1.30103003941
7,random,2,19,39,D19A:D129G:K214E,3,,,,3.64857753712
7,random,2,20,40,V16A:K166E,2,,,,3.26407823059
7,random,3,1,41,V12A:K107E:F114L:N164D:F165S,5,,,,1.30102999154
7,random,3,2,42,Y74H:Q177R:N198I,3,,,,2.11435049459
7,random,3,3,43,K45E:I98V:F99I:H148R:Y151H,5,,,,1.30104390224
7,random,3,4,44,Y39C:N105S:L125P:I128F:G189C:K209R:L221P:I229V,8,,,,1.30202996389
7,random,3,5,45,P75S:M78K:K158R,3,,,,3.31559255325
7,random,3,6,46,D36G:Y66C:Q94L:N144S,4,,,,1.6205161744299998
7,random,3,7,47,D36G:T50S:E111V,3,,,,3.61109953161
7,random,3,8,48,N105S:Y143H:N146S:N159I,4,,,,3.64196041475
7,random,3,9,49,I47V:K52E:K166E,3,,,,3.60510637773
7,random,3,10,50,D173G:M233V,2,,,,3.78423707995
7,random,3,11,51,T49I:N149D:F165S:L207Q,4,,,,1.5756004016999998
7,random,3,12,52,T43A:T118A:F165S:I171T:N212H,5,,,,3.23406902951
7,random,3,13,53,H25R:T108A:L137P:A226T,4,,,,1.64809206189
7,random,3,14,54,I171V:D216N,2,,,,3.56335040246
7,random,3,15,55,V68G:H81R:I98V:F99L:N121Y:T203A,6,,,,1.30103043711
7,random,3,16,56,K107E:I128F:N135D:D173V,4,,,,3.25552297076
7,random,3,17,57,M78K:L178H:T186A,3,,,,3.26179792911
7,random,3,18,58,K41R:F99L,2,,,,3.749808759630002
7,random,3,19,59,D76G:I123T:L125P:H139R:Q157R:N159D:E222V,7,,,,1.30102996147
7,random,3,20,60,I47F:F100S:E111G:M153T:S175G:V224G,6,,,,1.30110460392
7,random,4,1,61,V68A:D102G:H139R,3,,,,3.63624400397
7,random,4,2,62,N23S:K26R:S72G:K131E:K158R,5,,,,3.26684582244
7,random,4,3,63,E90G:N149I:V193A,3,,,,3.38906910497
7,random,4,4,64,F84V:T97A:D133G:D216G,4,,,,1.5952276422999998
7,random,4,5,65,S86A:K107E,2,,,,3.5712820622099994
7,random,4,6,66,T108A:I171T:F223S:L236R,4,,,,3.5910139127
7,random,4,7,67,K101T:H139Y:Q184L,3,,,,3.6939027941
7,random,4,8,68,V16A:T63S:Q204R,3,,,,3.1927431630000003
7,random,4,9,69,H25R:F100L:D102V:Y106H:V112A:N212S,6,,,,1.30103217817
7,random,4,10,70,Q80R:S147G:T203S,3,,,,3.35716526695
7,random,4,11,71,F165L:K166E,2,,,,3.68172790342
7,random,4,12,72,V11E:D19G:G24D:D36E:Y182N,5,,,,1.32130650194
7,random,4,13,73,V11A:A37D:S86A:M88L:R96H:H169R:Y200F:L207P,8,,,,1.30102993811
7,random,4,14,74,F114L:N149Y,2,,,,3.74116153564
7,random,4,15,75,G31V:K113E,2,,,,1.5523674906600002
7,random,4,16,76,E124V:I136T:H169R,3,,,,1.30103104756
7,random,4,17,77,Q177L:M218V,2,,,,3.47278467774
7,random,4,18,78,F46Y:K126Q,2,,,,3.71277041878
7,random,4,19,79,T59S:K140R:K162R:I171T,4,,,,3.8450264718
7,random,4,20,80,D36N:T38S:N149D,3,,,,3.67758121799
7,random,5,1,81,K52E:I188F:L201P:F223Y,4,,,,1.63180657558
7,random,5,2,82,T108A:G189A,2,,,,3.53260148625
7,random,5,3,83,F27L:E111G:L125P:K126R,4,,,,1.69816674199
7,random,5,4,84,K79R:N159S:K162R,3,,,,3.57533487388
7,random,5,5,85,E5G:F8L:E17G:F100C:T108A:N212D:H217R,7,,,,1.30102997655
7,random,5,6,86,K140E:V193A:E222K,3,,,,1.30110539625
7,random,5,7,87,S28G:H77R:K156E:Q184L,4,,,,3.68290750411
7,random,5,8,88,Y39H:K79R:E124G:H231R,4,,,,3.5479016744300003
7,random,5,9,89,T63S:Q80R:N121S:F130L,4,,,,3.60023698702
7,random,5,10,90,T9S:K113R,2,,,,3.75209016832
7,random,5,11,91,S28G:Y39C:E132G:N144D:V163A:N185S:I188N,7,,,,3.7574860329300006
7,random,5,12,92,V29A:D76G:K113T:E115V:N144Y:K156E:I171N:V176A,8,,,,1.30103006798
7,random,5,13,93,I47V:F99Y:L221Q,3,,,,3.67388079081
7,random,5,14,94,I47V:Y145C:F223S,3,,,,3.6316171112
7,random,5,15,95,D102G:H169R:E172V,3,,,,1.30112732875
7,random,5,16,96,I161V:F223I,2,,,,3.78192567708
7,random,5,17,97,F27L:R96H:K126R:F130L:N185I,5,,,,1.30103032135
7,random,5,18,98,M153L:Q184R:I229T:E235K,4,,,,3.7759743267300014
7,random,5,19,99,I14S:F27S:R96H:K113M:N135S:E142V:G174A:M218V,8,,,,1.30078870374
7,random,5,20,100,N23S:D82G:L195P:D216V,4,,,,1.30180391505
7,greedy,1,1,1,K41E:K52M:V61A:D103E:K140R:M153L:K158E:V224A,8,4.182520389556885,0.11280898749828339,4.182520389556885,1.3019250648
7,greedy,1,2,2,K41R:V61A:N121S:N146S:K162R:F165L:R168H:D173G,8,4.178152561187744,0.18264730274677277,4.178152561187744,1.3010299877299998
7,greedy,1,3,3,V55E:Q80L:K107E:N146S:S147G:Q157R:K162E:T225A,8,4.101450443267822,0.18330775201320648,4.101450443267822,1.30102999271
7,greedy,1,4,4,C48R:M88L:Q94L:D103G:K107E:N121S:F130L:D133E:N146S:D216G,10,4.073802471160889,0.2279043346643448,4.073802471160889,1.39034018786
7,greedy,1,5,5,F27Y:Q80L:G134S:K158E:A179V:K214R,6,4.071233749389648,0.12787601351737976,4.071233749389648,1.30103146631
7,greedy,1,6,6,M78L:N121S:N144I:H148R:N159D:I188V:D197G,7,4.068399906158447,0.08840617537498474,4.068399906158447,1.4731926326700002
7,greedy,1,7,7,K3E:H81L:F114L:L141Q:V150A:K158E:I161F:V176A:T230A,9,4.066704750061035,0.08871004730463028,4.066704750061035,1.51425584818
7,greedy,1,8,8,T108A:I123V:S147G:V150A:L178V:K214E:T230A,7,4.055903911590576,0.13806231319904327,4.055903911590576,3.19203418792
7,greedy,1,9,9,L42Q:S72C:M78L:H81L:K101R:S147G:I167V:G191R:L201R:M233V:E235G,11,4.055601596832275,0.14610175788402557,4.055601596832275,1.7157266221
7,greedy,1,10,10,T38S:V68A:N149S:K156M:N212D:I229V:H231R,7,4.052834510803223,0.14141198992729187,4.052834510803223,3.36756650113
7,greedy,1,11,11,N105Y:K107E:N121S:K126E:K140R:Q157R:N185S:E222G,8,4.052628993988037,0.26187434792518616,4.052628993988037,1.30503880066
7,greedy,1,12,12,Y74F:F114S:Y145H:Y151H:K156R:H169L:Q184L:Y237F,8,4.050644874572754,0.1393791139125824,4.050644874572754,1.3163559218799998
7,greedy,1,13,13,F165L:D180G:T203A:F223Y:T230A,5,4.04815673828125,0.11386924237012863,4.04815673828125,3.30179590602
7,greedy,1,14,14,N105I:N121S:N146S:D155G:I167N:N185D:P196S:V219A,8,4.04775857925415,0.11681957542896271,4.04775857925415,1.30103022035
7,greedy,1,15,15,F71S:S72C:D103G:I136T:N164D:I167V:I171L:L194P:S208C:A226T,10,4.039847373962402,0.1309119313955307,4.039847373962402,1.5632813020200005
7,greedy,1,16,16,K107R:N121S:K166E:S202C:K214R,5,4.035341739654541,0.060217708349227905,4.035341739654541,3.79231655042
7,greedy,1,17,17,E6G:L15Q:F46L:I47T:N105D:D133G:F165V:T203A,8,4.0316619873046875,0.1746760904788971,4.0316619873046875,1.30103163828
7,greedy,1,18,18,V29A:T63A:K79R:D117G:K156E:K162R:T230A,7,4.031401634216309,0.09204903990030289,4.031401634216309,1.30283498058
7,greedy,1,19,19,V68A:K79R:K158R:V176E:V193M:E235G,6,4.025339603424072,0.10471902042627335,4.025339603424072,3.60372676656
7,greedy,1,20,20,F71L:P75H:F114S:D180G:K209E,5,4.024435043334961,0.07331284880638123,4.024435043334961,1.30102998814
7,greedy,2,1,21,H25L:S28C:S175C:P187L,4,3.819166898727417,0.04530232027173042,3.819166898727417,3.3105745304900003
7,greedy,2,2,22,F46L:S202C,2,3.7965476512908936,0.04743262380361557,3.7965476512908936,3.78891134888
7,greedy,2,3,23,E5V:M78K:Q204L,3,3.786940813064575,0.1547107994556427,3.786940813064575,3.2808045942
7,greedy,2,4,24,S30C:E142G,2,3.7867560386657715,0.05318325757980347,3.7867560386657715,3.90677578216
7,greedy,2,5,25,H139L:Q204L:K209I,3,3.7855536937713623,0.14549842476844788,3.7855536937713623,3.24680264277
7,greedy,2,6,26,S30T:S175C,2,3.7821755409240723,0.050774235278367996,3.7821755409240723,3.73437018198
7,greedy,2,7,27,P196L:R215C:F223Y,3,3.779970645904541,0.06659816950559616,3.779970645904541,3.3945029992
7,greedy,2,8,28,T38A:R73C:F84Y:G191V,4,3.7798819541931152,0.0828981101512909,3.7798819541931152,3.523309400930002
7,greedy,2,9,29,S65A:S202C,2,3.7789719104766846,0.02537127025425434,3.7789719104766846,3.3422389806700004
7,greedy,2,10,30,R73C:H231Y,2,3.7769579887390137,0.08856768161058426,3.7769579887390137,3.62482326559
7,greedy,2,11,31,D19N:K158G,2,3.7718091011047363,0.05697642266750336,3.7718091011047363,3.5987308810900003
7,greedy,2,12,32,S86T:S208C,2,3.7713820934295654,0.06699877977371216,3.7713820934295654,3.73979512352
7,greedy,2,13,33,E17K:K52M:P56S:Q204R,4,3.769885301589966,0.12489006668329239,3.769885301589966,3.45994910004
7,greedy,2,14,34,S72C:D190G:S202C,3,3.7683258056640625,0.1512095332145691,3.7683258056640625,3.77597432517
7,greedy,2,15,35,K79R:S208C,2,3.767594575881958,0.06987264007329941,3.767594575881958,3.73773824554
7,greedy,2,16,36,S65T:E115V:S202C:F223L,4,3.767552614212036,0.07492075860500336,3.767552614212036,3.35385933139
7,greedy,2,17,37,T38S:T62S,2,3.764521360397339,0.04737047106027603,3.764521360397339,3.69094324962
7,greedy,2,18,38,S202C:T203A:D234G,3,3.7625319957733154,0.07835613191127777,3.7625319957733154,3.80595821089
7,greedy,2,19,39,S28G:D190V:S208C,3,3.762235641479492,0.06271761655807495,3.762235641479492,3.69503295391
7,greedy,2,20,40,S202C:T203A,2,3.757305145263672,0.07754787057638168,3.757305145263672,3.717375780725
7,greedy,3,1,41,I152V:L221M,2,3.7507526874542236,0.017185945063829422,3.7507526874542236,3.82467520356
7,greedy,3,2,42,R73L:H169L,2,3.7356534004211426,0.09595254808664322,3.7356534004211426,3.56330936636
7,greedy,3,3,43,R73L:I161V,2,3.7349421977996826,0.0817842036485672,3.7349421977996826,3.69752524656
7,greedy,3,4,44,V163A:F165L,2,3.724165439605713,0.037106629461050034,3.724165439605713,3.95943385557
7,greedy,3,5,45,V163M:N170D:T186I,3,3.7121925354003906,0.05450501665472984,3.7121925354003906,3.56489568677
7,greedy,3,6,46,K166E:S202C,2,3.707763671875,0.05023541301488876,3.707763671875,3.78226901707
7,greedy,3,7,47,P75T:I171T,2,3.706782817840576,0.054368261247873306,3.706782817840576,3.3862372492
7,greedy,3,8,48,Y39N:N105I,2,3.703453540802002,0.03879162296652794,3.703453540802002,4.08598147357
7,greedy,3,9,49,S30T:F99L,2,3.702059268951416,0.027294719591736794,3.702059268951416,3.68919990245
7,greedy,3,10,50,K140R:S202C,2,3.699449062347412,0.04495465010404587,3.699449062347412,3.8335521621699993
7,greedy,3,11,51,T38I:T97A,2,3.6990904808044434,0.016273081302642822,3.6990904808044434,3.59321211754
7,greedy,3,12,52,F99L:E142G:R168S,3,3.6966819763183594,0.0602179653942585,3.6966819763183594,3.67246422179
7,greedy,3,13,53,I123V:I167V,2,3.6954047679901123,0.02210359275341034,3.6954047679901123,3.69445183899
7,greedy,3,14,54,R73L:F165Y,2,3.6942458152770996,0.04683513194322586,3.6942458152770996,3.50262359987
7,greedy,3,15,55,Y39N:N105H,2,3.6939544677734375,0.028647933155298233,3.6939544677734375,3.73007484474
7,greedy,3,16,56,E5G:K79R:S202C,3,3.6938376426696777,0.03968549519777298,3.6938376426696777,3.80742810176
7,greedy,3,17,57,K113R:N144D:S202C,3,3.6937758922576904,0.05337822437286377,3.6937758922576904,3.64621016601
7,greedy,3,18,58,K3R:E34V,2,3.6936569213867188,0.047891054302453995,3.6936569213867188,3.97098805067
7,greedy,3,19,59,P187S:L194V,2,3.6924655437469482,0.03458390757441521,3.6924655437469482,3.77188125834
7,greedy,3,20,60,T38I:E142G:V163M:K166R,4,3.6923575401306152,0.03597047179937363,3.6923575401306152,3.76414226105
7,greedy,4,1,61,K3R:E32V,2,3.7611660957336426,0.046745575964450836,3.7611660957336426,3.7550811934699992
7,greedy,4,2,62,T59A:T62S,2,3.7567431926727295,0.07030206173658371,3.7567431926727295,3.54358325939
7,greedy,4,3,63,S202R:K214R,2,3.7453970909118652,0.08456521481275558,3.7453970909118652,3.63330687487
7,greedy,4,4,64,Y39N:N135I:S208G,3,3.737771987915039,0.04549933969974518,3.737771987915039,3.4464724772300004
7,greedy,4,5,65,K3R:K131R,2,3.735912322998047,0.050906360149383545,3.735912322998047,3.73045893562
7,greedy,4,6,66,T62A:T63S,2,3.733053684234619,0.013136344030499458,3.733053684234619,3.83773820258
7,greedy,4,7,67,E34Q:K79R,2,3.7305259704589844,0.056377142667770386,3.7305259704589844,3.73880947457
7,greedy,4,8,68,K166R:S202C,2,3.724461793899536,0.04564017057418823,3.724461793899536,3.71786573732
7,greedy,4,9,69,K3R:K79R,2,3.724372148513794,0.06013530120253563,3.724372148513794,3.6418987729275
7,greedy,4,10,70,I123V:I161V,2,3.719541072845459,0.05725774168968201,3.719541072845459,3.75844470049
7,greedy,4,11,71,L141M:V163A,2,3.7191035747528076,0.05073454603552818,3.7191035747528076,3.93788704051
7,greedy,4,12,72,E6K:K214R,2,3.718484401702881,0.03446662425994873,3.718484401702881,3.6982814454300006
7,greedy,4,13,73,K26R:S202C,2,3.718310832977295,0.09109373390674591,3.718310832977295,3.80245569209
7,greedy,4,14,74,E34A:S175C:K214R,3,3.7170863151550293,0.05961265787482262,3.7170863151550293,3.72142348887
7,greedy,4,15,75,E34V:K131R,2,3.71708345413208,0.03494579717516899,3.71708345413208,3.681782387
7,greedy,4,16,76,S30C:K156R,2,3.7148404121398926,0.0576794259250164,3.7148404121398926,3.93880516673
7,greedy,4,17,77,K3R:N105V,2,3.7132461071014404,0.022960906848311424,3.7132461071014404,3.73313256047
7,greedy,4,18,78,E6V:Y39N,2,3.7131309509277344,0.04041055217385292,3.7131309509277344,3.9178467176
7,greedy,4,19,79,I128V:I229V,2,3.7125840187072754,0.058554280549287796,3.7125840187072754,3.54977207958
7,greedy,4,20,80,Y39N:S86T,2,3.709815263748169,0.044180434197187424,3.709815263748169,3.63716609971
7,greedy,5,1,81,E6G:Y39N,2,3.7746341228485107,0.03862369433045387,3.7746341228485107,3.79136497401
7,greedy,5,2,82,T43S:K52M:D76N:N105S:S202C:H231R,6,3.744143009185791,0.09188135713338852,3.744143009185791,3.71922727372
7,greedy,5,3,83,M233T:D234N,2,3.7353599071502686,0.04155392572283745,3.7353599071502686,3.64644004026
7,greedy,5,4,84,S28R:S202C:L221Q,3,3.7339062690734863,0.07269033789634705,3.7339062690734863,3.88378812607
7,greedy,5,5,85,S28C:L194R,2,3.7333827018737793,0.06432437151670456,3.7333827018737793,3.84606943971
7,greedy,5,6,86,K140R:Y145C:K162M,3,3.7317721843719482,0.06643574684858322,3.7317721843719482,3.61702541822
7,greedy,5,7,87,E34G:Y39N,2,3.725048542022705,0.05195200443267822,3.725048542022705,3.600432966530002
7,greedy,5,8,88,G232D:M233L,2,3.723572254180908,0.03596409410238266,3.723572254180908,3.86952185022
7,greedy,5,9,89,E5V:E6K,2,3.723555088043213,0.04602064937353134,3.723555088043213,3.67097229231
7,greedy,5,10,90,E34G:S202C,2,3.7221360206604004,0.042515914887189865,3.7221360206604004,3.66326472299
7,greedy,5,11,91,N105T:D117V,2,3.7206764221191406,0.02492990531027317,3.7206764221191406,3.79107222206
7,greedy,5,12,92,K162R:D197V:S202C,3,3.720510959625244,0.04571507126092911,3.720510959625244,3.7499711529300006
7,greedy,5,13,93,E5G:Y143N:L221M:L236M,4,3.7200889587402344,0.10846997052431107,3.7200889587402344,3.57935296007
7,greedy,5,14,94,Q80R:S202C,2,3.7199721336364746,0.04790996015071869,3.7199721336364746,3.96326999611
7,greedy,5,15,95,K26R:S175C,2,3.7198002338409424,0.03747102990746498,3.7198002338409424,3.51030432931
7,greedy,5,16,96,K3Q:E5V,2,3.718407392501831,0.025942878797650337,3.718407392501831,3.688149653480002
7,greedy,5,17,97,E6K:S208C,2,3.718186855316162,0.039223164319992065,3.718186855316162,3.6718140079300015
7,greedy,5,18,98,Y39N:D76V,2,3.717327833175659,0.05766821652650833,3.717327833175659,3.8903704987
7,greedy,5,19,99,E6G:E34V,2,3.715514659881592,0.031267888844013214,3.715514659881592,3.73350969705
7,greedy,5,20,100,E17K:E34V,2,3.715329647064209,0.042325086891651154,3.715329647064209,3.72463626683
7,ucb,1,1,1,K41R:V61A:N121S:N146S:K162R:F165L:R168H:D173G,8,4.178152561187744,0.18264730274677277,4.360799789428711,1.3010299877299998
7,ucb,1,2,2,N105Y:K107E:N121S:K126E:K140R:Q157R:N185S:E222G,8,4.052628993988037,0.26187434792518616,4.314503192901611,1.30503880066
7,ucb,1,3,3,C48R:M88L:Q94L:D103G:K107E:N121S:F130L:D133E:N146S:D216G,10,4.073802471160889,0.2279043346643448,4.301706790924072,1.39034018786
7,ucb,1,4,4,K41E:K52M:V61A:D103E:K140R:M153L:K158E:V224A,8,4.182520389556885,0.11280898749828339,4.295329570770264,1.3019250648
7,ucb,1,5,5,V55E:Q80L:K107E:N146S:S147G:Q157R:K162E:T225A,8,4.101450443267822,0.18330775201320648,4.2847580909729,1.30102999271
7,ucb,1,6,6,Y145F:S147G:D173G:V176A:Y182C:I188L:V193A,7,4.0215983390808105,0.18669623136520386,4.20829439163208,3.59120944888
7,ucb,1,7,7,E6G:L15Q:F46L:I47T:N105D:D133G:F165V:T203A,8,4.0316619873046875,0.1746760904788971,4.206337928771973,1.30103163828
7,ucb,1,8,8,L42Q:S72C:M78L:H81L:K101R:S147G:I167V:G191R:L201R:M233V:E235G,11,4.055601596832275,0.14610175788402557,4.2017035484313965,1.7157266221
7,ucb,1,9,9,F27Y:Q80L:G134S:K158E:A179V:K214R,6,4.071233749389648,0.12787601351737976,4.1991095542907715,1.30103146631
7,ucb,1,10,10,T38S:V68A:N149S:K156M:N212D:I229V:H231R,7,4.052834510803223,0.14141198992729187,4.194246292114258,3.36756650113
7,ucb,1,11,11,T108A:I123V:S147G:V150A:L178V:K214E:T230A,7,4.055903911590576,0.13806231319904327,4.193966388702393,3.19203418792
7,ucb,1,12,12,Y74F:F114S:Y145H:Y151H:K156R:H169L:Q184L:Y237F,8,4.050644874572754,0.1393791139125824,4.190023899078369,1.3163559218799998
7,ucb,1,13,13,K26R:H81Q:K140W:N146S:I161T:F165L:E222G:M233L,8,3.9437968730926514,0.23989354074001312,4.183690547943115,1.3013417934
7,ucb,1,14,14,L15Q:I128L:D133G:Y143F:K158E:N212S:T230S,7,4.006941795349121,0.16691751778125763,4.173859119415283,3.59390848467
7,ucb,1,15,15,F71S:S72C:D103G:I136T:N164D:I167V:I171L:L194P:S208C:A226T,10,4.039847373962402,0.1309119313955307,4.170759201049805,1.5632813020200005
7,ucb,1,16,16,I47L:D102G:E132G:H139R:F165S:P192L:N198S,7,3.985103130340576,0.1855701506137848,4.170673370361328,1.6780396854700002
7,ucb,1,17,17,S28C:H77L:Q80R:F84Y:Y145H:N149Y:K158R:K162E:D173V:Y182C:T186A:S202G,12,3.9488437175750732,0.21809130907058716,4.166934967041016,1.30102999207
7,ucb,1,18,18,N105I:N121S:N146S:D155G:I167N:N185D:P196S:V219A,8,4.04775857925415,0.11681957542896271,4.164577960968018,1.30103022035
7,ucb,1,19,19,F165L:D180G:T203A:F223Y:T230A,5,4.04815673828125,0.11386924237012863,4.1620259284973145,3.30179590602
7,ucb,1,20,20,K3R:Q80R:D155V:P192L:K209R:F223S,6,4.021262168884277,0.1394951492547989,4.160757541656494,3.04600283936
7,ucb,2,1,21,D19G:D117G:Q204L,3,3.737901210784912,0.15676240622997284,3.8946635723114014,3.4719140314699994
7,ucb,2,2,22,P196L:R215C:F223Y,3,3.7833023071289062,0.09919662028551102,3.8824989795684814,3.3945029992
7,ucb,2,3,23,R73L:H169Y:E172K,3,3.7777137756347656,0.09073976427316666,3.8684535026550293,3.64501916546
7,ucb,2,4,24,H139L:Q204L:K209I,3,3.721919536590576,0.1416298747062683,3.8635494709014893,3.24680264277
7,ucb,2,5,25,R73C:H231Y,2,3.8018767833709717,0.05563221499323845,3.857508897781372,3.62482326559
7,ucb,2,6,26,F46Y:F114Y:D117N:D180N:Y237H,5,3.749204158782959,0.10633880645036697,3.8555428981781006,3.51730967203
7,ucb,2,7,27,I128V:H231L:G232D,3,3.718524932861328,0.12348659336566925,3.8420114517211914,3.71322440914
7,ucb,2,8,28,S30T:S175C,2,3.7857391834259033,0.05023849010467529,3.835977554321289,3.73437018198
7,ucb,2,9,29,E17K:S30A:T43N:V176G:E235G,5,3.7230224609375,0.11035237461328506,3.8333747386932373,3.63126961482
7,ucb,2,10,30,S208C:R215H:F223Y,3,3.756664276123047,0.07598521560430527,3.8326494693756104,3.59412266825
7,ucb,2,11,31,S30T:E32G:Q204L,3,3.685678005218506,0.14666707813739777,3.8323450088500977,3.4989171228
7,ucb,2,12,32,T38S:T62S,2,3.7994391918182373,0.03209460526704788,3.831533908843994,3.69094324962
7,ucb,2,13,33,I152V:L221M,2,3.7580230236053467,0.06941772252321243,3.8274407386779785,3.82467520356
7,ucb,2,14,34,Q204L:K209E,2,3.731093168258667,0.09046567231416702,3.821558952331543,3.44647860334
7,ucb,2,15,35,E6K:S208C,2,3.7314960956573486,0.08817161619663239,3.8196678161621094,3.6718140079300015
7,ucb,2,16,36,F130L:P211T:M218K:G232S:D234V,5,3.6809182167053223,0.13777987658977509,3.8186981678009033,1.30103023512
7,ucb,2,17,37,D117G:K162R:Q204L,3,3.529714584350586,0.2859864830970764,3.8157010078430176,3.88673949705
7,ucb,2,18,38,S86T:S208C,2,3.748502731323242,0.06713283061981201,3.8156356811523438,3.73979512352
7,ucb,2,19,39,H25L:D76Y:I128V:T203A:P211L:N212Y,6,3.681527614593506,0.13381695747375488,3.8153445720672607,3.5303217008
7,ucb,2,20,40,I171V:Q204L:L236V,3,3.6822402477264404,0.13309213519096375,3.8153324127197266,3.98402309894
7,ucb,3,1,41,E34V:K79M:L220M:G232D,4,3.777789354324341,0.09033454209566116,3.868124008178711,3.610553587780002
7,ucb,3,2,42,Y39N:K52M:P75S:E132G:I229V,5,3.715449094772339,0.13097167015075684,3.8464207649230957,3.58666852917
7,ucb,3,3,43,R73L:L194Q:D197V,3,3.744269847869873,0.09950567036867142,3.843775510787964,3.55587915745
7,ucb,3,4,44,E32V:P75T:E90G,3,3.724116563796997,0.11686388403177261,3.8409805297851562,3.56026819905
7,ucb,3,5,45,D19N:K158G,2,3.8092868328094482,0.027033818885684013,3.836320638656616,3.5987308810900003
7,ucb,3,6,46,E34G:T43N:R73G:D102N,4,3.673433780670166,0.14103659987449646,3.8144702911376953,3.19609830122
7,ucb,3,7,47,L15R:T38S,2,3.7398483753204346,0.06428392976522446,3.8041322231292725,3.67463741686
7,ucb,3,8,48,M153K:S202C,2,3.7197811603546143,0.07911663502454758,3.7988977432250977,3.58712523264
7,ucb,3,9,49,I47V:R73H:S147G:D197G,4,3.6178200244903564,0.17831000685691833,3.7961299419403076,3.57571397369
7,ucb,3,10,50,Y39N:N105I,2,3.748774766921997,0.04357782378792763,3.7923526763916016,4.08598147357
7,ucb,3,11,51,R73H:D197G,2,3.718987226486206,0.07240461558103561,3.7913918495178223,3.86594019328
7,ucb,3,12,52,S28R:E111K,2,3.6531593799591064,0.13378947973251343,3.7869489192962646,3.4871666146199995
7,ucb,3,13,53,P75S:V163A:L194Q,3,3.6408801078796387,0.14496652781963348,3.785846710205078,3.70058931976
7,ucb,3,14,54,D117G:E132G:V176M:L194Q,4,3.6881027221679688,0.09578247368335724,3.7838852405548096,3.66925657353
7,ucb,3,15,55,T59A:T62S,2,3.7321267127990723,0.05161832273006439,3.783745050430298,3.54358325939
7,ucb,3,16,56,E17K:E34V,2,3.7453722953796387,0.034256089478731155,3.779628276824951,3.72463626683
7,ucb,3,17,57,R73L:H169L,2,3.6886837482452393,0.09022355079650879,3.778907299041748,3.56330936636
7,ucb,3,18,58,E34R:E90D:N105S:E115V:T118A:T225A,6,3.660637378692627,0.11825088411569595,3.77888822555542,3.53122443329
7,ucb,3,19,59,T59S:T62S:D180N,3,3.702106475830078,0.0753496065735817,3.777456045150757,3.77597424733
7,ucb,3,20,60,Y39N:N105H,2,3.7201056480407715,0.05563163757324219,3.7757372856140137,3.73007484474
7,ucb,4,1,61,P75H:V163A,2,3.7773139476776123,0.03956488147377968,3.8168787956237793,3.54965357239
7,ucb,4,2,62,K79R:I171T:Q204L:I229N,4,3.710315704345703,0.09845433384180069,3.808769941329956,3.65703899066
7,ucb,4,3,63,N105I:Y145F:M233L,3,3.708209991455078,0.09663169085979462,3.8048417568206787,3.68904430313
7,ucb,4,4,64,D117G:K131E:Q204L,3,3.7287089824676514,0.07041110098361969,3.7991201877593994,3.68135430034
7,ucb,4,5,65,P187S:L194V,2,3.731555938720703,0.06071018427610397,3.7922661304473877,3.77188125834
7,ucb,4,6,66,V22I:V150I:L178I:N212H,4,3.7105660438537598,0.08165623992681503,3.792222261428833,3.71568198867
7,ucb,4,7,67,N105I:M233T,2,3.714219570159912,0.07655098289251328,3.7907705307006836,3.71409848884
7,ucb,4,8,68,N105T:D117V,2,3.7311832904815674,0.059543196111917496,3.79072642326355,3.79107222206
7,ucb,4,9,69,T62S:I123M,2,3.7055652141571045,0.0830758810043335,3.7886409759521484,3.6429177337
7,ucb,4,10,70,Y39N:N198I:N212S,3,3.719087600708008,0.06660687178373337,3.7856943607330322,3.70866249327
7,ucb,4,11,71,D117G:K156E:M233V,3,3.7102115154266357,0.0717315599322319,3.7819430828094482,3.90079282579
7,ucb,4,12,72,I229V:M233V,2,3.713153123855591,0.06706677377223969,3.780219793319702,3.70531263054
7,ucb,4,13,73,I229T:M233L,2,3.7171058654785156,0.06016649305820465,3.7772724628448486,3.83156717175
7,ucb,4,14,74,G232D:M233L,2,3.6903138160705566,0.08679012954235077,3.777103900909424,3.86952185022
7,ucb,4,15,75,Y39H:P211T:N212I,3,3.6890366077423096,0.08805505931377411,3.7770917415618896,3.4440609512300004
7,ucb,4,16,76,I171V:M233T,2,3.706181287765503,0.07055864483118057,3.7767398357391357,3.9140333299
7,ucb,4,17,77,D117G:M233V,2,3.712949275970459,0.06377561390399933,3.7767248153686523,3.74068813691
7,ucb,4,18,78,I171T:M233T,2,3.7090096473693848,0.06735236942768097,3.7763619422912598,3.67919683198
7,ucb,4,19,79,T62A:T63S,2,3.71308970451355,0.06108267977833748,3.774172306060791,3.83773820258
7,ucb,4,20,80,L141M:V163A,2,3.7247815132141113,0.04867072403430939,3.7734522819519043,3.93788704051
7,ucb,5,1,81,V163M:Q184R,2,3.6844818592071533,0.09217450767755508,3.77665638923645,3.630928172
7,ucb,5,2,82,T9A:G10R:N105S,3,3.664804458618164,0.11140377074480057,3.7762081623077393,3.5336986474
7,ucb,5,3,83,D117G:S175C,2,3.700660228729248,0.07515022903680801,3.775810480117798,3.72309869626
7,ucb,5,4,84,T63S:F223Y,2,3.6820290088653564,0.08486379683017731,3.766892910003662,3.55726154367
7,ucb,5,5,85,G10R:G232C,2,3.6721031665802,0.08977978676557541,3.761883020401001,3.94930601797
7,ucb,5,6,86,R73H:S202C,2,3.6645541191101074,0.0962233766913414,3.760777473449707,3.57062554499
7,ucb,5,7,87,Y39N:S86T,2,3.719045639038086,0.041393738240003586,3.760439395904541,3.63716609971
7,ucb,5,8,88,T9I:T62S:V68A:V150A:S202N,5,3.66477632522583,0.09555678069591522,3.7603330612182617,3.6979408553699993
7,ucb,5,9,89,D117G:K158M,2,3.693960189819336,0.06623828411102295,3.7601985931396484,3.93576984133
7,ucb,5,10,90,E5K:N105S,2,3.7007956504821777,0.05855156481266022,3.7593472003936768,3.8039042887
7,ucb,5,11,91,Y39N:N135I:S208G,3,3.7106337547302246,0.04867052286863327,3.7593042850494385,3.4464724772300004
7,ucb,5,12,92,V163M:N170D:T186I,3,3.6557559967041016,0.10283338278532028,3.758589267730713,3.56489568677
7,ucb,5,13,93,E5K:Y39N:S72G,3,3.6627697944641113,0.09537963569164276,3.7581493854522705,3.91223097583
7,ucb,5,14,94,I128V:M233V,2,3.709146022796631,0.04881826415657997,3.7579643726348877,3.7844853697800014
7,ucb,5,15,95,T38S:T63S,2,3.7182044982910156,0.0386548712849617,3.756859302520752,3.54678935236
7,ucb,5,16,96,E34Q:Y39H,2,3.7062828540802,0.05010582134127617,3.7563886642456055,3.74334218208
7,ucb,5,17,97,Y151F:K162M:L178V,3,3.6865439414978027,0.06902313977479935,3.7555670738220215,3.76017860747
7,ucb,5,18,98,E6V:Y39N,2,3.7172036170959473,0.03735509142279625,3.754558801651001,3.9178467176
7,ucb,5,19,99,T38S:T225S,2,3.7150204181671143,0.03797624632716179,3.7529966831207275,3.63098750431
7,ucb,5,20,100,Y39N:E132G:Y145F,3,3.6570510864257812,0.09517557919025421,3.7522265911102295,3.64561793492
7,conservative,1,1,1,K41E:K52M:V61A:D103E:K140R:M153L:K158E:V224A,8,4.182520389556885,0.11280898749828339,4.069711208343506,1.3019250648
7,conservative,1,2,2,K41R:V61A:N121S:N146S:K162R:F165L:R168H:D173G,8,4.178152561187744,0.18264730274677277,3.9955053329467773,1.3010299877299998
7,conservative,1,3,3,M78L:N121S:N144I:H148R:N159D:I188V:D197G,7,4.068399906158447,0.08840617537498474,3.9799938201904297,1.4731926326700002
7,conservative,1,4,4,K3E:H81L:F114L:L141Q:V150A:K158E:I161F:V176A:T230A,9,4.066704750061035,0.08871004730463028,3.977994680404663,1.51425584818
7,conservative,1,5,5,K107R:N121S:K166E:S202C:K214R,5,4.035341739654541,0.060217708349227905,3.9751241207122803,3.79231655042
7,conservative,1,6,6,K3M:F99L:N159D:I161V:N170D:I188L:E235G,7,4.00480318069458,0.04455404728651047,3.960249185562134,3.5714425372300007
7,conservative,1,7,7,D19N:K158G,2,3.9885425567626953,0.03089706413447857,3.9576454162597656,3.5987308810900003
7,conservative,1,8,8,T97S:N135S:K158E:T230A,4,4.022243976593018,0.06591588258743286,3.9563281536102295,3.69468448043
7,conservative,1,9,9,F71L:P75H:F114S:D180G:K209E,5,4.024435043334961,0.07331284880638123,3.951122283935547,1.30102998814
7,conservative,1,10,10,F27Y:Q80L:G134S:K158E:A179V:K214R,6,4.071233749389648,0.12787601351737976,3.9433577060699463,1.30103146631
7,conservative,1,11,11,F114Y:K156R:K158E:N170D,4,3.992856502532959,0.0521559864282608,3.9407005310058594,3.65873032967
7,conservative,1,12,12,V29A:T63A:K79R:D117G:K156E:K162R:T230A,7,4.031401634216309,0.09204903990030289,3.939352512359619,1.30283498058
7,conservative,1,13,13,F46Y:P75H:N149D:I161V:Q184R,5,4.0120368003845215,0.07754169404506683,3.934495210647583,3.43796043304
7,conservative,1,14,14,F165L:D180G:T203A:F223Y:T230A,5,4.04815673828125,0.11386924237012863,3.9342875480651855,3.30179590602
7,conservative,1,15,15,N105I:N121S:N146S:D155G:I167N:N185D:P196S:V219A,8,4.04775857925415,0.11681957542896271,3.930938959121704,1.30103022035
7,conservative,1,16,16,T38A:T43I:K107E:K156M:F165L:I167V:Q204H,7,4.0043721199035645,0.07355298846960068,3.930819034576416,3.18684595493
7,conservative,1,17,17,V112M:T118A:G134C:D173G:L195R:V224A,6,3.952143430709839,0.023052925243973732,3.9290904998779297,1.54556442199
7,conservative,1,18,18,S30F:K45R:K79R:T97S:N121G:V193A:L194P:G228R,8,3.9866199493408203,0.05806592106819153,3.928554058074951,1.5446430894299998
7,conservative,1,19,19,T9A:S28G:K101T:K126E:Q157L:K158R:N185T:S202C,8,3.991194248199463,0.06556112319231033,3.925633192062378,3.25837801786
7,conservative,1,20,20,T97S:I188F:D197V:N198Y:T230A:H231R,6,3.9506676197052,0.02551744133234024,3.925150156021118,3.4776206878
7,conservative,2,1,21,F8L:V22I:S28C:S72C:I98T:D103N:I128V:N135S:D234G,9,3.9338271617889404,0.03434447944164276,3.8994827270507812,1.43553558396
7,conservative,2,2,22,F8Y:S28T:F99Y:E132V:I167V,5,3.943009614944458,0.1049066036939621,3.8381030559539795,3.5671238294300003
7,conservative,2,3,23,S30T:M153T:F165Y:I171N,4,3.850250244140625,0.023373588919639587,3.826876640319824,3.56968660075
7,conservative,2,4,24,M78L:M88L:F100I:R109C:F165V:I167V,6,3.863647937774658,0.03806259110569954,3.82558536529541,1.30103001551
7,conservative,2,5,25,I123V:I167V,2,3.821725368499756,0.008688393048942089,3.8130369186401367,3.69445183899
7,conservative,2,6,26,I123V:I161V,2,3.815641403198242,0.012102012522518635,3.803539276123047,3.75844470049
7,conservative,2,7,27,R73C:H231Y,2,3.848430633544922,0.04978364706039429,3.798646926879883,3.62482326559
7,conservative,2,8,28,S65T:E115V:S202C:F223L,4,3.842867374420166,0.04450022801756859,3.7983672618865967,3.35385933139
7,conservative,2,9,29,I47T:S72C:S86T,3,3.8233840465545654,0.025257349014282227,3.798126697540283,3.70960863356
7,conservative,2,10,30,I136T:M153T:I171T:S175C:M233L,5,3.84454345703125,0.05148692801594734,3.7930564880371094,3.744173693430002
7,conservative,2,11,31,T38A:R73C:F84Y:G191V,4,3.8459315299987793,0.05634833872318268,3.789583206176758,3.523309400930002
7,conservative,2,12,32,S30T:F130L:I167V:H231L,4,3.8381965160369873,0.057032596319913864,3.7811639308929443,3.5400663499
7,conservative,2,13,33,E32V:P75T:E90G,3,3.8142523765563965,0.03330057114362717,3.780951738357544,3.56026819905
7,conservative,2,14,34,E5V:E132V:K166M,3,3.806832790374756,0.03027217462658882,3.7765605449676514,3.69389363508
7,conservative,2,15,35,R73L:H169Y:E172K,3,3.8502986431121826,0.07460200041532516,3.7756967544555664,3.64501916546
7,conservative,2,16,36,R73L:I161V,2,3.7903473377227783,0.016367269679903984,3.773980140686035,3.69752524656
7,conservative,2,17,37,F8L:E17K:I161T:S205T,4,3.8024685382843018,0.03009365126490593,3.7723748683929443,3.2558828997500004
7,conservative,2,18,38,L15Q:I167V:H169Y,3,3.813480854034424,0.04301096498966217,3.770469903945923,3.5225387729000004
7,conservative,2,19,39,S30T:F99L,2,3.7795886993408203,0.00917102862149477,3.7704176902770996,3.68919990245
7,conservative,2,20,40,E5V:E17K,2,3.7973456382751465,0.03162077069282532,3.7657248973846436,3.76816794704
7,conservative,3,1,41,Y39N:N105I,2,3.775115966796875,0.006349367089569569,3.7687666416168213,4.08598147357
7,conservative,3,2,42,T38S:T62S,2,3.8301010131835938,0.08093372732400894,3.7491672039031982,3.69094324962
7,conservative,3,3,43,S30T:S175C,2,3.800650119781494,0.06495789438486099,3.735692262649536,3.73437018198
7,conservative,3,4,44,Y39H:I188F,2,3.7753539085388184,0.03992243856191635,3.735431432723999,3.64508992584
7,conservative,3,5,45,G232D:M233L,2,3.7470836639404297,0.01810300163924694,3.728980779647827,3.86952185022
7,conservative,3,6,46,S86T:S208C,2,3.769346237182617,0.04744813218712807,3.721898078918457,3.73979512352
7,conservative,3,7,47,I171T:I188V,2,3.745494842529297,0.02602718025445938,3.7194676399230957,3.917373360280002
7,conservative,3,8,48,L15R:N105T,2,3.7551066875457764,0.03830713778734207,3.71679949760437,3.88408956321
7,conservative,3,9,49,T62A:T63S,2,3.773078203201294,0.05746186524629593,3.715616226196289,3.83773820258
7,conservative,3,10,50,N164D:A179T:S202C,3,3.75471568107605,0.04226595163345337,3.712449789047241,3.42150394674
7,conservative,3,11,51,N105S:Y237F,2,3.73175048828125,0.019449863582849503,3.7123005390167236,3.66939016123
7,conservative,3,12,52,E6K:N144D:K156R:K214R:Y237C,5,3.76824951171875,0.0566166490316391,3.7116329669952393,3.92993048033
7,conservative,3,13,53,K3R:Q80R:S208C,3,3.7366561889648438,0.0251043438911438,3.7115519046783447,3.70361535927
7,conservative,3,14,54,Y151H:S202C,2,3.7403342723846436,0.029779424890875816,3.710554838180542,3.91240028697
7,conservative,3,15,55,E5K:N105S,2,3.717313289642334,0.007358492352068424,3.7099547386169434,3.8039042887
7,conservative,3,16,56,Y39N:E132G:Y145F,3,3.7603836059570312,0.05379196256399155,3.7065916061401367,3.64561793492
7,conservative,3,17,57,I47T:R73L,2,3.7566139698028564,0.05006660521030426,3.706547260284424,3.69368827921
7,conservative,3,18,58,E132G:N146D:K158E,3,3.7661209106445312,0.059633512049913406,3.7064874172210693,3.61566557413
7,conservative,3,19,59,Y39H:N146D,2,3.7404732704162598,0.03605783358216286,3.7044153213500977,3.98177902479
7,conservative,3,20,60,I171T:Y237H,2,3.725306749343872,0.02109874039888382,3.7042078971862793,3.81057143717
7,conservative,4,1,61,Y39N:N105H,2,3.8295974731445312,0.05475172773003578,3.774845838546753,3.73007484474
7,conservative,4,2,62,I161V:I171T,2,3.766651153564453,0.028777211904525757,3.7378740310668945,3.86077361263
7,conservative,4,3,63,Y39H:P211T:N212I,3,3.7635459899902344,0.04181971773505211,3.721726179122925,3.4440609512300004
7,conservative,4,4,64,E6G:Y39N,2,3.756765365600586,0.038142573088407516,3.7186226844787598,3.79136497401
7,conservative,4,5,65,Y39H:T43A:I47T,3,3.748879909515381,0.031703222543001175,3.717176675796509,3.64956300359
7,conservative,4,6,66,E34Q:Y39H,2,3.7527480125427246,0.03745078667998314,3.715297222137451,3.74334218208
7,conservative,4,7,67,E6V:Y39N,2,3.730978488922119,0.01663110964000225,3.7143473625183105,3.9178467176
7,conservative,4,8,68,I128V:I171V,2,3.746105194091797,0.032373957335948944,3.713731288909912,3.7483527695
7,conservative,4,9,69,T38S:T63S,2,3.7255592346191406,0.013113634660840034,3.7124454975128174,3.54678935236
7,conservative,4,10,70,I128V:I229V,2,3.7345242500305176,0.024824239313602448,3.709700107574463,3.54977207958
7,conservative,4,11,71,I171T:I188N,2,3.7560067176818848,0.04695909097790718,3.709047555923462,3.73550895947
7,conservative,4,12,72,I171V:I229T,2,3.7216343879699707,0.014082981273531914,3.7075514793395996,3.82194410799
7,conservative,4,13,73,F114Y:I171T,2,3.7448723316192627,0.03952185437083244,3.705350399017334,3.71739524606
7,conservative,4,14,74,I128T:I171V,2,3.74078631401062,0.035795677453279495,3.7049906253814697,3.69577544388
7,conservative,4,15,75,E6K:K214R,2,3.715337038040161,0.01282227411866188,3.7025146484375,3.6982814454300006
7,conservative,4,16,76,N105S:N144D,2,3.731750965118408,0.033618342131376266,3.6981325149536133,3.83345993875
7,conservative,4,17,77,I136V:I171T,2,3.733566999435425,0.03698299452662468,3.6965839862823486,3.84219000725
7,conservative,4,18,78,N105I:N135D,2,3.7180073261260986,0.025253651663661003,3.692753791809082,3.8151244434300007
7,conservative,4,19,79,I171V:I188T,2,3.710543394088745,0.019238615408539772,3.6913046836853027,3.64456251607
7,conservative,4,20,80,D117N:H231L,2,3.70263409614563,0.013320677913725376,3.6893134117126465,3.64736654007
7,conservative,5,1,81,N149S:N185D:T186S:I188F:Q204L:K209E:E235G,7,3.8062832355499268,0.06330367922782898,3.7429795265197754,1.30103106176
7,conservative,5,2,82,I171T:M233T,2,3.7917964458465576,0.05324665084481239,3.7385497093200684,3.67919683198
7,conservative,5,3,83,I171T:E235G,2,3.8009114265441895,0.0680634006857872,3.7328479290008545,3.61948845688
7,conservative,5,4,84,I229T:M233L,2,3.758699417114258,0.025904757902026176,3.732794761657715,3.83156717175
7,conservative,5,5,85,I171L:I229T,2,3.7622132301330566,0.03981925919651985,3.7223939895629883,3.69836800236
7,conservative,5,6,86,Y39N:N135I:S208G,3,3.7641353607177734,0.04377219080924988,3.720363140106201,3.4464724772300004
7,conservative,5,7,87,I229T:Y237H,2,3.7619566917419434,0.04272577539086342,3.719230890274048,3.80873301959
7,conservative,5,8,88,I136T:M233T,2,3.724318027496338,0.009174090810120106,3.715143918991089,3.61587132113
7,conservative,5,9,89,I171V:M233T,2,3.733959197998047,0.025568589568138123,3.708390712738037,3.9140333299
7,conservative,5,10,90,E6K:S208C,2,3.7611660957336426,0.05806604027748108,3.7030999660491943,3.6718140079300015
7,conservative,5,11,91,N159D:I171T,2,3.7262725830078125,0.023585306480526924,3.7026872634887695,3.7759743323
7,conservative,5,12,92,I229T:Y237C,2,3.773869037628174,0.07124215364456177,3.702626943588257,3.50476424335
7,conservative,5,13,93,I171T:L178H,2,3.723595380783081,0.021034322679042816,3.702561140060425,3.7641585984
7,conservative,5,14,94,N105I:N149D,2,3.7299907207489014,0.027498506009578705,3.7024922370910645,3.76040467543
7,conservative,5,15,95,E6K:D76N:N105Y,3,3.7151074409484863,0.014235887676477432,3.700871467590332,4.09563969548
7,conservative,5,16,96,N105T:D117V,2,3.739732265472412,0.04164028912782669,3.698091983795166,3.79107222206
7,conservative,5,17,97,K113R:N144D:S202C,3,3.754978656768799,0.0569252073764801,3.6980533599853516,3.64621016601
7,conservative,5,18,98,N146D:I171N,2,3.7352466583251953,0.03833141177892685,3.6969151496887207,3.7197688974
7,conservative,5,19,99,Y151H:M153T,2,3.7117080688476562,0.016502294689416885,3.6952056884765625,3.66208773924
7,conservative,5,20,100,E6G:Y39N:N149T,3,3.7501304149627686,0.05501073971390724,3.695119619369507,3.52444069652
8,random,1,1,1,K158R:N185I,2,,,,3.695354537
8,random,1,2,2,T49A:Q80L:Q157H:N159H:I167V:L195P:N212Y:D216G,8,,,,1.30103002239
8,random,1,3,3,T9A:N23T:M153V:T203A:V219G,5,,,,1.74732869312
8,random,1,4,4,K45E:E95V:I152N:N159S:E172G,5,,,,1.30103000732
8,random,1,5,5,V68A:K107R:D133V:D197V:M233I,5,,,,3.71172740367
8,random,1,6,6,D19G:V93G:K101E,3,,,,3.1379102054400003
8,random,1,7,7,K45E:N146Y:Y151F:G232A,4,,,,3.03654809568
8,random,1,8,8,E34K:P75T:K79R:K101E,4,,,,3.60344181755
8,random,1,9,9,K41E:I161V,2,,,,3.54264714357
8,random,1,10,10,F83L:Q94L:Y151H:V193E:G228E,5,,,,1.38272328109
8,random,1,11,11,F46L:H77L:K107E:M153V:K158R:I229T,6,,,,3.71807347311
8,random,1,12,12,L15P:V61L:K214R,3,,,,1.30125288169
8,random,1,13,13,G51D:E132K,2,,,,3.15347261994
8,random,1,14,14,T97S:Y145N,2,,,,3.7113936233
8,random,1,15,15,D82V:E115V:N164I:D180V:K214E,5,,,,1.33320293885
8,random,1,16,16,D21G:Y92H:T108P:N135D:K209E:V219A,6,,,,1.30103019341
8,random,1,17,17,N121S:Y182F,2,,,,3.730465427285
8,random,1,18,18,K45R:K52E:D133N:S147R,4,,,,3.40072040825
8,random,1,19,19,S28C:K41R:N159I:D180Y,4,,,,3.61118435183
8,random,1,20,20,L42P:V93A:E115G,3,,,,1.43272946963
8,random,2,1,21,T38A:K45E,2,,,,2.96823396959
8,random,2,2,22,E124G:M218V,2,,,,3.50379026441
8,random,2,3,23,C48S:I167F:E222V,3,,,,1.64201021994
8,random,2,4,24,S72G:I152F:M218K,3,,,,1.30102998292
8,random,2,5,25,D21V:R73H:H81L:K214E,4,,,,3.63919751841
8,random,2,6,26,D36G:K107R:D133N:S208G:V219D:E222G:T225S,7,,,,1.30306004725
8,random,2,7,27,D21A:D129N:F165L,3,,,,3.7017168859300007
8,random,2,8,28,F8S:K101E:Q204L,3,,,,3.15639182728
8,random,2,9,29,K79R:I229F,2,,,,3.74288261949
8,random,2,10,30,F83S:L178P:T203A:N212D,4,,,,1.30103003445
8,random,2,11,31,W57R:K156R:E172G:F223I,4,,,,1.59407254145
8,random,2,12,32,E5A:K52M:F84Y:K126M:K166R,5,,,,3.82190479667
8,random,2,13,33,L44P:I136T,2,,,,1.56346251053
8,random,2,14,34,K101R:F165L,2,,,,3.7648616346
8,random,2,15,35,K79R:T97A:R168H:I171T,4,,,,3.69378771065
8,random,2,16,36,E90V:N170D,2,,,,3.5715126604900003
8,random,2,17,37,I47T:V61L:T230A,3,,,,3.3217865631299994
8,random,2,18,38,V22I:K52M:H139R:K156Q:N198D,5,,,,3.73818993828
8,random,2,19,39,N121Y:I161F:E172G:S175G,4,,,,1.30236458803
8,random,2,20,40,T97A:K131M,2,,,,3.73113696997
8,random,3,1,41,T38A:K41R:Q177R,3,,,,3.1912755190599995
8,random,3,2,42,F100L:I128L:K214E,3,,,,3.57819884437
8,random,3,3,43,I14L:M153K:N164D,3,,,,3.53957002389
8,random,3,4,44,E132K:Q184L,2,,,,3.72175943791
8,random,3,5,45,V12A:I14V:D76G:T118A:F130S:L194P,6,,,,1.3050406652
8,random,3,6,46,L7P:F27L:F71S:N144S:D197V,5,,,,1.29785499058
8,random,3,7,47,R109H:N170D:Y182C:H231R,4,,,,3.58400237961
8,random,3,8,48,I123V:K140R:N144D:I167T,4,,,,3.693671674690002
8,random,3,9,49,T9A:V11L:F46Y:N144D:T186S,5,,,,3.59268620197
8,random,3,10,50,E5V:D133G:D180A,3,,,,3.40804473955
8,random,3,11,51,T59A:S72R:F99L:H148L:F165S:F223L,6,,,,1.33787571676
8,random,3,12,52,F46L:I188V:T225A,3,,,,3.5536487535800005
8,random,3,13,53,N105D:K162E,2,,,,3.72212955656
8,random,3,14,54,N23D:Q69P,2,,,,3.17773961447
8,random,3,15,55,T9A:Y106H:N149S:E235G,4,,,,1.52549792061
8,random,3,16,56,H25R:C70R:Y106C:N135D,4,,,,1.64780637119
8,random,3,17,57,S65A:N164S:I229T,3,,,,3.23527337098
8,random,3,18,58,F46S:V61A:K79E:M153V:N159D:D234G,6,,,,1.53222900869
8,random,3,19,59,D76V:D117N:S147G:Y151N:K166R:T230I,6,,,,3.6917788623300014
8,random,3,20,60,L7P:N164D:L207Q,3,,,,1.30109145951
8,random,4,1,61,E142G:D180G:T203A:K209R,4,,,,3.13011646681
8,random,4,2,62,D133G:S208G,2,,,,3.64814849114
8,random,4,3,63,H77R:K113R:I128F:K158R:N185S,5,,,,3.70767695567
8,random,4,4,64,V29A:E32G:T49S:W57G:T59S:F84S:D180G:H231L,8,,,,1.30144003207
8,random,4,5,65,N146S:K156E:K214E,3,,,,3.98500064439
8,random,4,6,66,N23D:V61A:L64Q:F71L:F100Y:K113E:G160V:S208G,8,,,,1.30350261283
8,random,4,7,67,K85R:D216G,2,,,,1.57632847354
8,random,4,8,68,N135S:V224A,2,,,,3.4784625009800005
8,random,4,9,69,T38S:K162N,2,,,,3.61969766026
8,random,4,10,70,L137Q:E142G:M153T,3,,,,3.1435670148000003
8,random,4,11,71,F84L:Y92C:D210N:K214R,4,,,,1.54269736608
8,random,4,12,72,T97A:I167V,2,,,,3.9047357302900014
8,random,4,13,73,T38A:L141M:S147C,3,,,,3.59363263695
8,random,4,14,74,L201P:K214E,2,,,,1.46484906137
8,random,4,15,75,F27S:S86T:F130L:N144D,4,,,,1.65252685323
8,random,4,16,76,L60H:L207Q:E235K,3,,,,1.30103024237
8,random,4,17,77,D129G:H181Q,2,,,,3.74619577214
8,random,4,18,78,V150L:F223L,2,,,,3.6576515668
8,random,4,19,79,K3R:T9A:H25R:K26R:F114L,5,,,,3.67385814154
8,random,4,20,80,E6V:L60P:I123N:Y145S:N149S:T186A,6,,,,1.54214234584
8,random,5,1,81,Q69R:I128V:N146D,3,,,,1.30130745881
8,random,5,2,82,I98T:I128V:Q177P:M233L,4,,,,1.48141280359
8,random,5,3,83,M78V:K79R,2,,,,3.66438099251
8,random,5,4,84,K41M:H77L:Q94L:R109H,4,,,,1.51938746932
8,random,5,5,85,D19G:K45R:Y92N,3,,,,1.3017183928899998
8,random,5,6,86,E17G:I47F:N146D,3,,,,3.2913561014700004
8,random,5,7,87,K209R:E235G,2,,,,3.72228527966
8,random,5,8,88,S30T:V55E:F99I:D103V:F130S:S147C,6,,,,1.30102990801
8,random,5,9,89,T9S:I167T,2,,,,3.55210246331
8,random,5,10,90,K26E:H139R:L194P,3,,,,3.3193859675
8,random,5,11,91,K41Q:M153T:E222G,3,,,,2.93919351144
8,random,5,12,92,E5V:L15P:N159D:K162R:Y200C,5,,,,1.3010309343100002
8,random,5,13,93,F71Y:K209I,2,,,,3.12774370152
8,random,5,14,94,E142M:K209R,2,,,,3.5485330221
8,random,5,15,95,V16A:C70S:Y74F:I128F:I152F,5,,,,1.7362196064400002
8,random,5,16,96,K52R:K126T:I167T,3,,,,3.64155827575
8,random,5,17,97,L18P:H139R:K162E,3,,,,1.6960710487
8,random,5,18,98,K45R:G191R,2,,,,3.61459839322
8,random,5,19,99,D82G:R168G:D210G,3,,,,1.58967953188
8,random,5,20,100,M78V:D155G:N164S,3,,,,3.14033509705
8,greedy,1,1,1,K3M:F99L:N159D:I161V:N170D:I188L:E235G,7,4.1946539878845215,0.133244127035141,4.1946539878845215,3.5714425372300007
8,greedy,1,2,2,L42Q:S72C:M78L:H81L:K101R:S147G:I167V:G191R:L201R:M233V:E235G,11,4.161429405212402,0.2010849565267563,4.161429405212402,1.7157266221
8,greedy,1,3,3,M78L:N121S:N144I:H148R:N159D:I188V:D197G,7,4.156267166137695,0.12265020608901978,4.156267166137695,1.4731926326700002
8,greedy,1,4,4,K41R:V61A:N121S:N146S:K162R:F165L:R168H:D173G,8,4.133966445922852,0.15443257987499237,4.133966445922852,1.3010299877299998
8,greedy,1,5,5,T62A:I98T:K107R:K126E:G138A:K156Q:F165L:N170S:D197G,9,4.118935585021973,0.19498386979103088,4.118935585021973,1.30102952236
8,greedy,1,6,6,Y74F:F114S:Y145H:Y151H:K156R:H169L:Q184L:Y237F,8,4.1109795570373535,0.2673152983188629,4.1109795570373535,1.3163559218799998
8,greedy,1,7,7,I47V:N105S:F165Y:I167V:D197G:M233V,6,4.109616279602051,0.16746246814727783,4.109616279602051,3.90870556551
8,greedy,1,8,8,N149S:N185D:T186S:I188F:Q204L:K209E:E235G,7,4.099604606628418,0.0469517707824707,4.099604606628418,1.30103106176
8,greedy,1,9,9,I47V:N121S:F130L:N135D:I161V,5,4.096603870391846,0.14714276790618896,4.096603870391846,3.25754409058
8,greedy,1,10,10,F165L:D180G:T203A:F223Y:T230A,5,4.091742515563965,0.07447080314159393,4.091742515563965,3.30179590602
8,greedy,1,11,11,F46Y:P75H:N149D:I161V:Q184R,5,4.087512016296387,0.1542941927909851,4.087512016296387,3.43796043304
8,greedy,1,12,12,P75L:I98T:K107E:I161T:N170D:Q184R:M218L:I229F,8,4.079622268676758,0.0962616354227066,4.079622268676758,1.49153081785
8,greedy,1,13,13,S28R:K41R:I123V:F130L:N144D:I161V,6,4.0691938400268555,0.025919226929545403,4.0691938400268555,3.6057455678699992
8,greedy,1,14,14,I47V:N105S:I123V:I136V:T186S,5,4.0609869956970215,0.14218547940254211,4.0609869956970215,3.6940136665400014
8,greedy,1,15,15,F114Y:K156R:K158E:N170D,4,4.060711860656738,0.13332271575927734,4.060711860656738,3.65873032967
8,greedy,1,16,16,S30T:T59S:M78V:E90G:K101R:V112A:T118A:N121H:K126R:E132V:K156R:L221Q,12,4.056883811950684,0.15978775918483734,4.056883811950684,1.30102995221
8,greedy,1,17,17,Y39N:K52M:P75S:E132G:I229V,5,4.056324005126953,0.051170095801353455,4.056324005126953,3.58666852917
8,greedy,1,18,18,F99L:I152V:K158E:N159D:S202G,5,4.055213451385498,0.06312664598226547,4.055213451385498,3.3841157553099994
8,greedy,1,19,19,E6G:L15Q:F46L:I47T:N105D:D133G:F165V:T203A,8,4.049447536468506,0.167123481631279,4.049447536468506,1.30103163828
8,greedy,1,20,20,E32G:K126R:K131R:Q184R:S208C:K214R,6,4.047804355621338,0.14321638643741608,4.047804355621338,3.6013193627900004
8,greedy,2,1,21,T38S:T62S,2,3.8335952758789062,0.028904607519507408,3.8335952758789062,3.69094324962
8,greedy,2,2,22,D19N:K158G,2,3.813516616821289,0.04740222170948982,3.813516616821289,3.5987308810900003
8,greedy,2,3,23,R73L:I152V:N212I:F223L,4,3.7896676063537598,0.07334529608488083,3.7896676063537598,3.71096439845
8,greedy,2,4,24,T38A:R73C:F84Y:G191V,4,3.781158924102783,0.05898481607437134,3.781158924102783,3.523309400930002
8,greedy,2,5,25,R73L:F165Y,2,3.7802650928497314,0.08671323955059052,3.7802650928497314,3.50262359987
8,greedy,2,6,26,S65T:E115V:S202C:F223L,4,3.7799885272979736,0.11675653606653214,3.7799885272979736,3.35385933139
8,greedy,2,7,27,T59S:T62S:D180N,3,3.7752602100372314,0.05539635568857193,3.7752602100372314,3.77597424733
8,greedy,2,8,28,K52M:D129N:H181Y:A206T,4,3.7721283435821533,0.06057310104370117,3.7721283435821533,3.4859772180300004
8,greedy,2,9,29,R73L:I161V,2,3.7657394409179688,0.061632510274648666,3.7657394409179688,3.69752524656
8,greedy,2,10,30,E32V:A179V:S208C,3,3.7641053199768066,0.027123553678393364,3.7641053199768066,3.60585870129
8,greedy,2,11,31,F46Y:F130L:Q177L:P211L,4,3.7624733448028564,0.12068907171487808,3.7624733448028564,3.32319930746
8,greedy,2,12,32,P196L:R215C:F223Y,3,3.760643720626831,0.02036133222281933,3.760643720626831,3.3945029992
8,greedy,2,13,33,I128T:I167V,2,3.7583820819854736,0.043774623423814774,3.7583820819854736,3.77286349987
8,greedy,2,14,34,T38S:T63S,2,3.758230686187744,0.039720091968774796,3.758230686187744,3.54678935236
8,greedy,2,15,35,S28R:S202C:L221Q,3,3.7566447257995605,0.04148578643798828,3.7566447257995605,3.88378812607
8,greedy,2,16,36,F8Y:S28T:F99Y:E132V:I167V,5,3.7560057640075684,0.049852389842271805,3.7560057640075684,3.5671238294300003
8,greedy,2,17,37,S208C:R215H:F223Y,3,3.753911256790161,0.07361040264368057,3.753911256790161,3.59412266825
8,greedy,2,18,38,S28R:G134C:V150I,3,3.7537779808044434,0.09020206332206726,3.7537779808044434,3.44739478449
8,greedy,2,19,39,S28N:P75T:K158E,3,3.7530083656311035,0.06894700229167938,3.7530083656311035,3.54475230125
8,greedy,2,20,40,I128T:S208T,2,3.7526309490203857,0.018242640420794487,3.7526309490203857,3.66564163492
8,greedy,3,1,41,I152V:L221M,2,3.7761943340301514,0.044479865580797195,3.7761943340301514,3.82467520356
8,greedy,3,2,42,E17K:K79M:N105S:K214R,4,3.767913818359375,0.10461598634719849,3.767913818359375,3.67603817469
8,greedy,3,3,43,V22I:V150I:L178I:N212H,4,3.7640304565429688,0.08880615234375,3.7640304565429688,3.71568198867
8,greedy,3,4,44,Q80R:S208C,2,3.75170636177063,0.07244061678647995,3.75170636177063,3.68664094569
8,greedy,3,5,45,Y39C:S208C,2,3.7484803199768066,0.054900575429201126,3.7484803199768066,3.7918634266
8,greedy,3,6,46,Y39C:G189C,2,3.7452991008758545,0.06520548462867737,3.7452991008758545,3.5584565846300005
8,greedy,3,7,47,T62S:I123M,2,3.7449421882629395,0.05850953608751297,3.7449421882629395,3.6429177337
8,greedy,3,8,48,K79R:S208C,2,3.7377381324768066,0.042749177664518356,3.7377381324768066,3.73773824554
8,greedy,3,9,49,E6K:S208C,2,3.7368862628936768,0.06533056497573853,3.7368862628936768,3.6718140079300015
8,greedy,3,10,50,T97A:N105S,2,3.736349582672119,0.03474168851971626,3.736349582672119,3.68133122577
8,greedy,3,11,51,Y39N:N105I,2,3.7344002723693848,0.04052742198109627,3.7344002723693848,4.08598147357
8,greedy,3,12,52,I123V:I167V,2,3.732252836227417,0.04762701317667961,3.732252836227417,3.69445183899
8,greedy,3,13,53,K3R:Q80R:S208C,3,3.731131076812744,0.10103736072778702,3.731131076812744,3.70361535927
8,greedy,3,14,54,E17K:E34V,2,3.7304489612579346,0.046170346438884735,3.7304489612579346,3.72463626683
8,greedy,3,15,55,T43A:Y151C:S208C,3,3.7300148010253906,0.0839281976222992,3.7300148010253906,3.73743168822
8,greedy,3,16,56,L15M:M153V,2,3.729334592819214,0.039429496973752975,3.729334592819214,4.05637654332
8,greedy,3,17,57,I123V:I161V,2,3.728015184402466,0.07266118377447128,3.728015184402466,3.75844470049
8,greedy,3,18,58,T62A:T63S,2,3.727996826171875,0.057780921459198,3.727996826171875,3.83773820258
8,greedy,3,19,59,K79R:L194M,2,3.7272732257843018,0.022794218733906746,3.7272732257843018,3.73927614161
8,greedy,3,20,60,L15R:N105T,2,3.7269985675811768,0.04256148263812065,3.7269985675811768,3.88408956321
8,greedy,4,1,61,Y39N:N105H,2,3.791219711303711,0.05528690665960312,3.791219711303711,3.73007484474
8,greedy,4,2,62,L15M:M153L,2,3.7570602893829346,0.036115460097789764,3.7570602893829346,3.65407122272
8,greedy,4,3,63,S30T:S175C,2,3.757047653198242,0.026643065735697746,3.757047653198242,3.73437018198
8,greedy,4,4,64,N105I:I128V:I229V,3,3.7546775341033936,0.03791629150509834,3.7546775341033936,3.76375782591
8,greedy,4,5,65,I128V:I229V,2,3.749432325363159,0.03147289529442787,3.749432325363159,3.54977207958
8,greedy,4,6,66,N105I:N212D,2,3.7392139434814453,0.047131750732660294,3.7392139434814453,3.68195086952
8,greedy,4,7,67,K3E:N105T,2,3.7369987964630127,0.0468970350921154,3.7369987964630127,3.69353813991
8,greedy,4,8,68,S30C:E142G,2,3.733172655105591,0.0402151495218277,3.733172655105591,3.90677578216
8,greedy,4,9,69,S86A:N105T,2,3.7300477027893066,0.035607870668172836,3.7300477027893066,3.87110182176
8,greedy,4,10,70,L15M:D180E,2,3.728518009185791,0.053467411547899246,3.728518009185791,3.58597806597
8,greedy,4,11,71,S28C:N105I,2,3.7273800373077393,0.028484219685196877,3.7273800373077393,3.55370484492
8,greedy,4,12,72,N105Y:I123V:I161V,3,3.7270584106445312,0.024867523461580276,3.7270584106445312,3.75983880995
8,greedy,4,13,73,N105I:N146S,2,3.725679874420166,0.04478657990694046,3.725679874420166,3.80873689423
8,greedy,4,14,74,N105I:N135D,2,3.723881959915161,0.040997765958309174,3.723881959915161,3.8151244434300007
8,greedy,4,15,75,N105I:M233T,2,3.7224230766296387,0.0318320095539093,3.7224230766296387,3.71409848884
8,greedy,4,16,76,N105I:M233V,2,3.7223708629608154,0.02149527706205845,3.7223708629608154,3.80170724825
8,greedy,4,17,77,N105I:I171V,2,3.7205722332000732,0.024750515818595886,3.7205722332000732,3.64184297157
8,greedy,4,18,78,Y39N:S86T,2,3.720522403717041,0.035137638449668884,3.720522403717041,3.63716609971
8,greedy,4,19,79,L7R:N105S,2,3.7202200889587402,0.06631060689687729,3.7202200889587402,3.5675809106900003
8,greedy,4,20,80,N105S:Q157R,2,3.719491481781006,0.012856022454798222,3.719491481781006,3.68430086447
8,greedy,5,1,81,P187S:L194V,2,3.7222812175750732,0.027752961963415146,3.7222812175750732,3.77188125834
8,greedy,5,2,82,T225S:T230A,2,3.7166190147399902,0.05593232810497284,3.7166190147399902,3.85265935346
8,greedy,5,3,83,S147T:I161V,2,3.7111363410949707,0.06874559819698334,3.7111363410949707,3.66064154475
8,greedy,5,4,84,I128T:S175C,2,3.7110066413879395,0.02807752415537834,3.7110066413879395,3.70017984815
8,greedy,5,5,85,I171N:L178H:V193M:T230A,4,3.710453510284424,0.07431977987289429,3.710453510284424,3.5424022365800005
8,greedy,5,6,86,Y39N:D155G,2,3.7084648609161377,0.0333411768078804,3.7084648609161377,3.78355313085
8,greedy,5,7,87,G232D:M233L,2,3.706605911254883,0.038139525800943375,3.706605911254883,3.86952185022
8,greedy,5,8,88,T9I:S28R,2,3.7055251598358154,0.056198522448539734,3.7055251598358154,3.83482044497
8,greedy,5,9,89,Y39H:P211T:N212I,3,3.70146107673645,0.08220887184143066,3.70146107673645,3.4440609512300004
8,greedy,5,10,90,L141M:V163A,2,3.700336456298828,0.070805624127388,3.700336456298828,3.93788704051
8,greedy,5,11,91,R73L:L194Q:D197V,3,3.700319766998291,0.055852338671684265,3.700319766998291,3.55587915745
8,greedy,5,12,92,I229T:Y237C,2,3.6997427940368652,0.030214987695217133,3.6997427940368652,3.50476424335
8,greedy,5,13,93,N105S:I161V,2,3.699380397796631,0.026915816590189934,3.699380397796631,3.7967871819
8,greedy,5,14,94,S30T:F99L,2,3.6980865001678467,0.04120491445064545,3.6980865001678467,3.68919990245
8,greedy,5,15,95,T62A:L178I,2,3.697953462600708,0.08150548487901688,3.697953462600708,3.90668189269
8,greedy,5,16,96,F99L:E142G:R168S,3,3.6973369121551514,0.045185334980487823,3.6973369121551514,3.67246422179
8,greedy,5,17,97,T59A:T62S,2,3.6966896057128906,0.05444466322660446,3.6966896057128906,3.54358325939
8,greedy,5,18,98,E90G:E95G:N105I:S175C:V193M,5,3.6962532997131348,0.057901687920093536,3.6962532997131348,3.5065790017800005
8,greedy,5,19,99,Q80R:D234N,2,3.6958534717559814,0.0349278450012207,3.6958534717559814,3.67658743785
8,greedy,5,20,100,T49A:N105T:S202C,3,3.6953933238983154,0.086299367249012,3.6953933238983154,3.55835043306
8,ucb,1,1,1,Y74F:F114S:Y145H:Y151H:K156R:H169L:Q184L:Y237F,8,4.1109795570373535,0.2673152983188629,4.378294944763184,1.3163559218799998
8,ucb,1,2,2,L42Q:S72C:M78L:H81L:K101R:S147G:I167V:G191R:L201R:M233V:E235G,11,4.161429405212402,0.2010849565267563,4.362514495849609,1.7157266221
8,ucb,1,3,3,K3M:F99L:N159D:I161V:N170D:I188L:E235G,7,4.1946539878845215,0.133244127035141,4.327898025512695,3.5714425372300007
8,ucb,1,4,4,T62A:I98T:K107R:K126E:G138A:K156Q:F165L:N170S:D197G,9,4.118935585021973,0.19498386979103088,4.313919544219971,1.30102952236
8,ucb,1,5,5,C48R:M88L:Q94L:D103G:K107E:N121S:F130L:D133E:N146S:D216G,10,4.0295515060424805,0.26554620265960693,4.295097827911377,1.39034018786
8,ucb,1,6,6,K41R:V61A:N121S:N146S:K162R:F165L:R168H:D173G,8,4.133966445922852,0.15443257987499237,4.2883992195129395,1.3010299877299998
8,ucb,1,7,7,M78L:N121S:N144I:H148R:N159D:I188V:D197G,7,4.156267166137695,0.12265020608901978,4.27891731262207,1.4731926326700002
8,ucb,1,8,8,I47V:N105S:F165Y:I167V:D197G:M233V,6,4.109616279602051,0.16746246814727783,4.277078628540039,3.90870556551
8,ucb,1,9,9,I47T:K79E:K126E:D197G:M218K:D234V,6,3.997666120529175,0.26469457149505615,4.262360572814941,1.30103094545
8,ucb,1,10,10,I47V:N121S:F130L:N135D:I161V,5,4.096603870391846,0.14714276790618896,4.243746757507324,3.25754409058
8,ucb,1,11,11,F46Y:P75H:N149D:I161V:Q184R,5,4.087512016296387,0.1542941927909851,4.2418060302734375,3.43796043304
8,ucb,1,12,12,N23S:F99V:N105S:K131E:N146D:K158E:I188V:N198S,8,4.027850151062012,0.21311967074871063,4.240969657897949,3.2280525788200003
8,ucb,1,13,13,E5G:F165C:I167V:Q204R:K214R:M233V,6,4.042812347412109,0.18118567764759064,4.223998069763184,3.61199101315
8,ucb,1,14,14,K52E:K107E:E132V:N135D:N146I:Q177L,6,3.9955241680145264,0.22788040339946747,4.223404407501221,3.4662822253900005
8,ucb,1,15,15,E6G:K52R:F99L:H139R:M153K:I161V:Q183L:V193E:P196L:M233V,10,4.040759086608887,0.17953728139400482,4.220296382904053,1.30102908585
8,ucb,1,16,16,S30T:T59S:M78V:E90G:K101R:V112A:T118A:N121H:K126R:E132V:K156R:L221Q,12,4.056883811950684,0.15978775918483734,4.216671466827393,1.30102995221
8,ucb,1,17,17,E6G:L15Q:F46L:I47T:N105D:D133G:F165V:T203A,8,4.049447536468506,0.167123481631279,4.216570854187012,1.30103163828
8,ucb,1,18,18,I47L:D102G:E132G:H139R:F165S:P192L:N198S,7,3.949263334274292,0.26665934920310974,4.215922832489014,1.6780396854700002
8,ucb,1,19,19,H81L:D133G:K158E:Q184L:T230P,5,4.001662254333496,0.21202242374420166,4.213684558868408,3.64728196307
8,ucb,1,20,20,I47V:M78V:I123V:K126R:E132V:K162T,6,4.03216028213501,0.1760769486427307,4.208237171173096,3.34630305867
8,ucb,2,1,21,Y39N:K52M:P75S:E132G:I229V,5,3.7731995582580566,0.14336533844470978,3.91656494140625,3.58666852917
8,ucb,2,2,22,D19N:K158G,2,3.8363704681396484,0.0723767876625061,3.9087471961975098,3.5987308810900003
8,ucb,2,3,23,T43S:K52M:D76N:N105S:S202C:H231R,6,3.783695936203003,0.10850664228200912,3.892202615737915,3.71922727372
8,ucb,2,4,24,P75H:V163A,2,3.7530055046081543,0.12899599969387054,3.8820013999938965,3.54965357239
8,ucb,2,5,25,T38S:T62S,2,3.8268370628356934,0.05457659438252449,3.881413698196411,3.69094324962
8,ucb,2,6,26,H81L:A154T:Q204L:E235G,4,3.575376033782959,0.3052310049533844,3.8806071281433105,3.61412091735
8,ucb,2,7,27,E34V:K79M:L220M:G232D,4,3.765061855316162,0.08780638873577118,3.8528683185577393,3.610553587780002
8,ucb,2,8,28,S208C:R215H:F223Y,3,3.768402576446533,0.08366622030735016,3.8520689010620117,3.59412266825
8,ucb,2,9,29,N149S:N185D:T186S:I188F:Q204L:K209E:E235G,7,3.4994232654571533,0.3514658510684967,3.850889205932617,1.30103106176
8,ucb,2,10,30,E90G:E95G:N105I:S175C:V193M,5,3.743053436279297,0.10704075545072556,3.8500940799713135,3.5065790017800005
8,ucb,2,11,31,N159Y:E172G:V176A:Q204L,4,3.6032612323760986,0.246207132935524,3.849468469619751,3.35218489001
8,ucb,2,12,32,I171N:L178H:V193M:T230A,4,3.6949546337127686,0.14557267725467682,3.840527296066284,3.5424022365800005
8,ucb,2,13,33,T59S:P75S:N159D,3,3.738880157470703,0.09937895834445953,3.838259220123291,3.62262520947
8,ucb,2,14,34,K156E:K209I:F223Y:E235V,4,3.666701555252075,0.17053696513175964,3.8372385501861572,3.65558639409
8,ucb,2,15,35,F8Y:N144D:N159D:I167T:R168C,5,3.7102692127227783,0.12693479657173157,3.8372039794921875,2.91537020047
8,ucb,2,16,36,T59A:T62S,2,3.7184174060821533,0.11593605577945709,3.834353446960449,3.54358325939
8,ucb,2,17,37,F8Y:S28T:F99Y:E132V:I167V,5,3.7619636058807373,0.07102546840906143,3.832988977432251,3.5671238294300003
8,ucb,2,18,38,R73S:K158M:S208C,3,3.7027740478515625,0.12952978909015656,3.832303762435913,3.67392817354
8,ucb,2,19,39,F46Y:E142G:R168H,3,3.7237472534179688,0.10675068199634552,3.830497980117798,3.5211729965400003
8,ucb,2,20,40,Q177L:V193M:Q204R:E235K,4,3.502748489379883,0.3239955008029938,3.8267440795898438,3.6281846247
8,ucb,3,1,41,I47V:N105S:I123V:I136V:T186S,5,3.742626190185547,0.12700755894184113,3.869633674621582,3.6940136665400014
8,ucb,3,2,42,R73C:H231Y,2,3.7445080280303955,0.11992590874433517,3.864434003829956,3.62482326559
8,ucb,3,3,43,R73H:M88L:V112A:F165L,4,3.5704028606414795,0.2757938504219055,3.8461966514587402,1.68476327231
8,ucb,3,4,44,D173E:H231Y,2,3.7714874744415283,0.07444339990615845,3.845930814743042,3.66816042591
8,ucb,3,5,45,S28R:G134C:V150I,3,3.7517738342285156,0.07949808984994888,3.8312718868255615,3.44739478449
8,ucb,3,6,46,I128T:I167V,2,3.747288465499878,0.08017735183238983,3.827465772628784,3.77286349987
8,ucb,3,7,47,R73L:H169L,2,3.7433457374572754,0.07575560361146927,3.819101333618164,3.56330936636
8,ucb,3,8,48,F46Y:F130L:Q177L:P211L,4,3.6976234912872314,0.12096492201089859,3.8185884952545166,3.32319930746
8,ucb,3,9,49,I128T:S208T,2,3.757518768310547,0.05233258754014969,3.8098514080047607,3.66564163492
8,ucb,3,10,50,S30T:S175C,2,3.7484443187713623,0.058132104575634,3.8065764904022217,3.73437018198
8,ucb,3,11,51,R73C:P75S:K156Q:H231L,4,3.703015089035034,0.10342526435852051,3.8064403533935547,3.45945391491
8,ucb,3,12,52,S30T:E32G:Q204L,3,3.630993366241455,0.16969193518161774,3.800685405731201,3.4989171228
8,ucb,3,13,53,I123V:I161V,2,3.7439041137695312,0.05308432877063751,3.7969884872436523,3.75844470049
8,ucb,3,14,54,R73L:H169Y:E172K,3,3.7003066539764404,0.09662874788045883,3.7969353199005127,3.64501916546
8,ucb,3,15,55,K52M:D129N:H181Y:A206T,4,3.7208645343780518,0.07583783566951752,3.7967023849487305,3.4859772180300004
8,ucb,3,16,56,H81R:D234Y,2,3.714766025543213,0.08160772174596786,3.7963738441467285,3.5194103516500004
8,ucb,3,17,57,I128T:D180G:F223Y:I229V:Y237H,5,3.652352809906006,0.13858160376548767,3.7909343242645264,3.65994993759
8,ucb,3,18,58,I123V:I167V,2,3.7601447105407715,0.03038797341287136,3.7905325889587402,3.69445183899
8,ucb,3,19,59,R73L:F165Y,2,3.6941514015197754,0.09562958031892776,3.789781093597412,3.50262359987
8,ucb,3,20,60,V12M:S72G:I128T:F223S,4,3.659938097000122,0.1295425146818161,3.789480686187744,3.66069640381
8,ucb,4,1,61,I128V:I229V,2,3.74397611618042,0.06776776164770126,3.811743974685669,3.54977207958
8,ucb,4,2,62,E6K:S208C,2,3.714733600616455,0.08101673424243927,3.795750379562378,3.6718140079300015
8,ucb,4,3,63,I128V:I171V,2,3.7203738689422607,0.06981892138719559,3.7901928424835205,3.7483527695
8,ucb,4,4,64,I98T:I167V,2,3.6648712158203125,0.121889129281044,3.7867603302001953,3.71123796372
8,ucb,4,5,65,Y39N:N105I,2,3.74953031539917,0.032641880214214325,3.782172203063965,4.08598147357
8,ucb,4,6,66,E34V:K158E,2,3.717515230178833,0.05965730547904968,3.777172565460205,3.71537590182
8,ucb,4,7,67,N159D:I161T:I167T,3,3.6686248779296875,0.10838785022497177,3.777012825012207,3.26768497311
8,ucb,4,8,68,T62S:I123M,2,3.691185712814331,0.08516328036785126,3.7763490676879883,3.6429177337
8,ucb,4,9,69,I152V:L221M,2,3.7244937419891357,0.05006296932697296,3.7745566368103027,3.82467520356
8,ucb,4,10,70,E5V:S208C,2,3.691088914871216,0.08294424414634705,3.7740330696105957,3.70013655592
8,ucb,4,11,71,L15R:N105T,2,3.7161953449249268,0.05561966076493263,3.771815061569214,3.88408956321
8,ucb,4,12,72,I128V:S208C,2,3.676758289337158,0.09320883452892303,3.7699670791625977,3.54389237128
8,ucb,4,13,73,F46Y:T62A,2,3.675847291946411,0.09055326879024506,3.7664005756378174,3.78983842113
8,ucb,4,14,74,D21V:I136V:Y145C:S202N,4,3.656316041946411,0.10776784271001816,3.7640838623046875,3.62863579261
8,ucb,4,15,75,S86T:S208C,2,3.695361614227295,0.06652610749006271,3.761887788772583,3.73979512352
8,ucb,4,16,76,E5V:S202C,2,3.6924452781677246,0.06935277581214905,3.761798143386841,3.6028180934800007
8,ucb,4,17,77,N105I:I128V:I229V,3,3.7044506072998047,0.05615986883640289,3.760610580444336,3.76375782591
8,ucb,4,18,78,I128T:I171V,2,3.7097911834716797,0.050739701837301254,3.760530948638916,3.69577544388
8,ucb,4,19,79,I128V:H231L:G232D,3,3.7030510902404785,0.05701305717229843,3.760064125061035,3.71322440914
8,ucb,4,20,80,G232D:M233L,2,3.6990864276885986,0.059710800647735596,3.7587971687316895,3.86952185022
8,ucb,5,1,81,Y39N:F99S:N105S:I188M:S208C:H231R,6,3.6951355934143066,0.13736605644226074,3.8325016498565674,3.7279162693
8,ucb,5,2,82,L7R:N105S,2,3.750756025314331,0.03962432220578194,3.7903802394866943,3.5675809106900003
8,ucb,5,3,83,K158E:T230I,2,3.682875156402588,0.09977003186941147,3.7826452255249023,3.88990290766
8,ucb,5,4,84,T38S:K158E,2,3.6707630157470703,0.10223887115716934,3.7730019092559814,3.7525170047000014
8,ucb,5,5,85,T62A:T63S,2,3.705716371536255,0.06413356214761734,3.769850015640259,3.83773820258
8,ucb,5,6,86,Y39N:N105H,2,3.7352147102355957,0.034330856055021286,3.769545555114746,3.73007484474
8,ucb,5,7,87,I229T:M233L,2,3.7257838249206543,0.04165641590952873,3.7674403190612793,3.83156717175
8,ucb,5,8,88,S30T:F99I:K158E,3,3.711167573928833,0.04867648333311081,3.7598440647125244,3.70976256688
8,ucb,5,9,89,N105S:N146K,2,3.710797071456909,0.048451971262693405,3.759248971939087,3.71280698487
8,ucb,5,10,90,E5K:N105S,2,3.7329647541046143,0.024323368445038795,3.7572882175445557,3.8039042887
8,ucb,5,11,91,T225S:T230A,2,3.6964383125305176,0.060819581151008606,3.7572579383850098,3.85265935346
8,ucb,5,12,92,K79R:L194M,2,3.7146477699279785,0.04162042587995529,3.756268262863159,3.73927614161
8,ucb,5,13,93,T97S:N135S:K158E:T230A,4,3.616981029510498,0.13602744042873383,3.7530083656311035,3.69468448043
8,ucb,5,14,94,G228R:H231L,2,3.6827902793884277,0.06981269270181656,3.752603054046631,3.70470055836
8,ucb,5,15,95,N105S:E172K,2,3.7207558155059814,0.03140351548790932,3.752159357070923,3.65463551589
8,ucb,5,16,96,L15R:T38S,2,3.6958305835723877,0.05516435578465462,3.750994920730591,3.67463741686
8,ucb,5,17,97,S86A:N105T,2,3.7104809284210205,0.0400497168302536,3.75053071975708,3.87110182176
8,ucb,5,18,98,K158T:S175C,2,3.6773312091827393,0.07206999510526657,3.749401092529297,3.6668415432
8,ucb,5,19,99,I229T:T230I,2,3.692106246948242,0.056568704545497894,3.7486748695373535,3.79480956972
8,ucb,5,20,100,H77Y:P192S:T230A,3,3.6499996185302734,0.09808415919542313,3.7480838298797607,3.7535229039
8,conservative,1,1,1,K3M:F99L:N159D:I161V:N170D:I188L:E235G,7,4.1946539878845215,0.133244127035141,4.061409950256348,3.5714425372300007
8,conservative,1,2,2,N149S:N185D:T186S:I188F:Q204L:K209E:E235G,7,4.099604606628418,0.0469517707824707,4.052652835845947,1.30103106176
8,conservative,1,3,3,S28R:K41R:I123V:F130L:N144D:I161V,6,4.0691938400268555,0.025919226929545403,4.043274402618408,3.6057455678699992
8,conservative,1,4,4,M78L:N121S:N144I:H148R:N159D:I188V:D197G,7,4.156267166137695,0.12265020608901978,4.03361701965332,1.4731926326700002
8,conservative,1,5,5,F165L:D180G:T203A:F223Y:T230A,5,4.091742515563965,0.07447080314159393,4.017271518707275,3.30179590602
8,conservative,1,6,6,Y39N:K52M:P75S:E132G:I229V,5,4.056324005126953,0.051170095801353455,4.005154132843018,3.58666852917
8,conservative,1,7,7,T108A:I123V:S147G:V150A:L178V:K214E:T230A,7,4.03354549407959,0.03845846652984619,3.995087146759033,3.19203418792
8,conservative,1,8,8,I47F:F99L:F130L:S147G:K158R:I161V,6,4.043515205383301,0.04990381374955177,3.9936113357543945,3.42369144893
8,conservative,1,9,9,F99L:I152V:K158E:N159D:S202G,5,4.055213451385498,0.06312664598226547,3.992086887359619,3.3841157553099994
8,conservative,1,10,10,P75L:I98T:K107E:I161T:N170D:Q184R:M218L:I229F,8,4.079622268676758,0.0962616354227066,3.983360528945923,1.49153081785
8,conservative,1,11,11,K41R:V61A:N121S:N146S:K162R:F165L:R168H:D173G,8,4.133966445922852,0.15443257987499237,3.9795339107513428,1.3010299877299998
8,conservative,1,12,12,F71L:P75H:F114S:D180G:K209E,5,4.044216156005859,0.06616845726966858,3.9780476093292236,1.30102998814
8,conservative,1,13,13,K3M:I123V:Y143C:N159D:I171V:D173G:V224A,7,4.022729396820068,0.05942094698548317,3.963308334350586,3.54691847707
8,conservative,1,14,14,F8Y:S28T:F99Y:E132V:I167V,5,4.036540985107422,0.07568193972110748,3.9608590602874756,3.5671238294300003
8,conservative,1,15,15,L42Q:S72C:M78L:H81L:K101R:S147G:I167V:G191R:L201R:M233V:E235G,11,4.161429405212402,0.2010849565267563,3.9603445529937744,1.7157266221
8,conservative,1,16,16,I47V:N121S:F130L:N135D:I161V,5,4.096603870391846,0.14714276790618896,3.949460983276367,3.25754409058
8,conservative,1,17,17,I47V:N105S:F165Y:I167V:D197G:M233V,6,4.109616279602051,0.16746246814727783,3.9421539306640625,3.90870556551
8,conservative,1,18,18,D19G:N121D:K126E:N135D:F165L:I171T:Q177R:Q184L,8,4.031236171722412,0.09358645975589752,3.937649726867676,1.3010274647600002
8,conservative,1,19,19,K52E:K126R:K158E:I161V,4,4.010348796844482,0.07543618232011795,3.93491268157959,3.54678975197
8,conservative,1,20,20,Y143C:S147G:Q157L:K162R,4,4.014714241027832,0.08145131915807724,3.933262825012207,3.2594431491400004
8,conservative,2,1,21,T38S:T62S,2,3.844376802444458,0.05078376457095146,3.793592929840088,3.69094324962
8,conservative,2,2,22,D19N:K158G,2,3.8745274543762207,0.08190556615591049,3.7926218509674072,3.5987308810900003
8,conservative,2,3,23,R73L:H169L,2,3.770052433013916,0.022673550993204117,3.7473788261413574,3.56330936636
8,conservative,2,4,24,T38S:T63S,2,3.7716450691223145,0.036133017390966415,3.7355120182037354,3.54678935236
8,conservative,2,5,25,Y39N:N105I,2,3.7598392963409424,0.030740700662136078,3.7290985584259033,4.08598147357
8,conservative,2,6,26,I128T:S208T,2,3.7451672554016113,0.02774157002568245,3.717425584793091,3.66564163492
8,conservative,2,7,27,I123V:I167V,2,3.7549991607666016,0.03781592845916748,3.7171831130981445,3.69445183899
8,conservative,2,8,28,I229T:M233L,2,3.7466483116149902,0.03277469426393509,3.7138736248016357,3.83156717175
8,conservative,2,9,29,R73C:H231Y,2,3.7383713722229004,0.02507764846086502,3.7132937908172607,3.62482326559
8,conservative,2,10,30,I123V:I161V,2,3.759507656097412,0.04851805791258812,3.7109897136688232,3.75844470049
8,conservative,2,11,31,I47T:R73L,2,3.748668670654297,0.04065223038196564,3.7080163955688477,3.69368827921
8,conservative,2,12,32,I229A:G232R,2,3.729867458343506,0.022158557549118996,3.7077088356018066,3.63014408463
8,conservative,2,13,33,S30T:F99L,2,3.717092990875244,0.009636002592742443,3.7074570655822754,3.68919990245
8,conservative,2,14,34,R73L:F165Y,2,3.7848289012908936,0.07859968394041061,3.7062292098999023,3.50262359987
8,conservative,2,15,35,T59A:T62S,2,3.7615528106689453,0.05697881057858467,3.7045741081237793,3.54358325939
8,conservative,2,16,36,T59S:V68A,2,3.725602626800537,0.022964932024478912,3.7026376724243164,3.73129506939
8,conservative,2,17,37,G232D:M233L,2,3.747901439666748,0.045974697917699814,3.7019267082214355,3.86952185022
8,conservative,2,18,38,T225S:T230A,2,3.7201085090637207,0.0193573497235775,3.7007510662078857,3.85265935346
8,conservative,2,19,39,E6G:D117N,2,3.7303109169006348,0.030961614102125168,3.6993494033813477,3.889209825440002
8,conservative,2,20,40,I171V:I229T,2,3.7487995624542236,0.050451938062906265,3.698347568511963,3.82194410799
8,conservative,3,1,41,Y39N:N105H,2,3.805384874343872,0.029065648093819618,3.7763192653656006,3.73007484474
8,conservative,3,2,42,Y39C:S208C,2,3.791006565093994,0.03863106667995453,3.752375602722168,3.7918634266
8,conservative,3,3,43,T43S:K52M:D76N:N105S:S202C:H231R,6,3.8088974952697754,0.05955694615840912,3.749340534210205,3.71922727372
8,conservative,3,4,44,E32V:A179V:S208C,3,3.7710933685302734,0.026867108419537544,3.7442262172698975,3.60585870129
8,conservative,3,5,45,Y151H:S202C,2,3.764568328857422,0.027964655309915543,3.7366037368774414,3.91240028697
8,conservative,3,6,46,S30T:S175C,2,3.7950427532196045,0.059376027435064316,3.7356667518615723,3.73437018198
8,conservative,3,7,47,E17K:E34V,2,3.774733304977417,0.04124022275209427,3.7334930896759033,3.72463626683
8,conservative,3,8,48,E90G:E95G:N105I:S175C:V193M,5,3.8514068126678467,0.11795800924301147,3.7334487438201904,3.5065790017800005
8,conservative,3,9,49,D190V:S208C,2,3.765042781829834,0.03317294269800186,3.73186993598938,3.61389324074
8,conservative,3,10,50,K79M:K113R:G191C,3,3.743516445159912,0.013245980255305767,3.7302703857421875,3.61090994831
8,conservative,3,11,51,S28C:N105I,2,3.7817673683166504,0.0529298335313797,3.728837490081787,3.55370484492
8,conservative,3,12,52,F130I:S208C,2,3.761354446411133,0.03391391411423683,3.727440595626831,3.5257320674
8,conservative,3,13,53,E6G:I161V:I167V,3,3.8007843494415283,0.07377911359071732,3.7270052433013916,3.74943022917
8,conservative,3,14,54,Q80R:S208C,2,3.7663779258728027,0.04032191261649132,3.7260560989379883,3.68664094569
8,conservative,3,15,55,E17K:K79M:N105S:K214R,4,3.7670657634735107,0.04312480613589287,3.723940849304199,3.67603817469
8,conservative,3,16,56,S28G:D190V:S208C,3,3.7768702507019043,0.053495753556489944,3.723374605178833,3.69503295391
8,conservative,3,17,57,E6K:S208C,2,3.784827709197998,0.062382642179727554,3.722445011138916,3.6718140079300015
8,conservative,3,18,58,E6G:F114Y:D117G,3,3.798215389251709,0.07665570080280304,3.721559762954712,3.68140084347
8,conservative,3,19,59,E17K:K52M:P56S:Q204R,4,3.7479043006896973,0.027101868763566017,3.7208025455474854,3.45994910004
8,conservative,3,20,60,E6G:E90G:I128V:K214M,4,3.7549986839294434,0.035117559134960175,3.719881057739258,3.78291793445
8,conservative,4,1,61,E6G:Y39N,2,3.728668212890625,0.031041409820318222,3.697626829147339,3.79136497401
8,conservative,4,2,62,A206T:G232D,2,3.6983871459960938,0.013411278836429119,3.6849758625030518,3.73750507467
8,conservative,4,3,63,K79R:L194M,2,3.7039406299591064,0.019880786538124084,3.6840598583221436,3.73927614161
8,conservative,4,4,64,T62A:T63S,2,3.7207674980163574,0.037120819091796875,3.6836466789245605,3.83773820258
8,conservative,4,5,65,I128V:I229V,2,3.718773603439331,0.03946751356124878,3.6793060302734375,3.54977207958
8,conservative,4,6,66,I229T:Y237C,2,3.711712598800659,0.0346977673470974,3.6770148277282715,3.50476424335
8,conservative,4,7,67,I128V:I171V,2,3.7133166790008545,0.03715885803103447,3.6761577129364014,3.7483527695
8,conservative,4,8,68,L15R:N105T,2,3.72186541557312,0.047360263764858246,3.6745052337646484,3.88408956321
8,conservative,4,9,69,Y39N:S86T,2,3.700751781463623,0.027618251740932465,3.673133611679077,3.63716609971
8,conservative,4,10,70,T38I:T97A,2,3.6841111183166504,0.014391262084245682,3.669719934463501,3.59321211754
8,conservative,4,11,71,V68A:I229V,2,3.695361375808716,0.02676786109805107,3.668593406677246,3.6444800759800007
8,conservative,4,12,72,L194P:S202C,2,3.6992409229278564,0.030895818024873734,3.6683452129364014,3.6930928697800014
8,conservative,4,13,73,K3R:K79R,2,3.696477174758911,0.028983281925320625,3.6674938201904297,3.6418987729275
8,conservative,4,14,74,E6V:Y39N,2,3.713329792022705,0.04610743746161461,3.667222261428833,3.9178467176
8,conservative,4,15,75,K3E:N105T,2,3.6760051250457764,0.009469517506659031,3.6665356159210205,3.69353813991
8,conservative,4,16,76,K3R:E34V,2,3.6956589221954346,0.02938062511384487,3.66627836227417,3.97098805067
8,conservative,4,17,77,I229V:Y237C,2,3.700727939605713,0.03460221737623215,3.666125774383545,3.67615300697
8,conservative,4,18,78,K3R:I171V,2,3.689451217651367,0.023971635848283768,3.6654796600341797,3.69235789317
8,conservative,4,19,79,K3R:N105V,2,3.6974453926086426,0.032193005084991455,3.665252447128296,3.73313256047
8,conservative,4,20,80,K113R:K140R,2,3.6867690086364746,0.021895287558436394,3.6648738384246826,3.650448099675
8,conservative,5,1,81,E5K:N105S,2,3.748669385910034,0.024276450276374817,3.724392890930176,3.8039042887
8,conservative,5,2,82,K3R:E32V,2,3.742410659790039,0.032788485288619995,3.7096221446990967,3.7550811934699992
8,conservative,5,3,83,E34V:K79R,2,3.7306647300720215,0.02445083297789097,3.70621395111084,3.71516631938
8,conservative,5,4,84,Y39C:G189C,2,3.7134175300598145,0.026150377467274666,3.6872670650482178,3.5584565846300005
8,conservative,5,5,85,S202C:T203A,2,3.7102210521698,0.025705305859446526,3.6845157146453857,3.717375780725
8,conservative,5,6,86,Y39N:N198I:N212S,3,3.7045211791992188,0.020677562803030014,3.6838436126708984,3.70866249327
8,conservative,5,7,87,E34V:K131R,2,3.7271907329559326,0.04456546902656555,3.6826252937316895,3.681782387
8,conservative,5,8,88,D76E:N105S,2,3.70080828666687,0.01899283565580845,3.6818153858184814,3.71866983072
8,conservative,5,9,89,N105I:M233V,2,3.693657398223877,0.012327120639383793,3.6813302040100098,3.80170724825
8,conservative,5,10,90,N105S:Y237F,2,3.711073637008667,0.03432321920990944,3.676750421524048,3.66939016123
8,conservative,5,11,91,E6G:E34V,2,3.7390360832214355,0.06275605410337448,3.6762800216674805,3.73350969705
8,conservative,5,12,92,E34V:K140R,2,3.7048702239990234,0.028607338666915894,3.676262855529785,3.76562629785
8,conservative,5,13,93,N105S:E172K,2,3.71856427192688,0.04257257282733917,3.6759917736053467,3.65463551589
8,conservative,5,14,94,E34Q:K79R,2,3.687920093536377,0.012162678875029087,3.67575740814209,3.73880947457
8,conservative,5,15,95,F99L:K113R,2,3.6825671195983887,0.008494018577039242,3.6740732192993164,3.73622755442
8,conservative,5,16,96,L15R:T38S,2,3.7187283039093018,0.04567977041006088,3.673048496246338,3.67463741686
8,conservative,5,17,97,E6G:H81N,2,3.7049312591552734,0.03203314542770386,3.672898054122925,3.53392589951
8,conservative,5,18,98,E6G:Y39S,2,3.7176125049591064,0.04546329006552696,3.672149181365967,3.75917102243
8,conservative,5,19,99,Y39N:D155G,2,3.72436785697937,0.05235752463340759,3.6720104217529297,3.78355313085
8,conservative,5,20,100,E6G:I229T,2,3.6968417167663574,0.02504120208323002,3.6718006134033203,3.75483706211
9,random,1,1,1,E132K:N135Y:M233V,3,,,,3.7188920130300014
9,random,1,2,2,N159D:M218L,2,,,,3.6465779825
9,random,1,3,3,D21G:T118A:D129N:G134D,4,,,,1.71194067437
9,random,1,4,4,H169R:A227T:I229T,3,,,,1.3010789210299998
9,random,1,5,5,K113E:F223Y,2,,,,3.69528295145
9,random,1,6,6,S30P:N185D:N198D,3,,,,1.5322303508
9,random,1,7,7,T38S:K131Q:N135H:T225A,4,,,,3.5612321922099994
9,random,1,8,8,Y39H:K126R:K140E:R168H:V176A,5,,,,3.47295337446
9,random,1,9,9,T62A:R73H,2,,,,3.774260275
9,random,1,10,10,D76G:K101Q,2,,,,3.74614486945
9,random,1,11,11,V12E:E115G:V193G:E222G,4,,,,1.30102996606
9,random,1,12,12,F130I:S208C,2,,,,3.5257320674
9,random,1,13,13,D36G:Q94P:K107M:K166E,4,,,,1.68436324919
9,random,1,14,14,K45E:F83S:E222G,3,,,,1.68924072559
9,random,1,15,15,E17G:D197N,2,,,,3.26000763208
9,random,1,16,16,V68E:F84S:Y92F:V224E,4,,,,1.53551074116
9,random,1,17,17,L53Q:V93D:K113R,3,,,,1.3010298793
9,random,1,18,18,S86T:E95G:Y106C:F114S:I136F:N185Y:N212D,7,,,,1.41224841523
9,random,1,19,19,K209R:T230S,2,,,,3.6323463227
9,random,1,20,20,R73H:D76G:F84Y:N185S,4,,,,3.44953471625
9,random,2,1,21,N105S:K113E:I171T:D190V,4,,,,3.69498052925
9,random,2,2,22,N146I:S147G:D155G:Y200F:K214E,5,,,,3.49824157327
9,random,2,3,23,N135D:Q177R,2,,,,3.56903142276
9,random,2,4,24,K3E:Y39C:F71Y:Q80L:E95G:Q183L,6,,,,1.3071134952
9,random,2,5,25,K26E:E172V:L236R,3,,,,3.63358672855
9,random,2,6,26,V29A:F71L:I98S:S147G:I152T:L207Q:D216V,7,,,,1.5791004627399998
9,random,2,7,27,V93A:K101E:D173E:T186I:K209R,5,,,,3.12988187917
9,random,2,8,28,K166E:T186A,2,,,,3.82404064539
9,random,2,9,29,I128N:I167T,2,,,,3.5522090077800006
9,random,2,10,30,H25R:D117G:D190G:K214R:T225A,5,,,,3.54233402672
9,random,2,11,31,K140R:N159D,2,,,,3.59603550815
9,random,2,12,32,R168H:K209N,2,,,,3.67279062455
9,random,2,13,33,K3R:E32G:T43I:S175G:M218V:L221Q,6,,,,3.3424525858700003
9,random,2,14,34,N23D:H181Y,2,,,,3.7681386353300006
9,random,2,15,35,S72G:K126E,2,,,,3.37702502385
9,random,2,16,36,L64Q:K79R:N105S:V112A:E132G:L137P,6,,,,1.53948709225
9,random,2,17,37,K101N:V193A,2,,,,3.59706011274
9,random,2,18,38,K79R:V176A,2,,,,3.6329098427699993
9,random,2,19,39,F27L:K45Q:K79E:N146S:N212I,5,,,,1.39077593178
9,random,2,20,40,F46V:K156E:K162R,3,,,,3.7532443435
9,random,3,1,41,V219D:I229T,2,,,,3.32041706325
9,random,3,2,42,V16G:L18P:V61A,3,,,,1.301030073
9,random,3,3,43,I47N:V55E:K85M:N170D:S205Y,5,,,,1.6677512764500002
9,random,3,4,44,E5G:W57R,2,,,,1.49713520498
9,random,3,5,45,N23S:N121D:D173G,3,,,,3.07311921936
9,random,3,6,46,D102N:E142G:L178P,3,,,,3.49141379227
9,random,3,7,47,F99S:K209R,2,,,,3.52426132714
9,random,3,8,48,W57R:Y145H:K166E:I171F,4,,,,1.30006576551
9,random,3,9,49,Q80P:L141P,2,,,,3.13987166698
9,random,3,10,50,K45E:K101R:D102G:H148Y:L221Q,5,,,,1.45759328519
9,random,3,11,51,E132G:I161V:N170Y,3,,,,3.59642414211
9,random,3,12,52,E17G:M78V:L125Q:I128F,4,,,,1.30102999944
9,random,3,13,53,I47T:V68E:K158R,3,,,,3.59418389661
9,random,3,14,54,F46L:L60P:T118A:H199R,4,,,,1.30103001105
9,random,3,15,55,F84L:K140M:F165S:S208T,4,,,,1.7739804654599998
9,random,3,16,56,E34G:K166R,2,,,,3.58925066352
9,random,3,17,57,K26R:E32V:K52E:K140E:V176M:L220Q,6,,,,1.5636774719
9,random,3,18,58,V68M:K113E:D210V:I229F,4,,,,3.21021194478
9,random,3,19,59,I14T:N23S:W57R:K158E,4,,,,1.56661653393
9,random,3,20,60,K158R:I171V:N212S,3,,,,3.89474932299
9,random,4,1,61,F8S:D133V:P211L,3,,,,1.6618492347299998
9,random,4,2,62,F27S:T63S:V68E:S86P:D133G:L141M:K162R:A227T:L236P,9,,,,1.30103052146
9,random,4,3,63,I47N:T49A:K52E:Y74C:H81L:K85R:T97S:N135Y:L141P:S202G:K214R,11,,,,1.50591160871
9,random,4,4,64,F27V:K52E:K107E:T108A,4,,,,1.30018505263
9,random,4,5,65,S72C:N135S:N149D:L195P:A206G,5,,,,3.26558487278
9,random,4,6,66,I123N:K166E:D173V:N185Y,4,,,,1.51170750202
9,random,4,7,67,V16A:E32K:P58A:V68A:Y74H:F99S:F100L:T118S,8,,,,1.56614236163
9,random,4,8,68,M78T:F99Y:K156R:I171S:V176M,5,,,,3.56139916875
9,random,4,9,69,K41R:N149S,2,,,,3.68780601582
9,random,4,10,70,T50I:V163G:I171V:P196L,4,,,,3.5680894442
9,random,4,11,71,E90V:S175G,2,,,,3.69968183499
9,random,4,12,72,E5G:N135S,2,,,,3.73456826201
9,random,4,13,73,I47N:K85E:E90K:L137Q:H199L,5,,,,1.4605390176
9,random,4,14,74,I128T:N149H:D155V:Q157R:N164D,5,,,,3.1897698765400007
9,random,4,15,75,K113E:I188F,2,,,,3.43587612516
9,random,4,16,76,V193A:N198D:I229V,3,,,,3.69391338576
9,random,4,17,77,K41E:E213G,2,,,,1.75849233338
9,random,4,18,78,D36E:K41R:N198I,3,,,,3.56549467186
9,random,4,19,79,D82G:F100Y:G127S:Y151N:E235G,5,,,,1.29943928696
9,random,4,20,80,E6V:D190N,2,,,,3.730647410480002
9,random,5,1,81,T9S:F83L:N149S:Y151H:M218T,5,,,,1.3004209331799998
9,random,5,2,82,N23H:T97S:S147G:I171V,4,,,,3.52715878618
9,random,5,3,83,D102G:Q184R:N198D,3,,,,3.84656846335
9,random,5,4,84,D76N:N185D,2,,,,3.45981702485
9,random,5,5,85,K3M:V68M:N144S:K209I,4,,,,3.7053006590800006
9,random,5,6,86,V22A:F99L:N121S:N164S,4,,,,3.25968015404
9,random,5,7,87,K26E:V93A:N121S,3,,,,3.3074809357
9,random,5,8,88,S28C:I47T:E90D:T97A,4,,,,3.69449998871
9,random,5,9,89,I167T:S202C,2,,,,3.57935819275
9,random,5,10,90,E90G:K156R,2,,,,3.67043994524
9,random,5,11,91,L201P:T225A,2,,,,1.5665844533200002
9,random,5,12,92,T38A:T108A:V112E:H139L:G160S:E222G,6,,,,1.3010303775799998
9,random,5,13,93,F27L:S30P:K41E:H81L:K107E:K113R:I123F:K131E:N164D:M233K,10,,,,1.47974437253
9,random,5,14,94,T62P:I161V,2,,,,3.80177467345
9,random,5,15,95,F130L:K140M:Q177L:H181L:N198S,5,,,,1.41042730759
9,random,5,16,96,V68A:S175G,2,,,,3.70164076575
9,random,5,17,97,L53Q:N121I:F130L:K158E:Q177R,5,,,,1.30102998674
9,random,5,18,98,L7R:E142G,2,,,,3.5582876535300003
9,random,5,19,99,Y92F:N159I,2,,,,3.13712652167
9,random,5,20,100,D21G:N23S:V68A:K140E:M153R:H169Y,6,,,,1.5813295503100002
9,greedy,1,1,1,N149S:N185D:T186S:I188F:Q204L:K209E:E235G,7,4.049902439117432,0.10729360580444336,4.049902439117432,1.30103106176
9,greedy,1,2,2,E32G:K126R:K131R:Q184R:S208C:K214R,6,4.03976583480835,0.1321699172258377,4.03976583480835,3.6013193627900004
9,greedy,1,3,3,L42Q:S72C:M78L:H81L:K101R:S147G:I167V:G191R:L201R:M233V:E235G,11,4.0224175453186035,0.11900610476732254,4.0224175453186035,1.7157266221
9,greedy,1,4,4,S28C:H77L:Q80R:F84Y:Y145H:N149Y:K158R:K162E:D173V:Y182C:T186A:S202G,12,4.019692897796631,0.139980748295784,4.019692897796631,1.30102999207
9,greedy,1,5,5,K41R:V61A:N121S:N146S:K162R:F165L:R168H:D173G,8,4.010101318359375,0.2189580649137497,4.010101318359375,1.3010299877299998
9,greedy,1,6,6,E6G:L15Q:F46L:I47T:N105D:D133G:F165V:T203A,8,4.006832122802734,0.06799819320440292,4.006832122802734,1.30103163828
9,greedy,1,7,7,S72G:N105Y:K113R:I128V:D133G:Y151H:I171V:S202C,8,4.005106449127197,0.1233009472489357,4.005106449127197,3.87501518006
9,greedy,1,8,8,T62A:I98T:K107R:K126E:G138A:K156Q:F165L:N170S:D197G,9,4.004830837249756,0.13388726115226746,4.004830837249756,1.30102952236
9,greedy,1,9,9,M78L:N121S:N144I:H148R:N159D:I188V:D197G,7,3.9965615272521973,0.11803930252790451,3.9965615272521973,1.4731926326700002
9,greedy,1,10,10,T108A:I123V:S147G:V150A:L178V:K214E:T230A,7,3.9963717460632324,0.16317884624004364,3.9963717460632324,3.19203418792
9,greedy,1,11,11,F71S:S72C:D103G:I136T:N164D:I167V:I171L:L194P:S208C:A226T,10,3.994380235671997,0.06860553473234177,3.994380235671997,1.5632813020200005
9,greedy,1,12,12,S72G:N121S:I128T:N170S:D197G:I229V,6,3.9897499084472656,0.1339852660894394,3.9897499084472656,3.75097299945
9,greedy,1,13,13,K3E:F71Y:P75H:I98V:V224A,5,3.9863929748535156,0.10702094435691833,3.9863929748535156,1.6730253431
9,greedy,1,14,14,F46Y:P75H:N149D:I161V:Q184R,5,3.9707190990448,0.08368411660194397,3.9707190990448,3.43796043304
9,greedy,1,15,15,Y74F:F114S:Y145H:Y151H:K156R:H169L:Q184L:Y237F,8,3.970221757888794,0.15080086886882782,3.970221757888794,1.3163559218799998
9,greedy,1,16,16,F8Y:S28T:F99Y:E132V:I167V,5,3.964409351348877,0.09118641167879105,3.964409351348877,3.5671238294300003
9,greedy,1,17,17,K113R:Q157L:K162E:D197G:D234V:Y237C,6,3.963648557662964,0.10646287351846695,3.963648557662964,3.72446766405
9,greedy,1,18,18,S30C:N105Y:E142G:N146S:Q157L:Q204R:Y237C,7,3.9624271392822266,0.20201966166496277,3.9624271392822266,3.39616390601
9,greedy,1,19,19,C70S:F84L:Y92H:K113R:N121S:K158M:I161V:I167V,8,3.958479642868042,0.14513994753360748,3.958479642868042,1.68209372099
9,greedy,1,20,20,K3E:S72N:N105T:D117G:H148R:T186A:S202C:L220Q,8,3.957360029220581,0.1469718962907791,3.957360029220581,1.3027338563700002
9,greedy,2,1,21,T38S:T62S,2,3.81672739982605,0.09836242347955704,3.81672739982605,3.69094324962
9,greedy,2,2,22,T59S:T62S:D180N,3,3.767540693283081,0.1359502226114273,3.767540693283081,3.77597424733
9,greedy,2,3,23,N105I:I128V:I229V,3,3.7658305168151855,0.05581801384687424,3.7658305168151855,3.76375782591
9,greedy,2,4,24,T38S:T63S,2,3.7613906860351562,0.07114735245704651,3.7613906860351562,3.54678935236
9,greedy,2,5,25,I128V:I229V,2,3.757782459259033,0.016855191439390182,3.757782459259033,3.54977207958
9,greedy,2,6,26,T59A:T62S,2,3.74432373046875,0.0878508985042572,3.74432373046875,3.54358325939
9,greedy,2,7,27,K52M:D129N:H181Y:A206T,4,3.742938280105591,0.07798394560813904,3.742938280105591,3.4859772180300004
9,greedy,2,8,28,D19N:K158G,2,3.73541259765625,0.03860778361558914,3.73541259765625,3.5987308810900003
9,greedy,2,9,29,K79R:L194M,2,3.734528064727783,0.026129961013793945,3.734528064727783,3.73927614161
9,greedy,2,10,30,T62A:T63S,2,3.7343640327453613,0.042349204421043396,3.7343640327453613,3.83773820258
9,greedy,2,11,31,F46Y:F130L:Q177L:P211L,4,3.7302582263946533,0.04293273761868477,3.7302582263946533,3.32319930746
9,greedy,2,12,32,E17K:K52M:P56S:Q204R,4,3.730043888092041,0.0652606189250946,3.730043888092041,3.45994910004
9,greedy,2,13,33,E34V:K79M:L220M:G232D,4,3.725905656814575,0.14208070933818817,3.725905656814575,3.610553587780002
9,greedy,2,14,34,I128V:H231L:G232D,3,3.7236950397491455,0.06329028308391571,3.7236950397491455,3.71322440914
9,greedy,2,15,35,S30T:S175C,2,3.7216010093688965,0.041084859520196915,3.7216010093688965,3.73437018198
9,greedy,2,16,36,K79M:K113R:G191C,3,3.719839572906494,0.09692852199077606,3.719839572906494,3.61090994831
9,greedy,2,17,37,E90G:E95G:N105I:S175C:V193M,5,3.7198116779327393,0.051315199583768845,3.7198116779327393,3.5065790017800005
9,greedy,2,18,38,M233T:D234N,2,3.7181613445281982,0.023585347458720207,3.7181613445281982,3.64644004026
9,greedy,2,19,39,Q157H:I167T,2,3.716459274291992,0.04424332082271576,3.716459274291992,3.5463707348
9,greedy,2,20,40,Y39N:N105I,2,3.715414524078369,0.03073904849588871,3.715414524078369,4.08598147357
9,greedy,3,1,41,Y39N:N105H,2,3.7494072914123535,0.022559238597750664,3.7494072914123535,3.73007484474
9,greedy,3,2,42,G232D:M233L,2,3.7300667762756348,0.03318298980593681,3.7300667762756348,3.86952185022
9,greedy,3,3,43,N105I:I171V,2,3.7265517711639404,0.03238549083471298,3.7265517711639404,3.64184297157
9,greedy,3,4,44,P187S:L194V,2,3.724921464920044,0.061549995094537735,3.724921464920044,3.77188125834
9,greedy,3,5,45,K79R:K158R,2,3.7198455333709717,0.041575245559215546,3.7198455333709717,3.9207043244
9,greedy,3,6,46,E34V:K158E,2,3.7180962562561035,0.03002258948981762,3.7180962562561035,3.71537590182
9,greedy,3,7,47,I123V:I161V,2,3.716432571411133,0.07246305048465729,3.716432571411133,3.75844470049
9,greedy,3,8,48,S30T:F99L,2,3.7163233757019043,0.03831392899155617,3.7163233757019043,3.68919990245
9,greedy,3,9,49,N105I:N135D,2,3.7158255577087402,0.02572561614215374,3.7158255577087402,3.8151244434300007
9,greedy,3,10,50,I229T:M233L,2,3.715391159057617,0.03289026394486427,3.715391159057617,3.83156717175
9,greedy,3,11,51,Y39N:S86T,2,3.714468479156494,0.053836047649383545,3.714468479156494,3.63716609971
9,greedy,3,12,52,I128V:I171V,2,3.712320327758789,0.032474011182785034,3.712320327758789,3.7483527695
9,greedy,3,13,53,I128T:I171V,2,3.711994171142578,0.024164864793419838,3.711994171142578,3.69577544388
9,greedy,3,14,54,P75T:I171T,2,3.710230588912964,0.039593182504177094,3.710230588912964,3.3862372492
9,greedy,3,15,55,N105I:N146S,2,3.708599090576172,0.05646621063351631,3.708599090576172,3.80873689423
9,greedy,3,16,56,T97A:N105I,2,3.7067818641662598,0.03942948207259178,3.7067818641662598,3.73529500741
9,greedy,3,17,57,R73L:I161V,2,3.7063674926757812,0.05805790424346924,3.7063674926757812,3.69752524656
9,greedy,3,18,58,I152V:L221M,2,3.705653429031372,0.06980906426906586,3.705653429031372,3.82467520356
9,greedy,3,19,59,Y39N:D155G,2,3.7044498920440674,0.04795609042048454,3.7044498920440674,3.78355313085
9,greedy,3,20,60,K158E:M233V,2,3.7041053771972656,0.057963863015174866,3.7041053771972656,3.94619655391
9,greedy,4,1,61,T9I:T62S:V68A:V150A:S202N,5,3.7617745399475098,0.0835481584072113,3.7617745399475098,3.6979408553699993
9,greedy,4,2,62,K41R:N105I,2,3.745581865310669,0.05646045133471489,3.745581865310669,3.5552057492
9,greedy,4,3,63,N105I:M233V,2,3.735380172729492,0.05918532609939575,3.735380172729492,3.80170724825
9,greedy,4,4,64,S28C:N105I,2,3.721698045730591,0.04247245192527771,3.721698045730591,3.55370484492
9,greedy,4,5,65,K79R:H231L,2,3.7192928791046143,0.05499321222305298,3.7192928791046143,3.68209138997
9,greedy,4,6,66,K158E:A227T,2,3.7181968688964844,0.01723848655819893,3.7181968688964844,3.6979901741
9,greedy,4,7,67,E34V:K131R,2,3.716203212738037,0.03257259353995323,3.716203212738037,3.681782387
9,greedy,4,8,68,E34Q:K79R,2,3.7161450386047363,0.03048325888812542,3.7161450386047363,3.73880947457
9,greedy,4,9,69,K3R:K79R,2,3.7152762413024902,0.041047364473342896,3.7152762413024902,3.6418987729275
9,greedy,4,10,70,K113R:K131R,2,3.715157985687256,0.045547131448984146,3.715157985687256,3.67628946805
9,greedy,4,11,71,N105I:N212D,2,3.713930606842041,0.0379478819668293,3.713930606842041,3.68195086952
9,greedy,4,12,72,V150A:V163E:P192S,3,3.7130820751190186,0.10228394716978073,3.7130820751190186,3.54777909247
9,greedy,4,13,73,N105I:D234G,2,3.7127652168273926,0.06691178679466248,3.7127652168273926,3.54761856898
9,greedy,4,14,74,G134S:V176M:G191S,3,3.7123641967773438,0.02976200357079506,3.7123641967773438,3.48323078327
9,greedy,4,15,75,D21V:N105I,2,3.711378812789917,0.03081134706735611,3.711378812789917,3.4990486760300006
9,greedy,4,16,76,V22I:V61A:V176A:M233I,4,3.7105326652526855,0.0582469217479229,3.7105326652526855,3.33693980137
9,greedy,4,17,77,Y39C:N105Y,2,3.7094948291778564,0.02557154931128025,3.7094948291778564,3.771154964830002
9,greedy,4,18,78,K158R:M233V,2,3.708972454071045,0.016642119735479355,3.708972454071045,3.6116487094
9,greedy,4,19,79,N105I:M233T,2,3.708117961883545,0.06049247086048126,3.708117961883545,3.71409848884
9,greedy,4,20,80,E32G:K101S:N105I,3,3.707923173904419,0.02105778641998768,3.707923173904419,3.60714952727
9,greedy,5,1,81,M78T:K158E:M233V,3,3.7445991039276123,0.04689127206802368,3.7445991039276123,3.41686094374
9,greedy,5,2,82,E132G:K158E:S175R:H231L,4,3.716883897781372,0.0554954968392849,3.716883897781372,3.5192385742300005
9,greedy,5,3,83,T62S:D197Y,2,3.716644287109375,0.049557995051145554,3.716644287109375,3.70295904049
9,greedy,5,4,84,R73L:F165Y,2,3.7101504802703857,0.07515619695186615,3.7101504802703857,3.50262359987
9,greedy,5,5,85,S147T:I161V,2,3.7063326835632324,0.03135804831981659,3.7063326835632324,3.66064154475
9,greedy,5,6,86,D190G:H231Y,2,3.705378770828247,0.04881191998720169,3.705378770828247,3.64211346133
9,greedy,5,7,87,R73L:L194Q:D197V,3,3.704645872116089,0.047391653060913086,3.704645872116089,3.55587915745
9,greedy,5,8,88,D197V:S202C,2,3.7041633129119873,0.05941203609108925,3.7041633129119873,3.58014600687
9,greedy,5,9,89,R73H:S202C,2,3.7040412425994873,0.10559085011482239,3.7040412425994873,3.57062554499
9,greedy,5,10,90,D117H:K158E:M233L,3,3.703289747238159,0.07570701092481613,3.703289747238159,3.82574255976
9,greedy,5,11,91,R73C:H231Y,2,3.7022476196289062,0.09779956191778183,3.7022476196289062,3.62482326559
9,greedy,5,12,92,E5V:S202C,2,3.7016608715057373,0.057810310274362564,3.7016608715057373,3.6028180934800007
9,greedy,5,13,93,D102G:Q157L:K158E,3,3.7010750770568848,0.06434998661279678,3.7010750770568848,3.68115022678
9,greedy,5,14,94,D190Y:Y200C:D234V,3,3.697474718093872,0.10498861968517303,3.697474718093872,3.72551829265
9,greedy,5,15,95,D117G:I128T:A179V:L195M,4,3.696561336517334,0.03597625717520714,3.696561336517334,3.75005216145
9,greedy,5,16,96,I128T:R168S:D197N,3,3.6963772773742676,0.0662102997303009,3.6963772773742676,3.74293102773
9,greedy,5,17,97,D155G:K162E,2,3.695265293121338,0.020352665334939957,3.695265293121338,3.68046976959
9,greedy,5,18,98,K113R:N135Y:Y145H:Q184L:S202C,5,3.6951065063476562,0.0805383250117302,3.6951065063476562,3.60886136807
9,greedy,5,19,99,I128T:S208T,2,3.694880247116089,0.046987105160951614,3.694880247116089,3.66564163492
9,greedy,5,20,100,E34V:N146D:S147C,3,3.6928584575653076,0.03981233388185501,3.6928584575653076,3.77451774568
9,ucb,1,1,1,K41R:V61A:N121S:N146S:K162R:F165L:R168H:D173G,8,4.010101318359375,0.2189580649137497,4.229059219360352,1.3010299877299998
9,ucb,1,2,2,K79G:P89L:D102G:E132V:N159D:G160A:L201Q:T225A:M233V,9,3.7163004875183105,0.5101146101951599,4.226415157318115,1.68976291929
9,ucb,1,3,3,E32G:K126R:K131R:Q184R:S208C:K214R,6,4.03976583480835,0.1321699172258377,4.171935558319092,3.6013193627900004
9,ucb,1,4,4,S30C:N105Y:E142G:N146S:Q157L:Q204R:Y237C,7,3.9624271392822266,0.20201966166496277,4.164446830749512,3.39616390601
9,ucb,1,5,5,S28C:H77L:Q80R:F84Y:Y145H:N149Y:K158R:K162E:D173V:Y182C:T186A:S202G,12,4.019692897796631,0.139980748295784,4.159673690795898,1.30102999207
9,ucb,1,6,6,T108A:I123V:S147G:V150A:L178V:K214E:T230A,7,3.9963717460632324,0.16317884624004364,4.159550666809082,3.19203418792
9,ucb,1,7,7,N149S:N185D:T186S:I188F:Q204L:K209E:E235G,7,4.049902439117432,0.10729360580444336,4.157196044921875,1.30103106176
9,ucb,1,8,8,L42Q:S72C:M78L:H81L:K101R:S147G:I167V:G191R:L201R:M233V:E235G,11,4.0224175453186035,0.11900610476732254,4.14142370223999,1.7157266221
9,ucb,1,9,9,T62A:I98T:K107R:K126E:G138A:K156Q:F165L:N170S:D197G,9,4.004830837249756,0.13388726115226746,4.138718128204346,1.30102952236
9,ucb,1,10,10,K3E:H81L:F114L:L141Q:V150A:K158E:I161F:V176A:T230A,9,3.938610792160034,0.1930672973394394,4.131678104400635,1.51425584818
9,ucb,1,11,11,S72G:N105Y:K113R:I128V:D133G:Y151H:I171V:S202C,8,4.005106449127197,0.1233009472489357,4.1284074783325195,3.87501518006
9,ucb,1,12,12,S72G:N121S:I128T:N170S:D197G:I229V,6,3.9897499084472656,0.1339852660894394,4.123734951019287,3.75097299945
9,ucb,1,13,13,Y74F:F114S:Y145H:Y151H:K156R:H169L:Q184L:Y237F,8,3.970221757888794,0.15080086886882782,4.121022701263428,1.3163559218799998
9,ucb,1,14,14,C48R:M88L:Q94L:D103G:K107E:N121S:F130L:D133E:N146S:D216G,10,3.9186530113220215,0.19946497678756714,4.118117809295654,1.39034018786
9,ucb,1,15,15,M78L:N121S:N144I:H148R:N159D:I188V:D197G,7,3.9965615272521973,0.11803930252790451,4.114600658416748,1.4731926326700002
9,ucb,1,16,16,K3E:S72N:N105T:D117G:H148R:T186A:S202C:L220Q,8,3.957360029220581,0.1469718962907791,4.104331970214844,1.3027338563700002
9,ucb,1,17,17,C70S:F84L:Y92H:K113R:N121S:K158M:I161V:I167V,8,3.958479642868042,0.14513994753360748,4.103619575500488,1.68209372099
9,ucb,1,18,18,S30T:T59S:M78V:E90G:K101R:V112A:T118A:N121H:K126R:E132V:K156R:L221Q,12,3.923199415206909,0.17305569350719452,4.096255302429199,1.30102995221
9,ucb,1,19,19,K3E:F71Y:P75H:I98V:V224A,5,3.9863929748535156,0.10702094435691833,4.093413829803467,1.6730253431
9,ucb,1,20,20,L15Q:I98V:K107R:M153V:D173G:S175G:D190G:N198D,8,3.8586795330047607,0.22829504311084747,4.086974620819092,3.80705782254
9,ucb,2,1,21,I47T:R73L,2,3.7724647521972656,0.11632449179887772,3.888789176940918,3.69368827921
9,ucb,2,2,22,E34V:K79M:L220M:G232D,4,3.7480549812316895,0.11198452860116959,3.860039472579956,3.610553587780002
9,ucb,2,3,23,S208C:R215H:F223Y,3,3.76849102973938,0.07835332304239273,3.846844434738159,3.59412266825
9,ucb,2,4,24,R73C:D190G:S208C,3,3.7206192016601562,0.12051288783550262,3.841132164001465,3.60793762446
9,ucb,2,5,25,F46Y:F130L:Q177L:P211L,4,3.7233314514160156,0.113864004611969,3.83719539642334,3.32319930746
9,ucb,2,6,26,R73L:I152V:N212I:F223L,4,3.7574965953826904,0.078760527074337,3.836257219314575,3.71096439845
9,ucb,2,7,27,K79M:S208C:E235G,3,3.7093842029571533,0.12085475772619247,3.8302390575408936,3.6163641916300007
9,ucb,2,8,28,S65T:E115V:S202C:F223L,4,3.741205930709839,0.08766978979110718,3.828875780105591,3.35385933139
9,ucb,2,9,29,V22I:V29A:Q69P:F71Y:D155G:D180N:N198T:T225A,8,3.457592725753784,0.367011696100235,3.8246045112609863,1.31050352524
9,ucb,2,10,30,T38S:T62S,2,3.755451202392578,0.06797396391630173,3.823425054550171,3.69094324962
9,ucb,2,11,31,F99L:E142G:R168S,3,3.7322890758514404,0.08908070623874664,3.8213698863983154,3.67246422179
9,ucb,2,12,32,R73L:L194Q:D197V,3,3.736186981201172,0.08436482399702072,3.820551872253418,3.55587915745
9,ucb,2,13,33,I152V:L221M,2,3.7272186279296875,0.08636338263750076,3.813581943511963,3.82467520356
9,ucb,2,14,34,F8Y:S28T:F99Y:E132V:I167V,5,3.74232816696167,0.07106782495975494,3.8133959770202637,3.5671238294300003
9,ucb,2,15,35,E17K:I47T:S65T,3,3.698662281036377,0.11379101127386093,3.812453269958496,3.3372948209
9,ucb,2,16,36,R73L:I161V,2,3.7289185523986816,0.0828762948513031,3.8117947578430176,3.69752524656
9,ucb,2,17,37,T38A:R73C:F84Y:G191V,4,3.7343249320983887,0.07686939090490341,3.81119441986084,3.523309400930002
9,ucb,2,18,38,I128T:S208T,2,3.7543749809265137,0.05614953488111496,3.8105244636535645,3.66564163492
9,ucb,2,19,39,I123V:I161V,2,3.7346911430358887,0.07448957115411758,3.809180736541748,3.75844470049
9,ucb,2,20,40,L15R:T38S,2,3.7250828742980957,0.08407604694366455,3.8091588020324707,3.67463741686
9,ucb,3,1,41,E6G:E32G:E34A:K156M:K166M:L194P,6,3.7144808769226074,0.13215309381484985,3.8466339111328125,3.16414810046
9,ucb,3,2,42,D19N:K158G,2,3.756317138671875,0.08064251393079758,3.8369596004486084,3.5987308810900003
9,ucb,3,3,43,I123V:I167V,2,3.755230665206909,0.06966503709554672,3.8248956203460693,3.69445183899
9,ucb,3,4,44,P192L:A206T,2,3.7314810752868652,0.08911394327878952,3.8205950260162354,3.63879036564
9,ucb,3,5,45,S28N:P75T:K158E,3,3.7154393196105957,0.10253769904375076,3.817976951599121,3.54475230125
9,ucb,3,6,46,I128V:I229V,2,3.758234739303589,0.0558774396777153,3.8141121864318848,3.54977207958
9,ucb,3,7,47,D173G:S175G,2,3.7032337188720703,0.10610160231590271,3.809335231781006,3.85726261119
9,ucb,3,8,48,T62S:I123M,2,3.7187304496765137,0.0821162536740303,3.800846815109253,3.6429177337
9,ucb,3,9,49,E34V:K158E,2,3.72979474067688,0.06898348778486252,3.7987782955169678,3.71537590182
9,ucb,3,10,50,I229V:D234V,2,3.6848583221435547,0.11185188591480255,3.796710252761841,3.50960223011
9,ucb,3,11,51,K158E:M233V,2,3.7159934043884277,0.0804668515920639,3.7964601516723633,3.94619655391
9,ucb,3,12,52,I128T:I167V,2,3.7468419075012207,0.04408911615610123,3.790930986404419,3.77286349987
9,ucb,3,13,53,V12M:S72G:I128T:F223S,4,3.6875271797180176,0.10177043825387955,3.789297580718994,3.66069640381
9,ucb,3,14,54,L15Q:I167V:H169Y,3,3.675264835357666,0.11303488165140152,3.788299798965454,3.5225387729000004
9,ucb,3,15,55,N164H:S175C,2,3.723672389984131,0.06400085985660553,3.787673234939575,3.82463398649
9,ucb,3,16,56,S30T:S175C,2,3.7369513511657715,0.0496528260409832,3.786604166030884,3.73437018198
9,ucb,3,17,57,D117G:I229V,2,3.690783739089966,0.09562066942453384,3.7864043712615967,3.70644726235
9,ucb,3,18,58,T63S:L221Q,2,3.7043774127960205,0.08171392977237701,3.7860913276672363,3.69390273672
9,ucb,3,19,59,E6G:I229T,2,3.672708511352539,0.11286952346563339,3.7855780124664307,3.75483706211
9,ucb,3,20,60,E32V:P75T:E90G,3,3.7040412425994873,0.08124437183141708,3.785285711288452,3.56026819905
9,ucb,4,1,61,Q157R:N159D,2,3.707770586013794,0.09674933552742004,3.8045198917388916,3.58701614833
9,ucb,4,2,62,Y39N:N105I,2,3.7364487648010254,0.060626231133937836,3.797075033187866,4.08598147357
9,ucb,4,3,63,Y151C:S175C,2,3.727421522140503,0.06642037630081177,3.79384183883667,3.68369295219
9,ucb,4,4,64,S72G:M88L:F165L,3,3.6431400775909424,0.14141711592674255,3.7845571041107178,3.3028980798400003
9,ucb,4,5,65,I128T:I171V,2,3.720083713531494,0.06246166676282883,3.782545328140259,3.69577544388
9,ucb,4,6,66,K158E:S175G,2,3.7125179767608643,0.064986452460289,3.7775044441223145,3.7592753216300014
9,ucb,4,7,67,T43A:Y151C:S208C,3,3.654275894165039,0.11795259267091751,3.772228479385376,3.73743168822
9,ucb,4,8,68,F99S:K158E:S175G,3,3.6194558143615723,0.14839346706867218,3.7678492069244385,3.88078143669
9,ucb,4,9,69,I128V:R168H:M233T,3,3.6499931812286377,0.11696095764636993,3.766954183578491,3.59418598265
9,ucb,4,10,70,E5K:K41M:K52M:Q157R,4,3.6978023052215576,0.06888551265001297,3.7666878700256348,3.5839855748
9,ucb,4,11,71,T9A:K131M:S175C,3,3.6767373085021973,0.08906727284193039,3.7658045291900635,3.501843210280002
9,ucb,4,12,72,M153T:N170T:D190G,3,3.64298939704895,0.1223217248916626,3.7653112411499023,3.71062247233
9,ucb,4,13,73,K158R:Q184L,2,3.635612964630127,0.1260855346918106,3.7616984844207764,3.99114915276
9,ucb,4,14,74,R73L:H169L,2,3.667301654815674,0.09421391785144806,3.7615156173706055,3.56330936636
9,ucb,4,15,75,K52M:K79R:Q157L:S175C,4,3.646613597869873,0.11458105593919754,3.7611947059631348,3.66047880531
9,ucb,4,16,76,K26R:S175C,2,3.690258026123047,0.07093393057584763,3.7611918449401855,3.51030432931
9,ucb,4,17,77,G232D:M233L,2,3.7211661338806152,0.03991163522005081,3.761077880859375,3.86952185022
9,ucb,4,18,78,M78T:K158E:M233V,3,3.6737465858459473,0.08547933399677277,3.759225845336914,3.41686094374
9,ucb,4,19,79,T63S:F223Y,2,3.6814181804656982,0.07270197570323944,3.754120111465454,3.55726154367
9,ucb,4,20,80,N146S:S175C,2,3.7018051147460938,0.052259549498558044,3.7540645599365234,3.6908481429300006
9,ucb,5,1,81,Y39N:N105H,2,3.790973663330078,0.04224405810236931,3.8332176208496094,3.73007484474
9,ucb,5,2,82,T38I:K79E:F99I:G134S:Q184W:V193M,6,3.613410234451294,0.1653444468975067,3.778754711151123,1.3007288107
9,ucb,5,3,83,Y39N:N105Y:H181Y,3,3.702723979949951,0.07502687722444534,3.7777509689331055,3.54964105642
9,ucb,5,4,84,E5G:K158R:S175I,3,3.6840507984161377,0.09326489269733429,3.777315616607666,3.68741728933
9,ucb,5,5,85,E132G:K158E:S175R:H231L,4,3.7165114879608154,0.060362622141838074,3.77687406539917,3.5192385742300005
9,ucb,5,6,86,P187S:L194V,2,3.721461057662964,0.05434439703822136,3.7758054733276367,3.77188125834
9,ucb,5,7,87,K158E:A227T,2,3.708895206451416,0.0578714944422245,3.7667667865753174,3.6979901741
9,ucb,5,8,88,Y39C:N105Y,2,3.712846040725708,0.053037066012620926,3.765883207321167,3.771154964830002
9,ucb,5,9,89,F99S:L137V,2,3.676633358001709,0.08214370161294937,3.758777141571045,3.8098317524300014
9,ucb,5,10,90,E34V:Y39N:M153L:M233L,4,3.6806437969207764,0.07712243497371674,3.7577662467956543,3.60475305432
9,ucb,5,11,91,T59A:T62S,2,3.7173683643341064,0.03981473669409752,3.757183074951172,3.54358325939
9,ucb,5,12,92,E6V:Y39N,2,3.704460859298706,0.050806522369384766,3.755267381668091,3.9178467176
9,ucb,5,13,93,E6K:D117G:I128T,3,3.6880855560302734,0.06623817980289459,3.754323720932007,3.85619505192
9,ucb,5,14,94,S72G:I152V,2,3.689927577972412,0.06123560294508934,3.7511632442474365,3.59141190291
9,ucb,5,15,95,I229T:M233L,2,3.704491376876831,0.04441416263580322,3.748905658721924,3.83156717175
9,ucb,5,16,96,I98V:F99S:I167T,3,3.5194449424743652,0.22654511034488678,3.745990037918091,3.72301599384
9,ucb,5,17,97,I171T:L178H,2,3.679234027862549,0.06561444699764252,3.7448484897613525,3.7641585984
9,ucb,5,18,98,N135D:K158E:S175G:M233L,4,3.659987688064575,0.08444593846797943,3.744433641433716,3.6060573590300007
9,ucb,5,19,99,E6G:Y39N,2,3.70391845703125,0.040147628635168076,3.744065999984741,3.79136497401
9,ucb,5,20,100,I128T:S175C,2,3.6745517253875732,0.06924889236688614,3.743800640106201,3.70017984815
9,conservative,1,1,1,N149S:N185D:T186S:I188F:Q204L:K209E:E235G,7,4.049902439117432,0.10729360580444336,3.9426088333129883,1.30103106176
9,conservative,1,2,2,E6G:L15Q:F46L:I47T:N105D:D133G:F165V:T203A,8,4.006832122802734,0.06799819320440292,3.9388339519500732,1.30103163828
9,conservative,1,3,3,F71S:S72C:D103G:I136T:N164D:I167V:I171L:L194P:S208C:A226T,10,3.994380235671997,0.06860553473234177,3.9257748126983643,1.5632813020200005
9,conservative,1,4,4,E32G:K126R:K131R:Q184R:S208C:K214R,6,4.03976583480835,0.1321699172258377,3.9075958728790283,3.6013193627900004
9,conservative,1,5,5,L42Q:S72C:M78L:H81L:K101R:S147G:I167V:G191R:L201R:M233V:E235G,11,4.0224175453186035,0.11900610476732254,3.903411388397217,1.7157266221
9,conservative,1,6,6,F71L:P75H:F114S:D180G:K209E,5,3.895890474319458,0.007742384914308786,3.888148069381714,1.30102998814
9,conservative,1,7,7,F46Y:P75H:N149D:I161V:Q184R,5,3.9707190990448,0.08368411660194397,3.8870348930358887,3.43796043304
9,conservative,1,8,8,S72G:N105Y:K113R:I128V:D133G:Y151H:I171V:S202C,8,4.005106449127197,0.1233009472489357,3.881805419921875,3.87501518006
9,conservative,1,9,9,S28C:H77L:Q80R:F84Y:Y145H:N149Y:K158R:K162E:D173V:Y182C:T186A:S202G,12,4.019692897796631,0.139980748295784,3.8797121047973633,1.30102999207
9,conservative,1,10,10,K3E:F71Y:P75H:I98V:V224A,5,3.9863929748535156,0.10702094435691833,3.8793721199035645,1.6730253431
9,conservative,1,11,11,M78L:N121S:N144I:H148R:N159D:I188V:D197G,7,3.9965615272521973,0.11803930252790451,3.8785221576690674,1.4731926326700002
9,conservative,1,12,12,H81L:D133G:K158E:Q184L:T230P,5,3.9450364112854004,0.07100145518779755,3.874034881591797,3.64728196307
9,conservative,1,13,13,F8Y:S28T:F99Y:E132V:I167V,5,3.964409351348877,0.09118641167879105,3.873222827911377,3.5671238294300003
9,conservative,1,14,14,K107R:N121S:K166E:S202C:K214R,5,3.9468331336975098,0.0745854377746582,3.8722476959228516,3.79231655042
9,conservative,1,15,15,T62A:I98T:K107R:K126E:G138A:K156Q:F165L:N170S:D197G,9,4.004830837249756,0.13388726115226746,3.870943546295166,1.30102952236
9,conservative,1,16,16,E132A:N135D:N164S:N198G,4,3.957275867462158,0.09109088778495789,3.866184949874878,3.81187595859
9,conservative,1,17,17,E5V:V22A:Y106C:E142V:I171T:L194P:S208C:F223I:A226V:T230A,10,3.9175503253936768,0.055403340607881546,3.862147092819214,1.4571017860100002
9,conservative,1,18,18,N135D:M153L:K158E:D197A:Q204R:Y237C,6,3.909484386444092,0.048445697873830795,3.8610386848449707,3.5133181865900003
9,conservative,1,19,19,K113R:Q157L:K162E:D197G:D234V:Y237C,6,3.963648557662964,0.10646287351846695,3.8571856021881104,3.72446766405
9,conservative,1,20,20,S72G:N121S:I128T:N170S:D197G:I229V,6,3.9897499084472656,0.1339852660894394,3.855764627456665,3.75097299945
9,conservative,2,1,21,E17K:K79M:N105S:K214R,4,3.793896436691284,0.05458347499370575,3.7393128871917725,3.67603817469
9,conservative,2,2,22,D19N:K158G,2,3.7785305976867676,0.03974218666553497,3.738788366317749,3.5987308810900003
9,conservative,2,3,23,Y39N:N105I,2,3.796693801879883,0.07002563029527664,3.726668119430542,4.08598147357
9,conservative,2,4,24,N105I:I128V:I229V,3,3.7722694873809814,0.05863339453935623,3.7136361598968506,3.76375782591
9,conservative,2,5,25,I128V:I229V,2,3.781297206878662,0.06894361972808838,3.7123537063598633,3.54977207958
9,conservative,2,6,26,T38S:T62S,2,3.7894535064697266,0.07745175808668137,3.7120018005371094,3.69094324962
9,conservative,2,7,27,K126R:K158M,2,3.7168846130371094,0.005615597125142813,3.711268901824951,3.5319830328
9,conservative,2,8,28,D117V:I128T,2,3.7196497917175293,0.013991031795740128,3.7056586742401123,3.65070091446
9,conservative,2,9,29,L15R:T38S,2,3.7340729236602783,0.029580213129520416,3.7044928073883057,3.67463741686
9,conservative,2,10,30,K79R:L194M,2,3.752171754837036,0.048168785870075226,3.704002857208252,3.73927614161
9,conservative,2,11,31,K158E:A227T,2,3.7121071815490723,0.008639387786388397,3.703467845916748,3.6979901741
9,conservative,2,12,32,S72G:K79M:K113R,3,3.727930784225464,0.028812387958168983,3.6991183757781982,3.65231016095
9,conservative,2,13,33,E34V:K158E,2,3.7100558280944824,0.01158174593001604,3.698474168777466,3.71537590182
9,conservative,2,14,34,I14T:T38I:L44M:N105I,4,3.7378151416778564,0.04116912931203842,3.696645975112915,3.3860796577700003
9,conservative,2,15,35,K79M:K113R:N144D,3,3.7286429405212402,0.03314823657274246,3.6954946517944336,3.61709611791
9,conservative,2,16,36,K79M:K166Q,2,3.723536968231201,0.028189903125166893,3.6953470706939697,3.49904877648
9,conservative,2,17,37,D117G:I229V,2,3.7124295234680176,0.01734131947159767,3.6950881481170654,3.70644726235
9,conservative,2,18,38,K79M:H148R,2,3.724393844604492,0.029890790581703186,3.69450306892395,3.1369609372400005
9,conservative,2,19,39,I229V:M233V,2,3.71281099319458,0.019683215767145157,3.6931278705596924,3.70531263054
9,conservative,2,20,40,Y39H:P211T:N212I,3,3.7458462715148926,0.05284349247813225,3.693002700805664,3.4440609512300004
9,conservative,3,1,41,Y39N:N105H,2,3.789424180984497,0.04809131845831871,3.741332769393921,3.73007484474
9,conservative,3,2,42,S30T:S175C,2,3.732517719268799,0.012266862206161022,3.7202508449554443,3.73437018198
9,conservative,3,3,43,Y39N:E132G:Y145F,3,3.747159242630005,0.053402625024318695,3.693756580352783,3.64561793492
9,conservative,3,4,44,E17K:D36V:Y39D:D129G:N164H:Q184L,6,3.790083646774292,0.09933903813362122,3.690744638442993,3.73660976111
9,conservative,3,5,45,S28R:G134C:V150I,3,3.7320780754089355,0.04266625642776489,3.6894118785858154,3.44739478449
9,conservative,3,6,46,T62A:T63S,2,3.7223472595214844,0.03632688894867897,3.6860203742980957,3.83773820258
9,conservative,3,7,47,I47T:R73L,2,3.734734058380127,0.053925901651382446,3.6808080673217773,3.69368827921
9,conservative,3,8,48,D155G:K162E,2,3.723388195037842,0.04287249967455864,3.680515766143799,3.68046976959
9,conservative,3,9,49,I229V:H231L,2,3.704432725906372,0.02573261968791485,3.6787002086639404,3.68810766651
9,conservative,3,10,50,S30T:F99L,2,3.6943836212158203,0.015781214460730553,3.678602457046509,3.68919990245
9,conservative,3,11,51,Y39N:S86T,2,3.702787399291992,0.024267753586173058,3.6785197257995605,3.63716609971
9,conservative,3,12,52,T63S:F223Y,2,3.7011451721191406,0.023287132382392883,3.6778581142425537,3.55726154367
9,conservative,3,13,53,R73L:H169Y:E172K,3,3.7103354930877686,0.03476063162088394,3.675574779510498,3.64501916546
9,conservative,3,14,54,E5V:P192L,2,3.696742534637451,0.021694164723157883,3.675048351287842,3.72002944777
9,conservative,3,15,55,F165L:F223Y,2,3.6982955932617188,0.02482893504202366,3.673466682434082,3.60844172018
9,conservative,3,16,56,E6K:D117G:I128T,3,3.740273952484131,0.06844893097877502,3.6718249320983887,3.85619505192
9,conservative,3,17,57,D76Y:I128T,2,3.6907012462615967,0.01956915482878685,3.6711320877075195,3.9755409443
9,conservative,3,18,58,D117N:H231L,2,3.7091808319091797,0.03812039643526077,3.67106032371521,3.64736654007
9,conservative,3,19,59,E132G:N146D:K158E,3,3.6903693675994873,0.021234044805169106,3.669135332107544,3.61566557413
9,conservative,3,20,60,K52M:M153L:Q177L:S202C,4,3.7142014503479004,0.0472443588078022,3.666957139968872,3.7080278307
9,conservative,4,1,61,R73L:F165Y,2,3.7317562103271484,0.016214696690440178,3.7155416011810303,3.50262359987
9,conservative,4,2,62,N105I:N146S,2,3.762507915496826,0.04807981476187706,3.714428186416626,3.80873689423
9,conservative,4,3,63,I128V:H231L:G232D,3,3.7328567504882812,0.022569062188267708,3.710287570953369,3.71322440914
9,conservative,4,4,64,N105I:M233T,2,3.720201015472412,0.016872508451342583,3.7033286094665527,3.71409848884
9,conservative,4,5,65,N105I:Y145F:M233L,3,3.749202251434326,0.053203437477350235,3.6959989070892334,3.68904430313
9,conservative,4,6,66,K3R:N105V,2,3.715566635131836,0.023908430710434914,3.6916582584381104,3.73313256047
9,conservative,4,7,67,N105I:N135D,2,3.7379074096679688,0.046455685049295425,3.6914517879486084,3.8151244434300007
9,conservative,4,8,68,L141M:V163A,2,3.7269930839538574,0.03703886643052101,3.6899542808532715,3.93788704051
9,conservative,4,9,69,C70S:E132G:P192L:T230S,4,3.7433719635009766,0.053947366774082184,3.689424514770508,3.25877483674
9,conservative,4,10,70,D76G:I128T,2,3.7199997901916504,0.03143979236483574,3.6885600090026855,4.005134125055
9,conservative,4,11,71,M233K:D234G,2,3.7125275135040283,0.024897713214159012,3.6876296997070312,3.57778684547
9,conservative,4,12,72,D76Y:I128V,2,3.7190825939178467,0.03185459226369858,3.687227964401245,3.64760119928
9,conservative,4,13,73,E34V:K158E:Y182F:Q184L,4,3.7182326316833496,0.032059554010629654,3.6861729621887207,3.84210305425
9,conservative,4,14,74,I123V:I161V,2,3.735027313232422,0.05032828450202942,3.684699058532715,3.75844470049
9,conservative,4,15,75,T9I:T62S:V68A:V150A:S202N,5,3.7428290843963623,0.05902690440416336,3.6838021278381348,3.6979408553699993
9,conservative,4,16,76,P187S:L194V,2,3.6996045112609863,0.018332652747631073,3.68127179145813,3.77188125834
9,conservative,4,17,77,R73S:D76N:D117G,3,3.704848527908325,0.024508371949195862,3.680340051651001,3.63038866708
9,conservative,4,18,78,N105I:M233V,2,3.698453426361084,0.01976751536130905,3.6786859035491943,3.80170724825
9,conservative,4,19,79,D19N:Y39F,2,3.702646255493164,0.025844838470220566,3.6768014430999756,3.7097303587
9,conservative,4,20,80,I128T:I188F,2,3.716146469116211,0.03986204043030739,3.6762843132019043,3.7641315453199993
9,conservative,5,1,81,I128T:S208T,2,3.7577133178710938,0.03304505720734596,3.724668264389038,3.66564163492
9,conservative,5,2,82,I128T:R168S:D197N,3,3.7725043296813965,0.048520755022764206,3.7239835262298584,3.74293102773
9,conservative,5,3,83,I152V:L221M,2,3.7409470081329346,0.028678523376584053,3.712268590927124,3.82467520356
9,conservative,5,4,84,S86A:I128T,2,3.7311317920684814,0.029451236128807068,3.7016806602478027,3.74378465275
9,conservative,5,5,85,N105I:N212D,2,3.7190330028533936,0.0337483212351799,3.6852846145629883,3.68195086952
9,conservative,5,6,86,I123V:I167V,2,3.711045503616333,0.026682354509830475,3.6843631267547607,3.69445183899
9,conservative,5,7,87,N105I:I171V,2,3.703781843185425,0.022483164444565773,3.6812987327575684,3.64184297157
9,conservative,5,8,88,I128T:I171V,2,3.708714008331299,0.031258273869752884,3.6774556636810303,3.69577544388
9,conservative,5,9,89,T59A:T62S,2,3.7200064659118652,0.04617222771048546,3.6738343238830566,3.54358325939
9,conservative,5,10,90,I128T:N159D,2,3.7039763927459717,0.03538457676768303,3.6685917377471924,3.87261053444
9,conservative,5,11,91,N105Y:N159D,2,3.684601306915283,0.016857819631695747,3.667743444442749,3.81814755612
9,conservative,5,12,92,S147T:I161V,2,3.6784472465515137,0.012215685099363327,3.666231632232666,3.66064154475
9,conservative,5,13,93,N105Y:R168C,2,3.70539927482605,0.03981250524520874,3.6655867099761963,3.90129281522
9,conservative,5,14,94,I128T:I167V,2,3.7053234577178955,0.04183119162917137,3.663492202758789,3.77286349987
9,conservative,5,15,95,I128T:I229T,2,3.7008659839630127,0.03879323601722717,3.6620726585388184,3.6843518496300014
9,conservative,5,16,96,Q80R:N105S,2,3.6883864402770996,0.02737412042915821,3.6610124111175537,3.54678934328
9,conservative,5,17,97,N105I:N164D,2,3.6971793174743652,0.03645726665854454,3.660722017288208,3.73928845961
9,conservative,5,18,98,N105S:Q157R,2,3.670168399810791,0.011597780510783195,3.6585705280303955,3.68430086447
9,conservative,5,19,99,N105I:N149D,2,3.6916584968566895,0.03366360813379288,3.6579949855804443,3.76040467543
9,conservative,5,20,100,Y151H:S202C,2,3.709672212600708,0.05200076475739479,3.6576714515686035,3.91240028697
