mutant,position,DMS_score,fold_random_5,predicted_fitness_mu,uncertainty_sigma,absolute_error,member_0_prediction,member_1_prediction,member_2_prediction,member_3_prediction,member_4_prediction
M1G,1,1.027709137,0,0.9748948454856873,0.06198625222612458,0.05281429151431272,1.064436674118042,0.9596699476242065,0.9546480178833008,0.8966351747512817,0.9990844130516052
M1T,1,1.006009177,4,0.9846080422401429,0.034341400346213656,0.021401134759857054,0.9340631365776062,0.9942593574523926,0.9679133892059326,1.0052634477615356,1.021540880203247
M1S,1,0.913619027,2,0.9658125519752503,0.06098850627690929,0.052193524975250316,0.9152913093566895,0.9290620684623718,1.0560925006866455,1.0018610954284668,0.9267557859420776
M1R,1,1.0179716559999998,3,1.0467138051986695,0.09442529732974399,0.028742149198669686,0.9588324427604675,0.9529592394828796,1.1667530536651611,1.1152281761169434,1.0397961139678955
M1Q,1,1.223651367,4,0.981185257434845,0.05570282654021985,0.24246610956515502,0.893622875213623,0.9886289834976196,0.9672922492027283,1.034376859664917,1.022005319595337
M1P,1,1.221816545,3,1.0070411086082458,0.11568244380993035,0.21477543639175423,0.9467039108276367,0.9179171919822693,1.1698198318481445,1.0880192518234253,0.9127453565597534
M1L,1,1.16905945,2,0.8579959869384766,0.04297422148874542,0.31106346306152344,0.8758466243743896,0.8490849733352661,0.9041176438331604,0.8713676929473877,0.789563000202179
M1K,1,1.096014303,0,0.9928266525268554,0.05656097397725836,0.1031876504731446,1.0719354152679443,1.0005033016204834,1.014068603515625,0.9289826154708862,0.9486433267593384
M1I,1,1.445211295,2,0.8891189575195313,0.08150274455967929,0.5560923374804687,0.88718581199646,1.0159363746643066,0.9065878987312317,0.8130940198898315,0.8227906823158264
M1H,1,0.548608784,3,1.0198421239852906,0.08206426071849898,0.4712333399852906,0.9650060534477234,0.9213215708732605,1.1258301734924316,1.0741002559661865,1.0129525661468506
M1W,1,0.996756951,3,1.010654354095459,0.08363980037515013,0.013897403095458949,0.9512112736701965,0.918182909488678,1.1153440475463867,1.0779874324798584,0.9905461072921753
M1E,1,1.129087935,4,0.9362348914146423,0.051057085425056235,0.1928530435853577,0.8531116843223572,0.939907968044281,0.9496660828590393,0.9931681752204895,0.9453205466270447
M1V,1,0.922331864,1,1.0750046730041505,0.15847320947996343,0.15267280900415048,1.049593448638916,0.8190344572067261,1.1717528104782104,1.2301051616668701,1.1045374870300293
M1D,1,0.789916452,2,0.9995657563209533,0.07725859219617663,0.2096493043209533,0.9935218095779419,1.0963501930236816,1.0575428009033203,0.9201073050498962,0.9303066730499268
D2G,2,0.937590927,0,0.8434157013893128,0.04427746076500389,0.09417522561068725,0.9005974531173706,0.8175042271614075,0.8441929817199707,0.7862416505813599,0.8685421943664551
D2K,2,1.084785751,3,0.8287928462028503,0.04455811110271041,0.25599290479714976,0.8480774760246277,0.8440722227096558,0.7741896510124207,0.8843868374824524,0.7932380437850952
D2L,2,0.852350663,4,0.8021183967590332,0.04707792175144865,0.05023226624096677,0.8088169693946838,0.8061572909355164,0.7562430500984192,0.7645409107208252,0.8748337626457214
D2N,2,1.111542626,0,1.0155876874923706,0.07522558907464524,0.09595493850762948,1.0506850481033325,1.0850253105163574,1.0111579895019531,0.8895350694656372,1.0415350198745728
D2P,2,1.11403351,2,0.8133394002914429,0.06121274034484416,0.30069410970855714,0.763782799243927,0.7526369690895081,0.8351675868034363,0.9047823548316956,0.8103272914886475
D2Q,2,0.842356019,4,0.9826143264770508,0.1201727868048053,0.14025830747705081,1.046019434928894,1.0732347965240479,0.9062393307685852,0.8083531260490417,1.079224944114685
D2R,2,0.934084853,2,0.7675888180732727,0.022195066921225845,0.16649603492672727,0.7603897452354431,0.751270055770874,0.7495324015617371,0.7731754183769226,0.8035764694213867
D2S,2,0.8663985909999999,4,0.8728793382644653,0.06042494659798402,0.0064807472644653474,0.8958732485771179,0.8030377626419067,0.8241704702377319,0.8870417475700378,0.9542734622955322
D2T,2,0.9945602,1,0.953139853477478,0.10470335527201959,0.04142034652252202,1.0730798244476318,0.9439390301704407,1.0123813152313232,0.7925695776939392,0.9437295198440552
D2W,2,0.7385983220000001,2,0.8011703252792358,0.056317133514067245,0.06257200327923573,0.7256007790565491,0.7932562232017517,0.7842962741851807,0.8795672655105591,0.8231310844421387
D2Y,2,0.8990534040000001,3,0.8525067925453186,0.07057813584958977,0.04654661145468153,0.7341346144676208,0.8630125522613525,0.9141941070556641,0.8540189266204834,0.8971737623214722
D2F,2,0.515205328,0,0.8634963154792785,0.05527683215743795,0.34829098747927856,0.7904230952262878,0.906195342540741,0.9223922491073608,0.824907124042511,0.8735637664794922
D2E,2,1.1748120709999998,0,0.9037354946136474,0.012311854101434464,0.2710765763863524,0.8981761932373047,0.8893870115280151,0.9179472327232361,0.8978844881057739,0.9152825474739075
D2A,2,0.808243171,3,1.1191199541091919,0.029278691098461155,0.31087678310919187,1.1064066886901855,1.0950539112091064,1.0985924005508423,1.1300992965698242,1.165447473526001
D2V,2,0.779888151,3,0.8886232137680053,0.02928071410340584,0.10873506276800537,0.862523078918457,0.902510404586792,0.9022710919380188,0.9223155975341797,0.8534958958625793
D2C,2,1.223429082,1,0.7659655570983886,0.04627655201587455,0.45746352490161135,0.755321741104126,0.763494074344635,0.7342042326927185,0.731698751449585,0.8451089859008789
G3W,3,1.0554427,0,0.8112316608428956,0.029706283158021242,0.2442110391571044,0.8255362510681152,0.8541247844696045,0.7767328023910522,0.7955451011657715,0.8042193651199341
G3A,3,0.944194457,0,1.0049874305725097,0.03922526877653377,0.06079297357250968,1.0727100372314453,0.9844233989715576,0.9730806350708008,0.9996964931488037,0.9950265884399414
G3Y,3,0.7882464370000001,0,0.7408858299255371,0.0413517193541221,0.04736060707446299,0.7745041847229004,0.7751955986022949,0.6906341314315796,0.762470006942749,0.7016252279281616
G3D,3,1.00650104,0,1.0442134380340575,0.04251769463176199,0.03771239803405746,1.033636212348938,1.033036231994629,1.1182277202606201,1.0094074010849,1.0267596244812012
G3E,3,1.055328408,4,1.0422089338302611,0.038157101412294614,0.01311947416973891,1.0604829788208008,1.0923079252243042,1.0501058101654053,1.001941204071045,1.006206750869751
G3F,3,0.636769206,4,0.8967949986457825,0.06637027274805408,0.2600257926457825,0.9776875972747803,0.9417681694030762,0.8666467666625977,0.8067224025726318,0.8911500573158264
G3K,3,0.555535697,4,1.0359868049621581,0.07017314319042307,0.48045110796215806,0.9279210567474365,1.1070671081542969,1.0083259344100952,1.0608344078063965,1.075785517692566
G3L,3,1.052449536,2,0.8057255029678345,0.02807865234862212,0.2467240330321654,0.8209241032600403,0.8322178721427917,0.8063647150993347,0.8102943301200867,0.758826494216919
G3H,3,1.244570622,4,1.0159711599349976,0.06550973458471387,0.22859946206500226,1.0039085149765015,1.0033602714538574,0.9379429817199707,1.0148847103118896,1.1197593212127686
G3P,3,1.099209514,2,0.9931332111358643,0.04476678182134049,0.10607630286413572,0.9504921436309814,1.0672399997711182,0.9945691823959351,0.9857062101364136,0.967658519744873
G3Q,3,0.968545161,3,0.9648281455039978,0.07732890912372181,0.0037170154960022295,0.9072727560997009,1.0066311359405518,0.8720872402191162,0.9723166227340698,1.0658329725265503
G3R,3,0.8769044559999999,1,0.9072318315505982,0.014968588527525365,0.03032737555059828,0.9202443361282349,0.921619713306427,0.8846909999847412,0.9048287868499756,0.9047753214836121
G3S,3,1.100702562,3,1.007467257976532,0.02455855346439836,0.09323530402346791,0.969571590423584,0.9954442381858826,1.0248438119888306,1.0232824087142944,1.0241942405700684
G3T,3,1.131319456,0,1.0034799814224242,0.038334509845164365,0.12783947457757572,1.0521320104599,1.0199134349822998,1.012536644935608,0.9520822167396545,0.9807355999946594
G3V,3,1.016883108,0,0.8720452427864075,0.05124680201131762,0.14483786521359254,0.8210650086402893,0.8396415710449219,0.9276951551437378,0.9269881248474121,0.8448363542556763
G3M,3,1.050880446,0,0.882946002483368,0.08533003796191713,0.16793444351663211,0.7688851356506348,0.9043776392936707,0.981955349445343,0.9337580800056458,0.8257538080215454
T4K,4,0.916018441,4,1.2174578666687013,0.03002550968994431,0.3014394256687013,1.218637466430664,1.2493131160736084,1.233688473701477,1.2164154052734375,1.1692348718643188
T4E,4,0.991193818,3,1.1263917446136475,0.05396116673858742,0.1351979266136476,1.1316006183624268,1.1305296421051025,1.2028942108154297,1.0513322353363037,1.1156020164489746
T4F,4,0.872383432,1,0.9731994032859802,0.08252190706342445,0.10081597128598019,0.9816937446594238,0.8601698875427246,1.000262975692749,0.9389342665672302,1.0849361419677734
T4A,4,1.111840708,1,1.0591633796691895,0.015466834891463919,0.0526773283308104,1.0758869647979736,1.0689752101898193,1.0644149780273438,1.038362979888916,1.0481767654418945
T4G,4,1.063695172,4,0.953414511680603,0.031554591405076715,0.1102806603193971,0.9178465008735657,0.9500669240951538,0.9863749146461487,0.9280869960784912,0.9846972227096558
T4H,4,1.27816368,0,0.7179471492767334,0.08212736310460059,0.5602165307232666,0.6803042888641357,0.836897075176239,0.7180964946746826,0.6135952472686768,0.7408426403999329
T4I,4,0.626449005,0,1.0132638454437255,0.056153670230909176,0.3868148404437255,1.058355689048767,0.9692063927650452,0.9587525129318237,0.9939739108085632,1.0860307216644287
T4L,4,0.844615459,2,0.8157354474067688,0.04494658236763589,0.02888001159323117,0.8685051202774048,0.8071500658988953,0.8007655143737793,0.7533182501792908,0.8489382863044739
T4V,4,0.998164098,3,1.0603466749191284,0.03457839852082396,0.06218257691912832,1.0315656661987305,1.1128127574920654,1.0753093957901,1.0302776098251343,1.0517679452896118
T4N,4,1.160222734,3,1.0803224086761474,0.06146239000473042,0.0799003253238526,1.082109808921814,1.0698127746582031,1.1515207290649414,1.1122350692749023,0.9859336614608765
T4P,4,1.095796075,1,0.9570504784584045,0.05605986889839904,0.13874559654159546,0.9074050188064575,0.9102174639701843,0.9382596015930176,1.0360887050628662,0.9932816028594971
T4Q,4,0.810267327,1,1.0624380826950073,0.05930414329528958,0.25217075569500724,1.1260136365890503,1.0015647411346436,1.0573434829711914,1.0075464248657227,1.1197221279144287
T4R,4,0.99706383,0,0.8111365556716919,0.039936088740210325,0.18592727432830813,0.8106167316436768,0.779433012008667,0.7947031855583191,0.7911908626556396,0.879738986492157
T4S,4,1.039891213,1,1.0638626098632813,0.0381500016098279,0.023971396863281313,1.0207748413085938,1.067345142364502,1.093943476676941,1.1073726415634155,1.029876947402954
T4W,4,1.076415754,3,0.9776198148727417,0.029972876700984082,0.09879593912725815,0.9610736966133118,0.9351061582565308,1.0114765167236328,0.9951424598693848,0.9853002429008484
T4Y,4,1.22618198,0,0.8353442430496216,0.03069549360596371,0.3908377369503784,0.8864118456840515,0.8202414512634277,0.8153843879699707,0.8130872249603271,0.8415963053703308
T4C,4,0.845236808,3,1.0437127828598023,0.09155127578150836,0.19847597485980228,0.9655964970588684,1.1633567810058594,0.9449236989021301,1.0430946350097656,1.1015923023223877
T4M,4,1.135961332,0,0.926045823097229,0.03582452384911192,0.2099155089027709,0.9338834285736084,0.9813134074211121,0.9146806001663208,0.8835931420326233,0.9167585372924805
T4D,4,1.110294558,4,0.9479246139526367,0.039154247441624365,0.16236994404736338,0.9036067724227905,0.976276159286499,0.9852386116981506,0.9667816162109375,0.9077199101448059
R5S,5,1.032056184,2,0.9904690265655518,0.06466799228816057,0.041587157434448185,0.9173146486282349,1.0406227111816406,0.9296112060546875,1.0037535429000854,1.0610430240631104
R5C,5,1.146627931,3,0.976678442955017,0.06575265782255235,0.169949488044983,0.86935955286026,1.0362608432769775,0.9678516983985901,0.9883975982666016,1.0215225219726562
R5Y,5,0.988696742,0,0.8961479544639588,0.041366143445464375,0.09254878753604123,0.9148477911949158,0.8692315816879272,0.93550705909729,0.9237992763519287,0.8373540639877319
R5W,5,1.193663805,3,0.8660002708435058,0.045310555042238625,0.3276635341564941,0.8258993625640869,0.8191999197006226,0.9075380563735962,0.9174875617027283,0.8598764538764954
R5V,5,1.115770995,1,1.037284517288208,0.07000505998319716,0.07848647771179218,1.0991661548614502,0.9757294058799744,0.948866069316864,1.0693607330322266,1.093300223350525
R5A,5,0.986761416,0,1.1130155801773072,0.08433000651754227,0.12625416417730717,1.1077024936676025,1.0022259950637817,1.2398428916931152,1.1083471775054932,1.106959342956543
R5Q,5,0.766555586,2,0.9446667551994323,0.08119868864833904,0.17811116919943237,0.9466971158981323,1.0497331619262695,0.9505853652954102,0.9548994898796082,0.8214186429977417
R5P,5,0.750033191,1,0.9556896328926087,0.043936907235285705,0.20565644189260868,0.9330902099609375,0.9250008463859558,0.9655913710594177,1.028520107269287,0.9262456297874451
R5M,5,0.970281407,1,0.9357334733009338,0.07343247552140092,0.03454793369906617,1.0144543647766113,0.8560453653335571,0.9962704181671143,0.8636216521263123,0.9482755661010742
R5T,5,1.025101117,3,0.9465675354003906,0.04294414549414208,0.07853358159960933,0.8924252986907959,0.9671956300735474,0.9477850794792175,0.9209014773368835,1.0045301914215088
R5I,5,0.992096974,4,0.8430863142013549,0.05355478778078949,0.14901065979864503,0.858902096748352,0.8755145072937012,0.8788614273071289,0.7493019104003906,0.8528516292572021
R5H,5,1.146226989,0,0.8260866284370423,0.04929125201713361,0.3201403605629578,0.829301118850708,0.8928600549697876,0.8139563798904419,0.755753755569458,0.8385618329048157
R5G,5,1.123376621,3,0.9628822684288025,0.045891929083273116,0.16049435257119748,0.9374864101409912,0.9844951629638672,1.0152313709259033,0.897413969039917,0.9797844290733337
R5F,5,0.75588103,2,1.0249378323554992,0.058362108199251236,0.2690568023554992,1.0340009927749634,1.0880153179168701,0.9427177309989929,1.0670766830444336,0.9928784370422363
R5E,5,1.286917777,3,0.9394910454750061,0.05239978766452284,0.3474267315249939,0.8788894414901733,0.9685885906219482,0.9483651518821716,0.8954484462738037,1.0061635971069336
R5D,5,0.8150095159999999,0,1.106575608253479,0.02696544440208838,0.29156609225347907,1.1091245412826538,1.1028814315795898,1.073978304862976,1.0983816385269165,1.1485121250152588
R5L,5,0.993943156,3,0.8456268310546875,0.04640935173550261,0.14831632494531255,0.8435627222061157,0.8307396173477173,0.9241611957550049,0.8020771741867065,0.8275934457778931
T6Y,6,0.8259001290000001,3,0.9573742270469665,0.015980995673668,0.13147409804696641,0.9426260590553284,0.9795007109642029,0.9647048711776733,0.9412857890129089,0.9587537050247192
T6W,6,1.062977145,2,0.8860713124275208,0.06508350363656135,0.17690583257247927,0.7776395678520203,0.9220339059829712,0.947361171245575,0.8977339863777161,0.8855879306793213
T6V,6,1.077728431,2,0.9572239875793457,0.046384108561518776,0.12050444342065425,0.9381706714630127,0.8977624177932739,0.9447040557861328,0.9884792566299438,1.0170035362243652
T6S,6,1.112472414,2,0.9179212927818299,0.013467442505376298,0.1945511212181701,0.909692645072937,0.9270550012588501,0.9028844833374023,0.9361315369606018,0.9138427972793579
T6R,6,0.717963136,2,0.8889557600021363,0.01262618399302706,0.17099262400213633,0.8849688172340393,0.8961962461471558,0.8689962029457092,0.9012731313705444,0.8933444023132324
T6Q,6,0.530519917,1,1.019179892539978,0.04018264437296789,0.488659975539978,1.0561598539352417,0.9765989184379578,1.0467009544372559,1.0419857501983643,0.9744539856910706
T6N,6,1.120216357,0,1.1236627340316772,0.061821451365001334,0.0034463770316770503,1.1722054481506348,1.1832857131958008,1.0285954475402832,1.1058729887008667,1.1283540725708008
T6M,6,0.836727186,4,1.1586666584014893,0.0550565170818774,0.32193947240148935,1.2186037302017212,1.1055185794830322,1.2167121171951294,1.1153709888458252,1.1371278762817383
T6I,6,1.014649994,4,0.7702722787857056,0.045670518592086505,0.2443777152142944,0.8368064165115356,0.7711120843887329,0.7716948986053467,0.7080605030059814,0.7636874914169312
T6K,6,1.383740803,2,0.9057543992996215,0.024708896770308617,0.4779864037003785,0.9034402370452881,0.8701751232147217,0.8969634175300598,0.9304893016815186,0.9277039170265198
T6H,6,0.445030332,3,0.9759740829467773,0.08562915032325559,0.5309437509467774,0.8726168274879456,0.9740123748779297,1.0470077991485596,0.9124652743339539,1.073768138885498
T6G,6,0.823877236,0,1.117607021331787,0.04481558615408307,0.29372978533178706,1.1175600290298462,1.1660407781600952,1.0473511219024658,1.1445555686950684,1.11252760887146
T6E,6,1.03025981,3,1.0453259944915771,0.03584024564181585,0.01506618449157715,1.0045989751815796,1.0588041543960571,1.0807607173919678,1.0095422267913818,1.0729238986968994
T6D,6,0.952157297,4,0.9660954713821411,0.05986248188340933,0.013938174382141177,0.8941816091537476,0.9894647002220154,1.0451569557189941,0.9816589951515198,0.9200150966644287
T6C,6,0.814807671,0,0.9147919058799744,0.04047026795550055,0.09998423487997443,0.9493463635444641,0.8512855768203735,0.9037106037139893,0.9489538669586182,0.9206631183624268
T6A,6,1.404595551,3,0.9386984586715699,0.04084059417702029,0.46589709232843024,0.8781777620315552,0.9601258039474487,0.9406497478485107,0.926803469657898,0.9877355098724365
T6L,6,0.863739319,4,0.7363037109375,0.05002284315635354,0.12743560806249998,0.7335865497589111,0.7733078598976135,0.7941012382507324,0.667325496673584,0.7131974101066589
S7A,7,0.3793843670000001,2,1.0402961134910584,0.047715842548309816,0.6609117464910583,0.9735271334648132,1.070303201675415,1.0693085193634033,1.0062437057495117,1.0820980072021484
S7C,7,1.165574455,1,1.0432224988937377,0.07843834687751866,0.12235195610626226,1.0121147632598877,0.9204907417297363,1.1082966327667236,1.0733708143234253,1.101839542388916
S7T,7,0.920102893,3,0.8924863815307618,0.059866789955301924,0.02761651146923827,0.8218671679496765,0.87049400806427,0.9186534881591797,0.8710586428642273,0.9803586006164551
S7E,7,1.156909559,0,0.9416092753410339,0.10528987311977699,0.21530028365896614,1.0920395851135254,0.9052037000656128,0.825764536857605,0.8834958672523499,1.0015426874160767
S7G,7,1.121699061,4,0.8906218886375428,0.03410729543566552,0.23107717236245717,0.9301928281784058,0.8504863977432251,0.873570442199707,0.8767296671867371,0.9221301078796387
S7H,7,0.55383007,1,0.876272177696228,0.06189541155882009,0.32244210769622805,0.9235895872116089,0.8051321506500244,0.9556912183761597,0.8577330708503723,0.8392148613929749
S7W,7,0.97388941,2,1.0169244170188905,0.07031198057261606,0.043035007018890514,0.9312094449996948,1.0924887657165527,0.9899432063102722,0.9840087890625,1.0869718790054321
S7I,7,0.95742015,3,0.9004525423049927,0.10173368424042338,0.056967607695007305,0.7353915572166443,0.996109664440155,0.9667819738388062,0.9192992448806763,0.8846802711486816
S7L,7,0.834382145,3,0.7763254523277283,0.055692438611913524,0.05805669267227165,0.6978150606155396,0.7674065232276917,0.7576061487197876,0.8388597965240479,0.8199397325515747
S7M,7,1.025803012,1,0.8662932515144348,0.051502402547836536,0.1595097604855651,0.8664224743843079,0.8810552358627319,0.9417902827262878,0.838523805141449,0.8036744594573975
S7P,7,0.79261618,0,0.8267187476158142,0.021031695804506065,0.034102567615814205,0.834129810333252,0.8487259149551392,0.8019677996635437,0.8418004512786865,0.8069697618484497
S7Q,7,1.116922225,3,0.8159156203269958,0.1143320928330446,0.3010066046730041,0.7089603543281555,0.8499531745910645,0.7161048054695129,0.8162288665771484,0.9883309006690979
S7R,7,1.017412893,1,0.8382306694984436,0.052040552564121885,0.17918222350155633,0.8505315184593201,0.794608473777771,0.9181597828865051,0.8385097980499268,0.7893437743186951
S7V,7,0.799568576,3,0.8896445035934448,0.05799074316324805,0.09007592759344485,0.9220237135887146,0.8031538724899292,0.8735519051551819,0.9579081535339355,0.8915848731994629
L8W,8,0.781111708,2,0.8438544273376465,0.043646263091284276,0.06274271933764652,0.770592451095581,0.8482763171195984,0.8464375138282776,0.8809482455253601,0.8730176091194153
L8Y,8,0.7380970570000001,4,1.0598636627197267,0.09587871558545222,0.3217666057197266,0.934697151184082,1.1268774271011353,1.0231629610061646,1.0339150428771973,1.1806657314300537
L8A,8,1.245869972,2,0.9670505404472352,0.04444654124191293,0.2788194315527648,0.9464524984359741,1.0346852540969849,0.918064296245575,0.9838634729385376,0.952187180519104
L8T,8,0.8522075990000001,4,1.0011175632476808,0.045961972150964786,0.14890996424768066,0.9698992967605591,1.0452600717544556,0.9974697828292847,1.0487791299819946,0.9441795349121094
L8S,8,0.964763596,3,0.9413933634757996,0.09786813896712625,0.02337023252420034,0.988555908203125,1.0892667770385742,0.8636932969093323,0.857223629951477,0.9082272052764893
L8R,8,0.990097253,2,0.9199626207351684,0.04388313428957554,0.07013463226483152,0.9392490983009338,0.9471064805984497,0.9010561108589172,0.8520808219909668,0.9603205919265747
L8Q,8,0.539773921,4,1.040466570854187,0.08851983688335884,0.5006926498541869,0.9411063194274902,1.0594860315322876,0.9730097055435181,1.1674518585205078,1.0612789392471313
L8P,8,0.8641546729999999,0,0.9228797197341919,0.057711937908555035,0.05872504673419199,0.9679112434387207,0.988978385925293,0.9252356886863708,0.8816397786140442,0.8506335020065308
L8M,8,1.349314694,2,0.8510862946510315,0.014996314460194268,0.49822839934896856,0.8448049426078796,0.8394461274147034,0.8373644351959229,0.8711310029029846,0.862684965133667
L8K,8,0.874952452,4,1.1554502487182616,0.08930916136663242,0.2804977967182616,1.0652222633361816,1.1896430253982544,1.0757101774215698,1.282576084136963,1.1640996932983398
L8I,8,1.265702316,1,1.0712284088134765,0.08363721208573868,0.19447390718652358,1.0434622764587402,0.9694223403930664,1.186720609664917,1.1195462942123413,1.0369905233383179
L8G,8,0.985188131,0,0.9980520367622375,0.035702581445004926,0.012863905762237504,1.0296683311462402,1.0112184286117554,0.9525205492973328,0.9679932594299316,1.0288596153259277
L8F,8,1.223539595,3,0.9685953497886658,0.052133252372049646,0.2549442452113343,0.9105840921401978,0.9559829831123352,1.050966501235962,0.9470193982124329,0.9784237742424011
L8E,8,1.044629502,3,1.103082823753357,0.053079935856030686,0.058453321753356935,1.1104463338851929,1.116992712020874,1.0948832035064697,1.0228251218795776,1.1702667474746704
L8D,8,1.364607351,4,1.0658708572387696,0.08629885570336464,0.29873649376123046,0.9303692579269409,1.1447935104370117,1.0329219102859497,1.1033120155334473,1.117957592010498
L8V,8,0.819836681,2,0.9631899476051331,0.0383521918919837,0.14335326660513315,0.9189496040344238,0.957766592502594,0.936253547668457,1.0123891830444336,0.9905908107757568
L8C,8,1.109789884,3,0.9491276860237121,0.08838799586652295,0.1606621979762879,0.923748254776001,1.0576181411743164,0.8235718011856079,0.9374077916145325,1.003292441368103
D9M,9,0.666756555,4,0.9025150060653686,0.08477176189700872,0.23575845106536863,0.8175100684165955,0.9661478996276855,0.8839879631996155,0.8321019411087036,1.0128271579742432
D9E,9,0.8844654740000001,3,1.0093841075897216,0.03913885831422749,0.12491863358972155,0.9646329879760742,1.048249363899231,1.030500888824463,0.9697349071502686,1.0338023900985718
D9F,9,0.942831797,2,0.8812531113624573,0.03662734121629893,0.06157868563754265,0.8848315477371216,0.8737190365791321,0.8551735281944275,0.9419077634811401,0.8506336808204651
D9G,9,1.009340411,3,0.9198841333389283,0.046346753896808604,0.08945627766107167,0.9224817752838135,0.9189398884773254,0.9194783568382263,0.8537488579750061,0.9847717881202698
D9H,9,1.2421386559999998,0,0.930122685432434,0.054004577780486084,0.3120159705675658,0.9247241616249084,1.0011587142944336,0.8635317087173462,0.8977672457695007,0.9634315967559814
D9N,9,0.86483246,1,0.8924368739128112,0.017757828143697873,0.02760441391281121,0.9065123200416565,0.9002819657325745,0.885621964931488,0.8643759489059448,0.9053921699523926
D9P,9,1.198309724,3,0.9084914922714233,0.08311787173651877,0.2898182317285767,0.9182584285736084,0.9674851894378662,0.9472349882125854,0.7631450891494751,0.9463337659835815
D9Q,9,0.404454039,3,1.0107825636863708,0.0907385043515044,0.6063285246863708,0.9394281506538391,1.0608470439910889,1.0757285356521606,0.888542652130127,1.0893664360046387
D9R,9,0.6843415290000001,3,0.9059745311737061,0.03015148778326931,0.22163300217370596,0.8932979702949524,0.9424974322319031,0.8952282071113586,0.8682753443717957,0.9305737018585205
D9S,9,0.713911815,0,0.9327442407608032,0.039877791619871095,0.2188324257608032,0.9651002883911133,0.8999614119529724,0.8908910155296326,0.9256545305252075,0.9821139574050903
D9T,9,0.972165385,2,0.8784032225608825,0.04279027202677346,0.0937621624391175,0.8852078318595886,0.9285820722579956,0.9064940214157104,0.8226014375686646,0.8491307497024536
D9V,9,1.0208239140000002,1,0.7817175507545471,0.014803150023427795,0.2391063632454531,0.7935284972190857,0.7892188429832458,0.7726324200630188,0.7600823640823364,0.7931256294250488
D9W,9,0.712838263,2,0.8499270677566528,0.06907947190301883,0.13708880475665286,0.8019790053367615,0.7819356322288513,0.8449176549911499,0.8612760305404663,0.9595270156860352
D9A,9,1.083776933,4,0.9134924650192261,0.07466871559502265,0.1702844679807739,0.8067309856414795,0.9657394886016846,0.8859000205993652,0.909591555595398,0.9995002746582031
I10A,10,0.948816835,0,1.0354103446006775,0.07161522345108864,0.08659350960067747,1.0606193542480469,0.9945276975631714,1.1458935737609863,1.0154564380645752,0.9605546593666077
I10N,10,0.77676275,2,0.8653355240821838,0.04633117757555289,0.08857277408218389,0.8814212083816528,0.8447483777999878,0.8257529735565186,0.9391716122627258,0.8355834484100342
I10E,10,1.18201871,4,1.0556595206260682,0.03810250178379102,0.12635918937393176,1.067326545715332,1.0565969944000244,1.0739238262176514,0.9909291863441467,1.089521050453186
I10C,10,0.955608908,3,1.0235405087471008,0.056889185354376315,0.0679316007471008,1.0214874744415283,0.991496741771698,0.99002605676651,0.9921324849128723,1.1225597858428955
I10Y,10,1.003540933,3,0.9562480926513672,0.04383566276920512,0.04729284034863279,0.9272500872612,0.9813775420188904,0.9183865785598755,0.9328994750976562,1.0213267803192139
I10W,10,0.912350705,0,1.0445839405059814,0.032997439317303125,0.13223323550598132,1.0415133237838745,1.0329307317733765,1.0928970575332642,1.0534000396728516,1.0021785497665405
I10V,10,0.945323914,2,0.9033090472221375,0.07544174316493533,0.04201486677786259,0.8573018312454224,0.8235343098640442,0.9229189157485962,1.020677089691162,0.8921130895614624
I10T,10,1.278667865,2,0.8615045070648193,0.046656417828010895,0.4171633579351808,0.8566215634346008,0.9262652397155762,0.8835158348083496,0.8386164903640747,0.8025034070014954
I10R,10,0.964397392,0,0.909835135936737,0.05115309750843787,0.054562256063262926,0.9711290597915649,0.9379542469978333,0.9261590242385864,0.8513849973678589,0.8625483512878418
I10S,10,0.911373066,4,1.1143244743347167,0.03852935337946555,0.2029514083347167,1.1223437786102295,1.1754038333892822,1.1099328994750977,1.0780813694000244,1.0858604907989502
I10M,10,0.971701513,4,1.1968184232711792,0.09709172423771985,0.2251169102711792,1.2933802604675293,1.0362286567687988,1.2438569068908691,1.1944271326065063,1.2161991596221924
I10L,10,0.941554573,2,0.9187138676643372,0.050896642613174475,0.022840705335662848,0.8505338430404663,0.9705769419670105,0.8938888311386108,0.9672219753265381,0.9113477468490601
I10K,10,1.119888501,2,0.8030450463294982,0.04176159935687233,0.3168434546705017,0.8086048364639282,0.7653352618217468,0.790934681892395,0.8720635771751404,0.778286874294281
I10G,10,0.878360637,0,1.0028053283691407,0.06495936976575016,0.12444469136914071,1.0097181797027588,0.9024320840835571,1.0742558240890503,1.0403518676757812,0.9872686862945557
I10F,10,1.1703570209999998,2,1.0904710292816162,0.07824209958473806,0.07988599171838362,1.0781911611557007,1.1852316856384277,1.020338535308838,1.1562764644622803,1.0123172998428345
I10Q,10,1.150076512,2,0.786844801902771,0.06352035215204431,0.3632317100972291,0.7083479166030884,0.8174237012863159,0.840479850769043,0.8394364714622498,0.728536069393158
E11S,11,0.940061964,4,0.8670926570892334,0.06851974553564409,0.07296930691076653,0.8165901899337769,0.9296414852142334,0.7899265289306641,0.85359787940979,0.9457072019577026
E11L,11,0.479140782,4,0.866562819480896,0.04394927840254458,0.387422037480896,0.9188399910926819,0.902442455291748,0.8467272520065308,0.8102825284004211,0.8545218706130981
E11R,11,0.940939435,1,0.9194042205810546,0.026201171575107533,0.021535214418945348,0.8797571063041687,0.9082527756690979,0.9324975609779358,0.9291058778762817,0.9474077820777893
E11P,11,1.024323292,1,0.6267417907714844,0.04352036070674517,0.39758150122851565,0.6326656341552734,0.571692168712616,0.6132586598396301,0.6236311197280884,0.692461371421814
E11M,11,0.4901962179999999,3,0.9615969300270081,0.05997075198646926,0.4714007120270082,0.9895943403244019,0.9465278387069702,0.8956380486488342,0.9263937473297119,1.049830675125122
E11K,11,1.029701058,3,0.6277909874916077,0.05442356892332774,0.4019100705083922,0.6980561017990112,0.6474981904029846,0.5713208913803101,0.5738103985786438,0.6482693552970886
E11Y,11,1.096146755,0,0.7453440189361572,0.048218521745506476,0.3508027360638427,0.6738404035568237,0.751879870891571,0.7258281111717224,0.79746013879776,0.7777115702629089
E11W,11,0.978110603,3,0.7397476077079773,0.032086813796421455,0.23836299529202265,0.7279096245765686,0.7086963653564453,0.7763187885284424,0.7716861963272095,0.7141270637512207
E11G,11,0.849113973,1,0.929970133304596,0.05726341403944339,0.08085616030459597,0.9042437076568604,0.8618988990783691,1.0182478427886963,0.9302138090133667,0.9352464079856873
E11F,11,0.7530434229999999,2,1.0298401355743407,0.07285923307659976,0.2767967125743408,1.0974526405334473,1.0982446670532227,0.9222317934036255,1.0153543949127197,1.015917181968689
E11D,11,1.425389787,0,1.0025389194488525,0.054665218869041986,0.42285086755114754,0.9305630922317505,1.0816287994384766,0.9932684898376465,1.0182654857635498,0.9889687299728394
E11C,11,1.055227857,3,0.8660952806472778,0.07954304401438607,0.18913257635272218,0.7949799299240112,0.803589403629303,0.8837281465530396,0.9923039674758911,0.8558749556541443
E11V,11,0.705454768,4,0.8382365822792053,0.05910547949197096,0.13278181427920532,0.7800395488739014,0.8586537837982178,0.819808840751648,0.8021109104156494,0.9305698275566101
E11I,11,1.133393673,0,0.7655463814735413,0.12280388357223815,0.3678472915264588,0.7810040712356567,0.8541301488876343,0.7467212080955505,0.8782634735107422,0.5676130056381226
E11T,11,0.692668391,0,0.8863337993621826,0.03515412649929291,0.1936654083621826,0.8805674910545349,0.8712958097457886,0.9060729742050171,0.8405324816703796,0.9332002401351929
E11H,11,1.004314471,0,0.9147685050964356,0.09084957420452727,0.08954596590356445,0.8267799019813538,1.0230464935302734,0.8314241766929626,0.8982635736465454,0.9943283796310425
E12M,12,0.987653327,1,0.9271268606185913,0.0413014347333672,0.06052646638140868,0.8891652822494507,0.9559153318405151,0.984085738658905,0.9123806357383728,0.8940873146057129
E12W,12,0.929400529,1,0.8490809798240662,0.09140908602303732,0.08031954917593387,0.8810712099075317,0.8186017274856567,0.9903295040130615,0.7519248723983765,0.8034775853157043
E12A,12,1.004190951,0,1.0174134254455567,0.05706043311167203,0.013222474445556687,1.0245736837387085,0.978590190410614,1.1071151494979858,0.9589456915855408,1.017842411994934
E12C,12,0.955201691,0,0.9233442068099975,0.06696561893067415,0.03185748419000245,0.8375855088233948,0.8963341116905212,0.9776142835617065,0.901617169380188,1.0035699605941772
E12D,12,1.040738356,4,1.0411896228790283,0.03163555848153017,0.0004512668790281893,1.0640273094177246,1.071276307106018,0.9948078393936157,1.0521273612976074,1.0237092971801758
E12F,12,1.05570023,3,0.7499602317810059,0.07087330143128133,0.3057399982189941,0.667434811592102,0.8057957291603088,0.6831138134002686,0.8224294185638428,0.7710273861885071
E12G,12,0.797700538,3,0.9012174487113953,0.05577081926187255,0.10351691071139535,0.9129675030708313,0.9124075770378113,0.8075974583625793,0.9151595234870911,0.9579551815986633
E12Y,12,0.424600642,0,0.8328464508056641,0.06422287704197116,0.40824580880566413,0.7322301268577576,0.8265498280525208,0.8315408229827881,0.9024102687835693,0.8715012073516846
E12H,12,0.991564964,0,1.1013625383377075,0.04592580815909167,0.10979757433770743,1.047149419784546,1.1513034105300903,1.0717811584472656,1.1461772918701172,1.0904014110565186
E12K,12,0.485920233,2,0.809338116645813,0.04125001273396058,0.32341788364581303,0.8069496154785156,0.817807137966156,0.7403963208198547,0.8409733772277832,0.8405641317367554
E12L,12,0.7063309790000001,4,0.7246306300163269,0.04494672987274205,0.0182996510163268,0.7012678980827332,0.79112708568573,0.72078537940979,0.6708787679672241,0.7390940189361572
E12V,12,0.7530988209999999,1,0.7919547200202942,0.03254218923248569,0.03885589902029429,0.7571970820426941,0.7973966598510742,0.8087179660797119,0.7619096040725708,0.8345522880554199
E12P,12,0.374283132,0,1.0182226657867433,0.09402206911862114,0.6439395337867433,1.091904878616333,0.8635406494140625,1.095475435256958,1.016223669052124,1.0239686965942383
E12Q,12,1.225905385,4,0.7749133586883545,0.10642356106024635,0.45099202631164537,0.7221590876579285,0.887359619140625,0.6504769921302795,0.7288751006126404,0.8856959939002991
E12R,12,0.940363855,4,0.8881129503250123,0.07094987288769611,0.05225090467498772,0.9488605260848999,0.9478281736373901,0.7807877063751221,0.8563017845153809,0.9067865610122681
E12I,12,0.766120703,2,0.7377492785453796,0.03377250180199461,0.028371424454620375,0.6920568346977234,0.7870811223983765,0.7321728467941284,0.7407083511352539,0.736727237701416
E12S,12,0.920995177,0,0.9515932917594909,0.053897682640175304,0.030598114759490924,0.9463474750518799,0.9630446434020996,0.9889668226242065,0.8622950911521912,0.9973124265670776
E12T,12,0.931838685,3,0.8702876091003418,0.07002650122393086,0.06155107589965825,0.9115076661109924,0.9277503490447998,0.872470498085022,0.7508544921875,0.8888550400733948
Y13H,13,0.95493185,0,0.8811839938163757,0.050003443609440416,0.07374785618362434,0.8000890016555786,0.9021909236907959,0.8841309547424316,0.8838465213775635,0.935662567615509
Y13W,13,0.963960571,1,0.8902818918228149,0.05102649386089704,0.07367867917718507,0.9329037070274353,0.9529684782028198,0.8618935346603394,0.8305575847625732,0.873086154460907
Y13V,13,0.977310377,0,0.9055935263633728,0.05545787342236377,0.07171685063662725,0.8630472421646118,0.919803261756897,0.9721889495849609,0.8358509540557861,0.9370772242546082
Y13T,13,1.075691458,4,0.9789437413215637,0.042621416712146136,0.0967477166784364,1.0028047561645508,0.9379812479019165,1.0415666103363037,0.9506447911262512,0.9617213010787964
Y13S,13,1.077481184,2,0.9716467261314392,0.07445981504783684,0.10583445786856083,0.9688320755958557,1.0315403938293457,0.8659728765487671,0.9401131868362427,1.0517750978469849
Y13R,13,0.819376642,1,0.9599522471427917,0.03191161000936656,0.14057560514279166,0.9322638511657715,0.9938768148422241,0.9956269264221191,0.9374256134033203,0.9405680298805237
Y13G,13,0.86878033,4,0.9004897117614746,0.03085235851029357,0.03170938176147464,0.910930335521698,0.8848053216934204,0.8940190672874451,0.8654691576957703,0.9472246766090393
Y13N,13,1.087901725,4,1.0265188455581664,0.03236844496798302,0.06138287944183363,1.0688610076904297,0.9824780225753784,1.0243793725967407,1.0134968757629395,1.0433789491653442
Y13Q,13,0.789661545,4,0.8682271242141724,0.026841058207709993,0.0785655792141724,0.900748610496521,0.8601604104042053,0.8765234351158142,0.8278317451477051,0.8758714199066162
Y13L,13,0.8443208959999999,0,0.933829128742218,0.04847084304136682,0.08950823274221809,0.8812738060951233,0.8982530832290649,0.9365192651748657,1.005812644958496,0.94728684425354
Y13K,13,0.8914176070000001,3,0.9378381729125976,0.06452531607283452,0.04642056591259758,0.9256818890571594,0.9654128551483154,0.9923343658447266,0.8310057520866394,0.9747560024261475
Y13I,13,1.222325685,2,0.9323519825935364,0.050315265265218706,0.2899737024064636,0.8734856843948364,0.9511403441429138,0.9550373554229736,0.8879333734512329,0.9941631555557251
Y13E,13,0.971091413,4,1.0261489629745484,0.027946233961386204,0.05505754997454837,1.0409817695617676,1.0104000568389893,1.0478723049163818,0.9843801259994507,1.0471105575561523
Y13A,13,0.973497265,2,0.9006449818611145,0.018444753499239915,0.07285228313888548,0.9093030095100403,0.9014990925788879,0.8795530200004578,0.8867723941802979,0.9260973930358887
Y13C,13,0.993951137,1,0.8575234293937684,0.0993535757712266,0.13642770760623169,0.7872679233551025,0.9665693640708923,0.7459665536880493,0.8324035406112671,0.9554097652435303
Y13M,13,1.131048464,2,0.9706098437309265,0.06354231128202041,0.16043862026907352,0.9107396006584167,1.0496549606323242,0.906097412109375,1.0170307159423828,0.9695265293121338
Y13F,13,1.252296806,1,1.1653780221939087,0.05327081780259157,0.0869187838060912,1.1318379640579224,1.160503625869751,1.185142159461975,1.105284571647644,1.244121789932251
S14G,14,1.068772089,0,0.8947667837142944,0.02831920808301939,0.17400530528570568,0.8656754493713379,0.9054494500160217,0.9373449087142944,0.8911232352256775,0.8742408752441406
S14F,14,1.234926979,1,0.9219647169113159,0.03766035811713822,0.31296226208868405,0.8823060989379883,0.9047567844390869,0.9777016043663025,0.9038606882095337,0.9411984086036682
S14E,14,0.779724855,2,0.8990752577781678,0.031714097869415106,0.11935040277816777,0.8793799877166748,0.9292240142822266,0.8962910175323486,0.931908905506134,0.8585723638534546
S14R,14,1.228262377,0,0.8725630044937134,0.051028627477128094,0.3556993725062867,0.7929106950759888,0.9059612154960632,0.9174389243125916,0.8515616059303284,0.894942581653595
S14W,14,0.816597421,3,0.8573124408721924,0.06029240039110733,0.04071501987219239,0.8495894074440002,0.7945851683616638,0.8399036526679993,0.9577382802963257,0.8447456955909729
S14V,14,0.8354723359999999,4,0.9048596024513245,0.054436142040885434,0.06938726645132454,0.9956971406936646,0.8623119592666626,0.8986693620681763,0.8629902601242065,0.9046292901039124
S14T,14,0.8111498859999999,0,0.8914125561714172,0.028994973163135818,0.0802626701714173,0.860981822013855,0.8604716658592224,0.9028293490409851,0.9092702865600586,0.9235096573829651
S14A,14,0.852268611,0,0.810836911201477,0.05033317879812441,0.0414316997985229,0.872779905796051,0.8486971855163574,0.778801679611206,0.7491961717605591,0.8047096133232117
S14Q,14,0.577106443,1,1.009992504119873,0.08159651422728816,0.43288606111987293,1.0346709489822388,0.8965051174163818,0.9940006732940674,1.001580834388733,1.1232049465179443
S14N,14,1.308561046,1,0.9979489088058472,0.06805249218852194,0.3106121371941527,1.0024542808532715,1.113938331604004,0.9607524275779724,0.9662455916404724,0.9463539123535156
S14M,14,0.82624065,0,0.9279307126998901,0.06497656424191747,0.10169006269989012,0.8419533967971802,0.9103547930717468,1.0232303142547607,0.9261107444763184,0.9380043148994446
S14C,14,1.213452613,2,0.823454988002777,0.09322399475938385,0.389997624997223,0.8112253546714783,0.8473368883132935,0.7053448557853699,0.961614191532135,0.7917536497116089
S14L,14,0.950032353,3,0.9197896480560303,0.04172510029684394,0.030242704943969745,0.8689519166946411,0.8922007083892822,0.930747389793396,0.9782446622848511,0.928803563117981
S14K,14,1.107668403,3,0.9051467537879944,0.12825208280648798,0.20252164921200555,0.9053440690040588,0.8949552774429321,0.7708632349967957,0.8408114314079285,1.1137597560882568
D15V,15,0.974356944,4,0.962992250919342,0.04320647459509738,0.011364693080657906,0.8967134356498718,0.9979065656661987,0.9416656494140625,0.9868571758270264,0.9918184280395508
D15Q,15,1.312265234,1,0.857499647140503,0.04312304472145343,0.4547655868594971,0.8162027597427368,0.8878558874130249,0.8100122213363647,0.8661044836044312,0.907322883605957
D15A,15,0.923298516,1,1.0140729427337647,0.06842696514008967,0.09077442673376468,1.0330747365951538,0.8973301649093628,1.0145906209945679,1.0651946067810059,1.060174584388733
D15M,15,1.069194385,3,0.869115948677063,0.0914470368063545,0.2000784363229371,0.9359910488128662,0.8948758840560913,0.7085928916931152,0.8920521140098572,0.914067804813385
D15L,15,1.023226163,0,0.9734347462654114,0.028612547831402307,0.049791416734588534,0.939615786075592,0.9901600480079651,1.0060968399047852,0.9474399089813232,0.9838611483573914
D15K,15,0.8593440290000001,2,0.8205121517181396,0.061466914857465665,0.03883187728186044,0.8101144433021545,0.9249083399772644,0.7761991620063782,0.7743611335754395,0.8169776797294617
D15H,15,1.462417476,1,1.097913670539856,0.0819976847237453,0.36450380546014394,1.2335638999938965,1.0193275213241577,1.050459861755371,1.0899723768234253,1.0962446928024292
D15G,15,0.863450385,3,0.994837510585785,0.05933762362708771,0.13138712558578491,0.9776888489723206,1.0656428337097168,0.9353958368301392,0.9466110467910767,1.0488489866256714
D15F,15,0.881853048,1,0.8660355091094971,0.09027029731785025,0.015817538890502858,0.7733179926872253,0.8126599788665771,0.8182772397994995,0.956660270690918,0.9692620635032654
D15E,15,0.798273169,4,1.0280440330505372,0.028166259460177954,0.22977086405053715,1.0559585094451904,1.0496444702148438,0.9845017194747925,1.0224322080612183,1.0276832580566406
D15C,15,0.77989382,3,1.0955721378326415,0.06250667983702339,0.31567831783264155,1.0286120176315308,1.144161343574524,1.0257229804992676,1.1370863914489746,1.1422779560089111
D15S,15,1.104260884,3,1.0097586393356324,0.08503068177413584,0.09450224466436774,0.9204469919204712,1.1317555904388428,0.9426777362823486,1.0489753484725952,1.0049375295639038
D15T,15,1.095229463,1,0.9641249895095825,0.036640054815082916,0.13110447349041743,0.9990097284317017,0.94632887840271,0.9174627661705017,0.9541967511177063,1.003626823425293
D15W,15,0.727415183,0,0.9052181005477905,0.04286382945306515,0.17780291754779054,0.9086243510246277,0.960212230682373,0.8401970863342285,0.9141687154769897,0.9028881192207336
D15R,15,1.009818822,0,0.9614452481269836,0.0685695991247038,0.04837357387301633,1.016023874282837,1.0162090063095093,0.937058687210083,0.8532946109771729,0.9846400618553162
D15P,15,1.017157606,0,1.0628960609436036,0.04046246387206286,0.04573845494360351,1.074352502822876,1.0481822490692139,1.1169637441635132,1.0059715509414673,1.0690102577209473
D15N,15,0.813771155,4,1.0826987028121948,0.046379490057075645,0.26892754781219486,1.1239813566207886,1.086629033088684,1.0281891822814941,1.0433582067489624,1.131335735321045
T16C,16,0.204632596,3,0.9152945876121521,0.06433240822426697,0.7106619916121522,0.8598836660385132,0.9985860586166382,0.843593418598175,0.9521316289901733,0.9222781658172607
T16A,16,1.025208528,1,0.9803358912467957,0.03408693330607409,0.04487263675320441,0.9785663485527039,0.9308196306228638,0.9885928630828857,1.0263326168060303,0.9773679971694946
T16Y,16,0.772134175,2,0.9955186367034912,0.07000858251730384,0.22338446170349113,1.0228335857391357,1.0598639249801636,0.9316806197166443,0.909997284412384,1.0532177686691284
T16V,16,0.8633915959999999,4,0.9655796170234681,0.046874540803906864,0.10218802102346813,1.0443079471588135,0.939094066619873,0.962960422039032,0.922724187374115,0.9588114619255066
T16R,16,0.994622618,0,0.8849412441253662,0.05232457347317085,0.10968137387463373,0.9463555812835693,0.9130404591560364,0.8830956816673279,0.805442750453949,0.8767717480659485
T16P,16,0.564553769,0,0.9574396729469299,0.034655164165897305,0.3928859039469299,0.9809324741363525,0.9493750929832458,0.9773755073547363,0.9795334339141846,0.8999818563461304
T16N,16,0.92941474,3,0.9632838606834412,0.0891975712729825,0.03386912068344117,0.9649118185043335,0.9318074584007263,1.0924123525619507,0.9815738797187805,0.8457137942314148
T16W,16,1.176319137,3,0.9250787377357483,0.054259836785788815,0.25124039926425157,0.9085843563079834,0.8653619885444641,0.9050491452217102,1.0113176107406616,0.9350805878639221
T16L,16,1.032835338,3,0.9196360826492309,0.02377091795229754,0.11319925535076902,0.8866841793060303,0.9019672274589539,0.9371411800384521,0.93812495470047,0.9342628717422485
T16D,16,0.7528860070000001,0,1.0467194080352784,0.05169224891578395,0.29383340103527833,1.0792925357818604,0.9994202852249146,1.0628315210342407,0.9863204956054688,1.1057322025299072
T16M,16,1.131893563,1,0.8664840698242188,0.07584634764419639,0.2654094931757812,0.8414360284805298,0.8558807969093323,0.9075251817703247,0.7623693943023682,0.9652089476585388
T16F,16,1.107622072,4,1.0094852328300477,0.08470453663735446,0.09813683916995242,1.1250392198562622,0.9531169533729553,0.9301546812057495,1.0728168487548828,0.9662984609603882
T16E,16,1.095256647,0,0.9648545861244202,0.07317945999916822,0.13040206087557982,1.045229434967041,0.8671661615371704,0.9375673532485962,0.9442680478096008,1.0300419330596924
T16G,16,1.062996367,3,0.8929111123085022,0.04283558768008782,0.17008525469149782,0.8603060841560364,0.8576833605766296,0.9610446095466614,0.8787384629249573,0.9067830443382263
T16H,16,0.6899094809999999,0,0.9792607545852661,0.07415734618067762,0.28935127358526613,1.0876456499099731,1.0119999647140503,0.9272260069847107,0.8993463516235352,0.9700857996940613
T16I,16,0.909188803,0,1.0290334343910217,0.06898268963427659,0.11984463139102164,1.0974215269088745,0.9742738008499146,0.9812924861907959,0.9809058308601379,1.1112735271453857
E17A,17,0.95765827,0,0.8678769588470459,0.03413435022015239,0.08978131115295418,0.8397036790847778,0.9115935564041138,0.8906974792480469,0.8673909306526184,0.8299991488456726
E17G,17,1.2063452609999998,1,0.8625711917877197,0.05271499919464677,0.34377406921228015,0.8708533048629761,0.7762337327003479,0.8629675507545471,0.8844136595726013,0.9183877110481262
E17K,17,0.831333448,3,0.7214631676673889,0.05447898780927174,0.10987028033261104,0.697962760925293,0.743022620677948,0.688755989074707,0.6710201501846313,0.8065543174743652
E17L,17,0.944622576,1,0.9015163779258728,0.05177797250327087,0.04310619807412719,0.9477407932281494,0.8161875009536743,0.8975573182106018,0.9365242719650269,0.9095720052719116
E17M,17,1.013998868,4,0.9872329235076904,0.13748609165936607,0.026765944492309623,0.9757923483848572,0.9359058141708374,0.9724698066711426,0.8394227623939514,1.2125738859176636
E17P,17,0.762128556,0,0.9675915718078614,0.05116318568915078,0.20546301580786142,0.9238487482070923,0.9857670068740845,1.0421808958053589,0.9160457849502563,0.9701154232025146
E17Q,17,1.048109884,4,0.9699177384376526,0.065400383953163,0.07819214556234744,0.9585436582565308,0.9801779985427856,0.9199840426445007,0.9145777225494385,1.0763052701950073
E17R,17,0.931564616,2,0.8964451551437378,0.07907300061116003,0.035119460856262164,0.899881899356842,0.8775098919868469,0.8232162594795227,0.8532273173332214,1.0283904075622559
E17V,17,0.906576789,0,0.8242448091506958,0.043514008210954275,0.0823319798493043,0.782351553440094,0.8353753685951233,0.8833221197128296,0.7800545692443848,0.8401204347610474
E17T,17,0.759770973,3,0.9007764339447022,0.07462747471677411,0.14100546094470223,0.9397010803222656,0.9544498324394226,0.9149163961410522,0.7699973583221436,0.9248175024986267
E17W,17,0.937526975,4,0.8398718953132629,0.041447458979085604,0.09765507968673715,0.8746094107627869,0.8337291479110718,0.8879919052124023,0.787930965423584,0.8150980472564697
E17S,17,0.906456516,2,0.9068782925605774,0.08707945433073962,0.00042177656057740265,0.9190862774848938,0.8320057988166809,0.8821903467178345,0.8501760363578796,1.0509330034255981
V18G,18,0.985312924,0,0.808049738407135,0.032491938781829835,0.17726318559286502,0.7806308269500732,0.831335723400116,0.8252260684967041,0.7658294439315796,0.8372266292572021
V18W,18,0.898697888,2,0.9944862842559814,0.05069530064884538,0.09578839625598146,0.9260697960853577,1.032242774963379,0.9611381888389587,1.003983974456787,1.0489966869354248
V18E,18,1.223015826,1,0.7889745235443115,0.059011161401954934,0.4340413024556884,0.7870792746543884,0.7534152865409851,0.7827551364898682,0.887194812297821,0.7344281077384949
V18S,18,0.942921614,2,0.940384042263031,0.012425644911558804,0.002537571736969002,0.93792724609375,0.9464316368103027,0.9546412825584412,0.9211539030075073,0.9417661428451538
V18R,18,0.904721395,0,0.6873852610588074,0.03548395534404325,0.21733613394119267,0.670311689376831,0.7233970761299133,0.6421711444854736,0.6775171160697937,0.7235292792320251
V18Q,18,0.768273897,2,0.9580042243003846,0.09712727572089996,0.18973032730038453,0.9172636270523071,1.1299879550933838,0.8956190347671509,0.9343921542167664,0.9127583503723145
V18P,18,0.966622318,1,0.7631397128105164,0.0707554229949305,0.20348260518948358,0.7685351371765137,0.7852489948272705,0.8133703470230103,0.8078270554542542,0.6407170295715332
V18M,18,1.035475042,2,1.0424970149993897,0.029782702095708782,0.00702197299938967,0.9933396577835083,1.0646367073059082,1.0669233798980713,1.048343539237976,1.0392417907714844
V18A,18,0.986342167,0,0.8796420097351074,0.05695388155864436,0.10670015726489257,0.8549919724464417,0.8550713658332825,0.8146746158599854,0.9141150712966919,0.9593570232391357
V18T,18,0.927797866,0,0.8964722514152527,0.05212031447473043,0.03132561458474736,0.9246580600738525,0.9086269736289978,0.8384183049201965,0.8487746119499207,0.9618833065032959
V18L,18,1.033329465,3,0.9645318508148193,0.07103103404257613,0.06879761418518071,0.9236391186714172,1.070820689201355,0.9048314094543457,1.0042970180511475,0.9190710186958313
V18K,18,0.4021267079999999,2,0.8824446439743042,0.045097558153195674,0.48031793597430433,0.8206759095191956,0.8617899417877197,0.893986701965332,0.8929067254066467,0.942863941192627
Q19G,19,0.200200621,1,0.7696133613586426,0.042423977767679207,0.5694127403586425,0.770330548286438,0.7476590871810913,0.8021252751350403,0.8168724775314331,0.7110794186592102
Q19V,19,0.70002896,0,0.6820936322212219,0.043973276020953696,0.017935327778778154,0.6249590516090393,0.6666034460067749,0.7385453581809998,0.6688176989555359,0.7115426063537598
Q19T,19,0.896279908,4,0.6878865242004395,0.030293080820390755,0.20839338379956052,0.6767906546592712,0.7073959112167358,0.6774694323539734,0.7279806733131409,0.6497959494590759
Q19S,19,0.7401198609999999,3,0.750207781791687,0.0632267370295823,0.010087920791687077,0.7504592537879944,0.835211455821991,0.6819767951965332,0.7862176895141602,0.6971737146377563
Q19R,19,0.3618216979999999,2,0.7775947093963623,0.03999178126418747,0.4157730113963624,0.758885383605957,0.8262453675270081,0.7447879314422607,0.7429715394973755,0.8150833249092102
K20S,20,1.222914916,2,1.0715914726257325,0.03170706505733387,0.1513234433742674,1.0423808097839355,1.0887186527252197,1.1182959079742432,1.0611417293548584,1.0474202632904053
K20T,20,1.180128109,1,1.0349095940589905,0.08776038794884687,0.14521851494100946,1.030126929283142,0.9064081311225891,1.1280573606491089,1.0060386657714844,1.103916883468628
K20V,20,0.991263255,0,0.8832207679748535,0.02718079597595933,0.10804248702514652,0.8760343194007874,0.8617238998413086,0.8755335807800293,0.9307396411895752,0.8720723986625671
K20W,20,0.963080828,2,0.9877443790435791,0.10257983650852606,0.02466355104357909,0.9122710227966309,0.9370918273925781,1.1256177425384521,0.895991325378418,1.0677499771118164
K20Y,20,1.144481403,0,0.9740765213966369,0.05703542730645958,0.17040488160336298,0.9420312643051147,0.9367285370826721,0.9263945817947388,1.0596652030944824,1.0055630207061768
K20R,20,0.7959980940000001,2,1.0017519831657409,0.07469433176710137,0.20575388916574078,1.0089906454086304,0.8872267603874207,1.0022398233413696,1.0136463642120361,1.096656322479248
K20P,20,0.898011067,4,0.8556323170661926,0.044020142804245016,0.042378749933807414,0.9114083051681519,0.8852704167366028,0.8230100274085999,0.8037019968032837,0.854770839214325
K20M,20,1.169522335,2,0.983067262172699,0.0739614609193505,0.1864550728273009,0.9356680512428284,1.0383920669555664,1.085345983505249,0.9324505925178528,0.9234796166419983
K20L,20,1.051137275,0,0.930265474319458,0.0671614679089517,0.12087180068054204,0.9135928153991699,0.8424147963523865,0.9128326177597046,1.0252021551132202,0.9572849869728088
K20I,20,0.675371174,0,1.1001809597015382,0.02926171656916791,0.42480978570153816,1.1054803133010864,1.0858525037765503,1.095684289932251,1.0677015781402588,1.146186113357544
K20G,20,0.971750321,1,0.8257228374481201,0.04582791902135645,0.1460274835518799,0.7995686531066895,0.7639032006263733,0.8758447170257568,0.826393723487854,0.862903892993927
K20F,20,1.040875323,0,0.9973922967910767,0.03206121866377933,0.043483026208923414,0.9601024389266968,1.0192155838012695,0.9685549736022949,1.0048491954803467,1.0342392921447754
K20E,20,0.8622296979999999,0,0.9368509650230408,0.03887729463577862,0.07462126702304084,0.9675442576408386,0.908173680305481,0.9820911884307861,0.9368666410446167,0.8895790576934814
K20C,20,1.052259092,2,1.0214607477188111,0.03741780814862414,0.030798344281188772,1.0663366317749023,0.9695980548858643,1.0144237279891968,1.0478237867355347,1.0091215372085571
K20D,20,0.716512782,4,0.9842097640037537,0.0629946617676392,0.2676969820037537,0.876697838306427,1.043229341506958,1.0059902667999268,0.997694730758667,0.9974366426467896
K20Q,20,1.229979855,3,0.9785955071449279,0.11423352637978035,0.25138434785507213,0.8495184779167175,1.1494359970092773,0.9592844247817993,0.9138675928115845,1.0208710432052612
K20A,20,0.894405633,2,0.9390453577041626,0.03373558089100159,0.044639724704162664,0.9165998697280884,0.9666447639465332,0.9604874849319458,0.8905806541442871,0.9609140157699585
N21V,21,1.064508875,2,0.9319619297981262,0.023737070611990874,0.13254694520187382,0.9607473611831665,0.9184439778327942,0.9458008408546448,0.8996978402137756,0.93511962890625
N21M,21,1.104490385,2,1.054596972465515,0.04196968975567374,0.04989341253448498,1.0614749193191528,1.0530339479446411,1.0891411304473877,1.0847094058990479,0.9846254587173462
N21E,21,1.022781804,2,0.99745032787323,0.06288621810577928,0.025331476126770114,0.97898268699646,1.0941022634506226,0.9874046444892883,1.0064722299575806,0.9202898144721985
N21Q,21,1.3062112259999998,2,0.972397780418396,0.06904714087691911,0.33381344558160386,0.9715549349784851,1.0764129161834717,0.9930182099342346,0.9195194840431213,0.9014833569526672
N21R,21,0.8555740359999999,2,0.9108351349830628,0.06886552752028118,0.05526109898306286,1.0014498233795166,0.8461916446685791,0.9100369811058044,0.8422907590866089,0.9542064666748047
N21D,21,1.074466121,0,0.8703580141067505,0.05943567663892073,0.20410810689324943,0.8523284792900085,0.8475996255874634,0.7946509122848511,0.948230504989624,0.9089805483818054
N21C,21,1.075261353,3,1.1349116921424867,0.11438785756094094,0.05965033914248674,0.9988695979118347,1.2775132656097412,1.0523847341537476,1.1293096542358398,1.2164812088012695
N21A,21,1.127890062,2,0.9016745328903198,0.024417841730254495,0.22621552910968024,0.9078871011734009,0.9135990142822266,0.9314253330230713,0.8684461712837219,0.8870150446891785
N21T,21,0.986141511,3,1.1064675331115723,0.07409581773886964,0.12032602211157228,1.0502498149871826,1.2144241333007812,1.07174813747406,1.044127345085144,1.1517882347106934
N21W,21,0.973212039,1,0.8109452486038208,0.04371091429794824,0.1622667903961792,0.8429622054100037,0.7519545555114746,0.8628482818603516,0.7903280258178711,0.8066331744194031
N21L,21,1.074666138,0,1.0538236975669861,0.09964811389570698,0.020842440433013865,1.0614650249481201,0.9873568415641785,1.037399411201477,1.218219518661499,0.9646776914596558
N21G,21,0.900320349,0,0.9467272520065307,0.03371062843896987,0.04640690300653072,0.9148468971252441,0.9359499216079712,0.931777834892273,1.0031925439834595,0.947869062423706
Q22P,22,0.697073142,2,0.8421332359313964,0.04505645154797205,0.1450600939313964,0.8163070678710938,0.891615629196167,0.7954836487770081,0.8178227543830872,0.8894370794296265
Q22L,22,0.555977519,4,0.9295009255409241,0.07342855835927678,0.3735234065409241,0.9327826499938965,0.9427989721298218,0.9296170473098755,1.0242063999176025,0.8180995583534241
Q22A,22,0.6259329229999999,1,1.0374252557754517,0.0704713603036253,0.41149233277545183,0.9729834198951721,0.9725486636161804,1.017913579940796,1.116699457168579,1.1069811582565308
Q22C,22,1.111121913,3,1.1781411170959473,0.13078051491016557,0.0670192040959472,1.1230828762054443,1.404106616973877,1.1637609004974365,1.1304161548614502,1.0693390369415283
Q22K,22,0.974841704,3,0.6477108359336853,0.08213860869566061,0.32713086806631475,0.7273445725440979,0.6554552912712097,0.6079352498054504,0.5293833613395691,0.7184357047080994
Q22I,22,1.060553417,0,0.903115713596344,0.05852509613535213,0.15743770340365593,0.9889010190963745,0.8241580724716187,0.9039090871810913,0.9055361747741699,0.8930742144584656
Q22G,22,0.952767529,0,0.9764910697937011,0.03039723610490242,0.023723540793701203,1.0104022026062012,0.9611308574676514,1.005994439125061,0.9644014835357666,0.9405263662338257
Q22F,22,0.934865825,2,0.8176928758621216,0.08852403436300499,0.11717294913787846,0.7710239291191101,0.9650347828865051,0.7380079030990601,0.8282755017280579,0.7861222624778748
Q22E,22,1.008610971,0,1.1140053272247314,0.08474787750697513,0.10539435622473148,1.1693538427352905,1.0787146091461182,1.0970969200134277,1.0025919675827026,1.2222692966461182
Q22Y,22,0.80175781,0,0.9032208323478699,0.08761058369004936,0.10146302234786986,0.9418879151344299,0.8904232382774353,0.859724223613739,0.7958530187606812,1.028215765953064
Q22D,22,1.250864522,3,1.0797639846801759,0.028307788889929717,0.17110053731982422,1.0601834058761597,1.1238970756530762,1.0686218738555908,1.0912264585494995,1.0548911094665527
Q22M,22,1.245965389,3,0.9249043226242065,0.02511878759020683,0.32106106637579346,0.9318976998329163,0.9209911227226257,0.9571553468704224,0.8872973322868347,0.9271801114082336
Q22N,22,1.364182036,1,1.0985750198364257,0.03285657038154536,0.2656070161635744,1.0621252059936523,1.1432164907455444,1.11098313331604,1.1060322523117065,1.0705180168151855
Q22W,22,0.5127557629999999,3,0.794477927684784,0.01647415678330321,0.28172216468478406,0.7883289456367493,0.7967472672462463,0.8019773364067078,0.8148021697998047,0.7705339193344116
Q22V,22,0.997506384,4,0.7830388665199279,0.038924110029975055,0.2144675174800721,0.7261980175971985,0.8359361886978149,0.786573588848114,0.7801806926727295,0.786305844783783
Q22T,22,0.703494895,0,1.0031370520591736,0.0482284208733058,0.29964215705917363,1.0455055236816406,0.9961283802986145,1.032135009765625,0.9232723712921143,1.0186439752578735
Q22S,22,1.217282799,0,1.0513749599456788,0.043577931826077186,0.16590783905432116,1.0645394325256348,1.019821047782898,1.0633325576782227,0.9986287355422974,1.1105530261993408
Q22R,22,1.210678065,3,0.7272907853126526,0.0436037519670761,0.4833872796873474,0.7892393469810486,0.7121712565422058,0.7496294379234314,0.710704505443573,0.6747093796730042
V23F,23,0.970264,3,1.0670831322669982,0.07122244010253767,0.09681913226699823,0.9520693421363831,1.1058497428894043,1.1309701204299927,1.0467907190322876,1.0997357368469238
V23D,23,0.619669784,4,1.0864978551864624,0.045967313155665435,0.4668280711864624,1.0394492149353027,1.1142055988311768,1.033849835395813,1.1298294067382812,1.1151552200317383
V23Y,23,1.100423533,3,1.0070431113243103,0.02946057564673727,0.09338042167568972,1.00982666015625,0.9867947697639465,0.9813450574874878,1.0015870332717896,1.0556620359420776
V23W,23,0.933443337,4,0.8628931641578674,0.02183460382556855,0.07055017284213261,0.8860035538673401,0.8755253553390503,0.8483529686927795,0.8325796723365784,0.8720042705535889
V23T,23,0.910047954,3,0.9672813653945923,0.04957549607868394,0.05723341139459226,0.9946930408477783,0.9775623679161072,0.9222740530967712,0.9121109247207642,1.0297664403915405
V23S,23,1.000400108,2,0.9108923196792602,0.03612353506067779,0.0895077883207398,0.9212074279785156,0.8846914768218994,0.9606689214706421,0.9201647043228149,0.8677290678024292
V23R,23,1.037607341,1,1.129054057598114,0.12402045835335446,0.0914467165981141,1.0914567708969116,0.9683378338813782,1.3009740114212036,1.189028263092041,1.0954734086990356
V23M,23,1.028123763,3,1.0243848800659179,0.05705871881133816,0.0037388829340820884,0.9742383360862732,1.0642422437667847,0.9981141090393066,0.9811789393424988,1.1041507720947266
V23N,23,1.252142648,2,0.7701641201972962,0.03389067348470788,0.4819785278027038,0.7882116436958313,0.7425459027290344,0.7252464294433594,0.7960406541824341,0.7987759709358215
V23C,23,1.038614792,0,0.9348372459411621,0.08445639105956028,0.10377754605883782,1.039050817489624,0.8484589457511902,0.9618722796440125,0.8473164439201355,0.9774877429008484
V23L,23,1.092308294,2,0.8700509428977966,0.050662891828673035,0.22225735110220335,0.8599132895469666,0.9429368376731873,0.8973767757415771,0.8200936317443848,0.8299341797828674
V23G,23,0.98901627,3,1.03011155128479,0.052182323242909515,0.04109528128479001,1.0663096904754639,1.034639596939087,0.9439375400543213,1.0293571949005127,1.0763137340545654
V23K,23,0.787548647,0,0.661566972732544,0.08794204611174314,0.1259816742674561,0.6565656065940857,0.6803550124168396,0.5990638732910156,0.5730891823768616,0.7987611889839172
V23H,23,0.992607718,1,1.0668500185012817,0.07991169849715402,0.07424230050128167,1.1648361682891846,1.0196781158447266,1.04667329788208,1.1316580772399902,0.9714044332504272
V23P,23,1.094753408,2,0.9590986728668213,0.0468200464715191,0.13565473513317883,0.9485282897949219,0.9606125950813293,1.0314016342163086,0.9541836977005005,0.9007671475410461
V23A,23,1.053308471,2,0.8548300743103028,0.0357270404107093,0.19847839668969725,0.8226388096809387,0.8403714895248413,0.9033308029174805,0.8813484311103821,0.8264608383178711
L24D,24,0.624557798,1,0.8045247673988343,0.0612467086216298,0.17996696939883428,0.7764344811439514,0.7176865935325623,0.8443414568901062,0.8757588863372803,0.808402419090271
L24Q,24,0.53080447,0,0.8934895753860473,0.055175085680963444,0.36268510538604737,0.8419439196586609,0.9008352160453796,0.874133288860321,0.8658039569854736,0.9847314953804016
L24E,24,0.806856463,2,0.762541651725769,0.04154194995499644,0.04431481127423098,0.783812403678894,0.7843181490898132,0.789273738861084,0.6900548338890076,0.7652491331100464
L24S,24,0.933614613,1,0.9166603207588195,0.054881090059608,0.016954292241180502,0.8930737376213074,0.8595331311225891,1.0029652118682861,0.9334061145782471,0.8943234086036682
L24T,24,1.287889486,0,1.0963864088058473,0.058225367835899794,0.19150307719415283,1.1517354249954224,1.0625622272491455,1.1674320697784424,1.0468568801879883,1.0533454418182373
L24V,24,0.916068298,3,0.9772428154945374,0.07843094921108988,0.061174517494537395,0.977921187877655,0.9356319308280945,0.9213393926620483,0.9388853907585144,1.1124361753463745
L24R,24,1.050007431,4,0.8760689616203308,0.03939641017159097,0.17393846937966928,0.9410471320152283,0.8465909957885742,0.8452550768852234,0.8648737072944641,0.8825778961181641
L24A,24,0.967429185,3,0.9501593351364136,0.05575167727661517,0.017269849863586373,1.0377613306045532,0.9228187203407288,0.8970252871513367,0.9224839210510254,0.9707074165344238
L24F,24,1.047551745,0,0.9021483778953552,0.009165938591891689,0.14540336710464485,0.9019377827644348,0.9010517597198486,0.8992686867713928,0.8916372060775757,0.9168464541435242
L24H,24,0.813101712,3,0.8012530088424683,0.07799656097083796,0.011848703157531726,0.8875139951705933,0.7462124824523926,0.7293465733528137,0.8843065500259399,0.7588854432106018
L24M,24,1.125235689,2,1.0372305631637573,0.026879048632429903,0.08800512583624265,1.070488691329956,1.0605627298355103,1.0083789825439453,1.0267009735107422,1.0200214385986328
L24K,24,1.04851656,1,0.7316342473030091,0.05803331763103457,0.31688231269699085,0.7349568605422974,0.7824596762657166,0.763032078742981,0.7446839213371277,0.6330386996269226
L24I,24,1.5762545630000002,3,1.058134388923645,0.04854061164359874,0.5181201740763552,1.0288023948669434,1.0857867002487183,1.1206210851669312,0.9957432746887207,1.0597184896469116
L24W,24,0.828572392,3,0.9309066653251648,0.02440758427691866,0.10233427332516476,0.9555900692939758,0.930832028388977,0.9474169015884399,0.8922409415245056,0.9284533858299255
L24C,24,1.116922933,3,0.8960546016693115,0.0995531319848075,0.2208683313306884,0.9373570680618286,0.9232759475708008,0.7940428256988525,0.7982794046401978,1.027317762374878
L24G,24,0.699942763,1,0.8010220408439637,0.058756545935026716,0.10107927784396364,0.7846632599830627,0.7340248227119446,0.8938792943954468,0.8101545572280884,0.7823882699012756
L24P,24,0.732032785,1,0.9413508653640748,0.04767089268654558,0.20931808036407473,0.89536452293396,0.97750324010849,0.9400919675827026,0.8939576745033264,0.9998369216918945
T25A,25,0.420659455,1,0.8485667467117309,0.03987082380102962,0.4279072917117309,0.8357343673706055,0.8268817663192749,0.8482524156570435,0.9165647029876709,0.8154004812240601
T25E,25,1.013503641,0,0.7462361454963684,0.051404896165025526,0.2672674955036316,0.8086235523223877,0.7700482606887817,0.7022325992584229,0.6846160292625427,0.765660285949707
T25V,25,0.725910281,4,0.7391848087310791,0.016702734958014803,0.013274527731079067,0.7167171239852905,0.7473369836807251,0.7610236406326294,0.7398636341094971,0.7309826612472534
T25C,25,0.692407793,1,0.8068472385406494,0.040380983908419835,0.11443944554064944,0.8269116282463074,0.7702551484107971,0.7793883085250854,0.7897283434867859,0.8679527640342712
T25S,25,1.143650491,0,0.8569521307945251,0.011684826177748976,0.2866983602054749,0.8475289940834045,0.8510310053825378,0.8753714561462402,0.8616710305213928,0.8491581678390503
T25R,25,0.954977041,3,0.598955225944519,0.06117338535953937,0.35602181505548103,0.5052465200424194,0.5960807800292969,0.6646266579627991,0.6407610774040222,0.5880610942840576
T25Q,25,0.8243256520000001,3,0.7191948056221008,0.02199894537874331,0.10513084637789927,0.6961084008216858,0.695281982421875,0.7302058339118958,0.7427652478218079,0.7316125631332397
T25P,25,0.68677712,2,0.8471615195274353,0.06039395515351673,0.16038439952743533,0.9377204179763794,0.8628777861595154,0.7722440361976624,0.8358141183853149,0.8271512389183044
T25W,25,0.656237602,3,0.7978753805160522,0.0332694732675376,0.1416377785160522,0.8078615069389343,0.8416375517845154,0.7709905505180359,0.8102211952209473,0.7586660981178284
T25M,25,0.95117808,1,0.7405325889587402,0.04444944596956549,0.21064549104125985,0.8057328462600708,0.7622392773628235,0.7319248914718628,0.6968398094177246,0.7059261202812195
T25L,25,0.722614822,2,0.8023641109466553,0.051643128128281104,0.07974928894665523,0.8762232661247253,0.7558846473693848,0.77724689245224,0.8360114693641663,0.76645427942276
T25K,25,0.596506604,4,0.7525896072387696,0.07127349789394273,0.15608300323876956,0.6827508211135864,0.8502288460731506,0.7629202604293823,0.7838979363441467,0.6831501722335815
T25I,25,0.796406918,4,0.7935273170471191,0.046071252168287974,0.0028796009528808675,0.8568291664123535,0.7426388263702393,0.8234758377075195,0.779392659664154,0.7653000950813293
T25G,25,0.803725951,2,0.9241511702537537,0.04280250577978676,0.12042521925375371,0.9163843989372253,0.8942441344261169,0.8780078887939453,0.9469336867332458,0.9851857423782349
T25N,25,1.151098813,1,0.9500815510749817,0.04644656630501284,0.20101726192501823,1.009447455406189,0.9039062261581421,0.9557344913482666,0.9778294563293457,0.9034901261329651
L26N,26,0.942032388,2,0.7308752298355102,0.02970144909057673,0.21115715816448977,0.778154194355011,0.7396677732467651,0.7122458219528198,0.7029867172241211,0.7213216423988342
L26A,26,0.796233938,2,0.893434715270996,0.03761193762687314,0.09720077727099607,0.8769584894180298,0.9553450345993042,0.8861795663833618,0.8940026164054871,0.8546878695487976
L26K,26,0.595159456,3,0.6631325244903564,0.029279234197982656,0.06797306849035645,0.6340938210487366,0.6694471836090088,0.6978234052658081,0.6319408416748047,0.6823573708534241
L26H,26,0.967764614,3,0.8516898274421691,0.03437580103936272,0.11607478655783088,0.8329556584358215,0.8760215640068054,0.8264715075492859,0.8230597972869873,0.8999406099319458
L26G,26,0.7595608290000001,2,0.8606214880943298,0.019788862778632257,0.10106065909432971,0.8685979247093201,0.8387641906738281,0.8752415180206299,0.8803890943527222,0.8401147127151489
L26F,26,0.943160567,0,0.9137752413749695,0.017556678832406025,0.02938532562503049,0.9095074534416199,0.8871228098869324,0.9130020141601562,0.9287425875663757,0.9305013418197632
L26E,26,0.912623646,3,0.8043893456459046,0.0435396474862106,0.10823430035409543,0.7698671221733093,0.8081651329994202,0.7631898522377014,0.808026134967804,0.8726984858512878
L26D,26,0.849882745,3,0.7640343189239502,0.037900742345716165,0.08584842607604981,0.7149386405944824,0.8173832297325134,0.744906485080719,0.7689346671104431,0.774008572101593
L26C,26,1.106352697,3,0.7924745678901672,0.05220539690399938,0.3138781291098327,0.7545586228370667,0.864168643951416,0.7299433350563049,0.8063880205154419,0.8073142170906067
L26M,26,0.769385051,4,0.8581901669502259,0.04496397904401332,0.08880511595022589,0.9052546620368958,0.7877407073974609,0.886939287185669,0.8613367080688477,0.8496794700622559
L26P,26,1.027967952,4,0.9254518628120423,0.05550162303038221,0.10251608918795774,0.9094158411026001,1.018039345741272,0.9316250681877136,0.8800688982009888,0.8881101608276367
L26W,26,0.6623051289999999,0,0.815709364414215,0.021632246382533755,0.1534042354142151,0.8191301822662354,0.8520513772964478,0.8020671010017395,0.8051106929779053,0.8001874685287476
L26V,26,0.767167697,2,0.9250113010406494,0.03587187882799626,0.15784360404064945,0.8980242013931274,0.904892086982727,0.9361365437507629,0.9832696318626404,0.9027340412139893
L26T,26,0.7444726970000001,4,0.903197169303894,0.03151762998195268,0.15872447230389397,0.8683575391769409,0.907604455947876,0.8832308053970337,0.9052497148513794,0.9515433311462402
L26S,26,0.64464666,4,0.8713620781898499,0.04169274891399482,0.22671541818984986,0.8642210960388184,0.9097792506217957,0.8615007400512695,0.8101584911346436,0.9111508131027222
L26Y,26,0.800271175,4,0.904459023475647,0.05467287214956387,0.104187848475647,0.8522704839706421,0.9104107022285461,0.8670862317085266,0.8998665809631348,0.9926611185073853
L26R,26,0.7946176620000001,2,0.7151430130004883,0.03507426509624078,0.07947464899951173,0.7710164785385132,0.6798089742660522,0.691801905632019,0.7156095504760742,0.7174781560897827
E27I,27,0.963100774,4,0.7722330451011657,0.11050761666927211,0.1908677288988343,0.9051742553710938,0.6690083742141724,0.7412310838699341,0.6739892363548279,0.8717622756958008
E27G,27,0.94805001,4,0.9108298182487488,0.03829335617171108,0.03722019175125124,0.9184932708740234,0.8971880674362183,0.8995854258537292,0.8677403330802917,0.9711419939994812
E27F,27,0.853035067,3,0.9409397840499878,0.07891242236707391,0.08790471704998781,0.9005091190338135,0.8397722244262695,1.011605143547058,0.9238237142562866,1.0289887189865112
E27C,27,0.575568383,0,0.9632205367088318,0.06945830583871608,0.38765215370883177,0.9969393014907837,0.8500357866287231,0.9435907006263733,1.0075358152389526,1.0180010795593262
E27A,27,1.321937278,4,0.9598718881607056,0.07414525260535491,0.3620653898392945,0.9394142627716064,1.0099096298217773,0.8387921452522278,0.9951005578041077,1.0161428451538086
E27K,27,0.679874885,3,1.0119535088539124,0.09496774557775149,0.3320786238539124,0.8789269328117371,1.0504170656204224,0.980339527130127,1.012033224105835,1.1380507946014404
E27Q,27,0.8770917009999999,3,1.0650775194168092,0.13321728017563866,0.18798581841680928,0.9640560150146484,1.1132327318191528,0.9515637159347534,1.0222982168197632,1.2742369174957275
E27L,27,0.987694337,2,0.79366215467453,0.038486615374283696,0.19403218232546993,0.7595382928848267,0.8137837648391724,0.7498564124107361,0.8029991388320923,0.8421331644058228
E27M,27,0.747889858,1,0.8364545822143554,0.05813111040093821,0.08856472421435546,0.8506954908370972,0.8985963463783264,0.7501561641693115,0.810140073299408,0.8726848363876343
E27N,27,0.992638184,0,0.9432908177375794,0.061515175647652486,0.049347366262420644,0.8917340636253357,1.0011749267578125,0.8656080961227417,0.962424635887146,0.9955123662948608
E27W,27,0.841312721,2,0.7565355420112609,0.023478617333067525,0.08477717898873904,0.7281646132469177,0.7598558068275452,0.7376129031181335,0.7728584408760071,0.7841859459877014
E27V,27,0.826220258,0,0.9309651851654053,0.02277969799838675,0.10474492716540529,0.958307147026062,0.8975841403007507,0.942172646522522,0.9222646951675415,0.9344972968101501
E27T,27,0.984408553,0,1.229983353614807,0.03886042363484545,0.24557480061480708,1.262543797492981,1.1868833303451538,1.228912591934204,1.2748665809631348,1.196710467338562
E27S,27,1.116094521,4,0.9068156003952026,0.07290437085652332,0.20927892060479736,0.976620614528656,0.9038082361221313,0.7964000105857849,0.888403058052063,0.9688460826873779
E27R,27,0.8900256459999999,1,0.8858908414840698,0.06416968870215123,0.004134804515930068,0.9109668731689453,0.8162336349487305,0.8271084427833557,0.9044616222381592,0.9706836342811584
E27Y,27,1.115637521,0,0.8588339805603027,0.04704615818977466,0.25680354043969733,0.857250452041626,0.8300830125808716,0.860913872718811,0.8112330436706543,0.9346895217895508
E27P,27,0.722835236,0,0.9676261901855469,0.12592761100774297,0.24479095418554686,1.1452144384384155,0.9028784036636353,1.0541973114013672,0.8806511163711548,0.8551896810531616
E28I,28,0.670632456,0,0.978353226184845,0.08409141769349418,0.307720770184845,1.0810635089874268,0.9648956656455994,0.8657870888710022,0.9419887661933899,1.0380311012268066
E28V,28,0.964182799,4,0.7916050791740418,0.028666593239755466,0.17257771982595826,0.7857276797294617,0.8260162472724915,0.7481083273887634,0.8047658801078796,0.7934072613716125
E28W,28,0.968418686,4,0.8256510615348815,0.07407615708339155,0.14276762446511848,0.8886886835098267,0.9127336740493774,0.733917236328125,0.7847872972488403,0.8081284165382385
E28T,28,0.801525206,3,0.9810703039169312,0.046935772559669055,0.17954509791693118,0.9376816749572754,1.0159339904785156,0.9801961183547974,0.932530403137207,1.0390093326568604
E28S,28,0.840254033,1,0.7993357181549072,0.04189423561533135,0.040918314845092785,0.7585697770118713,0.8675833940505981,0.7959434986114502,0.7731622457504272,0.8014196753501892
E28R,28,0.851094088,1,0.8833184123039246,0.06759237123599213,0.032224324303924634,0.8763715624809265,0.8233863115310669,0.8444728851318359,0.8747925758361816,0.9975687265396118
E28P,28,0.50975853,1,0.49484320878982546,0.04807467332840125,0.014915321210174581,0.5662683844566345,0.4937993586063385,0.4836878478527069,0.49887359142303467,0.4315868616104126
E28N,28,0.537357428,0,1.091091513633728,0.09513325279204915,0.5537340856337281,1.1810226440429688,0.9986019134521484,0.985061526298523,1.110591173171997,1.180180311203003
E28L,28,0.902633517,1,0.9271289706230164,0.1178560207711201,0.024495453623016306,0.9086084365844727,0.8972364068031311,0.9176733493804932,0.7939525842666626,1.1181740760803223
E28Y,28,1.165649164,2,0.9880399823188781,0.052066911053690344,0.17760918168112183,1.0129132270812988,0.8995792865753174,0.9843789935112,1.0137490034103394,1.0295794010162354
E28A,28,0.928468973,2,0.8768099308013916,0.07759683101601159,0.051659042198608396,0.8295120596885681,0.8704653978347778,0.8493195176124573,0.8231406211853027,1.011612057685852
E28K,28,1.175279329,2,0.712315022945404,0.04090142162025853,0.46296430605459604,0.7023858428001404,0.7191601991653442,0.6766206622123718,0.7792451977729797,0.6841632127761841
E28D,28,1.385922309,3,0.9721405029296875,0.05282176701958196,0.41378180607031245,0.8973861932754517,0.9668421745300293,1.026315689086914,1.0188024044036865,0.951356053352356
E28G,28,1.069868319,2,0.8622845053672791,0.048259429394179425,0.20758381363272094,0.85392826795578,0.8618054986000061,0.8156697750091553,0.8373998403549194,0.9426191449165344
E28H,28,0.989545246,0,1.194740390777588,0.0783366827052481,0.20519514477758793,1.1583354473114014,1.0762088298797607,1.2603859901428223,1.2603108882904053,1.2184607982635498
E28C,28,1.156638085,2,0.982907485961914,0.11426498312173927,0.17373059903808596,0.984623908996582,1.0807783603668213,0.8620046973228455,0.8756677508354187,1.1114627122879028
W29Y,29,0.572182243,0,0.7719821214675904,0.02782981217746008,0.1997998784675904,0.7411515712738037,0.7638907432556152,0.814598560333252,0.7587547302246094,0.7815150022506714
W29V,29,0.643162133,0,0.751483416557312,0.01814286045290605,0.10832128355731196,0.7251308560371399,0.7493430376052856,0.7729591131210327,0.763109564781189,0.7468745112419128
W29G,29,0.68137323,3,0.7172551155090332,0.04585138715755052,0.03588188550903315,0.7424519658088684,0.695907473564148,0.7597849369049072,0.7411532998085022,0.6469779014587402
W29E,29,0.840539205,1,0.6604599237442017,0.025362153076379807,0.1800792812557983,0.6567968130111694,0.6718329191207886,0.6979748606681824,0.6375482678413391,0.6381467580795288
W29D,29,0.8117724590000001,1,0.6416960000991822,0.035344278675018305,0.1700764589008179,0.6054832339286804,0.6465343236923218,0.6981035470962524,0.6200427412986755,0.6383161544799805
W29C,29,0.650784815,3,0.7737011671066284,0.04711179445538116,0.12291635210662843,0.8474762439727783,0.7465502023696899,0.7817174792289734,0.770267128944397,0.7224947810173035
W29M,29,0.514470048,0,0.7778395175933838,0.044410815938865755,0.2633694695933838,0.7523326277732849,0.7382709980010986,0.8527451157569885,0.7755557894706726,0.7702930569648743
W29A,29,0.760001044,0,0.7115229964256287,0.028855013065813527,0.04847804757437135,0.7201261520385742,0.7440847754478455,0.7135295867919922,0.7150394916534424,0.6648349761962891
W29H,29,0.88479095,1,0.5921231865882873,0.05806821254683627,0.29266776341171263,0.5499329566955566,0.5308046340942383,0.6804974675178528,0.6030925512313843,0.5962883234024048
W29K,29,0.350097262,3,0.6781549692153931,0.028792130330836246,0.32805770721539307,0.632012128829956,0.7099612951278687,0.6876198649406433,0.6745206713676453,0.686660885810852
W29L,29,0.6255991439999999,0,0.7278266310691833,0.013586827795499825,0.10222748706918339,0.7183660268783569,0.7458884119987488,0.7347163558006287,0.7288909554481506,0.7112714052200317
W29Q,29,0.7748347520000001,0,0.7229251980781555,0.026075591761607297,0.0519095539218446,0.7021245956420898,0.7109161615371704,0.7494908571243286,0.7526708245277405,0.6994235515594482
W29R,29,0.623300752,2,0.6294130682945251,0.04525123079023203,0.006112316294525133,0.6103746891021729,0.5970104932785034,0.707234799861908,0.6298995614051819,0.6025457978248596
W29S,29,0.725345615,1,0.6971810102462769,0.02324887897209698,0.028164604753723177,0.7006816864013672,0.692048192024231,0.721452534198761,0.6605822443962097,0.7111403942108154
W29T,29,0.7599630009999999,3,0.6989183306694031,0.02629343884946377,0.061044670330596795,0.6893010139465332,0.7378867864608765,0.7074685096740723,0.6934396028518677,0.6664957404136658
W29P,29,0.707511254,2,0.635277247428894,0.019309107819376548,0.07223400657110601,0.6214880347251892,0.6247280836105347,0.6669774055480957,0.6404829025268555,0.6227098107337952
Q30T,30,1.003860673,3,0.8716121196746827,0.041190343371074675,0.13224855332531726,0.8552626371383667,0.8244959712028503,0.9314683675765991,0.8545746207237244,0.8922590017318726
Q30V,30,0.981142625,0,0.8764356017112732,0.055069316831743674,0.10470702328872683,0.9679198861122131,0.871828019618988,0.856340229511261,0.8195266723632812,0.8665632009506226
Q30I,30,1.017498665,0,0.9135759949684144,0.07815694216356567,0.10392267003158562,0.9765309691429138,0.9321224093437195,0.8705987930297852,0.8006719350814819,0.9879558682441711
Q30H,30,0.879988517,3,0.8766684055328369,0.07443606993571987,0.003320111467163156,0.8689720630645752,0.7921775579452515,0.9556437134742737,0.9490033388137817,0.8175453543663025
Q30G,30,0.928472704,4,0.8236083507537841,0.03928848659761027,0.1048643532462159,0.8932750225067139,0.8061171770095825,0.8135507106781006,0.7988860011100769,0.806212842464447
Q30S,30,0.929419396,2,0.8804978847503662,0.033992082673450726,0.04892151124963384,0.9119948148727417,0.9223126173019409,0.8560384511947632,0.849371612071991,0.8627719283103943
Q30E,30,0.954211543,3,0.9663904190063477,0.03165401395388525,0.012178876006347705,0.9970751404762268,0.9866635799407959,0.9692381024360657,0.9639797210693359,0.914995551109314
Q30D,30,1.054626798,4,0.8553130030632019,0.02331429253924778,0.19931379493679802,0.8494982123374939,0.83951336145401,0.8621026277542114,0.8921770453453064,0.8332737684249878
Q30C,30,1.082421938,1,0.9325328826904297,0.02045175994561441,0.1498890553095703,0.9423388838768005,0.9004170298576355,0.9398374557495117,0.9262591600418091,0.9538118839263916
Q30A,30,0.984150893,0,0.845774245262146,0.024889196715386787,0.13837664773785407,0.8781918287277222,0.85354083776474,0.8387729525566101,0.8095983862876892,0.8487672209739685
Q30R,30,0.7977039229999999,2,0.7642571687698364,0.02704713365685241,0.03344675423016352,0.757844865322113,0.7965506911277771,0.7580986618995667,0.7260252237319946,0.7827664017677307
Q30P,30,0.481860517,4,0.2718032717704773,0.06001936679112746,0.21005724522952268,0.35649508237838745,0.26188576221466064,0.19311445951461792,0.2954244017601013,0.25209665298461914
Q30N,30,0.698376143,1,0.9957381606101989,0.05808728990478279,0.297362017610199,0.9850407242774963,0.9078764915466309,1.068518042564392,1.0127038955688477,1.004551649093628
Q30M,30,1.023099772,0,0.8829068541526794,0.04437965208763494,0.14019291784732046,0.8733142614364624,0.9526146650314331,0.8332440853118896,0.8634328246116638,0.8919284343719482
Q30L,30,0.8773681720000001,1,0.9174296855926514,0.03636632387170878,0.04006151359265131,0.8870899677276611,0.9180989861488342,0.9708617925643921,0.8807315826416016,0.9303660988807678
Q30K,30,0.374850466,0,0.8042411208152771,0.03838210991355103,0.4293906548152771,0.8278498649597168,0.8218913078308105,0.780138373374939,0.7493179440498352,0.842008113861084
Q30F,30,0.8934866779999999,1,0.8093383312225342,0.05331541097936411,0.08414834677746574,0.7468206286430359,0.8097177147865295,0.8642719984054565,0.7659413814544678,0.8599399328231812
Q30W,30,0.606794564,0,0.7811652541160583,0.024334249748236537,0.17437069011605832,0.8004149794578552,0.7929727435112,0.7686377167701721,0.7442414164543152,0.7995594143867493
D31G,31,0.910745089,4,0.8924416899681091,0.0625012264921333,0.01830339903189082,0.9913849830627441,0.9058030843734741,0.8245493769645691,0.8646805286407471,0.8757904767990112
D31L,31,0.743046498,3,0.9302822470664978,0.03145750629264883,0.18723574906649776,0.9448447823524475,0.9588227272033691,0.8925178647041321,0.9549192786216736,0.9003065824508667
D31H,31,0.87194582,1,0.9598430275917054,0.04869099561309835,0.08789720759170538,0.9017778635025024,1.0004022121429443,0.9325906038284302,0.9453285336494446,1.019115924835205
D31M,31,0.784683646,4,0.9461424946784973,0.02369452452129123,0.16145884867849736,0.9769635200500488,0.9423357248306274,0.9118858575820923,0.9433780908584595,0.9561492800712585
D31P,31,0.32219304,3,0.7371568799018859,0.03527677136099192,0.41496383990188596,0.680952250957489,0.726508617401123,0.7665090560913086,0.7475181221961975,0.7642963528633118
D31Q,31,0.394097663,1,1.026507842540741,0.06272904025513462,0.6324101795407411,0.9896770715713501,1.0927674770355225,0.9770412445068359,0.9759247899055481,1.0971286296844482
D31R,31,0.94102016,1,0.8891246795654297,0.027419168952607303,0.05189548043457026,0.8971713781356812,0.858927309513092,0.9305342435836792,0.8875701427459717,0.8714203238487244
D31S,31,1.071426684,3,1.1398654460906983,0.03652350302104067,0.06843876209069832,1.118311882019043,1.192162036895752,1.1641510725021362,1.1163827180862427,1.1083195209503174
D31T,31,1.177519667,4,1.0417844295501708,0.07186246788537322,0.1357352374498293,1.0959686040878296,1.1321135759353638,0.9726922512054443,0.9728995561599731,1.0352481603622437
D31V,31,0.945883174,3,1.0540677547454833,0.042275504656544415,0.10818458074548332,1.1201622486114502,1.0513973236083984,1.0214968919754028,1.0635051727294922,1.0137771368026733
D31W,31,0.667645443,3,0.8358589053153992,0.013151594895040397,0.16821346231539924,0.8178473114967346,0.8312517404556274,0.8373547792434692,0.8386457562446594,0.8541949391365051
D31I,31,1.215045213,3,0.9890565872192383,0.0305137176770753,0.22598862578076173,1.0241522789001465,1.017987847328186,0.9646356701850891,0.9809779524803162,0.9575291872024536
D31F,31,0.7798818940000001,0,0.8866105437278747,0.06241761848982762,0.10672864972787466,0.9825358390808105,0.9094979763031006,0.874017059803009,0.838908314704895,0.8280935287475586
D31C,31,1.225478559,0,0.6701290488243103,0.08809296184006891,0.5553495101756896,0.6869899034500122,0.5151240825653076,0.7303020358085632,0.7031936645507812,0.7150355577468872
D31A,31,1.008743143,1,1.0754850387573243,0.049904122916010464,0.06674189575732425,1.06235933303833,1.0359779596328735,1.162218451499939,1.06632399559021,1.0505454540252686
D31K,31,0.986439712,3,0.8246799826622009,0.021639402306678112,0.16175972933779914,0.8405218720436096,0.8361672163009644,0.8361673951148987,0.7878819108009338,0.8226615190505981
K32R,32,0.98758626,1,1.0115723848342895,0.059968628280705136,0.023986124834289413,1.0221635103225708,0.9681490659713745,1.0462937355041504,1.0853935480117798,0.9358620643615723
K32S,32,0.870893094,2,0.8942211985588073,0.02924238231979035,0.023328104558807294,0.8898929357528687,0.9410945773124695,0.8996002674102783,0.8739551901817322,0.8665630221366882
K32T,32,1.013764926,3,0.8318427085876465,0.033773430528029516,0.18192221741235337,0.8384185433387756,0.8016487956047058,0.8756921887397766,0.7945219278335571,0.8489320874214172
K32V,32,1.06072232,0,0.92429039478302,0.04502893253833388,0.13643192521698,0.9900380969047546,0.9141588807106018,0.8641090393066406,0.9317108392715454,0.9214351177215576
K32W,32,0.96914664,0,0.9749448537826538,0.0349992653099675,0.005798213782653883,0.9836894869804382,0.9800119400024414,0.9550695419311523,0.931156575679779,1.024796724319458
K32Y,32,1.037521571,4,1.0066038250923157,0.049005108220427356,0.03091774590768437,0.9788620471954346,1.04195237159729,1.0043089389801025,0.9424356818199158,1.0654600858688354
K32A,32,1.080067562,4,0.9242656469345093,0.05842880260788221,0.15580191506549068,0.9079357385635376,0.9724659323692322,0.9194111824035645,0.8376917243003845,0.9838236570358276
K32C,32,0.7215399029999999,2,0.9669904470443725,0.07079088331261732,0.2454505440443726,0.9286658763885498,1.077318549156189,0.9811900854110718,0.8886240720748901,0.9591536521911621
K32Q,32,0.839224025,1,0.9703921914100647,0.01700377529919381,0.13116816641006468,0.9555736780166626,0.9803059101104736,0.9773907661437988,0.9495025277137756,0.9891880750656128
K32P,32,0.5637228870000001,2,0.6326969385147094,0.06771266448837027,0.06897405151470937,0.5798048377037048,0.6490697860717773,0.6324689984321594,0.7365080714225769,0.5656329989433289
K32N,32,0.823913536,4,0.9207038164138794,0.03073391963143578,0.09679028041387949,0.9327988028526306,0.945219099521637,0.9385293126106262,0.8686702847480774,0.9183015823364258
K32M,32,1.04351011,2,0.9612963438034058,0.056119201157576064,0.08221376619659415,1.0030139684677124,1.0364980697631836,0.9368011951446533,0.9279425144195557,0.9022259712219238
K32L,32,0.956074782,2,0.9971019148826599,0.054689767896092326,0.04102713288265991,0.9880212545394897,1.036379098892212,1.0567882061004639,0.9151685237884521,0.9891524910926819
K32I,32,0.6931028659999999,0,0.9848390221595764,0.03854450166716133,0.2917361561595765,1.0199147462844849,1.0034099817276,0.9192907810211182,0.9910467267036438,0.9905328750610352
K32H,32,1.032507707,4,0.8332098484039306,0.03921510851852224,0.1992978585960693,0.8233934640884399,0.8318226337432861,0.8171533942222595,0.7947646975517273,0.8989150524139404
K32G,32,0.8650544170000001,2,0.8572357416152954,0.018617596784058846,0.00781867538470471,0.8564156293869019,0.8783688545227051,0.8687705397605896,0.8535385727882385,0.829085111618042
K32F,32,1.1098174159999998,1,0.9732473611831665,0.0487974735174864,0.13657005481683337,1.0108325481414795,0.9223579168319702,1.0376746654510498,0.9419967532157898,0.9533749222755432
K32E,32,0.937705805,4,0.9136038780212402,0.06595557170056607,0.02410192697875979,0.8797373175621033,0.9430563449859619,0.9041239023208618,0.8333736062049866,1.0077282190322876
W33V,33,0.799880114,2,0.7211340665817261,0.03519113096467904,0.07874604741827396,0.6601790189743042,0.7326606512069702,0.7256584167480469,0.749775767326355,0.7373964786529541
W33Y,33,0.57516952,0,0.817472767829895,0.036684046208004695,0.24230324782989499,0.832586407661438,0.8229321837425232,0.8637136220932007,0.803487241268158,0.7646443843841553
W33R,33,0.616710931,4,0.7172395706176757,0.047932828215460306,0.10052863961767577,0.6829224228858948,0.7055333852767944,0.6652230620384216,0.7527706027030945,0.7797483801841736
W33Q,33,0.825345984,2,0.6827694177627563,0.044389607661026,0.14257656623724368,0.6066946387290955,0.7206984758377075,0.7061296105384827,0.6895461082458496,0.6907782554626465
W33P,33,0.573306105,3,0.7045994758605957,0.07336571190592593,0.13129337086059567,0.7277356386184692,0.6935190558433533,0.7893612384796143,0.7232753038406372,0.5891061425209045
W33N,33,0.355391178,0,0.7134871006011962,0.04987685615166716,0.35809592260119627,0.7488275766372681,0.668351411819458,0.7829474210739136,0.6781807541847229,0.6891283392906189
W33S,33,0.7256107759999999,0,0.7252596259117127,0.030541053856149015,0.00035115008828723315,0.7336127758026123,0.7310346364974976,0.7686848044395447,0.6899271011352539,0.7030388116836548
W33I,33,0.695984052,0,0.7512262105941773,0.017372770146180515,0.05524215859417725,0.7224619388580322,0.7638365626335144,0.7563425898551941,0.7485670447349548,0.7649229168891907
W33G,33,0.753374798,1,0.7544367551803589,0.026208483106649763,0.0010619571803589523,0.7704651355743408,0.7409422397613525,0.7925482988357544,0.7379878759384155,0.7302402257919312
W33E,33,0.59009464,1,0.7521259188652039,0.024703955533341787,0.16203127886520385,0.7712018489837646,0.7324057817459106,0.7733147740364075,0.7645291090011597,0.7191780805587769
W33D,33,0.922284108,4,0.6043501973152161,0.09123354494971975,0.31793391068478394,0.457835853099823,0.6544139385223389,0.5922848582267761,0.6180620193481445,0.6991543173789978
W33C,33,0.8637262840000001,0,0.7858400106430053,0.03597378304830402,0.07788627335699472,0.821657121181488,0.7811707258224487,0.8239085674285889,0.7549139261245728,0.7475497126579285
W33A,33,0.833716665,4,0.724838125705719,0.020067621695008222,0.10887853929428093,0.6910735368728638,0.7238593101501465,0.7382811307907104,0.7299087047576904,0.7410679459571838
W33L,33,0.7341049709999999,3,0.7751139402389526,0.027105115107506034,0.0410089692389527,0.809482991695404,0.7877752184867859,0.7788190245628357,0.737571656703949,0.7619208097457886
W33T,33,0.63311856,2,0.7158214569091796,0.047807396217652565,0.08270289690917965,0.6323275566101074,0.7358332872390747,0.7216101884841919,0.7506977915763855,0.7386384606361389
W33K,33,0.631630404,4,0.5583422958850861,0.07621260770345523,0.07328810811491393,0.4669162929058075,0.5765628218650818,0.5004897117614746,0.659980297088623,0.5877623558044434
V34Y,34,0.8060348759999999,3,1.0092392563819885,0.042498263129828004,0.20320438038198863,1.0227174758911133,0.9788858294487,1.0739340782165527,1.0052372217178345,0.9654216766357422
V34E,34,0.774149463,3,1.0725799798965454,0.04655325085427373,0.29843051689654543,1.083354115486145,1.1091877222061157,1.122343897819519,1.0269660949707031,1.0210480690002441
V34D,34,0.927940118,1,0.7413331985473632,0.009244991634088682,0.18660691945263674,0.7537153363227844,0.7300601005554199,0.7465526461601257,0.740834653377533,0.7355032563209534
V34C,34,0.7138163059999999,2,0.9468715786933899,0.046613823301204324,0.23305527269339,0.9852014780044556,0.9756321907043457,0.8799206614494324,0.915877640247345,0.9777259230613708
V34A,34,1.0906889240000002,3,1.1014715909957886,0.06961270727016375,0.010782666995788448,1.0489721298217773,1.0426665544509888,1.1203229427337646,1.2130446434020996,1.0823516845703125
V34H,34,0.911842301,1,0.8258073925971985,0.038792162941307766,0.08603490840280148,0.8065417408943176,0.8603185415267944,0.8744516372680664,0.7988590598106384,0.7888659834861755
V34I,34,1.26362667,1,0.9747338056564331,0.03106617357153325,0.288892864343567,0.9619348049163818,0.947594165802002,1.0226337909698486,0.9529492855072021,0.988556981086731
V34L,34,0.82085032,3,0.9872149586677551,0.05307661304448545,0.16636463866775508,0.9039093852043152,1.0007473230361938,1.0186432600021362,1.041191577911377,0.9715832471847534
V34M,34,1.030778573,4,1.0170355677604674,0.06319646412320216,0.013743005239532646,1.0167977809906006,0.9250165820121765,1.0081748962402344,1.1016291379928589,1.0335594415664673
V34N,34,0.644925437,3,1.209850788116455,0.05504174657001183,0.564925351116455,1.1546893119812012,1.2160296440124512,1.2358005046844482,1.2850019931793213,1.1577324867248535
V34P,34,0.523626472,2,0.6731868028640747,0.09123002198364442,0.14956033086407472,0.6332700252532959,0.8279715776443481,0.6166988611221313,0.6817127466201782,0.6062808036804199
V34R,34,1.028035806,0,0.8586700201034546,0.059236160942184146,0.1693657858965455,0.8886213302612305,0.9405183792114258,0.7910143733024597,0.8155288100242615,0.8576672077178955
V34S,34,1.089493899,1,0.859658396244049,0.05357496168394036,0.229835502755951,0.82244473695755,0.8482864499092102,0.9537255764007568,0.8433986306190491,0.8304365873336792
V34T,34,1.121432922,2,0.9618664860725403,0.0688635800133826,0.15956643592745978,0.961139976978302,1.001704216003418,0.9725459814071655,1.0264909267425537,0.8474513292312622
V34W,34,0.749621126,1,0.8176562428474426,0.04788266586652844,0.06803511684744268,0.8698432445526123,0.7404932975769043,0.8341813087463379,0.812274158000946,0.8314892053604126
V34F,34,1.17464528,3,0.9972999453544616,0.0700560459206868,0.17734533464553837,0.9101811051368713,0.9878649711608887,1.080589771270752,1.0535682439804077,0.9542956352233887
V34G,34,0.902225086,1,0.8812076210975647,0.0217925504720528,0.02101746490243528,0.8530972003936768,0.8629072904586792,0.9027153253555298,0.8946340680122375,0.8926842212677002
N35Q,35,1.072073388,1,0.990329360961914,0.057579641025842294,0.08174402703808592,1.0250864028930664,1.0295368432998657,0.9633828401565552,1.0327177047729492,0.9009230136871338
N35L,35,1.087565868,0,0.9783108234405518,0.062371233878946906,0.10925504455944823,1.000120997428894,0.904127299785614,1.0690652132034302,0.9416719079017639,0.9765686988830566
N35R,35,0.715182124,1,0.9141713619232178,0.032113049143145084,0.19898923792321777,0.9300212264060974,0.9214069247245789,0.9398002624511719,0.9212628602981567,0.858365535736084
N35S,35,1.244996379,3,1.0717048645019531,0.026879933551044493,0.17329151449804692,1.0422489643096924,1.0920753479003906,1.0998297929763794,1.044363021850586,1.0800071954727173
N35T,35,1.095135102,4,1.0573636054992677,0.06613817426489298,0.037771496500732304,0.9889236688613892,1.0871496200561523,1.0884425640106201,0.987221360206604,1.1350808143615723
N35V,35,0.927123097,0,1.0433801770210267,0.03193755203623105,0.11625708002102675,1.0673671960830688,0.9968772530555725,1.0498144626617432,1.027219533920288,1.0756224393844604
N35W,35,0.987618364,3,0.8730573654174805,0.05603841554509516,0.11456099858251956,0.78293377161026,0.9027130603790283,0.9188663363456726,0.8543715476989746,0.9064021110534668
N35K,35,0.7415052609999999,4,0.9024544835090638,0.02855882742645816,0.16094922250906385,0.930687665939331,0.878693163394928,0.8667199611663818,0.909867525100708,0.9263041019439697
N35H,35,0.980971392,3,0.9542574524879456,0.08935015236929794,0.026713939512054474,0.8918578624725342,0.977751612663269,1.024778127670288,0.8335327506065369,1.0433669090270996
N35G,35,0.968960849,1,1.0440063714981078,0.05865942269994117,0.07504552249810781,1.0662394762039185,1.0891298055648804,1.0263292789459229,1.0887610912322998,0.9495722055435181
N35E,35,1.173691595,0,1.012675130367279,0.06673611907463517,0.161016464632721,1.033351182937622,0.9991626143455505,1.1140480041503906,0.9356229901313782,0.9811908602714539
N35D,35,0.933658211,0,0.9675074815750122,0.09222012446657168,0.03384927057501219,1.0051416158676147,1.0040180683135986,1.0512337684631348,0.8117698431015015,0.9653741121292114
N35C,35,1.142723946,3,1.099847173690796,0.12551098210120012,0.04287677230920406,0.9800673127174377,1.272481083869934,1.143555760383606,0.9731766581535339,1.1299550533294678
N35A,35,1.135643817,4,1.023306703567505,0.047056216470871576,0.11233711343249508,1.0098114013671875,0.9671242237091064,1.0445098876953125,1.0034186840057373,1.0916693210601807
N35M,35,1.047386125,1,1.0496544599533082,0.059055403843002195,0.0022683349533081376,1.0089863538742065,1.0525155067443848,1.0407586097717285,1.1475658416748047,0.998445987701416
N35P,35,0.8330664740000001,2,0.595908272266388,0.05675621939401925,0.23715820173361213,0.5163062214851379,0.6583545207977295,0.5614923238754272,0.6299030780792236,0.6134852170944214
G36P,36,0.90935468,0,0.541503369808197,0.07372148794596906,0.36785131019180295,0.6208772659301758,0.5726613998413086,0.5677984356880188,0.520080029964447,0.4260997176170349
G36N,36,0.626836642,4,1.2227192640304565,0.06296765661813584,0.5958826220304565,1.266910195350647,1.1552364826202393,1.2885408401489258,1.2468199729919434,1.1560888290405273
G36M,36,1.045013945,0,0.9714143991470336,0.03122317691817363,0.07359954585296635,0.9964042901992798,1.005293846130371,0.9597669839859009,0.9687392711639404,0.9268676042556763
G36R,36,1.08617879,2,0.8979363441467285,0.048198625251046,0.18824244585327143,0.8262131810188293,0.8732179999351501,0.9150024056434631,0.9307052493095398,0.9445428848266602
G36T,36,1.024119641,1,1.0041878461837768,0.04517787917909278,0.019931794816223203,1.055351972579956,0.9357355833053589,0.9874643087387085,1.0223358869552612,1.0200514793395996
G36A,36,1.092199119,0,1.0243177652359008,0.04810585498123795,0.0678813537640992,1.0897170305252075,1.0075440406799316,0.9925905466079712,1.057992696762085,0.9737445116043091
G36C,36,1.115250306,1,1.0364178538322448,0.08959825501520241,0.07883245216775525,0.911594808101654,1.069349765777588,1.112844705581665,0.9752825498580933,1.1130174398422241
G36S,36,1.029194498,2,0.9490327954292297,0.07363582614442933,0.08016170257077038,0.8201532959938049,0.9563900232315063,0.9963423609733582,0.9820815920829773,0.990196704864502
G36F,36,0.8325080220000001,0,0.8217566251754761,0.09237482082600808,0.010751396824523973,0.9632114171981812,0.826366126537323,0.7879835963249207,0.707920253276825,0.8233017325401306
G36H,36,1.232150073,3,0.8574289798736572,0.03722846346537985,0.3747210931263427,0.8615646362304688,0.8619769811630249,0.9062992334365845,0.8016194701194763,0.8556845784187317
G36I,36,0.7836705009999999,4,0.7426671028137207,0.04782538769834755,0.04100339818627918,0.7977737188339233,0.7381284236907959,0.7847952246665955,0.6995341777801514,0.6931039690971375
G36K,36,0.886364128,1,0.9792233586311341,0.053934973105343405,0.0928592306311341,0.8935694098472595,1.0072940587997437,1.034148931503296,0.96488356590271,0.9962208271026611
G36W,36,1.00827364,0,0.8127058982849121,0.08433506607151514,0.19556774171508795,0.9391374588012695,0.8184897899627686,0.7563239336013794,0.7183226346969604,0.8312556743621826
G36V,36,0.911692262,4,0.7819243192672729,0.041337578699937316,0.12976794273272707,0.8314046859741211,0.7791232466697693,0.8004716634750366,0.718425989151001,0.7801960110664368
G36Q,36,0.977975686,4,1.1307605981826783,0.030260789394728524,0.1527849121826783,1.1182987689971924,1.116042971611023,1.1782238483428955,1.141020655632019,1.1002167463302612
G36E,36,1.105082077,0,0.8568524837493896,0.02002448258708309,0.24822959325061045,0.8367878794670105,0.8898279070854187,0.8579491376876831,0.8471426963806152,0.8525547981262207
G36L,36,0.807099091,1,0.9241172671318054,0.06177817875112963,0.11701817613180543,0.9203439950942993,0.845930278301239,0.9331339001655579,0.9040336012840271,1.0171445608139038
K37Q,37,0.87996548,3,1.0906499385833741,0.0512902042533296,0.21068445858337415,1.0286154747009277,1.1105592250823975,1.1004058122634888,1.053641438484192,1.1600277423858643
K37A,37,1.010444211,0,0.9592417001724243,0.03949260894658577,0.051202510827575765,1.0012050867080688,0.986815869808197,0.9658221006393433,0.9408947825431824,0.9014706611633301
K37C,37,0.972228867,1,1.1697137117385865,0.05029333043756966,0.19748484473858652,1.2387073040008545,1.1654078960418701,1.1947742700576782,1.106351613998413,1.1433274745941162
K37D,37,0.7941055290000001,4,1.3261862516403198,0.09349561809768848,0.5320807226403197,1.340610146522522,1.4417234659194946,1.3710681200027466,1.1934359073638916,1.2840936183929443
K37E,37,1.196699229,0,0.8722393989562989,0.03959320074752924,0.32445983004370116,0.8343267440795898,0.8419784903526306,0.9337424635887146,0.8830752968788147,0.8680739998817444
K37F,37,0.697228545,2,1.0821189165115357,0.040867714668514014,0.3848903715115357,1.0699784755706787,1.0173101425170898,1.1203206777572632,1.0936486721038818,1.1093366146087646
K37G,37,1.085109031,1,0.882167387008667,0.013165377879887386,0.20294164399133297,0.9021598100662231,0.8880494236946106,0.877018392086029,0.8688273429870605,0.8747819662094116
K37H,37,1.141933838,0,0.887438154220581,0.0514084999101118,0.2544956837794189,0.8561283946037292,0.832522988319397,0.9416886568069458,0.9429289102554321,0.8639218211174011
K37L,37,1.06115756,4,0.881756854057312,0.051634199272254606,0.1794007059426881,0.9457747936248779,0.8663439750671387,0.8968328237533569,0.8047854900360107,0.8950471878051758
K37P,37,0.997958664,2,0.83572336435318,0.053182194574222075,0.16223529964682004,0.8851945996284485,0.8864978551864624,0.8438253998756409,0.7682703733444214,0.7948285937309265
K37R,37,0.939243256,1,0.9179941415786743,0.07951735689084244,0.02124911442132571,0.9868424534797668,0.8444864749908447,0.9961557984352112,0.9375370144844055,0.8249489665031433
K37M,37,1.146783161,3,0.9558853268623352,0.05733141736734864,0.19089783413766492,0.8556017875671387,0.9742652177810669,0.9653271436691284,0.9877315759658813,0.9965009093284607
K37T,37,1.110420322,0,0.949183213710785,0.060003203585473106,0.161237108289215,0.9340589642524719,0.906962513923645,0.9026191830635071,1.050247073173523,0.9520283341407776
K37V,37,1.019579131,2,1.0726981163024902,0.04966042905529305,0.05311898530249026,1.0360358953475952,1.0992374420166016,1.1455023288726807,1.0247554779052734,1.0579594373703003
K37W,37,0.889077288,4,0.858718478679657,0.03036525285923211,0.03035880932034296,0.8367472887039185,0.8851075172424316,0.8403246402740479,0.8335111141204834,0.8979018330574036
K37S,37,0.99536009,1,1.003756594657898,0.03484032210359899,0.008396504657897874,1.0579811334609985,0.9764066338539124,1.009405255317688,1.0049059391021729,0.970084011554718
T38L,38,0.993677198,1,0.7915048599243164,0.05949414304736768,0.20217233807568358,0.7969987392425537,0.8102931380271912,0.8639659881591797,0.6992881298065186,0.7869783043861389
T38E,38,0.7441555670000001,2,0.8149961948394775,0.02597245950361772,0.07084062783947742,0.8033353686332703,0.7914310097694397,0.8532257676124573,0.8299408555030823,0.7970479726791382
T38F,38,1.009853582,2,0.8811408996582031,0.06185645195769214,0.128712682341797,0.8384549617767334,0.823717474937439,0.9819228649139404,0.8770554065704346,0.8845537900924683
T38G,38,0.704527858,2,0.799879252910614,0.037738149316165086,0.09535139491061406,0.8108066916465759,0.7425840497016907,0.7962380647659302,0.8021811246871948,0.8475863337516785
T38K,38,0.882206378,4,0.8301795125007629,0.025318580741424547,0.052026865499237074,0.8556292057037354,0.8379904627799988,0.8150071501731873,0.7941017746925354,0.8481689691543579
T38P,38,0.850677369,3,0.998574411869049,0.059062856943685474,0.14789704286904903,1.0589816570281982,0.9711897373199463,1.0480668544769287,0.914300262928009,1.000333547592163
T38R,38,0.955343315,2,0.7829333543777466,0.034011125277813525,0.17240996062225344,0.7405857443809509,0.754223108291626,0.7982876300811768,0.8213262557983398,0.8002440333366394
T38S,38,0.925613926,1,0.8369717478752137,0.03699288375384425,0.08864217812478636,0.8049517273902893,0.835172176361084,0.8922349810600281,0.8021518588066101,0.8503479957580566
T38V,38,0.6980833590000001,2,0.9597493410110474,0.05421732581205985,0.2616659820110473,0.8932812809944153,0.9419177770614624,1.0434151887893677,0.9633776545524597,0.9567548036575317
T38W,38,0.885170517,2,0.846021044254303,0.050825764506635396,0.03914947274569702,0.8172672986984253,0.7818313837051392,0.9178560972213745,0.8577766418457031,0.8553737998008728
T38N,38,0.85226393,3,0.9251380205154419,0.015982393947907035,0.07287409051544191,0.9060577750205994,0.9408190250396729,0.935524582862854,0.9334660768508911,0.9098226428031921
T38Q,38,0.998757119,1,0.7675918102264404,0.026071477820043792,0.23116530877355956,0.8059055805206299,0.7679656147956848,0.7443967461585999,0.7426295280456543,0.7770615816116333
T38A,38,0.879794295,0,0.8821387767791748,0.05344960932557858,0.0023444817791749006,0.8407037258148193,0.9083956480026245,0.9400768280029297,0.9094935059547424,0.8120241761207581
T38C,38,0.894992053,4,0.995348083972931,0.0850792626655014,0.100356030972931,0.9774461388587952,1.0450525283813477,1.0589497089385986,0.8539263010025024,1.0413657426834106
T38M,38,0.738784485,0,0.9016162037849427,0.0396973986154572,0.16283171878494263,0.9720284938812256,0.879855751991272,0.8832470774650574,0.8926465511322021,0.880303144454956
A39Y,39,1.228230428,1,0.9541481137275696,0.054787661605272715,0.27408231427243046,0.9541865587234497,0.8926025629043579,1.0065743923187256,0.9065869450569153,1.0107901096343994
A39W,39,0.823784175,1,0.8877512216567993,0.03429788835171931,0.06396704665679931,0.8770584464073181,0.8772660493850708,0.8458186388015747,0.9001845717430115,0.9384284019470215
A39V,39,0.8414711709999999,0,0.9850096464157104,0.10395289880943463,0.14353847541571052,0.8574687838554382,1.121863842010498,1.0335586071014404,0.9102633595466614,1.0018936395645142
A39S,39,1.030258931,4,0.9971201896667481,0.04675368634605952,0.03313874133325201,1.0586594343185425,1.0326869487762451,0.9640778303146362,0.9816365242004395,0.948540210723877
A39R,39,0.8761366190000001,1,0.9302722811698914,0.07376331669016678,0.0541356621698913,0.901860237121582,0.8948876857757568,1.0607247352600098,0.8816890120506287,0.9121997356414795
A39Q,39,1.035822045,0,0.7848562836647034,0.07632002753519555,0.2509657613352966,0.6811414957046509,0.8642932772636414,0.7323696613311768,0.8069480061531067,0.8395289778709412
A39P,39,0.944399546,3,1.0159218549728393,0.10258254061813882,0.07152230897283929,0.8567447662353516,1.1364219188690186,0.9947929382324219,1.0462076663970947,1.04544198513031
A39L,39,1.053075983,2,0.8985997200012207,0.058353079067321546,0.15447626299877937,0.8656761646270752,0.9926537871360779,0.8492713570594788,0.9170632362365723,0.8683340549468994
A39H,39,0.788186145,0,1.0853116035461425,0.11420127922607831,0.2971254585461426,0.998008131980896,1.2733638286590576,1.1030627489089966,0.9956809282302856,1.056442379951477
A39G,39,0.989600541,4,0.8983128190040588,0.05651617836000187,0.09128772199594115,0.9118547439575195,0.966347336769104,0.8212160468101501,0.9277769923210144,0.8643689751625061
A39F,39,1.110242308,2,0.8681225061416626,0.0873004580245155,0.24211980185833726,0.8146094083786011,0.9044761061668396,0.743062436580658,0.9557704329490662,0.9226941466331482
A39D,39,0.966840076,4,0.6575624942779541,0.06299474644845213,0.3092775817220459,0.6270331740379333,0.7364127039909363,0.7062720060348511,0.6377168893814087,0.5803776979446411
A39E,39,0.433489664,3,0.9660716772079467,0.049307481798800235,0.5325820132079467,1.0487240552902222,0.9535344839096069,0.9220302104949951,0.9379228353500366,0.968146800994873
A39T,39,1.089412725,0,0.9535028815269471,0.13387388281970247,0.13590984347305302,0.951318621635437,1.131611704826355,1.0324969291687012,0.801249086856842,0.8508380651473999
A39C,39,1.276328092,1,1.095651912689209,0.06416719780752422,0.18067617931079094,1.1746923923492432,1.1162586212158203,1.070563554763794,1.0018537044525146,1.1148912906646729
F40K,40,0.693695689,0,0.6836948871612549,0.048692344899270046,0.010000801838745077,0.6656854152679443,0.7318589091300964,0.7373831272125244,0.6566467881202698,0.6269001960754395
F40L,40,0.749525242,1,0.7851352453231811,0.007033017338460989,0.035610003323181094,0.7917133569717407,0.7736923098564148,0.7856393456459045,0.7846813201904297,0.789949893951416
F40M,40,1.000046326,3,0.8018623471260071,0.052976966317374787,0.19818397887399297,0.7591695189476013,0.8595285415649414,0.7975814342498779,0.7417316436767578,0.8513005971908569
F40N,40,0.75587938,3,0.6611008405685425,0.030186103238623176,0.09477853943145753,0.650078535079956,0.6136190295219421,0.6898061037063599,0.6753631830215454,0.6766373515129089
F40P,40,0.76854361,4,0.7264186620712281,0.03303710805820228,0.04212494792877197,0.7256531715393066,0.7054088711738586,0.7666582465171814,0.7498523592948914,0.6845206618309021
F40Q,40,0.580842235,1,0.7881235718727112,0.009448115400504642,0.20728133687271122,0.8025096654891968,0.781046986579895,0.7906012535095215,0.7784343361854553,0.7880256175994873
F40E,40,0.93514729,2,0.6756043910980225,0.03702741001367841,0.25954289890197746,0.6610026359558105,0.7298675775527954,0.6960647106170654,0.6384556889533997,0.6526313424110413
F40C,40,0.7872960940000001,2,0.7626940369606018,0.029705455336785692,0.02460205703939833,0.7377133369445801,0.7847315669059753,0.7339059114456177,0.7552382946014404,0.8018810749053955
F40R,40,0.703345762,1,0.7667402267456055,0.015530518656909853,0.0633944647456055,0.7576842308044434,0.7501814365386963,0.7836711406707764,0.7830032110214233,0.759161114692688
F40S,40,0.739185491,0,0.7361628890037537,0.024569158390199443,0.003022601996246266,0.7692146897315979,0.7533997297286987,0.729396402835846,0.7184123992919922,0.7103912234306335
F40T,40,0.7145452459999999,3,0.6613603949546814,0.03430817573830256,0.05318485104531856,0.662081241607666,0.6909101605415344,0.6588762998580933,0.6059805154800415,0.6889537572860718
F40V,40,0.7503085279999999,4,0.7579164147377014,0.034458521388161426,0.007607886737701519,0.7597548365592957,0.7150229811668396,0.7684680819511414,0.7390376925468445,0.807298481464386
F40W,40,1.0481867459999998,3,0.8999928593635559,0.02317192491993321,0.14819388663644395,0.862016499042511,0.9111326932907104,0.9139547348022461,0.8941086530685425,0.9187517166137695
F40G,40,0.732654075,4,0.7103230714797973,0.02620509781666517,0.022331003520202675,0.719158947467804,0.6835898160934448,0.6829397678375244,0.742425799369812,0.7235010266304016
F40A,40,0.610487306,1,0.7622331023216248,0.023902366380468786,0.15174579632162477,0.7230600714683533,0.7557028532028198,0.7784803509712219,0.7746895551681519,0.7792326807975769
F40I,40,0.7162694940000001,4,0.8247978687286377,0.04986474349540769,0.10852837472863763,0.8612052798271179,0.7409584522247314,0.8210583329200745,0.8619632720947266,0.8388040065765381
H41A,41,0.813636957,3,0.8562031626701355,0.03925844141629788,0.04256620567013547,0.8001629710197449,0.8403266072273254,0.8829218149185181,0.9015729427337646,0.8560314774513245
H41S,41,0.940475809,2,0.8153444290161133,0.02160248778344501,0.1251313799838868,0.7990119457244873,0.8142271637916565,0.8443287014961243,0.8281790614128113,0.7909752726554871
H41C,41,0.975500791,1,0.9212131381034852,0.06148916249910681,0.054287652896514826,1.0056840181350708,0.952252984046936,0.9239972829818726,0.8588815927505493,0.8652498126029968
H41E,41,0.900131595,1,0.7529122233390808,0.038552309081466424,0.14721937166091914,0.6972087621688843,0.7685778141021729,0.7913163900375366,0.7300581932067871,0.7773999571800232
H41G,41,0.849893654,1,0.8718065738677978,0.025609713556732857,0.021912919867797753,0.8847633600234985,0.8766403794288635,0.8741846084594727,0.8283820152282715,0.8950625061988831
H41K,41,0.356967474,4,0.7755957961082458,0.03339616368288376,0.4186283221082458,0.8292564153671265,0.7832722067832947,0.7539012432098389,0.7442331314086914,0.7673159837722778
H41L,41,0.704964337,2,0.9118205785751343,0.022930263294962987,0.20685624157513427,0.8735876679420471,0.9310442209243774,0.9174808263778687,0.9271768927574158,0.9098132848739624
H41M,41,0.978901947,4,0.8673364639282226,0.06041842391382703,0.11156548307177738,0.9387081861495972,0.9029038548469543,0.8016640543937683,0.8859347701072693,0.8074714541435242
H41N,41,0.782660664,2,0.7138753890991211,0.0735837562561012,0.06878527490087893,0.7208437919616699,0.7924845814704895,0.7487134337425232,0.7126873135566711,0.5946478247642517
H41R,41,0.725664868,1,0.669968557357788,0.0322047498285334,0.05569631064221192,0.7077565789222717,0.678244411945343,0.6610565185546875,0.6207119822502136,0.6820732951164246
H41T,41,0.870478353,3,0.8634446859359741,0.023413195671394972,0.007033667064025861,0.845483660697937,0.8472532629966736,0.8695875406265259,0.901718258857727,0.8531807065010071
H41Q,41,0.707891864,4,0.8633722186088562,0.02919706991493966,0.15548035460885612,0.8797404170036316,0.8765942454338074,0.8114248514175415,0.8714941740036011,0.8776074051856995
H41W,41,1.089810715,4,0.7743716955184936,0.02344324184062062,0.31543901948150643,0.7729422450065613,0.7488585114479065,0.7578172087669373,0.783366322517395,0.8088741898536682
H41Y,41,1.039261697,4,0.831947636604309,0.040924135446723665,0.2073140603956909,0.8826672434806824,0.7857659459114075,0.8283601403236389,0.8000034689903259,0.8629413843154907
H41V,41,0.941057282,0,0.7440336585044861,0.02748290639924188,0.19702362349551394,0.7760195136070251,0.7248673439025879,0.7122212648391724,0.7683355808258057,0.7387245893478394
Q42C,42,0.84087866,2,0.948473310470581,0.06891801739239636,0.10759465047058103,0.8420789241790771,1.0130300521850586,0.9182403683662415,0.9849077463150024,0.9841094613075256
Q42A,42,0.908078217,0,1.01446590423584,0.03385939720774652,0.10638768723583991,1.027700424194336,0.9714638590812683,1.06184983253479,1.0146327018737793,0.9966827034950256
Q42G,42,0.785987608,3,0.9162171721458435,0.0787001783186407,0.13022956414584352,0.8400468230247498,0.9000358581542969,0.8878313302993774,1.0494439601898193,0.9037278890609741
Q42I,42,1.327248652,4,0.944940185546875,0.023345389844779754,0.382308466453125,0.9803000688552856,0.9557632207870483,0.9375742077827454,0.9239609837532043,0.9271024465560913
Q42K,42,1.175453728,1,1.0440593838691712,0.05084086037675582,0.13139434413082873,0.9974203705787659,1.128568410873413,1.0261563062667847,1.0182275772094727,1.0499242544174194
Q42L,42,1.125785297,4,0.9798579335212707,0.08297227165138188,0.14592736347872926,1.0105375051498413,1.1088614463806152,0.8965945243835449,0.9345182180404663,0.948777973651886
Q42E,42,1.284582934,1,0.9224175333976745,0.04736288535311025,0.3621654006023254,0.9018591046333313,0.913416862487793,0.9292616844177246,0.9976674318313599,0.8698825836181641
Q42M,42,1.194322075,0,0.9962593197822571,0.04284652165316871,0.19806275521774297,1.0038121938705444,0.9339790940284729,1.0496242046356201,0.980226993560791,1.013654112815857
Q42P,42,0.75830919,1,0.6921849608421325,0.061967915281404426,0.06612422915786742,0.6792267560958862,0.7636968493461609,0.7071890234947205,0.7151879072189331,0.5956242680549622
Q42R,42,0.90905113,4,0.9922656178474426,0.03983327549897929,0.08321448784744256,0.9296754002571106,0.9993358254432678,1.0062919855117798,0.9873060584068298,1.038718819618225
Q42S,42,0.880192538,3,0.8992123961448669,0.03616139095291802,0.019019858144866952,0.8454018831253052,0.9249607920646667,0.9153262376785278,0.9310805201530457,0.8792925477027893
Q42V,42,1.001315921,1,1.0302173852920533,0.049017774858111096,0.028901464292053314,1.0156769752502441,0.9633492231369019,1.053647518157959,1.0959385633468628,1.0224746465682983
Q42W,42,0.8492270959999999,1,0.8631458759307862,0.03328081112135284,0.013918779930786274,0.8793994784355164,0.8631338477134705,0.8232084512710571,0.9088355302810669,0.8411520719528198
Q42D,42,1.0026451790000002,4,1.054069721698761,0.08069551034540348,0.051424542698760733,0.9268609881401062,1.0549719333648682,1.0444477796554565,1.1057040691375732,1.1383638381958008
Q42F,42,0.875557395,0,0.9955568790435791,0.03390643363573248,0.11999948404357919,1.042999267578125,0.9652241468429565,0.9609188437461853,1.0104167461395264,0.9982253909111023
E43G,43,0.946975045,4,0.7182228803634644,0.13149740065348614,0.22875216463653558,0.6233295202255249,0.9144667983055115,0.585421621799469,0.6920012831687927,0.7758951783180237
E43W,43,0.743885043,4,0.901694941520691,0.09171480488727568,0.15780989852069094,0.8734383583068848,1.0424219369888306,0.7904621958732605,0.8827674984931946,0.9193847179412842
E43A,43,1.013489715,1,1.0160904765129088,0.03646953593429749,0.002600761512908889,1.0152666568756104,0.9642501473426819,1.0458881855010986,1.0547511577606201,1.0002962350845337
E43H,43,0.23386132,3,0.766651701927185,0.05415257561359109,0.532790381927185,0.776295006275177,0.7923111319541931,0.8385486006736755,0.707414448261261,0.7186893224716187
E43K,43,0.8554086670000001,1,1.0250545144081116,0.05259400969238842,0.1696458474081115,1.0127853155136108,0.9783821105957031,1.1144763231277466,0.9980906844139099,1.0215381383895874
E43L,43,0.92329073,4,0.9588672876358032,0.07214549636423893,0.03557655763580325,0.9903034567832947,1.0380147695541382,0.8607755303382874,0.9086479544639587,0.9965947270393372
E43M,43,1.029977677,2,0.9023639917373657,0.1047094898320579,0.12761368526263428,0.7735627889633179,0.8966761827468872,0.8652428388595581,0.9135661125183105,1.0627720355987549
E43N,43,0.181864701,1,0.8523667812347412,0.040664938531833124,0.6705020802347412,0.8659537434577942,0.7897465229034424,0.8555180430412292,0.8484178781509399,0.9021977186203003
E43P,43,1.138065775,3,0.9504405856132507,0.07205066285959898,0.18762518938674932,0.8844315409660339,1.0641776323318481,0.9766635298728943,0.9084717035293579,0.9184585213661194
E43R,43,0.970275822,3,0.8095680236816406,0.07418015705656092,0.16070779831835935,0.7649766206741333,0.9112476706504822,0.7341483235359192,0.862480103969574,0.7749873995780945
E43S,43,0.8277226409999999,2,0.7944982290267945,0.019843203143271506,0.03322441197320547,0.8111106753349304,0.8088101148605347,0.8064281344413757,0.7689697742462158,0.7771724462509155
E43T,43,0.56991909,2,0.7457196831703186,0.016851869440612094,0.1758005931703186,0.748041033744812,0.7506641149520874,0.722431480884552,0.7389761209487915,0.7684856653213501
E43Y,43,0.77244577,0,0.652051591873169,0.06020639544259598,0.12039417812683106,0.665601909160614,0.6976352334022522,0.7011755108833313,0.6424463391304016,0.5533989667892456
E43C,43,0.991528707,3,0.8220732688903809,0.07818320992171948,0.16945543810961905,0.723500669002533,0.9262297749519348,0.8298267126083374,0.7721827030181885,0.8586264848709106
E43V,43,0.956675713,2,0.953594970703125,0.02335528119252502,0.0030807422968749387,0.9408941268920898,0.966601550579071,0.9275294542312622,0.9459785223007202,0.9869711995124817
Q44R,44,0.919387831,3,0.8539190292358398,0.03402299011698167,0.06546880176416014,0.7996258735656738,0.8866849541664124,0.8701400756835938,0.8694504499435425,0.8436937928199768
Q44C,44,1.064431737,2,1.0645992040634156,0.06312857070462413,0.0001674670634155273,1.0859949588775635,1.0538970232009888,1.0505725145339966,1.1533468961715698,0.979184627532959
Q44D,44,1.070390267,4,1.0766197443008423,0.049015435661369046,0.006229477300842223,1.106082558631897,1.1254827976226807,1.0964548587799072,1.003631353378296,1.0514471530914307
Q44E,44,1.093197427,0,1.1376836776733399,0.0263466125777202,0.04448625067333989,1.129835605621338,1.1139142513275146,1.1451456546783447,1.1197400093078613,1.1797828674316406
Q44F,44,1.149534551,1,0.9107402920722961,0.015734542469150046,0.23879425892770378,0.8975405693054199,0.8964508175849915,0.9100890755653381,0.9351911544799805,0.9144298434257507
Q44G,44,0.96808086,0,0.8809725522994996,0.04612294932516248,0.08710830770050049,0.9457712173461914,0.8626319766044617,0.892349898815155,0.8190991878509521,0.8850104808807373
Q44K,44,0.70895816,0,0.9407567739486694,0.040900885854478645,0.2317986139486694,0.9117091298103333,0.9482274651527405,0.9064899682998657,1.007784128189087,0.9295731782913208
Q44L,44,0.794420737,1,0.9343268871307373,0.03321963306068863,0.13990615013073726,0.9309172630310059,0.8810864686965942,0.9354336261749268,0.965580940246582,0.9586161375045776
Q44M,44,0.953041265,4,0.9837119698524475,0.02076122184995298,0.030670704852447495,0.9525041580200195,0.983414351940155,1.005637764930725,0.9990723133087158,0.9779312610626221
Q44P,44,0.858696845,0,0.7110275626182556,0.06712634828465916,0.14766928238174437,0.7558162808418274,0.7221299409866333,0.7074480056762695,0.7700581550598145,0.5996854305267334
Q44A,44,1.1482351,4,0.9737021803855896,0.03861872994571922,0.1745329196144103,0.9822279214859009,0.9691873788833618,1.0322061777114868,0.926700234413147,0.9581891894340515
Q44S,44,1.021538694,4,0.9511898279190063,0.026725986211775285,0.07034886608099367,0.9653573632240295,0.9492766857147217,0.9657428860664368,0.905524492263794,0.9700477123260498
Q44V,44,1.171919602,1,0.9557589888572693,0.028322598554072514,0.21616061314273072,0.9564730525016785,0.9297773838043213,1.00315523147583,0.9401185512542725,0.9492707252502441
Q44W,44,0.789538065,2,0.8796363830566406,0.06310951612778204,0.09009831805664059,0.820151150226593,0.8016590476036072,0.9225591421127319,0.9276257753372192,0.9261868000030518
Q44T,44,0.934169447,2,1.0028663396835327,0.04706593974984634,0.06869689268353263,0.9691752195358276,1.0268349647521973,1.058626651763916,1.0184626579284668,0.9412322044372559
G45Y,45,0.8247926109999999,3,0.8320744872093201,0.0857210686626581,0.007281876209320193,0.7069976925849915,0.8871175646781921,0.8450970649719238,0.7937828302383423,0.9273772835731506
G45W,45,0.75032742,3,0.9168423414230347,0.026582518591428995,0.1665149214230347,0.8860561847686768,0.9536360502243042,0.9005079865455627,0.9118858575820923,0.9321256279945374
G45T,45,1.0197123609999998,2,0.731600034236908,0.012795180570649288,0.28811232676309184,0.7450230121612549,0.7352210283279419,0.7211552262306213,0.7154414057731628,0.7411594986915588
G45S,45,0.699632348,0,0.8635582804679871,0.026445099444692075,0.16392593246798715,0.8622496128082275,0.8849185109138489,0.8464900851249695,0.8301007747650146,0.8940324187278748
G45R,45,0.698674598,3,0.8361338019371033,0.041987091172757986,0.1374592039371033,0.7916258573532104,0.8974926471710205,0.8469288349151611,0.8022220730781555,0.8423995971679688
G45Q,45,0.7820836459999999,0,0.8841256380081177,0.07944328283895793,0.10204199200811781,0.8907795548439026,0.8928296566009521,0.7599788904190063,0.8949598073959351,0.9820802807807922
G45V,45,0.962136106,2,0.9119309186935425,0.047437399089780695,0.05020518730645751,0.8689995408058167,0.9887260794639587,0.9245213270187378,0.8921033143997192,0.88530433177948
G45N,45,0.6592178679999999,1,0.7626761794090271,0.03926915965400236,0.10345831140902717,0.7927507758140564,0.7947383522987366,0.7622005939483643,0.6976803541183472,0.7660108208656311
G45P,45,0.98597835,2,0.895561158657074,0.01749289408079857,0.09041719134292603,0.8974603414535522,0.9166316390037537,0.8986022472381592,0.8971999883651733,0.8679115772247314
G45D,45,0.5140012429999999,1,0.9042506575584411,0.0367304907053503,0.3902494145584412,0.9425303936004639,0.9364455938339233,0.9077527523040771,0.8758097290992737,0.8587148189544678
G45E,45,0.750267516,4,0.8383630871772766,0.02569234816038056,0.08809557117727662,0.8653948307037354,0.8222528100013733,0.8474172949790955,0.8022157549858093,0.8545347452163696
G45A,45,0.884148411,4,0.9838321089744568,0.05457923869985186,0.09968369797445686,0.9280519485473633,1.0358806848526,0.964775025844574,1.047534465789795,0.9429184198379517
G45H,45,0.909384292,0,0.6842688679695129,0.059512714041102366,0.22511542403048712,0.7267608642578125,0.6151173710823059,0.626426100730896,0.7083066701889038,0.7447333335876465
G45I,45,1.086063201,3,0.9562372684478759,0.041489719711134604,0.12982593255212405,0.9396816492080688,0.9677422642707825,0.9008719325065613,1.0146300792694092,0.9582604169845581
G45L,45,1.122581214,4,0.9224770784378051,0.03784848499326184,0.20010413556219486,0.8593364953994751,0.9433221817016602,0.9468308091163635,0.9481021165847778,0.9147937893867493
H46A,46,0.920580162,4,0.8062279939651489,0.028834439596134524,0.11435216803485115,0.8410914540290833,0.8148999214172363,0.7898383140563965,0.7662168145179749,0.8190934658050537
H46C,46,0.303537123,2,0.9272362470626831,0.08726610528109291,0.6236991240626831,0.8993669748306274,0.9287990927696228,0.9002039432525635,1.07122802734375,0.8365831971168518
H46E,46,0.742183343,0,0.5922644972801209,0.12325778102270937,0.14991884571987912,0.7273157238960266,0.40034008026123047,0.637011706829071,0.6408731937408447,0.5557817816734314
H46G,46,0.7575145759999999,3,0.8285172939300537,0.0532291811475137,0.07100271793005375,0.890543520450592,0.8309941291809082,0.8296555280685425,0.8472927212715149,0.7441005706787109
H46L,46,0.6978034959999999,1,0.7296965837478637,0.037407191074587585,0.03189308774786381,0.7391204237937927,0.7744387984275818,0.6948890089988708,0.7524794340133667,0.6875552535057068
H46M,46,0.910000716,3,0.854185676574707,0.03282521445144637,0.05581503942529298,0.8745620250701904,0.8498393893241882,0.8410943150520325,0.8957290649414062,0.8097035884857178
H46N,46,1.275275088,4,1.3044469118118287,0.07769435673569941,0.029171823811828812,1.3265690803527832,1.3358936309814453,1.4049296379089355,1.2461912631988525,1.2086509466171265
H46Q,46,0.720920373,3,0.9366640090942383,0.07578604734597888,0.2157436360942383,0.9365732669830322,0.8959740400314331,1.0400636196136475,0.9711815118789673,0.8395276069641113
H46R,46,0.7054580579999999,3,0.515062665939331,0.11319474558642854,0.1903953920606689,0.594011127948761,0.6590701937675476,0.5085460543632507,0.4270383417606354,0.38664761185646057
H46S,46,1.337112515,0,0.8630005955696106,0.09424635411301235,0.47411191943038944,0.9177175760269165,0.711750328540802,0.8987520933151245,0.9505470991134644,0.8362358808517456
H46V,46,0.7818282529999999,4,0.7291113376617432,0.07623333692533683,0.05271691533825673,0.8203091621398926,0.6592966914176941,0.6418003439903259,0.7734442949295044,0.7507061958312988
H46P,46,0.840881117,2,0.793877363204956,0.02972110874485624,0.04700375379504396,0.7980827689170837,0.8250023722648621,0.7447609305381775,0.8052130341529846,0.7963277101516724
H46Y,46,0.850615828,2,0.9827018141746521,0.10648230129148867,0.13208598617465206,1.0756925344467163,1.1146860122680664,0.8695177435874939,0.9374738335609436,0.9161389470100403
H46W,46,0.998770321,3,0.7337330341339111,0.04347867550004045,0.26503728686608885,0.8034093976020813,0.7294391989707947,0.6886786222457886,0.7085384726524353,0.7385994791984558
Q47W,47,0.961118932,4,0.9184556722640991,0.029902177578958133,0.042663259735900905,0.8919452428817749,0.9121065735816956,0.9243503212928772,0.8970443606376648,0.9668318629264832
Q47V,47,1.334619866,0,1.0071890354156494,0.059448624228908176,0.3274308305843505,1.0907292366027832,0.944898247718811,1.0364593267440796,0.9580066204071045,1.0058517456054688
Q47T,47,0.944877224,1,0.9949276924133301,0.060355164916650196,0.05005046841333016,1.025890827178955,0.8903558254241943,0.9999715089797974,1.0414775609970093,1.0169427394866943
Q47S,47,0.8537238000000001,2,0.955536687374115,0.02653398344297777,0.10181288737411487,0.9925974607467651,0.9193263649940491,0.9562937021255493,0.9466813802719116,0.9627845287322998
Q47R,47,0.941794178,0,0.944919204711914,0.01669234273521578,0.0031250267119140585,0.9199128150939941,0.9501389265060425,0.9385207295417786,0.9642648100852966,0.9517587423324585
Q47P,47,1.169366183,3,1.1222139120101928,0.07306327086057468,0.04715227098980712,1.1451843976974487,1.2184967994689941,1.0769535303115845,1.143393635749817,1.0270411968231201
Q47N,47,0.957887449,3,0.9710901856422425,0.09540244406941203,0.013202736642242474,0.9851604700088501,0.8924335837364197,0.9591158628463745,1.1254470348358154,0.8932939767837524
Q47I,47,1.231264242,3,1.204546070098877,0.11908190557678516,0.02671817190112291,1.2533804178237915,1.2483834028244019,1.2085610628128052,1.3106780052185059,1.0017274618148804
Q47G,47,0.911907837,3,0.9606624484062195,0.06916993543385205,0.048754611406219506,0.9102956652641296,1.0235081911087036,0.8754256963729858,0.9600321054458618,1.0340505838394165
Q47F,47,0.940662211,3,1.0284549832344054,0.04580104098259137,0.0877927722344054,1.019608497619629,1.0822434425354004,0.9841942191123962,1.069709062576294,0.9865196943283081
Q47E,47,0.975376145,1,0.8860291123390198,0.09299030211644882,0.08934703266098021,0.791709303855896,0.9216312766075134,1.024683952331543,0.8777220249176025,0.814399003982544
Q47D,47,0.841561683,4,1.0413389086723328,0.09488248210327589,0.1997772256723328,1.074785590171814,1.170560359954834,1.05741286277771,0.9832819104194641,0.9206538200378418
Q47C,47,0.8947847659999999,1,1.0565138101577758,0.0958459659462334,0.1617290441577759,0.9424246549606323,1.1736972332000732,0.9762656688690186,1.112140417098999,1.0780410766601562
Q47L,47,1.12535277,3,1.095184326171875,0.05181818329587097,0.03016844382812489,1.0807851552963257,1.176713466644287,1.0500868558883667,1.1125376224517822,1.0557985305786133
L48E,48,0.712804489,2,0.6182176828384399,0.054829421753832784,0.09458680616156012,0.6906000971794128,0.5656462907791138,0.5745315551757812,0.660392701625824,0.5999177694320679
L48D,48,0.689198056,4,0.7785346746444702,0.06671211114197696,0.08933661864447029,0.7605919241905212,0.799229621887207,0.8815360069274902,0.7050348520278931,0.7462809681892395
L48G,48,0.980042121,2,0.6836515069007874,0.09157752932866328,0.29639061409921263,0.6908754110336304,0.6760690212249756,0.5671511292457581,0.8228143453598022,0.6613476276397705
L48I,48,1.316973403,1,0.924075984954834,0.05057106450599473,0.392897418045166,0.884088933467865,1.011441707611084,0.8970069885253906,0.9084886312484741,0.9193536639213562
L48R,48,0.6764069540000001,3,0.8203302025794983,0.015611522965749908,0.14392324857949823,0.8232557773590088,0.8438475131988525,0.8187053799629211,0.800757110118866,0.815085232257843
L48S,48,0.843976425,0,0.7993143200874329,0.022536670465919947,0.04466210491256717,0.7803359031677246,0.7871076464653015,0.8220020532608032,0.825603723526001,0.781522274017334
L48T,48,0.872198448,2,0.9177716970443726,0.04339247601997423,0.045573249044372544,0.9206151366233826,0.8607507348060608,0.975084125995636,0.8940398097038269,0.9383686780929565
L48V,48,0.959243928,3,1.0399707913398744,0.0936594524502201,0.08072686333987433,0.9503270387649536,0.9991436004638672,0.9919068217277527,1.0694971084594727,1.1889793872833252
L48F,48,0.35962388,3,1.0592366456985474,0.07492329883700909,0.6996127656985474,0.994841456413269,1.0181279182434082,1.1845214366912842,1.0683910846710205,1.0303013324737549
L49C,49,0.6054252139999999,4,0.8875078558921814,0.03400693840848047,0.28208264189218146,0.8946160078048706,0.848930835723877,0.8776297569274902,0.8755101561546326,0.9408525228500366
L49E,49,0.355394114,1,0.54986492395401,0.06714696902221982,0.19447080995401,0.606387197971344,0.5985943675041199,0.46577128767967224,0.5901286005973816,0.48844316601753235
L49G,49,0.530239986,1,0.4724028527736664,0.06166652718870737,0.057837133226333604,0.39177069067955017,0.4756149649620056,0.4341599941253662,0.5467828512191772,0.5136857628822327
L49Y,49,0.720999367,2,0.5810782194137574,0.07802993902216437,0.13992114758624263,0.5789304971694946,0.5576508045196533,0.47847241163253784,0.6954583525657654,0.5948790311813354
L49I,49,0.656053098,0,0.7816409826278686,0.029547585599066024,0.12558788462786863,0.7710785865783691,0.7455560564994812,0.7826729416847229,0.8272204399108887,0.7816768884658813
L49K,49,0.666656115,3,0.508051186800003,0.0743425655890128,0.15860492819999694,0.5604858994483948,0.549938976764679,0.38149723410606384,0.5010590553283691,0.5472747683525085
L49R,49,0.413288282,0,0.5637378334999085,0.04192610989743313,0.15044955149990846,0.5764621496200562,0.5847249627113342,0.6154419183731079,0.5136949419975281,0.5283651947975159
L49Q,49,0.8981242759999999,4,0.5414735794067382,0.056961991186635606,0.35665069659326165,0.48793405294418335,0.5244897603988647,0.49963653087615967,0.6273267865180969,0.5679807662963867
L49S,49,0.79038249,1,0.5526448845863342,0.06162813236947329,0.23773760541366584,0.6044830083847046,0.5444550514221191,0.46916013956069946,0.6209090948104858,0.5242171287536621
L49W,49,0.733150179,2,0.44572084546089175,0.103257790095995,0.28742933353910827,0.4997066259384155,0.28530359268188477,0.4009786546230316,0.538218080997467,0.5043972730636597
L49V,49,0.702867558,4,0.7867300510406494,0.022876709533713936,0.08386249304064941,0.780610203742981,0.7634491324424744,0.7833830118179321,0.7811208963394165,0.8250870108604431
L49T,49,0.605786516,2,0.7156224131584168,0.04204879533568593,0.1098358971584168,0.6974419355392456,0.6678569316864014,0.7717545628547668,0.7456426620483398,0.6954159736633301
L49M,49,1.071090665,0,0.8576764464378357,0.048801380621451465,0.21341421856216436,0.7943427562713623,0.8919762372970581,0.8318989872932434,0.8521272540092468,0.9180369973182678
L49A,49,0.650187657,4,0.7425066828727722,0.04585883546308402,0.09231902587277219,0.7512966990470886,0.692111074924469,0.7056485414505005,0.7556775808334351,0.8077995181083679
K50P,50,0.52634904,2,0.7738809823989868,0.055993140353242946,0.2475319423989868,0.8559156656265259,0.7423757910728455,0.7870851755142212,0.778161883354187,0.7058663964271545
K50F,50,0.679435839,0,0.9061723232269288,0.10586869703374217,0.22673648422692871,0.9079252481460571,0.7803183794021606,0.9871460199356079,0.8240448236465454,1.0314271450042725
K50G,50,0.8148306,1,0.9064800500869751,0.03646922322488181,0.09164945008697511,0.9217105507850647,0.930345892906189,0.8925492763519287,0.8491325974464417,0.9386619329452515
K50E,50,1.065826933,3,0.8672527432441711,0.05884455917386003,0.19857418975582897,0.8783936500549316,0.7865474820137024,0.9300618171691895,0.8303471803665161,0.9109135866165161
K50D,50,0.903913639,3,0.813601815700531,0.023776547521445198,0.09031182329946896,0.8485580682754517,0.7985824942588806,0.8061614036560059,0.8257972002029419,0.788909912109375
K50C,50,1.057387703,1,0.7790104389190674,0.034228884035249145,0.27837726408093266,0.8348127603530884,0.7834519147872925,0.760312020778656,0.7712799906730652,0.7451955080032349
K50A,50,0.933160412,3,0.7782301664352417,0.052765156835406085,0.15493024556475832,0.7567758560180664,0.804726779460907,0.8171237707138062,0.695039689540863,0.8174847364425659
K50L,50,0.360642343,0,0.8891621589660644,0.03765164754860149,0.5285198159660645,0.8776561617851257,0.835500955581665,0.8837960362434387,0.9328669309616089,0.9159907102584839
K50M,50,1.021469131,3,0.580864417552948,0.1196304144914787,0.4406047134470519,0.6900522708892822,0.5347589254379272,0.6254379749298096,0.39396440982818604,0.6601085066795349
K50H,50,0.293793344,4,0.9757120132446289,0.07271811755586514,0.6819186692446289,0.9268928170204163,0.9591782093048096,1.0507773160934448,0.8908150792121887,1.0508966445922852
K50R,50,0.850066366,0,0.9651029706001282,0.07403043187657958,0.11503660460012821,0.9706922769546509,0.8843079209327698,1.0840611457824707,0.9319406151771545,0.954512894153595
K50N,50,1.013310961,1,0.6983147144317627,0.04624307927299953,0.3149962465682372,0.6831613183021545,0.6995277404785156,0.6968820095062256,0.6419607400894165,0.7700417637825012
K50V,50,0.812352128,4,0.941547155380249,0.012002306294118975,0.12919502738024902,0.9277928471565247,0.9605294466018677,0.9374657869338989,0.9431415796279907,0.9388061165809631
K50W,50,0.775976722,1,0.7774081230163574,0.05926545632268141,0.0014314010163574142,0.8350862860679626,0.8075796365737915,0.7434424161911011,0.6904366612434387,0.8104956150054932
K50Y,50,0.978434977,3,0.5837942242622376,0.06922760726062091,0.39464075273776245,0.6726365685462952,0.6247134804725647,0.5586837530136108,0.4896593689918518,0.5732779502868652
K50S,50,0.942563815,4,0.8941112875938415,0.059300594148364194,0.04845252740615846,0.946724534034729,0.909648060798645,0.9057978391647339,0.7920110821723938,0.916374921798706
K50I,50,0.647143979,3,0.7071312308311463,0.08371538224912203,0.05998725183114628,0.73554527759552,0.8282780051231384,0.702247142791748,0.6027021408081055,0.6668835878372192
K51R,51,1.157886354,2,0.9283223152160645,0.042334704718615744,0.2295640387839355,0.9533092975616455,0.8845388889312744,0.9325683116912842,0.8881439566612244,0.9830511212348938
K51P,51,0.8370651440000001,1,0.5891121923923492,0.08627638408115827,0.24795295160765085,0.7068195939064026,0.5678051114082336,0.6447683572769165,0.5331742167472839,0.49299368262290955
K51S,51,0.957963043,4,1.0118648171424867,0.1324296655381026,0.05390177414248665,1.034976840019226,1.074643611907959,1.1063683032989502,0.7794123291969299,1.0639230012893677
K51T,51,1.137022857,3,0.9720349788665772,0.07049229214156223,0.16498787813342286,0.8747031688690186,0.9246947765350342,1.0264909267425537,1.0408828258514404,0.9934031963348389
K51V,51,0.990520409,4,1.017133355140686,0.11435499690382053,0.02661294614068599,0.9529116749763489,1.024327039718628,1.1079996824264526,0.8600305914878845,1.1403977870941162
K51W,51,0.791602648,0,0.7579408407211303,0.07640982176353307,0.03366180727886969,0.6651037335395813,0.7855413556098938,0.8183698058128357,0.6885459423065186,0.8321433663368225
K51L,51,1.29619135,3,0.9226344704627991,0.05622410648486591,0.37355687953720085,0.869949460029602,0.8554704189300537,0.9435053467750549,0.9686633348464966,0.9755837917327881
K51H,51,1.149210114,2,0.8668305993080139,0.08074674166397804,0.2823795146919861,0.8084700107574463,0.9746467471122742,0.8419647216796875,0.7833696603775024,0.9257018566131592
K51A,51,0.941761634,4,1.0067416071891784,0.07138073169707876,0.06497997318917836,0.9966349601745605,1.0416203737258911,1.073670506477356,0.8888558745384216,1.032926321029663
K51E,51,1.1325583,2,0.22452723383903503,0.0740989449332648,0.9080310661609649,0.2972661256790161,0.30006060004234314,0.1920468807220459,0.20667827129364014,0.12658429145812988
K51G,51,0.755564527,0,0.900322949886322,0.05356321519603184,0.144758422886322,0.9525222182273865,0.8266474008560181,0.9216176867485046,0.8625340461730957,0.9382933974266052
K51M,51,0.59313058,2,0.9907929062843323,0.04176307417369293,0.3976623262843323,1.024312973022461,1.036739468574524,0.9340647459030151,0.9909417629241943,0.967905580997467
K51D,51,-0.281478786,1,1.0652358770370483,0.05267269611606045,1.3467146630370483,1.0382784605026245,0.9962848424911499,1.1283774375915527,1.058241844177246,1.1049968004226685
H52S,52,0.912434626,4,0.9686987161636352,0.05659632126034316,0.056264090163635205,0.9931920766830444,1.0339910984039307,0.9013246297836304,0.9972367286682129,0.9177490472793579
H52A,52,0.491713216,0,0.8171773791313172,0.01669840281251277,0.32546416313131715,0.8103744387626648,0.8320848941802979,0.8222224116325378,0.7914332747459412,0.829771876335144
H52R,52,1.254600401,2,0.8031314849853516,0.02950730270749613,0.45146891601464845,0.8242059946060181,0.8141565918922424,0.7671500444412231,0.8334875106811523,0.7766572833061218
H52G,52,0.84376967,0,0.8893269419670105,0.03600396910479255,0.045557271967010426,0.8561322093009949,0.9356962442398071,0.8497582674026489,0.8994307518005371,0.9056172370910645
H52I,52,1.007934511,2,0.6017350673675537,0.049281002029328266,0.4061994436324463,0.5555188655853271,0.6110401749610901,0.6412258148193359,0.6548929214477539,0.5459975600242615
H52M,52,0.7372655779999999,1,1.0418039560317993,0.08023748429745545,0.3045383780317994,1.0138943195343018,1.020311951637268,1.026048183441162,1.1795976161956787,0.9691677093505859
H52W,52,0.853687775,0,0.8484682559967041,0.06282616371898221,0.00521951900329598,0.7769193053245544,0.9470410346984863,0.8179952502250671,0.8532019853591919,0.8471837043762207
H52V,52,0.739201665,4,0.8222819685935974,0.021995987867860937,0.08308030359359742,0.8328319191932678,0.8491299748420715,0.8251286745071411,0.7902169227600098,0.8141023516654968
H52T,52,0.954168922,2,0.7241707921028138,0.0335228646821847,0.22999812989718627,0.6799859404563904,0.7531628012657166,0.7286927103996277,0.7580098509788513,0.7010026574134827
H52E,52,1.095555812,3,0.94332515001297,0.035990455976087424,0.15223066198702995,0.9505532383918762,0.9219562411308289,1.00287663936615,0.9275093674659729,0.913730263710022
H52D,52,1.011702503,0,0.963616943359375,0.06508538994843033,0.048085559640625,0.8832228779792786,1.0211808681488037,0.9509063959121704,0.9249315857887268,1.0378429889678955
L53Y,53,0.8412637759999999,4,1.0080209136009217,0.04184052519344945,0.1667571376009218,0.981257975101471,1.0337885618209839,0.9485841989517212,1.0497163534164429,1.0267574787139893
L53N,53,0.349066958,3,0.5963819622993469,0.06579258530362868,0.24731500429934694,0.6704034209251404,0.5565721392631531,0.5655813217163086,0.5264996290206909,0.6628533005714417
L53P,53,0.346569832,4,0.5459934592247009,0.08597852668827588,0.19942362722470086,0.440998911857605,0.55950927734375,0.6760149598121643,0.5456209182739258,0.5078232288360596
L53D,53,0.617742528,0,0.6919626355171203,0.03576855873900624,0.07422010751712038,0.7384158372879028,0.7190258502960205,0.6619958877563477,0.6839890480041504,0.6563865542411804
L53E,53,0.7725272470000001,3,0.685258662700653,0.04429704212843121,0.08726858429934703,0.7133118510246277,0.7081144452095032,0.6069916486740112,0.6944887042045593,0.703386664390564
L53Q,53,0.678553448,2,0.7009663105010986,0.04771766546177829,0.02241286250109864,0.778829038143158,0.6837387084960938,0.6492969989776611,0.6920903921127319,0.7008764147758484
L53F,53,1.086079668,1,0.9200872898101806,0.06396813222372068,0.16599237818981938,1.0279549360275269,0.8828501105308533,0.8812422156333923,0.9299972653388977,0.8783919215202332
L53R,53,0.671531113,0,0.6875184535980224,0.03577694191664115,0.015987340598022426,0.6810482144355774,0.7185084819793701,0.7294026017189026,0.6632240414619446,0.6454089283943176
L53S,53,0.904681987,0,0.8197897553443909,0.05537214752279639,0.08489223165560911,0.7880063056945801,0.8198720812797546,0.7810686826705933,0.9153131246566772,0.7946885824203491
L53G,53,0.806383121,4,0.5453765571117402,0.08981867656863964,0.2610065638882598,0.41249433159828186,0.6542583107948303,0.5696291923522949,0.5781779289245605,0.5123230218887329
L53H,53,0.7858623709999999,0,0.7127498626708985,0.04821621325030353,0.07311250832910143,0.6625996828079224,0.6952286958694458,0.7927383184432983,0.7053318619728088,0.7078507542610168
L53T,53,0.7311712440000001,2,0.8879338502883911,0.05587613554463355,0.156762606288391,0.8649102449417114,0.940108060836792,0.9554442167282104,0.8377306461334229,0.8414760828018188
L53V,53,0.8866727390000001,0,0.8592504382133483,0.0502322262712788,0.027422300786651754,0.8775091171264648,0.8129061460494995,0.9356926679611206,0.8177611827850342,0.8523830771446228
L53W,53,1.03111966,2,0.8203769803047181,0.029739607778174103,0.21074267969528204,0.7765307426452637,0.8405481576919556,0.8082317113876343,0.8238069415092468,0.8527673482894897
L53M,53,1.132795715,0,0.883801794052124,0.06454428785190797,0.2489939209478761,0.7876698970794678,0.8798446655273438,0.9362357258796692,0.9495938420295715,0.8656648397445679
L53K,53,0.607608611,0,0.5509644031524659,0.10186684964269288,0.0566442078475341,0.5807008743286133,0.6016168594360352,0.6616014242172241,0.5169798135757446,0.3939230442047119
L53C,53,0.723469875,0,0.8563629984855652,0.07526265939177197,0.13289312348556515,0.9091049432754517,0.8325717449188232,0.9046229124069214,0.7340905666351318,0.9014248251914978
L53I,53,1.007460909,1,0.944640600681305,0.05284450354223863,0.062820308318695,1.0037506818771362,0.8987701535224915,0.8921046257019043,0.9962257146835327,0.93235182762146
D54S,54,1.098083091,3,0.835977303981781,0.05809644247366595,0.26210578701821885,0.7349207401275635,0.8462480306625366,0.8807071447372437,0.8668006062507629,0.8512099981307983
D54T,54,1.300242284,3,0.7856872200965881,0.062372109623866294,0.514555063903412,0.7152565121650696,0.7992266416549683,0.7675842642784119,0.8835065364837646,0.7628621459007263
D54R,54,0.554731128,4,0.8188979148864746,0.03150354595888932,0.26416678688647455,0.8427689671516418,0.847052276134491,0.8191489577293396,0.7678506374359131,0.8176687359809875
D54P,54,1.119669044,1,1.0468259692192077,0.14114766336758577,0.07284307478079222,1.0522925853729248,1.0369300842285156,1.2547147274017334,0.8566450476646423,1.0335474014282227
D54M,54,0.354271984,0,0.8583034634590149,0.061693285015811755,0.5040314794590148,0.7906041741371155,0.9035630226135254,0.9151569604873657,0.7922695875167847,0.8899235725402832
D54L,54,0.820952769,0,0.720044982433319,0.06773524426720648,0.10090778656668098,0.6812393069267273,0.833979606628418,0.683746337890625,0.6706816554069519,0.7305780053138733
D54K,54,0.738426135,1,0.673106050491333,0.06873207528557074,0.065320084508667,0.7469481229782104,0.6915163397789001,0.6189668774604797,0.5853201150894165,0.7227787971496582
D54G,54,0.876155177,3,0.819191324710846,0.060839219952166144,0.056963852289154016,0.7519271969795227,0.8233374357223511,0.8956502676010132,0.8590452075004578,0.765996515750885
D54F,54,0.702349071,2,0.6652506470680237,0.0484867896669222,0.037098423931976265,0.6386048197746277,0.6872599124908447,0.618716835975647,0.7394921183586121,0.642179548740387
D54A,54,0.892217997,3,0.8827304482460022,0.01676447413479248,0.009487548753997821,0.882634699344635,0.8579432368278503,0.8928602337837219,0.9023204445838928,0.8778936266899109
D54W,54,0.799171925,3,0.7196208596229553,0.047135893835294485,0.0795510653770447,0.6616895198822021,0.7135649919509888,0.7843027710914612,0.7448710203170776,0.6936759948730469
D54E,54,0.609995168,2,0.9537582755088806,0.06098660521084172,0.3437631075088806,0.9939084649085999,0.8573812246322632,1.004148244857788,0.983329176902771,0.930024266242981
D54I,54,0.501069878,4,0.6801642298698425,0.061031187268081,0.17909435186984246,0.7492528557777405,0.7378793954849243,0.6577245593070984,0.6074216365814209,0.6485427021980286
T55A,55,0.984158144,3,0.8788310527801514,0.051726348692173546,0.10532709121984862,0.8254996538162231,0.9600110054016113,0.8454939723014832,0.8731606006622314,0.8899900317192078
T55Y,55,0.563126824,3,0.783506429195404,0.09261594494366714,0.220379605195404,0.6552602648735046,0.8714529871940613,0.8540168404579163,0.8168835639953613,0.7199184894561768
T55V,55,0.93984946,4,0.8956010341644287,0.04482973427252547,0.044248425835571314,0.9059146642684937,0.8869231939315796,0.8394066095352173,0.8828116059303284,0.9629490971565247
T55R,55,0.426209846,0,0.8379035592079163,0.05602556619515456,0.41169371320791626,0.7787158489227295,0.930756688117981,0.8317670822143555,0.8214942812919617,0.8267838954925537
T55N,55,0.859149402,4,0.6788632273674011,0.09903716507074553,0.18028617463259888,0.6412337422370911,0.8180051445960999,0.6698899865150452,0.5486450791358948,0.7165421843528748
T55M,55,0.963160502,1,0.9712795615196228,0.04125579461727994,0.008119059519622773,1.0045515298843384,1.0020743608474731,0.9900362491607666,0.9519035220146179,0.907832145690918
T55L,55,0.973260919,3,0.861968457698822,0.058301333802004744,0.11129246130117798,0.7965923547744751,0.9371205568313599,0.9021676778793335,0.8168615698814392,0.8571001291275024
T55K,55,0.977485229,4,0.6305331110954284,0.02519318032755743,0.3469521179045716,0.6477957963943481,0.609855055809021,0.6605644226074219,0.6339152455329895,0.6005350351333618
T55G,55,0.798255064,1,0.9542632222175598,0.04086072401631687,0.15600815821755976,0.9153698086738586,1.0080859661102295,0.9128004312515259,0.9774706363677979,0.9575892686843872
T55F,55,0.866474593,4,0.6058548927307129,0.0832360715926958,0.26061970026928705,0.6058517098426819,0.7474976778030396,0.5838028192520142,0.5434713959693909,0.548650860786438
T55E,55,0.6086250670000001,2,0.6991681694984436,0.088913641570563,0.09054310249844355,0.7083736062049866,0.7981459498405457,0.6020485162734985,0.7718916535377502,0.615381121635437
T55D,55,0.922244037,4,0.719247567653656,0.061453365325964286,0.20299646934634397,0.6725841164588928,0.800003170967102,0.6824796199798584,0.6703278422355652,0.7708430886268616
T55S,55,1.047032369,1,0.9400267958641052,0.033855689220711194,0.10700557313589487,0.9402182102203369,0.9120241403579712,0.9976003170013428,0.9205067753791809,0.9297845363616943
T55C,55,0.877225892,0,0.9484718441963196,0.0414144384948175,0.07124595219631957,0.9763820767402649,0.9709762334823608,0.9865685701370239,0.8940499424934387,0.9143823981285095
F56D,56,0.792125512,0,0.8332180976867676,0.02737569095489332,0.041092585686767547,0.8490890264511108,0.7909420728683472,0.8524303436279297,0.8200278282165527,0.8536012172698975
F56Y,56,1.078607302,2,0.8616378426551818,0.053932016488578864,0.21696945934481815,0.9148226976394653,0.785182535648346,0.895038902759552,0.826625406742096,0.8865196704864502
F56W,56,0.917436192,0,0.9009987711906433,0.030338630989369914,0.01643742080935673,0.8977580070495605,0.8869252800941467,0.8815065622329712,0.8846467137336731,0.954157292842865
F56G,56,0.780489233,2,0.5654681384563446,0.07080237155602259,0.21502109454365537,0.5655285120010376,0.6348938941955566,0.47116658091545105,0.5229610204696655,0.6327906847000122
F56T,56,0.826268323,1,0.6438511967658996,0.029640599612426162,0.18241712623410034,0.6306593418121338,0.6780132055282593,0.6002724170684814,0.6521134972572327,0.6581975221633911
F56S,56,0.844496397,1,0.7091266989707947,0.06269346945635264,0.1353696980292053,0.718738853931427,0.7737208604812622,0.6502532362937927,0.7642036080360413,0.6387169361114502
F56V,56,0.991266483,3,0.8459899187088012,0.03170791861372392,0.14527656429119873,0.7974538803100586,0.8380210399627686,0.8785818815231323,0.8692195415496826,0.8466732501983643
F56P,56,0.6002267020000001,0,0.6371992826461792,0.08155758975737351,0.03697258064617914,0.657122790813446,0.5372321009635925,0.7449317574501038,0.5773844718933105,0.6693252921104431
F56L,56,0.974693583,3,0.9432411313056945,0.050417118071218306,0.03145245169430544,0.8700196743011475,0.9978857040405273,0.9618773460388184,0.9703483581542969,0.9160745739936829
F56K,56,1.197611178,2,0.8426596641540527,0.052727509841796395,0.35495151384594736,0.8827448487281799,0.8061350584030151,0.8399578928947449,0.7783075571060181,0.9061529636383057
F56H,56,0.8152670209999999,4,1.0092795848846436,0.09335455164550933,0.19401256388464372,0.9788414239883423,1.1623401641845703,0.9743129014968872,0.9132893085479736,1.0176141262054443
F56A,56,0.180895976,4,0.8371039509773255,0.06066815678084782,0.6562079749773255,0.7894283533096313,0.8891168236732483,0.8415442705154419,0.763123631477356,0.9023066759109497
F56C,56,0.910840683,3,0.9236546993255615,0.08043317041861738,0.012814016325561561,0.8999587893486023,0.8065177798271179,0.9337627291679382,1.0274147987365723,0.9506193995475769
F56R,56,0.916572659,4,1.0165255784988403,0.08167255437148475,0.09995291949884033,1.0154485702514648,1.1272155046463013,0.9685426950454712,0.9142028093338013,1.057218313217163
L57Y,57,0.793296135,4,0.7696838617324829,0.038533614464875174,0.023612273267517025,0.7581020593643188,0.7764889001846313,0.7369375824928284,0.743821382522583,0.833069384098053
L57T,57,0.6827096509999999,1,0.8265133619308471,0.04753064065599353,0.1438037109308472,0.7986069917678833,0.8088348507881165,0.7831684350967407,0.9034768342971802,0.8384796977043152
L57G,57,0.933711966,1,0.750468647480011,0.049819063521783745,0.18324331851998898,0.691556990146637,0.7774401903152466,0.7031474113464355,0.7768851518630981,0.8033134937286377
K58Y,58,0.944194847,1,1.051841151714325,0.06143063079366579,0.1076463047143249,1.0667810440063477,0.9778735041618347,1.0340704917907715,1.0348522663116455,1.1456284523010254
K58V,58,1.27025817,1,0.8907445192337036,0.06248203478605653,0.3795136507662964,0.8919748663902283,0.9313441514968872,0.9165014028549194,0.7827258706092834,0.9311763048171997
K58T,58,1.129904768,1,1.1591357231140136,0.08737650991553512,0.029230955114013524,1.1167633533477783,1.0706173181533813,1.2210839986801147,1.1078935861587524,1.2793203592300415
K58L,58,0.755796082,4,1.0403087377548217,0.097937779290304,0.28451265575482165,1.154464840888977,1.0683677196502686,1.0954017639160156,0.9096560478210449,0.9736533164978027
K58R,58,1.158716747,2,0.9335404515266419,0.030597607817986726,0.22517629547335805,0.9356381297111511,0.9304173588752747,0.8893608450889587,0.9366863965988159,0.9755995273590088
K58E,58,1.19584621,0,1.0336235523223878,0.04272166217934735,0.16222265767761224,0.992653489112854,0.9862949848175049,1.085188627243042,1.0569090843200684,1.0470715761184692
K58S,58,1.110781224,4,1.0306211948394775,0.043730002755315536,0.08016002916052245,1.0540878772735596,1.068312644958496,1.0472874641418457,0.9572718143463135,1.0261461734771729
G59T,59,0.885129618,0,0.7604304552078247,0.052352902638009666,0.1246991627921753,0.8146030902862549,0.7394702434539795,0.6799746751785278,0.7843690514564514,0.7837352156639099
G59S,59,0.519310602,2,0.8485698461532593,0.08387940525142212,0.32925924415325925,0.7510063052177429,0.9541926383972168,0.8774302005767822,0.8846707940101624,0.7755492925643921
G59R,59,0.846962763,2,0.7523009061813355,0.06490097006949015,0.09466185681866446,0.7021533846855164,0.7128003239631653,0.8240289688110352,0.8223673701286316,0.7001544833183289
G59P,59,0.971478478,1,1.0133599400520326,0.0586841763995401,0.04188146205203258,0.9330186247825623,1.0307748317718506,0.9885812997817993,1.0214545726776123,1.092970371246338
G59M,59,1.128275454,3,0.8980308651924134,0.09377752766490724,0.23024458880758658,0.9492007493972778,0.8144344091415405,1.0249217748641968,0.9008342623710632,0.8007631301879883
G59L,59,0.947860255,0,0.7606758356094361,0.03657253302717331,0.18718441939056396,0.7401435375213623,0.7149673104286194,0.8099235892295837,0.7807834148406982,0.7575613260269165
G59K,59,0.575804993,4,0.9548709630966187,0.08659515411141062,0.3790659700966187,1.087094783782959,0.874260663986206,0.9744114279747009,0.8799210786819458,0.9586668610572815
G59H,59,0.332659803,0,0.6738637208938598,0.05319414855377494,0.34120391789385984,0.6841265559196472,0.6891224980354309,0.6257587671279907,0.6203047037124634,0.7500060796737671
G59E,59,1.350505474,4,0.9173773527145386,0.06832661662370668,0.4331281212854614,0.946391224861145,0.8672739863395691,1.004218578338623,0.8314971923828125,0.9375057816505432
G59D,59,1.030494363,2,1.0489055395126343,0.07205657700051332,0.018411176512634242,1.0424537658691406,1.09743332862854,1.118024468421936,0.932429313659668,1.0541868209838867
G59A,59,0.965397077,0,0.920753276348114,0.06508817821029667,0.044643800651886,0.8551484942436218,0.9888032674789429,0.8843748569488525,0.8824388980865479,0.993000864982605
G59V,59,0.858239348,3,0.9415398716926575,0.060761618519375296,0.0833005236926575,0.9555127024650574,0.8436022996902466,1.0087134838104248,0.9371365308761597,0.9627343416213989
G59I,59,0.7454354990000001,4,0.8760112524032593,0.07653167057634326,0.13057575340325922,0.9698328971862793,0.8029648661613464,0.9136102199554443,0.7912694215774536,0.9023788571357727
G59Y,59,0.755329831,4,0.7718260526657105,0.05047486499970104,0.01649622166571052,0.817442774772644,0.7480399012565613,0.7571896314620972,0.8286610841751099,0.7077968716621399
G59C,59,0.8221077840000001,4,0.7410815834999085,0.10604496149599275,0.08102620050009157,0.8793370127677917,0.7265900373458862,0.6276363730430603,0.815717339515686,0.6561271548271179
K60H,60,1.055516634,0,1.007682168483734,0.07046763618851576,0.04783446551626591,1.0875296592712402,0.9283269047737122,1.041795015335083,0.938286304473877,1.0424729585647583
K60F,60,1.2821095809999998,4,0.722361159324646,0.0410200357799247,0.5597484216753539,0.6857524514198303,0.7115122079849243,0.7924507260322571,0.7038331627845764,0.7182572484016418
K60E,60,0.512605934,0,0.8577833533287048,0.031376741658994727,0.3451774193287048,0.8821940422058105,0.8305953741073608,0.820182740688324,0.8916459679603577,0.8642986416816711
K60D,60,0.8001330190000001,3,0.6770296096801758,0.062232938974524414,0.12310340931982433,0.706689178943634,0.6894395351409912,0.7384256720542908,0.6769496202468872,0.5736440420150757
K60C,60,1.095812992,2,1.0399542450904846,0.10572737264774147,0.05585874690951531,0.8797767758369446,1.174985408782959,1.0433387756347656,1.0338847637176514,1.0677855014801025
K60A,60,0.8235206979999999,4,0.8820112705230713,0.056851653115199866,0.05849057252307133,0.8268632888793945,0.8547143936157227,0.9152837991714478,0.8481765389442444,0.9650183320045471
K60I,60,0.7367924029999999,2,0.9171191453933716,0.06295142120391072,0.18032674239337165,1.021946907043457,0.8657116889953613,0.8785932660102844,0.8919974565505981,0.927346408367157
K60G,60,0.7894395209999999,2,0.8434037804603577,0.04859866809279431,0.053964259460357766,0.8290725350379944,0.8857052326202393,0.835425615310669,0.7734534740447998,0.8933620452880859
K60Y,60,0.973068278,1,0.9707539916038513,0.05988145112888334,0.0023142863961486126,1.0208048820495605,0.9736886620521545,0.8684425354003906,1.003940224647522,0.9868936538696289
K60T,60,1.097305112,2,0.9140298366546631,0.05888662968764015,0.18327527534533683,0.9267949461936951,1.0081596374511719,0.8552054166793823,0.9007527232170105,0.8792364597320557
K60S,60,0.980605921,0,1.024917483329773,0.04665023743777175,0.04431156232977296,1.0505666732788086,1.0651910305023193,0.9454245567321777,1.0290626287460327,1.0343425273895264
K60R,60,1.080414305,2,1.0074796795845031,0.046853451229004445,0.07293462541549678,1.0443806648254395,0.9513105154037476,0.9841002225875854,1.0662755966186523,0.9913313984870911
K60Q,60,1.099253934,2,1.0252976417541504,0.06136729181511206,0.07395629224584965,1.0552515983581543,1.0935134887695312,0.9296369552612305,1.0374412536621094,1.0106449127197266
K60P,60,0.666364396,2,0.9186588764190674,0.06101561984423961,0.25229448041906744,0.9099777936935425,0.975968599319458,0.9485334753990173,0.9408807754516602,0.8179337382316589
K60N,60,1.083521014,0,0.9838985562324524,0.019618672746011357,0.09962245776754763,0.9899344444274902,0.9922468662261963,0.9588415026664734,0.9698877334594727,1.0085822343826294
K60V,60,1.029090818,4,0.8160048961639405,0.029741712719589655,0.21308592183605957,0.7890569567680359,0.7919154763221741,0.8214690685272217,0.8146722912788391,0.8629106879234314
K60L,60,0.893988894,4,0.7193894386291504,0.03127730420719963,0.17459945537084964,0.7162120938301086,0.729308545589447,0.733506977558136,0.667803168296814,0.7501164078712463
S61I,61,0.954422222,4,0.896353542804718,0.18071271405928727,0.058068679195282025,1.1739776134490967,0.7202531099319458,0.9750990867614746,0.8130198121070862,0.7994180917739868
S61P,61,1.002031287,0,1.0362132668495179,0.048889505831294165,0.03418197984951776,0.9919996857643127,1.0102206468582153,1.0446027517318726,1.116867184638977,1.0173760652542114
S61T,61,1.156564747,2,1.0527966022491455,0.07746887113073514,0.1037681447508545,0.9284365177154541,1.1362309455871582,1.0819611549377441,1.0768327713012695,1.0405216217041016
S61K,61,0.658725336,3,0.7029069900512696,0.08485241086222708,0.0441816540512695,0.6672503352165222,0.6163539886474609,0.8218211531639099,0.6502827405929565,0.758826732635498
S61Q,61,0.663943347,1,1.084281849861145,0.0585877734476873,0.42033850286114505,1.0800364017486572,1.1254322528839111,1.1523046493530273,1.0011038780212402,1.0625320672988892
S61E,61,1.4149935059999998,3,0.9609751105308533,0.055396928298098974,0.4540183954691466,0.964389979839325,0.897739052772522,1.0310758352279663,0.9152282476425171,0.996442437171936
S61C,61,1.302534354,2,0.6832603335380554,0.11548395220745881,0.6192740204619447,0.6371020674705505,0.8354302644729614,0.6782762408256531,0.525667667388916,0.739825427532196
S61A,61,1.201722251,0,0.9535086274147033,0.029863121907828246,0.24821362358529675,0.950316309928894,0.9099377393722534,0.9566330313682556,0.9939918518066406,0.9566642045974731
S61M,61,0.83244257,3,0.912584412097931,0.08356507071090519,0.08014184209793096,1.0018852949142456,0.9242774248123169,0.9821912050247192,0.8127288818359375,0.8418392539024353
G62A,62,1.170489569,1,0.898133659362793,0.03326991869775718,0.2723559096372069,0.8681082129478455,0.8916273713111877,0.9312039613723755,0.8653386235237122,0.934390127658844
G62C,62,0.734593884,2,0.9769679546356201,0.1281817328266477,0.2423740706356201,0.9624825716018677,1.1522160768508911,1.002356767654419,0.7921596765518188,0.975624680519104
G62V,62,0.961559112,0,0.8153779983520508,0.029832310482129348,0.14618111364794917,0.8257125020027161,0.8596959114074707,0.7807506918907166,0.8120525479316711,0.7986783385276794
G62N,62,1.284472613,2,0.7482431292533874,0.02679758019497857,0.5362294837466125,0.7052816152572632,0.7791762948036194,0.7536599040031433,0.7484918832778931,0.7546059489250183
G62I,62,0.7041558920000001,3,0.9193068385124207,0.06807117047299154,0.21515094651242062,0.81858229637146,0.9162724018096924,0.975381076335907,0.8978785872459412,0.9884198307991028
G62K,62,0.98400927,2,0.897158408164978,0.05969795054120545,0.086850861835022,0.8290429711341858,0.8454383015632629,0.9488945603370667,0.9623954892158508,0.9000207185745239
G62L,62,0.781516256,1,0.834643292427063,0.04678737583184632,0.05312703642706307,0.9070526361465454,0.8344564437866211,0.7886360883712769,0.798592209815979,0.8444790840148926
G62M,62,1.013717589,0,0.8798485398292542,0.07408430198685793,0.13386904917074594,0.8367539048194885,0.9003719091415405,0.7978857159614563,0.9933282732963562,0.8709028959274292
G62Y,62,0.913438819,2,0.87237389087677,0.030074845449775383,0.04106492812323004,0.8390669822692871,0.9214303493499756,0.8643798232078552,0.8664811849594116,0.8705111145973206
G62P,62,0.653149577,3,1.1543916463851929,0.08891753696780919,0.5012420693851929,1.042978048324585,1.2777466773986816,1.2016276121139526,1.127414584159851,1.122191309928894
G62Q,62,0.826150244,2,1.081077480316162,0.09870657470922206,0.254927236316162,0.9473491907119751,1.1411571502685547,1.1887438297271729,1.0125492811203003,1.1155879497528076
G62R,62,1.13680667,2,0.8210682272911072,0.053917671695941395,0.31573844270889273,0.7798609137535095,0.7931612730026245,0.9112865924835205,0.8303854465484619,0.7906469106674194
G62E,62,0.980127758,2,0.9131252408027649,0.051586003789516305,0.06700251719723505,0.8586359024047852,0.9494871497154236,0.857022225856781,0.96524977684021,0.9352311491966248
G62S,62,0.946978883,3,1.0549535155296326,0.08571619425581965,0.10797463252963257,0.9755691289901733,1.075683832168579,1.170744776725769,0.9646698832511902,1.0880999565124512
G62D,62,0.6158459789999999,3,1.0598050355911255,0.10083720362671117,0.44395905659112556,1.0645372867584229,1.0434505939483643,1.1718775033950806,0.9028621912002563,1.1162976026535034
G62T,62,1.070916216,4,0.9111167907714843,0.051978918008477565,0.15979942522851576,0.9865317344665527,0.935332179069519,0.8508657813072205,0.8834307789802551,0.8994234800338745
G62W,62,0.76968451,0,0.7115202665328979,0.045787018016354604,0.05816424346710214,0.6652558445930481,0.7812096476554871,0.725395143032074,0.7086919546127319,0.6770487427711487
G62H,62,1.007168939,3,0.905100965499878,0.034802148111894915,0.10206797350012209,0.875335693359375,0.9613975286483765,0.8872600793838501,0.8860346078872681,0.91547691822052
G62F,62,0.921558523,2,0.8477452635765076,0.07389304794511423,0.07381325942349237,0.8647185564041138,0.9359545707702637,0.8900655508041382,0.7505183219909668,0.7974693179130554
L63G,63,0.964414283,3,0.7058863520622254,0.056252211883347496,0.2585279309377746,0.6551791429519653,0.7976987957954407,0.6772794127464294,0.6801431179046631,0.7191312909126282
L63F,63,0.98856794,1,0.8067869067192077,0.04851062778919579,0.18178103328079231,0.8163160085678101,0.8770512938499451,0.7674245238304138,0.7548026442527771,0.8183400630950928
L63K,63,0.97377919,0,0.7889003872871398,0.01857618583237942,0.18487880271286017,0.7667039036750793,0.7720173597335815,0.7987455725669861,0.8097756505012512,0.7972594499588013
L63M,63,0.7391207,0,0.9921345949172974,0.05800987609526285,0.2530138949172974,0.9820376038551331,1.034388780593872,1.0672861337661743,0.9476421475410461,0.9293183088302612
L63E,63,0.6753264940000001,3,0.526700097322464,0.07411948024741492,0.14862639667753608,0.6087211966514587,0.4913746118545532,0.4373280107975006,0.5985429286956787,0.49753373861312866
L63I,63,0.8707766220000001,0,0.9582982063293457,0.06812791512607805,0.08752158432934565,1.0651719570159912,0.9647109508514404,0.9187421798706055,0.9589813351631165,0.883884608745575
L63N,63,0.82585862,1,0.7942636013031006,0.03955343558733041,0.0315950186968994,0.8329660296440125,0.832343339920044,0.7747355103492737,0.7910293936729431,0.7402437329292297
L63D,63,0.40452542,2,0.817833399772644,0.05031668524293076,0.413307979772644,0.8082133531570435,0.8776139616966248,0.7703689336776733,0.7706361413002014,0.8623346090316772
L63Q,63,1.188222863,0,0.7757728219032287,0.014858473424571668,0.4124500410967713,0.7602513432502747,0.7929984927177429,0.7884101867675781,0.7750407457351685,0.7621633410453796
L63A,63,0.986422811,3,0.8846898317337036,0.04257341219540826,0.10173297926629632,0.8816426992416382,0.859916090965271,0.828864336013794,0.9289742112159729,0.924051821231842
L63R,63,0.904882515,3,0.9243820667266845,0.03740068340435116,0.019499551726684494,0.930198073387146,0.9735629558563232,0.8947978019714355,0.9428569078445435,0.8804945945739746
L63S,63,0.870823538,3,0.8733905553817749,0.046948474899019876,0.0025670173817748942,0.9104876518249512,0.84620201587677,0.8404766321182251,0.8331570029258728,0.9366294741630554
L63T,63,0.914477088,3,0.8707877993583679,0.050747291822795165,0.04368928864163213,0.9538425803184509,0.8383923768997192,0.826525092124939,0.881263256072998,0.8539156913757324
L63V,63,0.927882715,0,0.9546332836151123,0.04958788985450873,0.02675056861511238,0.9432865977287292,0.8869618773460388,0.9974046945571899,0.936415433883667,1.0090978145599365
L63W,63,0.9589995,3,0.7701690554618835,0.017049604338706108,0.18883044453811648,0.765657901763916,0.7929387092590332,0.7757788896560669,0.7458326816558838,0.7706370949745178
L63Y,63,0.777756612,2,0.8018613934516907,0.05024704529866817,0.024104781451690704,0.8281368613243103,0.7477468252182007,0.7480101585388184,0.8537443280220032,0.8316687941551208
L63C,63,0.6245712720000001,1,0.9729099631309509,0.09515414796100702,0.34833869113095084,0.9134829640388489,0.9757959246635437,0.8466206192970276,1.0615977048873901,1.0670526027679443
R64T,64,0.963537272,2,0.8515151619911194,0.08471872045672821,0.11202211000888052,0.7859618663787842,0.9996025562286377,0.8351354002952576,0.8220045566558838,0.8148714303970337
R64V,64,0.6183485129999999,1,0.5436461448669434,0.06724615666010429,0.07470236813305653,0.521041989326477,0.5018409490585327,0.5341769456863403,0.49992913007736206,0.6612417101860046
R64W,64,0.255655523,3,0.3349954724311829,0.07366038061086837,0.07933994943118289,0.3103988766670227,0.3517797887325287,0.2290676236152649,0.4314103424549103,0.35232073068618774
R64Y,64,0.433379798,1,0.4208952963352203,0.06948540851811219,0.012484501664779657,0.3988698720932007,0.31539106369018555,0.4247523844242096,0.4868726134300232,0.47859054803848267
R64S,64,0.928949838,1,0.8049460530281067,0.028559965738789425,0.12400378497189324,0.7835232019424438,0.7729878425598145,0.8010558485984802,0.8415594100952148,0.8256039619445801
R64P,64,0.2975147589999999,3,0.26382567286491393,0.10784890465030078,0.03368908613508598,0.20929241180419922,0.2919246554374695,0.10611939430236816,0.33425140380859375,0.3775404989719391
R64L,64,0.580996117,2,0.26836456060409547,0.08006380533987441,0.3126315563959045,0.3081261217594147,0.3911146819591522,0.2058473825454712,0.22486460208892822,0.211870014667511
R64K,64,1.162927547,0,0.8528183698654175,0.04100373252754211,0.3101091771345825,0.911281406879425,0.8629581928253174,0.8128160834312439,0.8629649877548218,0.8140711784362793
R64I,64,0.280403898,0,0.399618536233902,0.0603681739630234,0.11921463823390199,0.44991812109947205,0.3269035816192627,0.34959089756011963,0.46441444754600525,0.40726563334465027
R64H,64,1.015047256,3,0.700890576839447,0.11728773729832899,0.3141566791605529,0.7128045558929443,0.761661171913147,0.5881405472755432,0.5836727023124695,0.8581739068031311
R64G,64,0.289937369,3,0.530324399471283,0.05669107967412183,0.24038703047128296,0.5155762434005737,0.4918568432331085,0.468568354845047,0.568637490272522,0.6069830656051636
R64F,64,0.267309438,0,0.4524993062019348,0.04546706689950406,0.18518986820193478,0.4270411729812622,0.4781282842159271,0.39393168687820435,0.4514586627483368,0.5119367241859436
R64E,64,0.3859459979999999,4,0.8185648679733276,0.04334374381759326,0.4326188699733277,0.7621158957481384,0.8065814971923828,0.7997525334358215,0.8657165169715881,0.8586578965187073
R64D,64,0.634066868,4,0.7115231513977051,0.09524194878607606,0.07745628339770505,0.5555694699287415,0.7157126069068909,0.7935488224029541,0.7837091088294983,0.7090757489204407
R64C,64,0.8971391,4,0.8512151837348938,0.06726020415572252,0.04592391626510617,0.8260030746459961,0.788823127746582,0.9645135402679443,0.824213445186615,0.8525227308273315
R64A,64,0.35791139,4,0.7767409205436706,0.10069839039731487,0.4188295305436706,0.7695497870445251,0.8312894105911255,0.7947723865509033,0.6116259098052979,0.8764671087265015
R64M,64,0.322471093,4,0.623454236984253,0.04311812570485345,0.30098314398425297,0.6508824825286865,0.5516761541366577,0.6142945885658264,0.6473143696784973,0.6531035900115967
R64N,64,0.993788215,1,0.9706685185432434,0.09313585859007066,0.0231196964567566,0.9141185879707336,0.9609665274620056,0.88347327709198,1.1249456405639648,0.969838559627533
V65G,65,0.127781722,4,0.0036684155464172365,0.06752752843752063,0.12411330645358275,0.0808754563331604,-0.1032986044883728,-0.0035022497177124023,0.014935016632080078,0.029332458972930908
V65R,65,-0.067724641,4,0.11143389940261841,0.07617485667110335,0.17915854040261842,0.10289227962493896,0.015584766864776611,0.07359069585800171,0.21721398830413818,0.14788776636123657
V65W,65,0.591839178,2,0.43801586627960204,0.05509009457900914,0.15382331172039793,0.49702730774879456,0.3566436171531677,0.45549649000167847,0.41114383935928345,0.46976807713508606
V65T,65,0.480546877,1,0.6122739672660827,0.04428878975623354,0.13172709026608276,0.5929003953933716,0.6666344404220581,0.6166090965270996,0.6357620358467102,0.5494638681411743
V65S,65,0.024885631,2,0.3167522430419922,0.07172033931547667,0.29186661204199216,0.42997556924819946,0.3257426619529724,0.31163573265075684,0.2382935881614685,0.2781136631965637
V65Q,65,0.075594863,1,-0.059390902519226074,0.07172667358652138,0.1349857655192261,-0.03303802013397217,0.05149883031845093,-0.08295917510986328,-0.09932446479797363,-0.13313168287277222
V65P,65,-0.138496028,0,0.09969494342803956,0.05191458414445946,0.23819097142803955,0.12897276878356934,0.03848379850387573,0.1726917028427124,0.0807238221168518,0.07760262489318848
V65M,65,0.4508106839999999,3,0.7933622241020203,0.034748845198355964,0.3425515401020204,0.809609591960907,0.78465735912323,0.8452135324478149,0.7593175172805786,0.7680131196975708
V65N,65,0.446856689,3,-0.017720735073089598,0.07383874473362242,0.46457742407308955,0.08750444650650024,-0.019052445888519287,0.01662266254425049,-0.08725374937057495,-0.08642458915710449
V65K,65,0.04379279,2,0.0018814802169799805,0.055356608981508286,0.04191130978302002,-0.002124011516571045,0.05087631940841675,-0.024186253547668457,0.0594368577003479,-0.07459551095962524
V65I,65,0.909376936,1,0.8947813034057617,0.044216404980468915,0.01459563259423835,0.8710291385650635,0.8534968495368958,0.9643144607543945,0.8737338185310364,0.9113322496414185
V65H,65,-0.038364348,2,0.3629806101322174,0.060143195267248414,0.4013449581322174,0.40368393063545227,0.3579016327857971,0.2761889398097992,0.3441547155380249,0.43297383189201355
V65F,65,0.436361943,4,0.4776619613170624,0.08197423140974688,0.041300018317062426,0.5068721175193787,0.5522720813751221,0.34426435828208923,0.4590824842453003,0.5258187651634216
V65E,65,-0.18794096,4,0.10814651250839233,0.07467686810191278,0.2960874725083923,0.09948199987411499,0.10606348514556885,-0.005158126354217529,0.14106321334838867,0.1992819905281067
V65A,65,0.7176173929999999,2,0.5220002591609955,0.027999901469556707,0.19561713383900448,0.536800742149353,0.5499900579452515,0.5393399596214294,0.49547237157821655,0.48839816451072693
V65L,65,0.584648097,2,0.5081287980079651,0.07369556092993532,0.07651929899203491,0.5027745962142944,0.4683152735233307,0.6217571496963501,0.5231708288192749,0.4246261417865753
F66C,66,0.748777318,4,0.37309709191322327,0.05168051618395931,0.37568022608677676,0.32784491777420044,0.45538008213043213,0.37545379996299744,0.3766843378543854,0.33012232184410095
F66E,66,0.32608921,0,0.14106646180152893,0.10655114187095394,0.1850227481984711,0.08997100591659546,0.15522897243499756,0.2752726972103119,0.1920764446258545,-0.007216811180114746
F66A,66,0.318642129,4,0.26723509430885317,0.0893318772236143,0.051407034691146825,0.2053896188735962,0.3590755760669708,0.18543046712875366,0.3693864941596985,0.21689331531524658
F66D,66,-0.348595734,0,0.028659331798553466,0.10305725823765954,0.37725506579855345,-0.0005766153335571289,-0.04928392171859741,0.18404680490493774,0.07613039016723633,-0.0670199990272522
F66G,66,0.122789743,1,0.11988654732704163,0.14966698005720067,0.0029031956729583808,-0.08899116516113281,0.10893285274505615,0.21664190292358398,0.06118422746658325,0.30166491866111755
F66K,66,0.100899155,4,0.08867589235305787,0.02086277943156541,0.012223262646942137,0.07381457090377808,0.10503458976745605,0.059291064739227295,0.10296118259429932,0.10227805376052856
F66H,66,0.2315067,1,0.03767472505569458,0.06366688509268761,0.19383197494430543,-0.06228196620941162,0.08507734537124634,0.03149598836898804,0.03378009796142578,0.10030215978622437
F66I,66,0.859013085,1,0.390336149930954,0.11872037410349798,0.46867693506904595,0.22490698099136353,0.3346784710884094,0.5431854128837585,0.41390883922576904,0.43500104546546936
F66L,66,0.83542917,2,0.9732302308082581,0.08165859972464717,0.13780106080825805,1.067549228668213,0.9900997281074524,0.9903332591056824,0.9760545492172241,0.8421143889427185
F66M,66,1.060127439,3,0.786124312877655,0.021575951927902293,0.2740031261223449,0.8207662105560303,0.7819830179214478,0.7903509140014648,0.7722263932228088,0.7652950286865234
F66N,66,0.170963597,0,-0.04586857557296753,0.07959736023649659,0.21683217257296752,-0.008323311805725098,-0.15575933456420898,0.058761656284332275,-0.07595181465148926,-0.04807007312774658
F66P,66,-0.097986069,2,0.384037584066391,0.06359404069015395,0.482023653066391,0.3735071122646332,0.4393283724784851,0.3458455502986908,0.30483031272888184,0.45667657256126404
F66Q,66,-0.146317751,3,0.14314140677452086,0.06771782328209289,0.28945915777452086,0.14418303966522217,0.09867817163467407,0.10844075679779053,0.10439163446426392,0.2600134313106537
F66R,66,-0.03767219,2,0.0665507435798645,0.04073228732307231,0.10422293357986451,0.044866323471069336,0.12546652555465698,0.09151434898376465,0.04375702142715454,0.027149498462677002
F66S,66,0.152495002,3,0.2999884605407715,0.024467168725264155,0.1474934585407715,0.2690049409866333,0.3193309009075165,0.31905800104141235,0.27798184752464294,0.31456661224365234
F66T,66,-0.044272001,0,0.042901027202606204,0.09754351427188855,0.0871730282026062,0.09001743793487549,-0.0323411226272583,0.16894066333770752,0.06285727024078369,-0.07496911287307739
F66V,66,0.286215691,4,0.5171614706516265,0.12872530151760372,0.23094577965162655,0.3945658802986145,0.6210122108459473,0.6123014688491821,0.5983297824859619,0.3595980107784271
F66Y,66,0.260489725,4,0.6183360815048218,0.0321149430633089,0.35784635650482177,0.6001904010772705,0.6460327506065369,0.5954908132553101,0.6597598791122437,0.5902065634727478
F66W,66,0.06378556,2,0.7121658682823181,0.06957696380861329,0.6483803082823181,0.7247294783592224,0.623130202293396,0.6669996380805969,0.7426477670669556,0.8033222556114197
F67G,67,0.0670036909999999,1,0.27156366109848024,0.07344993587307752,0.20455997009848034,0.20885634422302246,0.33395200967788696,0.36699026823043823,0.216069757938385,0.23194992542266846
F67L,67,0.699556576,4,0.6170495271682739,0.049525482150583264,0.0825070488317261,0.6224367022514343,0.6178139448165894,0.5628535747528076,0.5877324342727661,0.6944109797477722
F67Q,67,0.232912704,4,0.1719170868396759,0.12481139047823808,0.06099561716032409,0.2935206890106201,0.0709371566772461,0.016079485416412354,0.19536304473876953,0.2836850583553314
F67M,67,0.755276756,0,0.8005605697631836,0.052649068410931546,0.04528381376318358,0.8632804751396179,0.7506378293037415,0.741330623626709,0.817635178565979,0.8299187421798706
F67P,67,0.112355188,1,0.01327136754989624,0.11120073656076569,0.09908382045010375,-0.13922744989395142,0.1509721875190735,0.06475841999053955,0.03920465707778931,-0.04935097694396973
F67R,67,0.028245149,1,0.09234757423400879,0.08122245945437268,0.06410242523400879,-0.019469380378723145,0.17831313610076904,0.08744561672210693,0.1624888777732849,0.0529596209526062
F67S,67,0.308119287,2,0.5374524772167206,0.08134542184978309,0.2293331902167206,0.5857182145118713,0.5827659368515015,0.4384405314922333,0.46185123920440674,0.6184864640235901
F67T,67,0.539029906,1,0.5427453279495239,0.08321299233818848,0.0037154219495239005,0.4442542791366577,0.6718629598617554,0.5571149587631226,0.5129348039627075,0.5275596380233765
F67V,67,0.8547349129999999,3,0.8267154216766357,0.06267946980534532,0.028019491323364232,0.7333848476409912,0.8898582458496094,0.867627739906311,0.7959964275360107,0.8467098474502563
F67E,67,-0.066223901,0,0.37374873757362365,0.09648753580255393,0.4399726385736237,0.48058661818504333,0.35206928849220276,0.3803359866142273,0.4305964410305023,0.22515535354614258
F67W,67,0.23153904,2,0.4868762195110321,0.07623117834808855,0.2553371795110321,0.5450038313865662,0.4585920572280884,0.5120989084243774,0.3673821985721588,0.5513041019439697
F67C,67,0.625850786,1,0.7727980494499207,0.09107496220912265,0.1469472634499207,0.6268182992935181,0.8286359906196594,0.7449444532394409,0.8092862963676453,0.8543052077293396
F67A,67,0.704781161,0,0.5743903517723083,0.0647676480119234,0.13039080922769164,0.47947436571121216,0.6375173926353455,0.5986355543136597,0.6179682612419128,0.5383561849594116
F67D,67,0.335368834,2,-0.0017449259757995605,0.07241076297484857,0.33711375997579957,0.026547729969024658,0.11139291524887085,-0.02739715576171875,-0.06211280822753906,-0.0571553111076355
P68E,68,0.005086472,4,0.09191854000091552,0.062062880085613614,0.08683206800091553,0.18229615688323975,0.03670144081115723,0.09505581855773926,0.03125482797622681,0.1142844557762146
P68H,68,0.159791893,2,-0.036319839954376223,0.12018640080468047,0.19611173295437623,-0.14510679244995117,0.08559846878051758,-0.08583688735961914,0.1001238226890564,-0.13637781143188477
P68K,68,-0.020134973,1,-0.11829099655151368,0.08990372880564908,0.09815602355151368,-0.21308577060699463,0.014112591743469238,-0.07581198215484619,-0.17836570739746094,-0.13830411434173584
P68G,68,0.23019272,0,0.1716364026069641,0.04470827938662556,0.05855631739303588,0.20620876550674438,0.14366769790649414,0.15858370065689087,0.22883617877960205,0.12088567018508911
P68Q,68,-0.330240169,4,0.03220512866973877,0.03445960319417099,0.36244529766973876,0.08147090673446655,0.016479790210723877,-0.008873522281646729,0.02256554365158081,0.049382925033569336
P68M,68,0.086150381,3,0.15229092836380004,0.07702887448888633,0.06614054736380004,0.24962061643600464,0.11558818817138672,0.207247793674469,0.054414331912994385,0.1345837116241455
P68L,68,-0.004127895,2,0.19398618936538697,0.050421701450015996,0.19811408436538697,0.11473250389099121,0.2222568392753601,0.19242995977401733,0.2494654655456543,0.19104617834091187
P68R,68,-0.097194497,4,0.23856431245803833,0.047932555948411844,0.3357588094580383,0.31104588508605957,0.25824713706970215,0.18787944316864014,0.22556716203689575,0.21008193492889404
P68F,68,-0.0468501309999999,4,0.207655668258667,0.05023834751937152,0.2545057992586669,0.16817814111709595,0.23363614082336426,0.22422057390213013,0.14454656839370728,0.26769691705703735
P68C,68,0.401981486,0,0.48999533653259275,0.07659669361166964,0.08801385053259275,0.5717723965644836,0.5373948812484741,0.44515928626060486,0.5147842764854431,0.38086584210395813
P68A,68,0.603292929,0,0.32758917808532717,0.06090575829680701,0.2757037509146728,0.3024210035800934,0.26247525215148926,0.3420464098453522,0.42415767908096313,0.3068455457687378
P68S,68,0.298435535,3,0.12244352102279663,0.06556679967732525,0.17599201397720335,0.20283734798431396,0.14487028121948242,0.13575255870819092,0.10505867004394531,0.023698747158050537
P68T,68,0.092274726,4,0.2325109899044037,0.03437120055481315,0.1402362639044037,0.23120111227035522,0.2856229841709137,0.24074912071228027,0.19845134019851685,0.2065303921699524
P68V,68,0.096023561,4,0.3893074572086334,0.06387805141153288,0.29328389620863343,0.41274571418762207,0.29393884539604187,0.4587549865245819,0.4209713637828827,0.3601263761520386
P68W,68,0.078931942,0,0.0028764963150024413,0.054076200523405935,0.07605544568499756,-0.00956946611404419,0.03928190469741821,-0.08056819438934326,0.05986267328262329,0.005375564098358154
P68Y,68,0.075609789,0,0.08373929262161255,0.08824179132780435,0.00812950362161255,0.03151494264602661,0.18603378534317017,-0.006826043128967285,0.17081838846206665,0.0371553897857666
P68D,68,0.105575234,2,0.13670974969863892,0.07335817074436671,0.031134515698638912,0.11927938461303711,0.22668516635894775,0.03846335411071777,0.10991412401199341,0.18920671939849854
L69T,69,0.7178036320000001,0,0.8344848394393921,0.035424649756456955,0.11668120743939203,0.809053897857666,0.7935469150543213,0.87694251537323,0.8638824820518494,0.8289983868598938
L69V,69,0.6761294990000001,3,0.7286782622337341,0.029010986984546128,0.05254876323373403,0.7706351280212402,0.7015697360038757,0.7422102093696594,0.7025410532951355,0.7264351844787598
L69S,69,1.036094234,0,0.7502623558044433,0.03129365141415653,0.28583187819555655,0.7667293548583984,0.751578152179718,0.7839382290840149,0.7488868236541748,0.7001792192459106
L69E,69,0.644376383,4,0.6379563212394714,0.07027692290899686,0.0064200617605285615,0.7034263014793396,0.5642017126083374,0.5653838515281677,0.7057127356529236,0.6510570049285889
L69Q,69,0.609268088,1,0.8209556102752685,0.023970604510357225,0.21168752227526855,0.8159723281860352,0.8404452204704285,0.8365890383720398,0.7814411520957947,0.8303303122520447
L69P,69,0.600244798,3,0.7620226263999939,0.02210192870559248,0.16177782839999388,0.7985037565231323,0.7514185309410095,0.7591878771781921,0.7396122217178345,0.761390745639801
L69N,69,0.891979146,3,0.6967343211174011,0.041800271956554266,0.19524482488259887,0.7076332569122314,0.688718318939209,0.7611841559410095,0.6491867303848267,0.676949143409729
L69M,69,1.01119968,0,0.8845954656600952,0.031943176293980996,0.12660421433990487,0.9021613597869873,0.8703775405883789,0.8365768790245056,0.8953713774681091,0.9184901714324951
L69K,69,0.92875173,2,0.694197142124176,0.0203062568503087,0.23455458787582395,0.6872428059577942,0.6858947277069092,0.6772497892379761,0.6912424564361572,0.7293559312820435
L69F,69,0.867483198,0,0.7821814537048339,0.06121369858006121,0.08530174429516602,0.8648353815078735,0.7462531328201294,0.8266699910163879,0.7175124883651733,0.7556362748146057
L69H,69,0.829508424,3,0.7537721514701843,0.04632827844102105,0.07573627252981574,0.818323016166687,0.7862991094589233,0.7319441437721252,0.721280038356781,0.711014449596405
L69W,69,0.429876569,1,0.7194774746894836,0.046352081333746076,0.28960090568948366,0.7180449962615967,0.6943198442459106,0.7929922938346863,0.7229753732681274,0.6690548658370972
L69G,69,0.624528406,0,0.688874340057373,0.014622568160284038,0.06434593405737299,0.711419403553009,0.6789953112602234,0.6950265169143677,0.6836180090904236,0.6753124594688416
L69A,69,0.691385818,4,0.7775726675987243,0.029595478360040943,0.08618684959872436,0.7806345224380493,0.7405070662498474,0.7633276581764221,0.8211063742637634,0.7822877168655396
L69C,69,0.974158299,3,0.8552731394767761,0.037311656510668,0.11888515952322387,0.8599711060523987,0.8920584917068481,0.858245849609375,0.7930676341056824,0.8730226159095764
L69D,69,0.558968153,3,0.7223766565322876,0.042665496559437854,0.16340850353228753,0.7240676879882812,0.69700026512146,0.7603745460510254,0.7656599283218384,0.664780855178833
L69R,69,0.763685565,0,0.6808611750602722,0.06310776033830919,0.08282438993972774,0.7209537029266357,0.7336338758468628,0.7259026765823364,0.6116639375686646,0.6121516823768616
L69Y,69,0.679500219,0,0.692755126953125,0.016498952391337248,0.013254907953125006,0.7041630744934082,0.691825270652771,0.7129881381988525,0.6836001873016357,0.6711989641189575
L69I,69,0.76744714,2,0.8738376259803772,0.031042753602066857,0.10639048598037715,0.9098485708236694,0.883118212223053,0.863796591758728,0.8266355991363525,0.885789155960083
C70P,70,0.826978312,1,0.5108380317687988,0.05699888626549377,0.3161402802312012,0.5396345257759094,0.5372567176818848,0.5644848942756653,0.49290940165519714,0.4199046194553375
C70Q,70,0.601673692,4,0.35114480257034303,0.07221851909269685,0.25052888942965695,0.4392777383327484,0.37572813034057617,0.26367121934890747,0.2909835875034332,0.3860633373260498
C70A,70,0.52324938,3,0.7678379893302918,0.04396534016327307,0.2445886093302918,0.7208858728408813,0.737431526184082,0.8085339069366455,0.8198925852775574,0.7524460554122925
C70E,70,0.161016844,0,0.5800258755683899,0.033370959614666455,0.4190090315683899,0.6095108389854431,0.6205495595932007,0.5492137670516968,0.5498120188713074,0.5710431933403015
C70F,70,0.40641877,1,0.41729907393455506,0.08281895138285905,0.01088030393455508,0.47339120507240295,0.5087709426879883,0.3436881899833679,0.44264984130859375,0.31799519062042236
C70H,70,0.4101946039999999,3,0.5822049975395203,0.02908870415821574,0.17201039353952036,0.5484631657600403,0.5551485419273376,0.614518404006958,0.6021130084991455,0.5907818675041199
C70I,70,0.257749587,2,0.5578097820281982,0.04212254557952195,0.3000601950281982,0.6190413236618042,0.549461841583252,0.5048952102661133,0.5732896327972412,0.5423609018325806
C70G,70,0.683652004,4,0.42891143560409545,0.0728615961379852,0.2547405683959046,0.39442577958106995,0.4802725613117218,0.34927719831466675,0.3928479552268982,0.5277336835861206
C70N,70,0.48266853,0,0.6665862441062927,0.06339333406495348,0.18391771410629276,0.68355792760849,0.6401706337928772,0.769108772277832,0.6311454772949219,0.6089484095573425
C70W,70,0.489047635,0,0.33322919607162477,0.035695360542634426,0.1558184389283752,0.3070518672466278,0.3229564130306244,0.3856167793273926,0.35204097628593445,0.29847994446754456
C70V,70,0.6689042479999999,2,0.5979560971260071,0.03128941506943748,0.07094815087399287,0.5772574543952942,0.5683633089065552,0.5997178554534912,0.6489723324775696,0.5954695343971252
C70T,70,0.463046191,0,0.6592620849609375,0.03723476136182233,0.19621589396093753,0.711306631565094,0.6775299310684204,0.6453490257263184,0.6500274538993835,0.6120973825454712
C70S,70,0.906251509,2,0.5563653230667114,0.03717746564856754,0.3498861859332886,0.5051212310791016,0.5808079242706299,0.5875459909439087,0.5798996090888977,0.5284518599510193
C70R,70,0.680493737,0,0.601940906047821,0.06257015447348915,0.07855283095217902,0.6287095546722412,0.6711222529411316,0.5094380378723145,0.5719794631004333,0.6284552216529846
C70L,70,0.6324429020000001,2,0.51543430685997,0.04232939763387443,0.11700859514003004,0.5066483020782471,0.4959051012992859,0.5728047490119934,0.5396046042442322,0.4622087776660919
G71R,71,0.713449882,4,0.6387232303619385,0.051496640107163136,0.07472665163806158,0.6556611657142639,0.6063412427902222,0.5670061111450195,0.6951538920402527,0.6694537401199341
G71W,71,0.5756915770000001,4,0.6112126111984253,0.050978972778000446,0.03552103419842523,0.5867947936058044,0.6506549119949341,0.5421919226646423,0.6064156889915466,0.670005738735199
G71V,71,0.596612839,1,0.5152309775352478,0.05490382271242825,0.08138186146475213,0.547852635383606,0.5901370644569397,0.4854675829410553,0.5034884214401245,0.44920918345451355
G71T,71,0.335718246,4,0.683158791065216,0.04277426592371402,0.34744054506521604,0.6873631477355957,0.6822025775909424,0.6128346920013428,0.7094548940658569,0.7239386439323425
G71S,71,0.693195263,3,0.6354545831680298,0.05252182917403288,0.057740679831970176,0.6066100597381592,0.6208422780036926,0.7273091077804565,0.6250438094139099,0.5974676609039307
G71P,71,0.684743772,0,0.4281988799571991,0.06161320693264732,0.25654489204280095,0.3313189446926117,0.4996334910392761,0.45107507705688477,0.4202773869037628,0.4386895000934601
G71D,71,0.522209625,4,0.6694075584411621,0.04156759343350362,0.14719793344116205,0.6612581014633179,0.6307926177978516,0.6355235576629639,0.6878945827484131,0.7315689325332642
G71L,71,0.565012862,4,0.5818042516708374,0.05045883385937161,0.016791389670837376,0.5590304732322693,0.6148736476898193,0.5069037675857544,0.5931881666183472,0.6350252032279968
G71K,71,0.534090152,0,0.5549233198165894,0.04921535250033596,0.020833167816589393,0.5621588230133057,0.605404794216156,0.5598167181015015,0.5741349458694458,0.47310131788253784
G71I,71,0.549433911,0,0.5176121056079864,0.03962989888253177,0.031821805392013625,0.4912830889225006,0.5250376462936401,0.5266020894050598,0.4705890417098999,0.5745486617088318
G71F,71,0.49973041,4,0.5949333548545838,0.042094704112089085,0.09520294485458375,0.562230110168457,0.6345286965370178,0.5614301562309265,0.5696771144866943,0.646800696849823
G71E,71,0.5999012979999999,0,0.5591547727584839,0.06512773971052954,0.04074652524151601,0.5214669108390808,0.658367931842804,0.5411995649337769,0.4902990460395813,0.5844404101371765
G71N,71,0.664714695,1,0.6318499445915222,0.04790044863633662,0.032864750408477805,0.6369324922561646,0.6072360277175903,0.6751378178596497,0.5634468793869019,0.6764965057373047
G71C,71,0.522633928,1,0.5839884638786316,0.040324065016231446,0.0613545358786316,0.5875173807144165,0.6466542482376099,0.5868213176727295,0.5588085055351257,0.5401408672332764
G71A,71,0.674141854,0,0.6039431929588318,0.03204414414161028,0.07019866104116823,0.6350508332252502,0.575376570224762,0.5703633427619934,0.6383605003356934,0.60056471824646
K72W,72,0.354655719,0,0.45622578263282776,0.0854244153859594,0.10157006363282778,0.44730833172798157,0.5471761226654053,0.4814996123313904,0.48754802346229553,0.31759682297706604
K72Q,72,0.918386794,0,0.6564142346382141,0.016475809986434917,0.2619725593617859,0.6590319871902466,0.6542367339134216,0.6305286884307861,0.6754781007766724,0.6627956628799438
K72P,72,0.538285872,4,0.5666303932666779,0.04925866448098689,0.028344521266677858,0.5885993242263794,0.6278719305992126,0.541938066482544,0.49768123030662537,0.5770614147186279
K72N,72,0.443145276,4,0.8006639242172241,0.016607799117747638,0.3575186482172241,0.7924550175666809,0.7968406677246094,0.782491147518158,0.8266027569770813,0.8049300312995911
K72T,72,0.7792093590000001,0,0.491950136423111,0.08076986140319728,0.28725922257688913,0.39283284544944763,0.43277686834335327,0.5345263481140137,0.5036460161209106,0.5959686040878296
K72M,72,0.420656749,3,0.5373343765735626,0.06503397034254878,0.11667762757356265,0.5172559022903442,0.5099239349365234,0.4711962640285492,0.6438137292861938,0.5444820523262024
K72L,72,0.378633681,1,0.5418670237064361,0.040837733064192486,0.16323334270643614,0.482745498418808,0.5371928811073303,0.5285427570343018,0.5793312788009644,0.5815227031707764
K72H,72,0.73074343,4,0.6515394568443298,0.05739512908476944,0.07920397315567018,0.7370430827140808,0.6366309523582458,0.5821241736412048,0.6306456923484802,0.6712533831596375
K72G,72,0.77013765,4,0.7126518368721009,0.09025047443631305,0.05748581312789913,0.8309539556503296,0.6669454574584961,0.7174683213233948,0.5918585658073425,0.7560328841209412
K72R,72,0.738619625,2,0.6846993207931519,0.019935944537859542,0.053920304206848124,0.6679918766021729,0.6992858052253723,0.7122874855995178,0.6694689989089966,0.6744624376296997
K72V,72,0.452384935,0,0.4100261330604553,0.06649335917812224,0.042358801939544666,0.34104958176612854,0.4872325658798218,0.47531434893608093,0.37230196595191956,0.3742322027683258
K72A,72,0.83989875,2,0.775092613697052,0.05437508494803069,0.06480613630294807,0.7729823589324951,0.8625320196151733,0.7231732606887817,0.7798675894737244,0.7369078397750854
K72C,72,0.501604311,3,0.4488069176673889,0.09694353019910315,0.05279739333261113,0.49383383989334106,0.592129111289978,0.3476501405239105,0.42745453119277954,0.3829669654369354
K72D,72,0.69989271,2,0.3723923206329346,0.05746578929757732,0.3275003893670654,0.34430500864982605,0.4638890326023102,0.3386596739292145,0.322407990694046,0.3926998972892761
K72E,72,0.680666557,2,0.472431892156601,0.05513469838665368,0.20823466484339903,0.46717503666877747,0.5313835144042969,0.418596088886261,0.5261592268943787,0.41884559392929077
A73K,73,0.54844998,0,0.7911783337593079,0.08467016821595229,0.2427283537593079,0.7316018342971802,0.9227079749107361,0.7624868154525757,0.7144668698310852,0.8246281743049622
A73C,73,1.010780311,1,0.942909049987793,0.07594918786095804,0.06787126101220697,0.9522947669029236,0.894142210483551,0.8845054507255554,1.0705888271331787,0.9130139946937561
A73E,73,0.48405513,1,0.6429405689239502,0.04452985130927503,0.15888543892395024,0.6997328996658325,0.5837109684944153,0.6388857364654541,0.6702760457992554,0.6220971941947937
A73I,73,0.361524997,4,0.3418846964836121,0.09438768414770658,0.019640300516387932,0.2515407204627991,0.46222904324531555,0.30041128396987915,0.42247268557548523,0.2727697491645813
A73Y,73,0.589102052,1,0.5677385807037354,0.026844426149772085,0.02136347129626459,0.551007091999054,0.5446195602416992,0.5563778877258301,0.6110600233078003,0.5756283402442932
A73V,73,0.313198839,0,0.6988291382789612,0.09038894939196004,0.3856302992789612,0.5549833178520203,0.7230852842330933,0.6721965670585632,0.772611677646637,0.7712688446044922
A73T,73,0.812739366,4,0.42315075993537904,0.07828340735494052,0.3895886060646209,0.3550368547439575,0.4506817162036896,0.374373197555542,0.5476552248001099,0.3880068063735962
A73S,73,0.226536911,2,0.8706361413002014,0.0621561176527215,0.6440992303002013,0.9372249245643616,0.8873599171638489,0.9019200801849365,0.8533061146736145,0.7733696699142456
A73G,73,0.8066049040000001,0,0.6602920770645142,0.08904629172906295,0.14631282693548586,0.5056713819503784,0.7335951924324036,0.69944167137146,0.6840502023696899,0.6787019371986389
A73Q,73,0.956803243,2,0.4604868650436401,0.06304980138498913,0.49631637795635986,0.3863011598587036,0.5128607749938965,0.515332043170929,0.4892524480819702,0.3986878991127014
A73N,73,0.8632872709999999,2,0.8592530965805054,0.08054546551224269,0.004034174419494496,0.9589550495147705,0.9052301645278931,0.8773344159126282,0.7684214115142822,0.7863244414329529
A73L,73,1.072722717,1,0.5142467439174652,0.045259487601500656,0.5584759730825348,0.5165566205978394,0.44961515069007874,0.5032349824905396,0.5754180550575256,0.5264089107513428
A73W,73,0.5971540329999999,3,0.6778127312660217,0.05236824793683306,0.08065869826602179,0.6646965146064758,0.6184265613555908,0.7618364691734314,0.6805556416511536,0.663548469543457
A73R,73,0.707401762,1,0.6912217497825622,0.028633270518100898,0.01618001221743781,0.7366446256637573,0.6889697909355164,0.6630734205245972,0.6960793733596802,0.6713415384292603
V74W,74,0.5585349270000001,1,0.8022782444953919,0.04489858156266637,0.2437433174953918,0.847432017326355,0.8218124508857727,0.8083019852638245,0.7275096774101257,0.8063350915908813
V74T,74,0.797247114,0,0.8942812085151672,0.04360843722542662,0.0970340945151672,0.9567806720733643,0.9166344404220581,0.8622974157333374,0.8480931520462036,0.8876003623008728
V74E,74,0.727032618,1,0.44753222465515136,0.04818415092347036,0.2795003933448486,0.41001302003860474,0.46898186206817627,0.42221567034721375,0.41381141543388367,0.5226391553878784
V74S,74,0.872544861,0,0.7521706223487854,0.06949212461396002,0.12037423865121455,0.7748662829399109,0.803899884223938,0.6607228517532349,0.6989648342132568,0.8223992586135864
V74R,74,0.949383777,3,0.762098777294159,0.029746989152606224,0.187284999705841,0.7147989273071289,0.774387776851654,0.7800318002700806,0.7521468997001648,0.7891284823417664
V74Q,74,0.541276338,1,0.6442819237709045,0.034318520167050684,0.10300558577090457,0.5899129509925842,0.6668956875801086,0.6324454545974731,0.6573182940483093,0.6748372316360474
V74P,74,0.810226612,2,0.787763261795044,0.03765949171522034,0.022463350204956045,0.8510031700134277,0.7923167943954468,0.7567071318626404,0.7720052003860474,0.7667840123176575
V74M,74,0.738121143,0,0.9083823919296264,0.058266981575294086,0.17026124892962646,0.9932788610458374,0.8952604532241821,0.9148520231246948,0.8299052715301514,0.9086153507232666
V74L,74,0.663329614,3,0.72361741065979,0.01803644587627268,0.060287796659790005,0.7079551815986633,0.7010642290115356,0.74077969789505,0.738089919090271,0.7301980257034302
V74K,74,0.42439599,3,0.6837528228759766,0.03197138413197286,0.2593568328759766,0.6377375721931458,0.6761385798454285,0.7220327258110046,0.7042756080627441,0.6785796284675598
V74I,74,1.228923121,1,0.8270539164543151,0.06534723097815383,0.40186920454568487,0.8606107831001282,0.759817361831665,0.9179209470748901,0.770691454410553,0.8262290358543396
V74H,74,0.7914053759999999,0,0.8112259030342102,0.09915277420821084,0.019820527034210222,0.8537807464599609,0.7834559082984924,0.8421112298965454,0.6565837264060974,0.9201979041099548
V74G,74,0.6633993220000001,4,0.7528605341911316,0.04279860001610685,0.08946121219113157,0.783176064491272,0.8069221377372742,0.6992011070251465,0.7456891536712646,0.7293142080307007
V74D,74,0.915551133,1,0.6660966634750366,0.05362899528955552,0.24945446952496342,0.6660885810852051,0.5814431309700012,0.6599047183990479,0.7208113670349121,0.7022355198860168
V74C,74,0.831443588,1,0.8523014426231384,0.07323819325560547,0.020857854623138494,0.9130473136901855,0.8129738569259644,0.8397231101989746,0.7583791613578796,0.937383770942688
V74A,74,0.660985642,3,0.7965869188308716,0.03629273764058439,0.13560127683087164,0.7904534339904785,0.7726171612739563,0.8416258692741394,0.7536476850509644,0.8245904445648193
E75F,75,0.52507436,4,0.581896710395813,0.05626158755493825,0.05682235039581307,0.6371902227401733,0.5730053186416626,0.6238114833831787,0.5817169547080994,0.4937595725059509
E75D,75,0.6895286709999999,3,0.9026670098304749,0.03118633073335851,0.21313833883047495,0.9207963943481445,0.9249265193939209,0.8909538388252258,0.8528478741645813,0.9238104224205017
E75A,75,0.554583236,3,0.6990690350532531,0.014617350507004138,0.1444857990532531,0.7065032124519348,0.6976937651634216,0.7198575139045715,0.6840709447860718,0.6872197389602661
E75P,75,0.513758217,4,0.5893422186374664,0.07316174053779174,0.07558400163746637,0.6472129821777344,0.47888800501823425,0.6594873070716858,0.6003965139389038,0.5607262849807739
E75G,75,0.626242724,1,0.6337447166442871,0.04364620529799189,0.007501992644287081,0.6090136170387268,0.6999821066856384,0.6183264255523682,0.588740348815918,0.6526610851287842
E75H,75,0.820508041,1,0.6758455872535706,0.06233792926613043,0.1446624537464294,0.6346558332443237,0.7237091660499573,0.5870782732963562,0.729286789894104,0.7044978737831116
E75Y,75,0.619784671,2,0.5966643810272216,0.06525596763268778,0.023120289972778374,0.5914568901062012,0.613537073135376,0.5712681412696838,0.6929231882095337,0.5141366124153137
E75I,75,0.679828232,4,0.5982996582984924,0.05030810246855622,0.08152857370150757,0.6651533842086792,0.6350880861282349,0.5852152705192566,0.5568454265594482,0.5491961240768433
E75K,75,0.646022226,1,0.1864854395389557,0.06417631040537093,0.45953678646104434,0.10364198684692383,0.2742861211299896,0.2176806926727295,0.15666711330413818,0.18015128374099731
E75L,75,0.484122386,1,0.6890587091445923,0.02856389139556799,0.20493632314459231,0.7029192447662354,0.7260047793388367,0.6940404176712036,0.6690851449966431,0.6532439589500427
E75W,75,0.623699076,4,0.6140979170799256,0.06705832128263733,0.009601158920074404,0.6575897336006165,0.6405038237571716,0.5102227926254272,0.5861912369728088,0.6759819984436035
E75M,75,0.8859041529999999,4,0.6658262252807617,0.07418810643834466,0.22007792771923818,0.6553306579589844,0.7129841446876526,0.6959375143051147,0.7233938574790955,0.5414849519729614
E75N,75,0.855512245,3,0.5748211026191712,0.04256316767596151,0.2806911423808288,0.5365486145019531,0.6246184706687927,0.5611882209777832,0.5364171862602234,0.6153330206871033
E75C,75,0.531775024,0,0.7886225342750549,0.07593142213898212,0.2568475102750549,0.7785489559173584,0.7253854870796204,0.8893871903419495,0.7099665403366089,0.8398244976997375
E75Q,75,0.5855118979999999,1,0.6410601377487183,0.0542351141384963,0.055548239748718364,0.5827784538269043,0.6905882358551025,0.5859854221343994,0.693538248538971,0.6524103283882141
E75R,75,0.077222291,0,0.5574151933193207,0.07135833381865744,0.48019290231932066,0.547949492931366,0.6609047651290894,0.5873017311096191,0.4731188118457794,0.5178011655807495
E75S,75,0.6640276979999999,0,0.6471650719642639,0.04619400126121936,0.016862626035736072,0.5841635465621948,0.6465784311294556,0.7120862007141113,0.6597342491149902,0.6332629323005676
E75T,75,0.493151126,4,0.5504966139793396,0.0687586937722247,0.05734548797933958,0.5517237186431885,0.5494518280029297,0.6573402285575867,0.46727168560028076,0.5266956090927124
E75V,75,0.7030906109999999,2,0.6749087810516358,0.07141939491034255,0.028181829948364157,0.6638879776000977,0.7124960422515869,0.6838910579681396,0.752413272857666,0.5618555545806885
M76W,76,0.522570633,1,0.2206580400466919,0.03968681557204698,0.3019125929533081,0.2287811040878296,0.26199209690093994,0.2194036841392517,0.15555447340011597,0.23755884170532227
M76C,76,0.5590716579999999,4,0.7124349236488342,0.06046452440271695,0.1533632656488343,0.7931727766990662,0.7229880094528198,0.637097179889679,0.6713612079620361,0.7375554442405701
M76Y,76,0.483147285,3,0.40691007375717164,0.07995361695059747,0.07623721124282834,0.3906288743019104,0.2741047441959381,0.4483407139778137,0.46958667039871216,0.45188936591148376
M76D,76,-0.083007945,4,0.19457667469978332,0.13310601594232435,0.2775846196997833,0.16295629739761353,0.34146374464035034,0.003993034362792969,0.16465282440185547,0.2998174726963043
M76E,76,0.142669408,2,0.017336082458496094,0.04650323063630143,0.1253333255415039,0.0022093653678894043,0.017225444316864014,-0.050518572330474854,0.04537326097488403,0.07239091396331787
M76F,76,0.209508632,2,0.4753586232662201,0.027489433157046106,0.2658499912662201,0.4906410276889801,0.43804389238357544,0.48395010828971863,0.45725372433662415,0.5069043636322021
M76G,76,0.14025185,3,0.3242148578166962,0.09342632142433936,0.18396300781669617,0.3418857455253601,0.18796175718307495,0.29685065150260925,0.4453428387641907,0.34903329610824585
M76I,76,0.794304786,3,0.4116437554359436,0.050807063196031774,0.38266103056405637,0.35310661792755127,0.4462120831012726,0.3596283197402954,0.4571010172367096,0.44217073917388916
M76K,76,0.1383627469999999,1,0.1395789623260498,0.05772713427898557,0.001216215326049902,0.08533519506454468,0.21233952045440674,0.19082576036453247,0.10060513019561768,0.10878920555114746
M76L,76,0.589518798,4,0.7996548056602478,0.07027548720753392,0.21013600766024787,0.8754645586013794,0.8539086580276489,0.7029377222061157,0.8070001602172852,0.7589629292488098
M76P,76,0.296885619,4,0.33362090587615967,0.0648949424233916,0.03673528687615968,0.3161376416683197,0.4171699285507202,0.2421630620956421,0.32543161511421204,0.3672022819519043
M76Q,76,0.278592723,0,0.377394026517868,0.11044514940840701,0.09880130351786803,0.3241020739078522,0.5295385122299194,0.2900254726409912,0.4585581421852112,0.2847459316253662
M76R,76,0.141718108,4,0.1895441710948944,0.06574122890120711,0.0478260630948944,0.1580638885498047,0.1868382692337036,0.11416518688201904,0.1963421106338501,0.2923114001750946
M76T,76,0.338968662,1,0.30215959548950194,0.051894671679534925,0.036809066510498034,0.24982482194900513,0.33132538199424744,0.3269733786582947,0.2440415620803833,0.3586328327655792
M76V,76,0.403415002,4,0.7355961203575134,0.0483982344639005,0.3321811183575134,0.8069933652877808,0.7485859394073486,0.673583984375,0.7263361811637878,0.7224811315536499
M76A,76,0.542332939,4,0.5985607862472534,0.09050179605445535,0.05622784724725338,0.7137056589126587,0.6356956958770752,0.4789181351661682,0.6227267980575562,0.5417576432228088
M76N,76,0.257959719,4,0.3361297369003296,0.13074205841556952,0.07817001790032962,0.42319878935813904,0.32832151651382446,0.11327749490737915,0.3884371519088745,0.4274137318134308
M76S,76,0.143149184,4,0.45846664905548096,0.09208768725173609,0.31531746505548097,0.5670652389526367,0.4855230748653412,0.31253960728645325,0.4684712290763855,0.45873409509658813
K77Y,77,0.484005865,4,0.8669037580490112,0.04341783444941591,0.38289789304901123,0.8150689601898193,0.9164086580276489,0.8942521214485168,0.8284912705421448,0.8802977800369263
K77A,77,1.008137898,1,0.9209318041801453,0.053883569632300746,0.08720609381985467,0.9901241660118103,0.8527936339378357,0.9438835382461548,0.9350864291191101,0.8827712535858154
K77C,77,1.261167252,4,0.90834538936615,0.04834704760046457,0.35282186263384996,0.9451559782028198,0.9716025590896606,0.8554868102073669,0.8782263398170471,0.891255259513855
K77E,77,0.568623086,0,0.6953251361846924,0.07075876029926767,0.12670205018469238,0.7433807849884033,0.6198392510414124,0.6223983764648438,0.7743625044822693,0.7166447639465332
K77G,77,0.855657595,3,0.8590461134910583,0.0662776861293644,0.0033885184910582566,0.7636289000511169,0.8339582681655884,0.8547930121421814,0.917141854763031,0.925708532333374
K77H,77,1.084346009,1,0.7797322154045105,0.09015874934060826,0.30461379359548957,0.6974656581878662,0.7492259740829468,0.7772864699363708,0.7420200705528259,0.9326629042625427
K77I,77,0.410642141,4,0.9216875433921814,0.04229459734837284,0.5110454023921813,0.9379379153251648,0.9317654371261597,0.9324530959129333,0.8484331369400024,0.9578481316566467
K77P,77,0.4910237739999999,0,0.7259731411933898,0.13267150209665582,0.23494936719338994,0.8217188119888306,0.5738915205001831,0.8940349221229553,0.6275381445884705,0.71268230676651
K77Q,77,0.976944744,1,0.8881536960601807,0.10122744736471205,0.08879104793981929,0.894673228263855,0.7362911701202393,0.8811888694763184,0.9084689617156982,1.0201462507247925
K77L,77,0.95050096,2,0.6905999183654785,0.08015114376258203,0.25990104163452143,0.6261372566223145,0.8089098930358887,0.7378679513931274,0.6499849557876587,0.6300995349884033
K77W,77,0.441910487,4,0.8276981234550476,0.07137947815863814,0.38578763645504754,0.759073793888092,0.903253972530365,0.8221130967140198,0.7565619945526123,0.8974877595901489
K77R,77,0.947680742,4,0.8651580691337586,0.02983269187067639,0.08252267286624138,0.8839703798294067,0.8389979004859924,0.881605863571167,0.8273683190345764,0.8938478827476501
K77S,77,0.784892715,3,0.9092401623725891,0.03963990417578592,0.12434744737258907,0.8894785642623901,0.9582111835479736,0.8628129959106445,0.8934267163276672,0.94227135181427
K77T,77,0.902081595,3,0.9136387705802917,0.045026212445572394,0.01155717558029179,0.9719572067260742,0.8522207736968994,0.9261462688446045,0.889757513999939,0.9281120896339417
K77V,77,0.988776566,2,0.7238524436950684,0.03976399342204898,0.26492412230493156,0.6778835654258728,0.7458308935165405,0.7747465968132019,0.7301032543182373,0.6906979084014893
W78P,78,0.268593823,1,0.08907595872879029,0.1080030287652406,0.17951786427120972,0.005941033363342285,0.12652868032455444,-0.04444950819015503,0.22589075565338135,0.13146883249282837
W78Q,78,0.653705055,3,0.6503479242324829,0.06348400585880534,0.0033571307675170914,0.675544798374176,0.6065821647644043,0.6472228169441223,0.5795693397521973,0.7428205013275146
W78R,78,0.490737844,0,0.623984158039093,0.057412456298580834,0.13324631403909304,0.5974947214126587,0.6703268885612488,0.6972386837005615,0.5952440500259399,0.5596164464950562
W78S,78,0.737459682,0,0.6788828015327454,0.0175343967313278,0.05857688046725462,0.6809508800506592,0.6923905611038208,0.6505216360092163,0.6764155626296997,0.6941353678703308
W78T,78,0.61274177,1,0.6957153797149658,0.03883822414163164,0.08297360971496581,0.7289993762969971,0.7094712257385254,0.7290834784507751,0.6415393948554993,0.6694834232330322
W78V,78,0.970219923,2,0.6172486186027527,0.06823821305754034,0.35297130439724733,0.6539652943611145,0.6850248575210571,0.518988311290741,0.575340747833252,0.6529238820075989
W78L,78,0.729502331,2,0.6364780306816101,0.044294739492311226,0.09302430031838982,0.6605648994445801,0.6837314367294312,0.5674143433570862,0.6238800287246704,0.6467994451522827
W78I,78,0.461693371,0,0.8147170901298523,0.016565502968098403,0.35302371912985225,0.827947735786438,0.8160996437072754,0.793028712272644,0.8036723732948303,0.8328369855880737
W78Y,78,0.910678766,2,0.9098982453346253,0.09900436458676463,0.0007805206653747065,0.9364407062530518,0.9047294855117798,1.0168583393096924,0.9426875114440918,0.7487751841545105
W78G,78,0.37175362,4,0.521914929151535,0.07181293136146925,0.15016130915153503,0.4149858355522156,0.5647387504577637,0.5584796667098999,0.5888098478317261,0.48256054520606995
W78M,78,0.757922678,1,0.7281164765357971,0.04488239682401573,0.029806201464202875,0.7785933017730713,0.7371350526809692,0.7240504026412964,0.7444230318069458,0.6563805937767029
W78N,78,0.59750926,3,0.5891677737236023,0.018600180372517292,0.008341486276397747,0.612096905708313,0.6007826328277588,0.5861632823944092,0.583810031414032,0.5629860162734985
W78D,78,0.857824266,4,0.6260761380195617,0.041047860376830024,0.2317481279804382,0.5909918546676636,0.658220648765564,0.670228123664856,0.6344261169433594,0.576513946056366
W78C,78,0.907156349,4,0.7889475345611572,0.0397322820591152,0.11820881443884279,0.8425938487052917,0.7852027416229248,0.7533458471298218,0.8138362169265747,0.7497590184211731
W78A,78,0.624860541,2,0.6497094631195068,0.05574440430624616,0.024848922119506844,0.6919119358062744,0.7010682821273804,0.5623544454574585,0.6331746578216553,0.6600379943847656
W78E,78,0.706560195,2,0.6486763715744018,0.048365165694133155,0.05788382342559817,0.6268239617347717,0.7024194002151489,0.6209294199943542,0.5955533981323242,0.6976556777954102
F79Q,79,0.064432475,1,0.2605184316635132,0.07094780964244345,0.1960859566635132,0.2601838707923889,0.18122214078903198,0.2751457989215851,0.3689137399196625,0.21712660789489746
F79V,79,0.838378482,0,0.7415727138519287,0.027380263959352252,0.09680576814807129,0.7585986852645874,0.7123280763626099,0.7249201536178589,0.7319303154945374,0.78008633852005
F79Y,79,0.744456333,2,0.6003097176551819,0.05843962429832533,0.1441466153448181,0.5828664302825928,0.7001164555549622,0.5992047786712646,0.552882969379425,0.5664779543876648
F79W,79,0.66941658,1,0.9015333652496338,0.10330442757909751,0.23211678524963375,0.859904944896698,1.030383586883545,0.9254115223884583,0.7521480321884155,0.9398187398910522
F79R,79,-0.017570248,4,0.14463565349578858,0.08356057595663251,0.1622059014957886,0.12250709533691406,0.14985394477844238,0.03874409198760986,0.271837055683136,0.14023607969284058
F79S,79,0.387355957,1,0.46535480618476865,0.07705615632806136,0.07799884918476868,0.42543891072273254,0.44902297854423523,0.3662460148334503,0.5427000522613525,0.5433660745620728
F79T,79,0.598389898,2,0.4595339477062225,0.06293865774457562,0.13885595029377745,0.43751975893974304,0.4747023582458496,0.3749421238899231,0.4616970419883728,0.5488084554672241
F79P,79,0.050409989,3,0.36163148283958435,0.04627359931076613,0.31122149383958436,0.3828285336494446,0.392034113407135,0.3119296729564667,0.3121064305305481,0.4092586636543274
F79A,79,0.7582055059999999,1,0.7226192593574524,0.06266041564194526,0.0355862466425475,0.6193138360977173,0.7116899490356445,0.7771371603012085,0.7613826990127563,0.7435726523399353
F79L,79,1.003710976,1,0.8811125516891479,0.02459597302204572,0.1225984243108521,0.8589711785316467,0.895869255065918,0.9155428409576416,0.8586267828941345,0.8765527009963989
F79E,79,0.08495675,4,0.15514087677001953,0.10974721347994616,0.07018412677001953,0.008775770664215088,0.23447930812835693,0.0814201831817627,0.2761150598526001,0.17491406202316284
F79G,79,0.074583806,2,0.26419452428817747,0.06120785819864005,0.18961071828817747,0.2711646556854248,0.28367871046066284,0.16104131937026978,0.2804594933986664,0.32462844252586365
F79D,79,0.1285838869999999,2,-0.09666680097579956,0.10589544005907517,0.22525068797579945,-0.06840747594833374,0.011412382125854492,-0.26657766103744507,-0.11823701858520508,-0.04152423143386841
F79C,79,0.511651664,1,0.7967974543571472,0.01914684787079091,0.28514579035714727,0.8269082307815552,0.7772538661956787,0.8021612167358398,0.792158305644989,0.7855056524276733
F79I,79,0.840336663,3,0.8206993699073791,0.05475042881818012,0.019637293092620856,0.8391268849372864,0.8854414224624634,0.7381019592285156,0.8025690317153931,0.8382575511932373
F79K,79,-0.092204747,3,0.13802576065063477,0.07159635470082691,0.23023050765063477,0.15547949075698853,0.21630597114562988,0.04602944850921631,0.08323520421981812,0.189078688621521
F79M,79,0.96431738,3,0.9461920142173768,0.039790608603320315,0.01812536578262325,0.9865642786026001,0.934392511844635,0.8851595520973206,0.9499269723892212,0.9749167561531067
A80H,80,0.529755703,0,0.4981117308139801,0.13415746824082486,0.031643972186019886,0.46467289328575134,0.39723795652389526,0.7142844200134277,0.5300447940826416,0.38431859016418457
A80I,80,0.531389097,4,0.9617144823074341,0.05931388510887608,0.430325385307434,0.9729720950126648,1.0610026121139526,0.924089789390564,0.9226728677749634,0.9278350472450256
A80K,80,0.3196402,0,0.42541140913963316,0.09189909126534218,0.10577120913963317,0.3503967821598053,0.5512983798980713,0.4953979551792145,0.35771918296813965,0.3722447454929352
A80W,80,0.309716233,2,0.5838853418827057,0.06992752302096235,0.2741691088827057,0.49953362345695496,0.6347757577896118,0.6561755537986755,0.5204557180404663,0.6084860563278198
A80S,80,0.975080194,2,0.7805435657501221,0.049084839430523754,0.19453662824987794,0.7353293299674988,0.8202469348907471,0.8434433937072754,0.7374708652496338,0.7662273049354553
A80T,80,0.7807782590000001,4,0.752047348022461,0.09321290187345943,0.028730910977539104,0.6762287020683289,0.8185824155807495,0.7436197400093079,0.6505595445632935,0.871246337890625
A80V,80,0.979861729,0,0.6811049938201904,0.0504736123564665,0.2987567351798096,0.6711628437042236,0.60273677110672,0.7214781045913696,0.680877149105072,0.7292701005935669
A80G,80,0.453088284,1,0.6356536388397217,0.07102644014802291,0.1825653548397217,0.5208357572555542,0.7021465301513672,0.6622582077980042,0.6750697493553162,0.6179579496383667
A80F,80,0.6094397420000001,4,0.7410646438598633,0.04436114449654436,0.1316249018598632,0.7006306648254395,0.7166010737419128,0.8019910454750061,0.7740208506584167,0.7120795845985413
A80N,80,1.132398307,0,0.5442576467990875,0.14588313036874856,0.5881406602009126,0.5115976929664612,0.44908517599105835,0.7991999983787537,0.4496462047100067,0.5117591619491577
A80D,80,0.616975351,3,0.4952649712562561,0.08069696154934779,0.12171037974374388,0.5175614356994629,0.35398709774017334,0.557355523109436,0.531388521194458,0.5160322785377502
A80R,80,0.423545989,4,0.5741465449333191,0.04987750483668338,0.15060055593331906,0.5513952970504761,0.5588718056678772,0.5649712085723877,0.5344939231872559,0.6610004901885986
A80Q,80,0.509816015,2,0.6657800436019897,0.04751061046632517,0.15596402860198977,0.6898665428161621,0.6215493679046631,0.733305811882019,0.6219611167907715,0.662217378616333
A80P,80,0.325687179,4,0.18092344999313353,0.0653779438652072,0.14476372900686646,0.11864101886749268,0.28679537773132324,0.14540714025497437,0.15797734260559082,0.19579637050628662
A80E,80,0.422706186,4,0.5258605778217316,0.04316668025858061,0.10315439182173158,0.5680989027023315,0.5533328056335449,0.548926591873169,0.47319284081459045,0.485751748085022
A80M,80,0.890886615,4,0.8092457056045532,0.02589541638836836,0.08164090939544677,0.7897554039955139,0.8541793823242188,0.7957391142845154,0.7994229793548584,0.8071316480636597
A80L,80,0.856225833,0,0.7352971434593201,0.034853204080980624,0.12092868954067992,0.6920821070671082,0.7789058089256287,0.7345172166824341,0.712155282497406,0.7588253021240234
A80Y,80,0.615863745,0,0.669815194606781,0.05944106878522986,0.053951449606781,0.6104329824447632,0.7435811758041382,0.6755790114402771,0.7093856930732727,0.6100971102714539
A80C,80,1.037180917,0,0.8451964020729065,0.05682970156514733,0.19198451492709345,0.8389130234718323,0.8754811882972717,0.8474569320678711,0.7558687925338745,0.9082620739936829
D81V,81,0.58119918,3,0.6279135346412659,0.06328028314389221,0.04671435464126583,0.5512648820877075,0.6522118449211121,0.7209009528160095,0.6139119267463684,0.6012780666351318
D81Q,81,0.897921561,3,0.8134547114372254,0.04943124112735827,0.08446684956277462,0.7526198029518127,0.86772620677948,0.8208115696907043,0.7738593220710754,0.8522566556930542
D81T,81,0.938723401,1,0.8162062644958497,0.07344878973776159,0.1225171365041503,0.8113919496536255,0.859889030456543,0.8572604656219482,0.6903139352798462,0.8621759414672852
D81P,81,-0.017030179,0,0.3316508412361145,0.04724714570478952,0.34868102023611447,0.2946299612522125,0.3631395995616913,0.3776831328868866,0.26880979537963867,0.35399171710014343
D81N,81,0.864545412,4,0.9737136602401734,0.07676776939706628,0.10916824824017335,1.0434976816177368,1.0239475965499878,0.9492960572242737,1.0001225471496582,0.8517044186592102
D81A,81,0.8490619620000001,1,0.789206326007843,0.05327364054608644,0.05985563599215704,0.7354636788368225,0.7599356174468994,0.8410505652427673,0.8518742918968201,0.7577074766159058
D81L,81,0.644747327,2,0.5652464032173157,0.06678297007554974,0.07950092378268436,0.6580287218093872,0.4887382388114929,0.606443464756012,0.5403274893760681,0.5326941013336182
D81R,81,0.7130893909999999,2,0.7312011003494263,0.02907593586363159,0.018111709349426408,0.7808384299278259,0.7158953547477722,0.7062310576438904,0.7236753702163696,0.7293652892112732
D81H,81,0.652514837,0,0.7980419874191285,0.053900255667653156,0.14552715041912845,0.8078444600105286,0.877833902835846,0.7907522916793823,0.7275814414024353,0.78619784116745
D81W,81,0.522119642,1,0.5449469864368439,0.06547542975876308,0.022827344436843866,0.6475490927696228,0.539304792881012,0.49246636033058167,0.4849867820739746,0.5604279041290283
D81K,81,0.7080686959999999,0,0.7105664849281311,0.03466447351485499,0.0024977889281312393,0.6703243851661682,0.7556304931640625,0.7365723252296448,0.6967070698738098,0.6935981512069702
D81S,81,0.980374127,1,0.7362559556961059,0.027737532419755212,0.24411817130389413,0.7692258358001709,0.7187533974647522,0.7616057395935059,0.7260577082633972,0.7056370973587036
D81C,81,0.698928806,1,0.7434200286865235,0.029194244760487764,0.0444912226865235,0.7497392892837524,0.7083334922790527,0.7243331670761108,0.7496143579483032,0.785079836845398
D81M,81,0.652636321,1,0.6776161909103393,0.04800055300972201,0.024979869910339292,0.7300091981887817,0.6917793154716492,0.608666718006134,0.6513019800186157,0.7063237428665161
D81E,81,1.024610978,1,0.8581095337867737,0.052370233360117396,0.1665014442132262,0.8389796018600464,0.9504772424697876,0.8199999928474426,0.8418652415275574,0.8392255902290344
D81F,81,0.259109634,4,0.5632627844810486,0.010970102615940124,0.30415315048104863,0.5801880955696106,0.561936616897583,0.5510274171829224,0.5659275054931641,0.5572342872619629
D81G,81,0.6246428239999999,2,0.8596513271331787,0.05131594751320727,0.23500850313317878,0.9064071178436279,0.7777834534645081,0.8625124096870422,0.8521484136581421,0.8994052410125732
R82S,82,0.961889268,3,0.9058658719062805,0.03198045421240066,0.056023396093719424,0.8752458095550537,0.9545243978500366,0.9038306474685669,0.9159413576126099,0.8797871470451355
R82Q,82,1.145812009,2,0.9397428154945373,0.09132941751585674,0.2060691935054626,0.8962342739105225,1.0384551286697388,1.0314035415649414,0.9019536375999451,0.8306674957275391
R82P,82,-0.0466386129999999,0,0.5730785131454468,0.04502825263396693,0.6197171261454467,0.5975955724716187,0.509884238243103,0.6026749610900879,0.5415745377540588,0.6136632561683655
R82M,82,0.741670215,4,0.9827264904975891,0.026574863130773063,0.24105627549758912,0.9552837014198303,1.0165073871612549,0.9722416400909424,0.9646490812301636,1.0049506425857544
R82L,82,1.14042191,2,0.8854429006576539,0.06428011218914413,0.2549790093423461,0.828105628490448,0.977866530418396,0.9243838787078857,0.8632888793945312,0.8335695862770081
R82K,82,0.899450075,2,0.9627899169921875,0.1474064678884191,0.06333984199218756,0.9875230193138123,1.131715178489685,0.9756907224655151,0.9941717982292175,0.7248488664627075
R82I,82,0.8718637140000001,3,1.0514607787132264,0.12471820198303557,0.17959706471322634,0.914023220539093,1.1142566204071045,1.2263721227645874,0.9579373598098755,1.0447145700454712
R82H,82,1.018668396,2,0.9272907376289368,0.08462953387496375,0.09137765837106326,0.8594801425933838,1.0692827701568604,0.9299734830856323,0.9103919863700867,0.8673253059387207
R82T,82,0.801589113,3,0.8558176398277283,0.029120951509794536,0.054228526827728274,0.8232690691947937,0.8937510251998901,0.8424813747406006,0.8412960767745972,0.8782906532287598
R82W,82,0.885725742,1,0.7695379495620728,0.04876398412720781,0.1161877924379272,0.7687039375305176,0.8478187322616577,0.7137635946273804,0.7543714642524719,0.7630320191383362
R82V,82,0.780862444,3,0.9259698629379273,0.04087215274850637,0.14510741893792722,0.8708330988883972,0.936133623123169,0.9727306365966797,0.8990894556045532,0.9510625004768372
R82N,82,0.763986782,1,0.9923278450965881,0.015127893091522742,0.22834106309658808,0.9905343651771545,0.98428875207901,1.0054028034210205,0.9723851084709167,1.0090281963348389
R82G,82,0.7732177709999999,3,0.6559540033340454,0.11139946541312512,0.11726376766595448,0.6960554718971252,0.47400611639022827,0.745407223701477,0.629463791847229,0.7348374128341675
R82F,82,0.7115496459999999,1,0.9136133074760437,0.037624266946746844,0.20206366147604382,0.8997285962104797,0.9713945388793945,0.8705978393554688,0.9013370871543884,0.9250084757804871
R82E,82,0.949258347,3,0.9131975412368775,0.02767926215527225,0.03606080576312254,0.8942965865135193,0.9023760557174683,0.9622220993041992,0.9040575623512268,0.9030354022979736
R82D,82,0.85691384,0,0.7089298248291016,0.03952491018994935,0.14798401517089843,0.7380085587501526,0.7028442025184631,0.6547088623046875,0.755678653717041,0.6934088468551636
R82C,82,0.847516174,3,1.0120810508728026,0.08543124391213391,0.16456487687280263,0.883516252040863,1.1156816482543945,1.0508712530136108,0.9922890067100525,1.0180470943450928
R82A,82,0.991729989,4,0.8517524838447571,0.04872815046156426,0.13997750515524288,0.8210722804069519,0.8633705973625183,0.9166239500045776,0.7890739440917969,0.8686216473579407
G83L,83,0.273098535,1,0.3717219591140747,0.05671890883509429,0.09862342411407471,0.3926711976528168,0.4479963481426239,0.308372437953949,0.3866015374660492,0.3229682743549347
G83A,83,0.4435682589999999,2,0.5603799104690552,0.06640968262269055,0.11681165146905531,0.6059074401855469,0.5657957792282104,0.5307778716087341,0.63466477394104,0.4647536873817444
G83C,83,0.553855208,2,0.4143946349620819,0.06646864208143693,0.1394605730379181,0.4589248299598694,0.4326639473438263,0.42384856939315796,0.4578165113925934,0.2987193167209625
G83D,83,0.454071679,0,0.6043126344680786,0.03593879678552347,0.15024095546807859,0.6252559423446655,0.6034435033798218,0.5929669141769409,0.552198052406311,0.6476987600326538
G83F,83,0.517874348,3,0.3428782641887665,0.14719625261340366,0.1749960838112335,0.4929700195789337,0.11879771947860718,0.4557216465473175,0.33826401829719543,0.30863791704177856
G83I,83,0.2893733619999999,1,0.2910622715950012,0.06631615756546773,0.0016889095950012867,0.3182232975959778,0.32013827562332153,0.1923152208328247,0.3640553951263428,0.2605791687965393
G83E,83,0.496315888,1,0.4935834527015686,0.020680707108587333,0.0027324352984313682,0.49652549624443054,0.5025131702423096,0.47347626090049744,0.47336846590042114,0.5220338702201843
G83M,83,0.527322928,2,0.5090998351573944,0.05262621629979964,0.018223092842605593,0.5948587656021118,0.501105785369873,0.5144968628883362,0.4582318961620331,0.4768058657646179
G83Q,83,0.504660914,2,0.7585795164108277,0.06551746164937762,0.25391860241082764,0.7186285257339478,0.8542413115501404,0.7891358733177185,0.6857122182846069,0.7451796531677246
G83R,83,0.551036571,4,0.6516247153282165,0.016922476691156357,0.1005881443282165,0.6434741020202637,0.6346313953399658,0.6667194366455078,0.6726482510566711,0.6406503915786743
G83S,83,0.757666188,1,0.48066266179084777,0.04394659510760299,0.2770035262091522,0.45628923177719116,0.4788743257522583,0.4264370799064636,0.49898770451545715,0.5427249670028687
G83T,83,0.383740673,2,0.46159023642539976,0.08343987919176378,0.07784956342539978,0.5384154319763184,0.5421721935272217,0.42038172483444214,0.4626689851284027,0.344312846660614
G83V,83,-0.0232078079999999,1,0.396839964389801,0.0662424545466545,0.4200477723898009,0.4604813754558563,0.4295622408390045,0.2911491096019745,0.4261735677719116,0.3768335282802582
G83W,83,0.152343902,1,0.4788902163505554,0.06939877245392097,0.32654631435055537,0.5731235146522522,0.42413854598999023,0.4182838499546051,0.5312308073043823,0.44767436385154724
G83K,83,0.44060621,0,0.4562449038028717,0.067645444073845,0.015638693802871695,0.5616410374641418,0.45478060841560364,0.44900235533714294,0.37278422713279724,0.44301629066467285
H84V,84,0.773993853,2,0.7987715363502502,0.03421375457054042,0.024777683350250213,0.7734110951423645,0.8524877429008484,0.7853332757949829,0.8120719790458679,0.7705535888671875
H84G,84,0.1680734019999999,2,0.1997312068939209,0.04118575983297838,0.031657804893921004,0.20172518491744995,0.16130369901657104,0.1822492480278015,0.26879215240478516,0.18458575010299683
H84L,84,0.694931231,4,0.7594682574272156,0.06257125235896605,0.0645370264272156,0.733625054359436,0.8040971755981445,0.8315937519073486,0.6711960434913635,0.7568292617797852
H84K,84,-0.098788585,3,0.4985318541526794,0.07971943478478173,0.5973204391526794,0.358672559261322,0.5462450981140137,0.5451546907424927,0.5349628925323486,0.5076240301132202
H84W,84,0.706101558,3,0.635832691192627,0.05263856930859269,0.07026886680737299,0.6070973873138428,0.6333426237106323,0.6052544116973877,0.6058802604675293,0.7275887727737427
H84I,84,0.533243857,0,0.7938382387161255,0.06396614318247447,0.2605943817161255,0.9053084850311279,0.7563931345939636,0.7904334664344788,0.7626333832740784,0.7544227242469788
H84F,84,1.047640138,3,0.8000832319259643,0.02712097053546778,0.2475569060740357,0.8397048711776733,0.7939014434814453,0.782305896282196,0.77109295129776,0.8134109973907471
H84S,84,0.539700054,3,0.715431296825409,0.04425901218320257,0.17573124282540897,0.7623862028121948,0.6966145038604736,0.6974863409996033,0.6608239412307739,0.759845495223999
H84D,84,0.499187726,1,0.3485372424125671,0.08356251683607212,0.15065048358743288,0.4452114403247833,0.34593498706817627,0.33684754371643066,0.2206050157546997,0.3940872251987457
H84C,84,1.03867197,4,0.7706823825836182,0.04031654972968193,0.2679895874163818,0.7742999196052551,0.7406206727027893,0.8347525000572205,0.7715171575546265,0.7322216629981995
H84A,84,1.072324736,0,0.6192230820655823,0.06096068373562123,0.4531016539344176,0.6472935676574707,0.664354145526886,0.6057296395301819,0.6603459715843201,0.5183920860290527
H84T,84,0.68207766,1,0.6172878205776214,0.09956272970097382,0.06478983942237859,0.7437255382537842,0.572239339351654,0.4836913049221039,0.6085758209228516,0.6782070994377136
H84Q,84,0.421945368,2,0.29010801911354067,0.03856985114849703,0.13183734888645932,0.3085295855998993,0.2385401725769043,0.33757537603378296,0.26568132638931274,0.30021363496780396
H84Y,84,0.642822453,2,0.9695841908454895,0.044511384598923794,0.32676173784548956,0.9608193635940552,0.9393589496612549,0.957982063293457,1.0474172830581665,0.9423432946205139
H84R,84,0.023243876,3,0.40763569474220274,0.07601351684518141,0.38439181874220274,0.3052324950695038,0.40177276730537415,0.37368345260620117,0.4529995620250702,0.5044901967048645
H84E,84,0.076864516,0,0.19796388149261473,0.04561225553427233,0.12109936549261474,0.24306213855743408,0.158946692943573,0.14692836999893188,0.24442696571350098,0.1964552402496338
H84P,84,0.163120523,0,0.16569727659225464,0.1339443850829106,0.002576753592254649,0.3466378450393677,0.17260700464248657,0.22081339359283447,-0.012456178665161133,0.1008843183517456
H84N,84,0.699280085,2,0.9028648138046265,0.03881513771800128,0.2035847288046264,0.9147666692733765,0.9121179580688477,0.9527401924133301,0.8872113227844238,0.8474879264831543
H84M,84,0.932835018,4,0.7505837917327881,0.05824452867463095,0.1822512262672119,0.7209964394569397,0.7243058681488037,0.7958254218101501,0.6855375170707703,0.8262537121772766
S85E,85,1.100556272,0,0.9363724231719971,0.10098831642401677,0.16418384882800285,1.0473116636276245,0.8200197815895081,0.8605955243110657,0.9226028919219971,1.03133225440979
S85H,85,1.156172307,2,1.0220611095428467,0.05447491802100823,0.13411119745715339,1.0885186195373535,1.0022735595703125,1.0671465396881104,0.9559386968612671,0.9964281320571899
S85I,85,1.007023119,4,0.8851659655570984,0.1010379490079515,0.12185715344290171,1.0386663675308228,0.7738528847694397,0.9213939309120178,0.830230176448822,0.8616864681243896
S85K,85,0.979250336,0,0.9830973386764527,0.12022748717966346,0.00384700267645266,1.072669506072998,0.8059543967247009,0.9201919436454773,1.0187300443649292,1.0979408025741577
S85L,85,0.914269858,4,0.8839996099472046,0.06887527632160076,0.030270248052795434,0.9613500833511353,0.8106964230537415,0.9385002255439758,0.81642085313797,0.8930304646492004
S85G,85,0.527232009,4,0.7496138215065002,0.11457375180732553,0.22238181250650024,0.8080717325210571,0.8086041212081909,0.7835036516189575,0.5454705357551575,0.8024190664291382
S85M,85,0.977915856,0,0.7943339705467224,0.04027465294047722,0.18358188545327758,0.8116456866264343,0.7382204532623291,0.8271171450614929,0.7661429643630981,0.8285436034202576
S85C,85,1.148378035,2,0.9265235185623169,0.08519901694077309,0.22185451643768306,0.830392599105835,1.0439085960388184,0.9179926514625549,0.8660261034965515,0.9742976427078247
S85Q,85,1.163564886,4,1.0085906624794005,0.028912825035511496,0.15497422352059953,1.0183002948760986,1.0301423072814941,0.9764076471328735,0.9794805645942688,1.038622498512268
S85R,85,0.810299546,3,0.9533964276313782,0.030672268604326466,0.14309688163137824,0.9528465270996094,0.9225873947143555,0.9651708602905273,0.998425304889679,0.9279520511627197
S85T,85,0.509671316,2,1.018031895160675,0.12287191381682579,0.508360579160675,0.8883116841316223,1.2022292613983154,1.0243501663208008,1.049867868423462,0.9254004955291748
S85V,85,1.081188531,3,0.8988263845443726,0.037235754694399,0.18236214645562743,0.860396683216095,0.8775826692581177,0.8858213424682617,0.915070116519928,0.9552611112594604
S85W,85,0.8636968829999999,3,0.6864957809448242,0.050086692370944624,0.1772011020551757,0.7235320806503296,0.7332725524902344,0.631714940071106,0.7110474109649658,0.6329119205474854
S85Y,85,1.095453342,3,0.9004619002342225,0.023173966703769634,0.19499144176577765,0.9163421392440796,0.8834899663925171,0.9234400987625122,0.9100173711776733,0.8690199255943298
S85A,85,1.031396953,4,1.0568554639816283,0.04706170510960639,0.025458510981628324,1.0633448362350464,1.0613678693771362,1.014571189880371,1.1295908689498901,1.0154025554656982
S85P,85,0.653511969,2,0.6791634798049927,0.07821140910391546,0.025651510804992728,0.7372875213623047,0.7621737122535706,0.5839606523513794,0.7013672590255737,0.611028254032135
S85F,85,1.042691993,3,0.9920151472091675,0.0882207761156804,0.050676845790832536,1.134915828704834,0.9036485552787781,1.0012096166610718,0.9799897074699402,0.9403120279312134
V86N,86,-0.108885588,0,0.15854371786117555,0.04450152512791743,0.2674293058611755,0.15061050653457642,0.1582217812538147,0.20316094160079956,0.19138574600219727,0.08933961391448975
V86P,86,0.14633779,2,0.3665846407413483,0.08139953450404198,0.22024685074134828,0.3226482570171356,0.354375422000885,0.26301294565200806,0.42473888397216797,0.4681476950645447
V86Q,86,-0.030684451,3,0.1708688974380493,0.08464592565661475,0.2015533484380493,0.21280163526535034,0.2540948987007141,0.16229969263076782,0.03162717819213867,0.19352108240127563
V86S,86,0.48198771,4,0.3083393514156342,0.053339170019807064,0.17364835858436584,0.3921571671962738,0.3138246238231659,0.27520859241485596,0.25153523683547974,0.3089711368083954
V86M,86,0.173169878,1,0.28900948762893675,0.061359163459239655,0.11583960962893675,0.284365177154541,0.38155969977378845,0.30464401841163635,0.25807106494903564,0.21640747785568237
V86T,86,0.5302238810000001,3,0.7237440347671509,0.07295585740496163,0.19352015376715082,0.8065903186798096,0.6740202903747559,0.7725062966346741,0.627016544342041,0.7385867238044739
V86W,86,-0.051720039,0,0.10522599816322327,0.10342974944286623,0.15694603716322328,0.02726513147354126,0.05475902557373047,0.0912209153175354,0.28558990359306335,0.06729501485824585
V86Y,86,0.167166321,2,0.09646052122116089,0.05580440292371365,0.07070579977883912,0.10528415441513062,0.10091918706893921,0.05319327116012573,0.182295024394989,0.04061096906661987
V86R,86,0.142491129,2,0.1634707748889923,0.06413796385032854,0.020979645888992315,0.09127098321914673,0.14927411079406738,0.173115074634552,0.13859379291534424,0.2650999128818512
V86L,86,0.227847047,3,0.38759528994560244,0.07919589849535966,0.15974824294560244,0.3798578381538391,0.5033120512962341,0.4037410318851471,0.28267529606819153,0.3683902323246002
V86A,86,0.693419683,3,0.6715413928031921,0.06018723475155442,0.02187829019680787,0.7118048667907715,0.7178217768669128,0.6774102449417114,0.5686671733856201,0.6820029020309448
V86I,86,0.90110014,0,0.5739051222801208,0.11868036890990523,0.32719501771987924,0.5949525237083435,0.5135666131973267,0.5203750133514404,0.7704540491104126,0.47017741203308105
V86G,86,0.010533445,2,0.23122549057006836,0.068838190462388,0.22069204557006836,0.2135225534439087,0.25334489345550537,0.12850922346115112,0.24315935373306274,0.31759142875671387
V86F,86,-0.050254018,0,0.23455633521080016,0.09100772313047589,0.28481035321080017,0.24026870727539062,0.24935489892959595,0.19176852703094482,0.36978963017463684,0.12159991264343262
V86E,86,0.089836943,2,0.02064908742904663,0.07971422758770348,0.06918785557095337,0.10182714462280273,0.05425208806991577,-0.029342174530029297,-0.09267914295196533,0.06918752193450928
V86D,86,0.221338618,4,0.2413586139678955,0.15244163625336518,0.020019995967895526,0.2842733561992645,0.2651238441467285,0.09608697891235352,0.46280160546302795,0.09850728511810303
V86C,86,0.707254666,2,0.7253326654434205,0.0719979489845953,0.018077999443420478,0.6787565350532532,0.6354867815971375,0.8242753744125366,0.7433006167411804,0.7448440194129944
V86K,86,0.225446705,2,0.10082405805587769,0.051560280726756114,0.12462264694412231,0.05559331178665161,0.06562656164169312,0.1318427324295044,0.0747038722038269,0.1763538122177124
V87P,87,-0.130321974,4,0.13049886226654053,0.10397153068252905,0.2608208362665405,0.13516473770141602,0.195631742477417,-0.027478277683258057,0.24576306343078613,0.10341304540634155
V87R,87,0.433993857,2,0.568702244758606,0.05115361790638944,0.134708387758606,0.495572030544281,0.59128737449646,0.544987678527832,0.5804448127746582,0.6312193274497986
V87S,87,0.925633862,3,0.898825466632843,0.049774694463996204,0.026808395367156956,0.9448337554931641,0.8792492747306824,0.9388045072555542,0.8231549263000488,0.9080848693847656
V87K,87,0.552743963,1,0.4798887372016907,0.05693081436003752,0.07285522579830928,0.5185397863388062,0.4915620684623718,0.5353356599807739,0.46351441740989685,0.3904917538166046
V87M,87,0.73998603,3,0.8569431781768799,0.08443445406773958,0.11695714817687997,0.8283379673957825,0.8476552963256836,0.9867937564849854,0.7538552284240723,0.8680736422538757
V87L,87,0.668689392,3,0.861403226852417,0.07453854153699918,0.192713834852417,0.7981312274932861,0.83974289894104,0.9590760469436646,0.79127436876297,0.9187915921211243
V87G,87,0.573647,3,0.5049509108066559,0.08516029180291051,0.06869608919334413,0.6365802884101868,0.5202542543411255,0.4729941189289093,0.40377286076545715,0.4911530315876007
V87A,87,1.057103648,0,0.7917953848838806,0.04631606991409186,0.26530826311611944,0.8534992337226868,0.8224358558654785,0.7563018798828125,0.7852641940116882,0.7414757609367371
V87E,87,0.376577159,3,0.5795616507530212,0.059027494773453405,0.20298449175302125,0.6687090396881104,0.5305242538452148,0.5960170030593872,0.5220004916191101,0.5805574655532837
V87D,87,0.431616254,0,0.628837126493454,0.12936447210373436,0.19722087249345405,0.7454156279563904,0.6646054983139038,0.7354657649993896,0.5592113733291626,0.43948736786842346
V87C,87,0.946554708,2,1.0038958549499513,0.059699837895334826,0.057341146949951294,1.0317585468292236,0.9535733461380005,0.9849608540534973,1.094351053237915,0.9548354744911194
V87Y,87,0.627918316,1,0.8948798775672913,0.09666335815464389,0.26696156156729123,0.9609009623527527,1.0288219451904297,0.8384365439414978,0.7949141263961792,0.8513258099555969
V87W,87,0.582624155,0,0.5491377830505371,0.08733495583755085,0.03348637194946291,0.4690262973308563,0.5867352485656738,0.68068927526474,0.478081077337265,0.5311570167541504
V87T,87,1.025654398,1,0.7345135927200317,0.041202536740727186,0.2911408052799682,0.7610569000244141,0.7630869150161743,0.7090273499488831,0.673975944519043,0.7654208540916443
V87F,87,1.027003109,3,0.7619683623313904,0.03167909709107596,0.2650347466686096,0.7369004487991333,0.7366523742675781,0.7867435216903687,0.744745671749115,0.8047997951507568
G88Y,88,0.634877291,3,0.23909499645233154,0.044203869322766536,0.39578229454766845,0.2791023850440979,0.18544763326644897,0.27975785732269287,0.1999056339263916,0.25126147270202637
G88W,88,0.257854543,2,0.2313388466835022,0.07341649134180175,0.026515696316497805,0.12919992208480835,0.21773934364318848,0.24742448329925537,0.3346373438835144,0.22769314050674438
G88V,88,0.010116092,0,0.3282396137714386,0.05349052378722731,0.3181235217714386,0.31944093108177185,0.32144850492477417,0.3178935647010803,0.4149572253227234,0.26745784282684326
G88T,88,0.024956206,0,0.4115765392780304,0.040369089409523724,0.3866203332780304,0.4016045331954956,0.4638468027114868,0.39735373854637146,0.43684929609298706,0.35822832584381104
G88R,88,0.009312682,4,0.23778927326202393,0.11040065712392381,0.22847659126202394,0.21375179290771484,0.42634016275405884,0.1342177391052246,0.21178841590881348,0.20284825563430786
G88Q,88,0.195598255,3,0.20269163846969604,0.04398121489184408,0.007093383469696041,0.27255719900131226,0.1549828052520752,0.21112710237503052,0.18286997079849243,0.19192111492156982
G88S,88,0.4062094470000001,4,0.38594688177108766,0.09441704144822217,0.020262565228912455,0.31149575114250183,0.5101789832115173,0.30813321471214294,0.3357999920845032,0.46412646770477295
G88N,88,0.801895838,2,0.15073422193527222,0.055315957829101356,0.6511616160647278,0.06442725658416748,0.21213918924331665,0.15270650386810303,0.1816050410270691,0.14279311895370483
G88A,88,0.618305048,1,0.7207476139068604,0.02870769720287328,0.1024425659068604,0.7467605471611023,0.7221868634223938,0.7366268634796143,0.6723721027374268,0.7257916927337646
G88D,88,0.15490449,1,0.29114590883255004,0.06544427630524213,0.13624141883255003,0.305641770362854,0.34748321771621704,0.2781757712364197,0.1850603222846985,0.33936846256256104
G88E,88,0.037050991,0,0.19229964017868043,0.03977940442442045,0.15524864917868042,0.1690635085105896,0.2258865237236023,0.19364726543426514,0.13853716850280762,0.23436373472213745
G88F,88,0.256794038,3,0.22033334970474244,0.027452761463923104,0.03646068829525756,0.25121963024139404,0.17687660455703735,0.2332167625427246,0.2219281792640686,0.21842557191848755
G88I,88,0.23814768,4,0.08279441595077515,0.06686623332685585,0.15535326404922484,0.08201855421066284,0.17097347974777222,0.07168620824813843,-0.014827311038970947,0.1041211485862732
G88M,88,0.2354204489999999,2,0.22941041588783265,0.07815328157462895,0.006010033112167246,0.15279948711395264,0.24134868383407593,0.3095775544643402,0.29871243238449097,0.14461392164230347
G88L,88,-0.00996584,1,0.3163218319416046,0.05039473438326485,0.32628767194160463,0.3392459750175476,0.3011666536331177,0.3290295898914337,0.23888158798217773,0.37328535318374634
G88P,88,0.6919723529999999,2,0.2501438558101654,0.05648925926027969,0.4418284971898345,0.1749417781829834,0.2342972755432129,0.32738324999809265,0.23709344863891602,0.27700352668762207
G88K,88,0.109162201,3,0.0392547607421875,0.0724554963949022,0.06990744025781251,0.12329554557800293,0.07195138931274414,0.0496634840965271,0.024033844470977783,-0.07267045974731445
V89A,89,1.037156937,2,0.8067532300949096,0.08435778447743954,0.23040370690509038,0.8991550803184509,0.8851101398468018,0.6979687809944153,0.7717304825782776,0.7798016667366028
V89N,89,1.120131092,0,0.5484232783317566,0.12051905793645819,0.5717078136682434,0.6184886693954468,0.4833582043647766,0.5639532804489136,0.6938899755477905,0.38242626190185547
V89C,89,1.114549856,1,0.9483826398849488,0.03467874862937582,0.16616721611505125,0.8916637301445007,0.9649901986122131,0.9544677734375,0.9841266870498657,0.9466648101806641
V89L,89,0.7006309279999999,1,0.827417528629303,0.040883559463883834,0.12678660062930303,0.8713948130607605,0.7996726632118225,0.8677805066108704,0.8185027241706848,0.7797369360923767
V89E,89,-0.112510229,4,0.1317235827445984,0.08188066876144014,0.2442338117445984,0.004793822765350342,0.20737934112548828,0.10861849784851074,0.13990581035614014,0.19792044162750244
V89F,89,0.84980812,2,0.6379283547401429,0.04800883451773187,0.21187976525985708,0.6747278571128845,0.6409966349601746,0.575201690196991,0.6921355724334717,0.6065800189971924
V89P,89,0.1041147509999999,4,0.45819011926651,0.06354309149255928,0.3540753682665101,0.45658156275749207,0.5120412111282349,0.5144449472427368,0.44975587725639343,0.35812699794769287
V89M,89,0.696274772,0,0.8210622072219849,0.03977599712398965,0.12478743522198488,0.8115640878677368,0.7636429071426392,0.8735558390617371,0.8346664905548096,0.8218817114830017
V89Q,89,0.675784255,4,0.40299633145332336,0.08872178147136715,0.2727879235466766,0.49078938364982605,0.3953291177749634,0.42305493354797363,0.44855713844299316,0.2572510838508606
V89K,89,-0.030623856,2,0.15811396837234498,0.044720659964170725,0.188737824372345,0.19481801986694336,0.17186182737350464,0.08070814609527588,0.1642206907272339,0.1789611577987671
V89S,89,0.758962165,4,0.8633584141731262,0.08248835429781622,0.10439624917312618,0.8688812851905823,0.9769469499588013,0.8736366629600525,0.8525522351264954,0.7447749376296997
V89T,89,0.82003893,1,0.7832784414291382,0.042069324615380106,0.03676048857086189,0.855111300945282,0.778550386428833,0.7631393074989319,0.7737334370613098,0.7458577752113342
V89W,89,0.600048174,3,0.6651687860488892,0.03616519454690916,0.06512061204888919,0.7109001874923706,0.6310325860977173,0.625432550907135,0.6794808506965637,0.6789977550506592
V89Y,89,0.4645764229999999,3,0.7348459243774415,0.05475025491824333,0.27026950137744155,0.8289344310760498,0.7120298743247986,0.7137017846107483,0.688408374786377,0.7311551570892334
V89G,89,0.3563191,0,0.48831798434257506,0.06885141548563206,0.13199888434257506,0.5067065954208374,0.37343302369117737,0.5518172383308411,0.525417685508728,0.4842153787612915
V89R,89,0.25906234,2,0.20520610809326173,0.06440849520312959,0.05385623190673827,0.2587279677391052,0.22464197874069214,0.10658270120620728,0.17744624614715576,0.2586316466331482
E90A,90,0.680515413,2,0.6562889456748963,0.07510295403366082,0.024226467325103695,0.5799344778060913,0.57662034034729,0.6737967133522034,0.7099748849868774,0.741118311882019
E90C,90,0.804299855,0,0.7156157255172729,0.03616305253933716,0.08868412948272708,0.7292189598083496,0.7017536759376526,0.7328982949256897,0.7540627121925354,0.6601449847221375
E90D,90,1.041070343,0,0.741447639465332,0.05914067808132182,0.2996227035346679,0.7715471982955933,0.8138331770896912,0.7024277448654175,0.6633018851280212,0.756128191947937
E90F,90,0.7028788429999999,1,0.7671956419944763,0.054940066762851694,0.0643167989944764,0.7221173644065857,0.7287837862968445,0.7305196523666382,0.8265557885169983,0.8280016183853149
E90G,90,0.76382622,3,0.7477814674377441,0.046447780396051755,0.016044752562255904,0.8173545598983765,0.7583403587341309,0.7529758214950562,0.7073993682861328,0.7028372287750244
E90H,90,0.5792425720000001,2,0.6726350069046021,0.03412933862642765,0.09339243490460203,0.6375755667686462,0.6445192098617554,0.7104830145835876,0.6642465591430664,0.7063506841659546
E90N,90,0.862378722,2,0.7192199230194092,0.04586472935705395,0.1431587989805908,0.666903018951416,0.6856109499931335,0.7126092910766602,0.776034951210022,0.7549414038658142
E90M,90,0.777759722,2,0.4890871524810791,0.05946175825137429,0.2886725695189209,0.5009052753448486,0.45144370198249817,0.4608924686908722,0.44422197341918945,0.5879723429679871
E90P,90,0.571795784,3,0.6879136800765991,0.0986844224420162,0.11611789607659917,0.840602695941925,0.7017572522163391,0.650351881980896,0.6769131422042847,0.5699434280395508
E90Q,90,0.00785705,4,0.761384928226471,0.03182383583819217,0.7535278782264709,0.7601208090782166,0.7679306864738464,0.7491741180419922,0.7210689783096313,0.8086300492286682
E90R,90,0.565286475,1,0.7348778486251831,0.07216813185992564,0.16959137362518317,0.6669516563415527,0.7176388502120972,0.6738889217376709,0.8355379104614258,0.780371904373169
E90S,90,0.735238457,3,0.6178690671920777,0.07726181681380796,0.11736938980792233,0.7149726152420044,0.6334072947502136,0.6592394709587097,0.5586903691291809,0.5230355858802795
E90T,90,0.604965871,3,0.6260338306427002,0.05422558075423399,0.02106795964270025,0.692995548248291,0.6315940618515015,0.6623765230178833,0.5712013244628906,0.5720016956329346
E90W,90,0.89965122,4,0.657438063621521,0.06538589702163938,0.24221315637847896,0.6149787902832031,0.692816972732544,0.5632046461105347,0.7039340138435364,0.7122558951377869
E90K,90,0.869076385,2,0.723685908317566,0.07621690791505614,0.145390476682434,0.6208926439285278,0.6810606122016907,0.7302301526069641,0.7689690589904785,0.8172770738601685
E90L,90,0.583347973,4,0.6898733019828797,0.04790773059258283,0.1065253289828797,0.6846930980682373,0.6962909698486328,0.6167985200881958,0.7013751864433289,0.7502087354660034
E90V,90,0.774182525,1,0.7568446397781372,0.03396982398483102,0.017337885221862748,0.7217456102371216,0.7569432854652405,0.7340009808540344,0.8101494908332825,0.7613838315010071
I91P,91,0.6315997560000001,0,0.6819339752197265,0.02961377603517214,0.05033421921972647,0.7035017013549805,0.6938667893409729,0.6901099681854248,0.6297506093978882,0.6924408078193665
I91W,91,0.976058087,2,0.8860453486442565,0.08037243370488796,0.09001273835574342,0.7668409943580627,0.8917984962463379,0.8657830953598022,0.986412763595581,0.919391393661499
I91V,91,1.125563774,3,0.8246739864349365,0.029649904162007842,0.30088978756506346,0.8148562908172607,0.786811113357544,0.8679747581481934,0.8197247385978699,0.8340030312538147
I91T,91,0.743785659,1,0.8142763495445251,0.07600221087368557,0.07049069054452506,0.90740966796875,0.7551565170288086,0.7369475960731506,0.8807588219642639,0.7911091446876526
I91S,91,0.866439165,3,0.6635356783866883,0.041627287362864626,0.2029034866133117,0.6045451164245605,0.6922219395637512,0.6664311289787292,0.710740327835083,0.6437398791313171
I91R,91,0.645627994,1,0.8513399243354798,0.03937551613925474,0.20571193033547974,0.8819156289100647,0.8151665329933167,0.8437435626983643,0.8142700791358948,0.9016038179397583
I91Q,91,0.916480096,1,0.7588810205459595,0.06367737864279686,0.1575990754540405,0.743784487247467,0.7916836738586426,0.6816586256027222,0.7287186980247498,0.8485596179962158
I91A,91,0.4545265129999999,1,0.9706930160522461,0.048822386477973864,0.5161665030522462,0.987622857093811,0.8889585733413696,0.9691286087036133,1.0173403024673462,0.9904147386550903
I91C,91,0.851693912,4,0.9958605885505676,0.15451115823472206,0.14416667655056759,1.0030009746551514,1.0640109777450562,1.2088814973831177,0.8077751994132996,0.8956342935562134
I91D,91,0.596222041,3,0.5251167237758636,0.04391895854951895,0.07110531722413638,0.45607951283454895,0.5713124871253967,0.5533920526504517,0.5216728448867798,0.5231267213821411
I91E,91,0.560671595,1,0.5986232876777648,0.04898684446908069,0.03795169267776488,0.5827733278274536,0.5957255959510803,0.5842642784118652,0.5496593713760376,0.6806938648223877
I91N,91,0.456711239,1,0.8363541960716248,0.0852634709242378,0.37964295707162476,0.9692800045013428,0.7485713362693787,0.7867212295532227,0.8137916922569275,0.8634067177772522
I91M,91,0.658247431,2,0.9679214835166932,0.05979564725954734,0.3096740525166931,0.8743774890899658,0.9912970066070557,1.0204535722732544,0.944412887096405,1.0090664625167847
I91L,91,0.781105985,2,0.802252185344696,0.05445152632617325,0.021146200344696053,0.7759188413619995,0.7534734606742859,0.8749591708183289,0.8452749848365784,0.7616344690322876
I91K,91,0.871866622,0,0.6440854549407959,0.0706308006926289,0.22778116705920404,0.6962091326713562,0.7258915305137634,0.5997641086578369,0.5514978170394897,0.6470646858215332
I91H,91,0.764634459,1,0.7894862651824951,0.056163309087254185,0.02485180618249505,0.8676473498344421,0.750945508480072,0.730790913105011,0.7726073861122131,0.8254401683807373
I91Y,91,1.135660916,4,0.7497132658958435,0.05797536466950805,0.38594765010415644,0.6998322606086731,0.7202132344245911,0.7604232430458069,0.7223493456840515,0.845748245716095
I91G,91,0.776385578,4,0.6538939952850342,0.03784297555573088,0.12249158271496574,0.5974894165992737,0.6479275822639465,0.6576284170150757,0.7029381394386292,0.6634864211082458
I91F,91,0.6581491079999999,2,1.0605660676956177,0.05506882879216781,0.40241695969561775,1.0183801651000977,1.0570796728134155,1.0610480308532715,1.1514151096343994,1.0149073600769043
S92V,92,0.566696329,1,0.7541844964027404,0.05444035538136549,0.18748816740274044,0.7061097025871277,0.6903997659683228,0.7825429439544678,0.8202754855155945,0.7715945839881897
S92A,92,0.58155345,1,0.9425621032714844,0.0699980056433895,0.36100865327148435,0.9058475494384766,0.8972961902618408,0.9159390330314636,1.0661306381225586,0.9275971055030823
S92E,92,0.391710984,2,0.4209920406341553,0.058038766631032086,0.02928105663415531,0.4752648174762726,0.47404944896698,0.35985085368156433,0.3597634732723236,0.43603160977363586
S92F,92,0.291406303,1,0.5993431329727172,0.03489777719997922,0.30793682997271726,0.5806901454925537,0.6027887463569641,0.6325266361236572,0.6306595206260681,0.5500506162643433
S92G,92,0.65759165,4,0.6158815026283264,0.0769429794549917,0.041710147371673556,0.5948413610458374,0.5782150030136108,0.5190925598144531,0.6801775693893433,0.7070810198783875
S92K,92,0.695901256,4,0.4292896747589111,0.0791397571024406,0.26661158124108886,0.4256388247013092,0.45321521162986755,0.43671146035194397,0.30583301186561584,0.5250498652458191
S92L,92,0.471079191,1,0.6880911469459534,0.009238262124639218,0.2170119559459534,0.6982402205467224,0.6940909624099731,0.676423192024231,0.6805497407913208,0.6911516189575195
S92M,92,0.85440277,2,0.5085773289203643,0.035805217113606014,0.34582544107963564,0.4696120321750641,0.5523096919059753,0.5387668609619141,0.5004491806030273,0.48174887895584106
S92N,92,0.72179932,1,0.7367385625839233,0.04854801922755325,0.014939242583923318,0.6869000792503357,0.6865640878677368,0.7900687456130981,0.7757729291915894,0.7443869709968567
S92P,92,0.331490474,0,0.401989084482193,0.03880996505959151,0.07049861048219302,0.42028695344924927,0.358678936958313,0.4065588712692261,0.45454496145248413,0.3698756992816925
S92Q,92,0.377717596,1,0.7449214220046997,0.0492622673507398,0.3672038260046997,0.819350004196167,0.7001262903213501,0.7325820326805115,0.7667626142501831,0.7057861685752869
S92R,92,0.554012893,1,0.5631662726402282,0.055869726105655416,0.00915337964022822,0.5065947771072388,0.6141473054885864,0.6220462918281555,0.5665178298950195,0.5065251588821411
S92T,92,0.5587505229999999,1,0.7793980956077575,0.048929022055715185,0.22064757260775758,0.8020715713500977,0.7434304356575012,0.7209820747375488,0.8451265096664429,0.7853798866271973
S92Y,92,0.729280658,1,0.6115583777427673,0.05928695123750808,0.11772228025723264,0.5672881603240967,0.6179993152618408,0.669838547706604,0.6663434505462646,0.5363224148750305
S92W,92,0.513451388,0,0.5075935900211335,0.07812290169161756,0.005857797978866541,0.48621341586112976,0.6083828210830688,0.5618792176246643,0.47167444229125977,0.40981805324554443
E93Q,93,1.111108553,0,0.8346785426139831,0.04711307676972155,0.2764300103860169,0.8179156184196472,0.7678428888320923,0.8299340009689331,0.8687060475349426,0.8889941573143005
E93A,93,1.120127477,0,0.9798917770385742,0.07123807751413014,0.14023569996142582,0.9543732404708862,0.9178935289382935,1.0683423280715942,1.0425934791564941,0.916256308555603
E93T,93,0.782746389,3,0.9360127925872803,0.024376595976785348,0.15326640358728028,0.9065684676170349,0.9265645146369934,0.9246753454208374,0.9650373458862305,0.9572182893753052
E93W,93,0.761525673,1,0.6158612370491028,0.026611449306966305,0.14566443595089718,0.614884614944458,0.6085067391395569,0.5863102674484253,0.6104419827461243,0.6591625809669495
E93F,93,0.658455121,3,0.924545168876648,0.02689747593703591,0.2660900478766479,0.8988934755325317,0.9071402549743652,0.92178875207901,0.9265239238739014,0.9683794379234314
E93S,93,1.081574028,1,0.8036465883255005,0.03379255092228931,0.2779274396744994,0.7537592649459839,0.806842029094696,0.8425483703613281,0.7913382649421692,0.8237450122833252
E93R,93,0.96653125,0,0.8736729979515075,0.0530167195859931,0.0928582520484924,0.8385781049728394,0.8900923132896423,0.8646931052207947,0.8193876147270203,0.9556138515472412
E93G,93,0.714200976,3,0.9279316902160645,0.036936882949005774,0.2137307142160645,0.9674513936042786,0.954695463180542,0.8912034630775452,0.9395501613616943,0.8867579698562622
L94D,94,0.642842375,4,0.9992311000823975,0.1208922802749427,0.3563887250823975,1.0956149101257324,1.0822584629058838,0.8962669372558594,1.080909013748169,0.8411061763763428
L94E,94,1.072269726,2,0.7483818411827088,0.047587377554201546,0.32388788481729125,0.8192731142044067,0.6928222179412842,0.7347513437271118,0.7670062780380249,0.7280562520027161
L94A,94,0.8090139820000001,1,1.0449107527732848,0.07162635577923186,0.23589677077328475,0.999245822429657,0.9567816257476807,1.110327959060669,1.1241114139556885,1.0340869426727295
L94G,94,0.913030437,2,0.8459167957305909,0.031785315804203795,0.06711364126940911,0.8722779154777527,0.8244146108627319,0.8467113375663757,0.8809540271759033,0.8052260875701904
L94K,94,1.448399444,4,0.980464506149292,0.08108908589001546,0.46793493785070805,0.918641209602356,1.112757682800293,0.9289097189903259,0.9382856488227844,1.0037282705307007
L94P,94,0.685386125,4,0.9088052392005921,0.06388666896851038,0.22341911420059213,0.8891443014144897,1.0176533460617065,0.8481143712997437,0.8955968022346497,0.8935173749923706
L94Q,94,1.382178217,4,0.9569453597068787,0.032616923252004756,0.42523285729312144,0.9165896773338318,0.9911466240882874,0.9870622158050537,0.9334962964057922,0.9564319849014282
L94N,94,1.120206325,2,0.9332039713859558,0.054845980383619077,0.18700235361404427,0.879546582698822,0.884533166885376,0.953514039516449,1.0129969120025635,0.9354291558265686
L94S,94,0.728460305,1,1.0265684008598328,0.03908345396132088,0.2981080958598328,0.97842937707901,1.0650209188461304,1.0571825504302979,1.040165901184082,0.9920432567596436
L94V,94,1.078500043,4,1.1395846366882325,0.02263026046250706,0.06108459368823249,1.1020201444625854,1.1592251062393188,1.1532726287841797,1.1364423036575317,1.1469630002975464
L94W,94,0.462457829,0,0.9187135457992553,0.06935816521695898,0.45625571679925536,0.8997094035148621,0.8515759706497192,0.8622714281082153,1.0126198530197144,0.9673910737037659
L94Y,94,1.014428676,4,0.8754243731498719,0.06726204572020145,0.13900430285012821,0.8093727231025696,0.9167219400405884,0.8311364650726318,0.8479630947113037,0.9719276428222656
L94R,94,1.08120895,1,1.2093144416809083,0.09000614828642972,0.12810549168090835,1.1008414030075073,1.1438544988632202,1.247598648071289,1.3304635286331177,1.2238141298294067
L94T,94,1.024030622,2,1.0552045226097106,0.07345469951376371,0.031173900609710703,1.1003339290618896,0.9901996850967407,1.1476149559020996,1.0644876956939697,0.9733863472938538
Q97C,97,1.158664863,2,0.9307245969772339,0.06186361777820856,0.22794026602276618,0.9386951923370361,0.998529314994812,0.8449379801750183,0.9759668111801147,0.8954936861991882
Q97E,97,0.455829921,3,0.7886980891227722,0.08536962096463893,0.33286816812277215,0.7364979982376099,0.8993368744850159,0.7717165350914001,0.8487110137939453,0.6872280240058899
Q97G,97,0.8364230490000001,0,0.8039379954338074,0.10954558496162427,0.03248505356619269,0.9174724221229553,0.7258485555648804,0.9191908836364746,0.7753584980964661,0.6818196177482605
Q97K,97,0.249010988,2,1.0465290546417236,0.028563764680768093,0.7975180666417236,1.0188336372375488,1.0806293487548828,1.058445692062378,1.0599939823150635,1.0147426128387451
Q97L,97,0.704782295,1,1.1831669569015504,0.10977177617043539,0.4783846619015504,1.025958776473999,1.1657941341400146,1.297544240951538,1.1488920450210571,1.2776455879211426
Q97A,97,0.878221325,2,0.9228640556335449,0.026624106111159403,0.04464273063354485,0.9204502105712891,0.9231122136116028,0.9298030138015747,0.8832622170448303,0.9576926231384277
Q97N,97,0.555308241,0,0.6770241558551788,0.14819252294966986,0.12171591485517885,0.7685815691947937,0.7750518321990967,0.7976328730583191,0.5819078683853149,0.46194663643836975
Q97R,97,0.969580229,0,0.7658749341964721,0.0908967862222402,0.20370529480352784,0.7885891795158386,0.767764151096344,0.8619977235794067,0.7949612140655518,0.6160624027252197
Q97S,97,1.015369057,1,0.8334996104240417,0.11074879342354901,0.18186944657595827,0.7108208537101746,0.8453213572502136,0.9932827949523926,0.7492711544036865,0.8688018918037415
Q97W,97,0.7751277409999999,1,1.0233203291893005,0.05372434282056299,0.24819258818930057,0.9859489798545837,0.9540693759918213,1.07452392578125,1.0265809297561646,1.075478434562683
Q97V,97,1.096753262,3,0.8876727461814881,0.01376105334985425,0.20908051581851195,0.896539568901062,0.8837612271308899,0.8738669753074646,0.9068251848220825,0.8773707747459412
Q97T,97,0.910697768,1,0.9032177448272705,0.0807142837279368,0.007480023172729555,0.8411939144134521,0.9206758737564087,1.0297369956970215,0.8265889883041382,0.897892951965332
Q97M,97,1.557527375,3,0.7060312628746033,0.04876938369296147,0.8514961121253968,0.7203840017318726,0.6969984769821167,0.767295241355896,0.6323893666267395,0.7130892276763916
E98A,98,0.727942242,0,0.9897220253944397,0.034662487284068996,0.26177978339443964,1.0509012937545776,0.9807360172271729,0.9793351292610168,0.9683054089546204,0.9693322777748108
E98G,98,0.918905965,1,0.78191077709198,0.04400520989106824,0.13699518790802,0.7466961145401001,0.7776395678520203,0.8091384768486023,0.8412894606590271,0.7347902655601501
E98N,98,1.229738616,2,0.8777442574501038,0.029634656778843665,0.35199435854989614,0.878277599811554,0.849697470664978,0.8544721007347107,0.8819856643676758,0.9242884516716003
E98P,98,0.230968725,3,0.29506532549858094,0.062107500276383495,0.06409660049858093,0.2194398045539856,0.28552302718162537,0.3370772898197174,0.37547722458839417,0.25780928134918213
E98R,98,0.8688282959999999,0,0.9327591180801391,0.036918043936140295,0.06393082208013923,0.9582932591438293,0.9826276302337646,0.9082510471343994,0.9217536449432373,0.8928700089454651
E98S,98,0.932410506,3,1.0374851465225219,0.059770717022342,0.10507464052252191,1.0981264114379883,0.9597979784011841,1.0550779104232788,0.9910173416137695,1.0834060907363892
E98V,98,0.512716845,0,0.8244160771369934,0.10036862437929416,0.31169923213699335,0.8540637493133545,0.8793182373046875,0.7893955707550049,0.6693648099899292,0.929938018321991
E98W,98,0.45838163,1,0.5504279971122742,0.03578530148354034,0.09204636711227421,0.5580101609230042,0.511380672454834,0.540157675743103,0.6070991158485413,0.5354923605918884
E98K,98,0.816736702,3,0.995769715309143,0.1112925984325049,0.179033013309143,0.9306331872940063,0.9363398551940918,0.9009310007095337,1.171448826789856,1.0394957065582275
E98T,98,1.298930495,4,0.8555776000022888,0.014893685431766834,0.44335289499771124,0.8757845163345337,0.8554530143737793,0.8360892534255981,0.8482456803321838,0.8623155355453491
F99A,99,0.376644301,3,0.28780131340026854,0.0314061556981232,0.08884298759973147,0.3103978931903839,0.2510520815849304,0.2941513657569885,0.2599731981754303,0.3234320282936096
F99D,99,0.074094289,2,0.08899881839752197,0.12655817128163221,0.014904529397521973,0.25830090045928955,0.19010066986083984,0.018917560577392578,-0.0213392972946167,-0.0009857416152954102
F99G,99,0.046185082,3,0.08362261056900025,0.042950665693632976,0.03743752856900025,0.1076400876045227,0.0891350507736206,0.05697578191757202,0.027146518230438232,0.13721561431884766
F99M,99,0.6850137190000001,0,0.6428644299507141,0.06619965583951909,0.04214928904928594,0.5310492515563965,0.6619703769683838,0.7059832215309143,0.6467022895812988,0.6686170101165771
F99Q,99,0.050843127,1,0.15387381315231324,0.0532693268313571,0.10303068615231324,0.07944297790527344,0.19322967529296875,0.18785548210144043,0.11501044034957886,0.1938304901123047
F99R,99,0.116186657,2,0.11783537864685059,0.054010742613737145,0.0016487216468505927,0.14877068996429443,0.1404295563697815,0.09120595455169678,0.03681975603103638,0.17195093631744385
F99S,99,0.137917667,2,0.2607259929180145,0.06855828126923254,0.12280832591801452,0.24464154243469238,0.2089378833770752,0.20740771293640137,0.2680589258670807,0.374583899974823
F99T,99,0.333694471,4,0.297921222448349,0.0831555446704846,0.03577324855165098,0.40424075722694397,0.20133358240127563,0.35981109738349915,0.2798750102519989,0.24434566497802734
F99W,99,0.961813798,4,0.848905372619629,0.0778868764507008,0.11290842538037105,0.8406428694725037,0.9841710925102234,0.8126506805419922,0.7882286906242371,0.8188335299491882
F99E,99,0.006225259,0,0.19019567370414733,0.05921935087037367,0.18397041470414732,0.13251632452011108,0.2162591814994812,0.16268396377563477,0.1584545373916626,0.28106436133384705
F99V,99,0.3990178029999999,3,0.5027809619903565,0.05056855854635619,0.1037631589903566,0.5415292382240295,0.45677706599235535,0.5386993885040283,0.43890151381492615,0.5379976034164429
F100R,100,-0.111558857,4,0.11635441780090332,0.06653139766023225,0.22791327480090331,0.21777766942977905,0.03914076089859009,0.08966594934463501,0.13685178756713867,0.09833592176437378
F100M,100,0.993489051,1,0.6244944572448731,0.04382312841838343,0.3689945937551269,0.5658851861953735,0.6183584332466125,0.6890779137611389,0.6289418935775757,0.6202088594436646
F100L,100,0.743389339,4,0.6427216291427612,0.05706516921695771,0.10066770985723883,0.7355632781982422,0.653745174407959,0.5867514610290527,0.6203579902648926,0.6171902418136597
F100G,100,0.125695796,4,0.10238137245178222,0.025094752602218863,0.023314423548217778,0.10103893280029297,0.07044875621795654,0.09427279233932495,0.10611087083816528,0.1400355100631714
F100E,100,0.057772834,2,0.13421945571899413,0.11156812981062234,0.07644662171899413,0.04488164186477661,0.205583393573761,0.1850597858428955,-0.011811017990112305,0.2473834753036499
F100D,100,0.340549381,1,0.13031529188156127,0.05565076597767269,0.21023408911843872,0.09689569473266602,0.17270588874816895,0.1141785979270935,0.20167768001556396,0.06611859798431396
F100A,100,-0.017775561,1,0.19459633827209472,0.0752908844377895,0.2123718992720947,0.09445619583129883,0.18236905336380005,0.27533385157585144,0.2627493441104889,0.15807324647903442
F100Q,100,0.019575523,3,0.21404046416282654,0.07616196183941988,0.19446494116282653,0.26927149295806885,0.19231921434402466,0.17213976383209229,0.12365943193435669,0.3128124177455902
F100T,100,0.084793712,1,-0.0036887526512145996,0.10815302960447074,0.08848246465121459,-0.18902587890625,0.08805197477340698,0.027550041675567627,0.05096346139907837,0.0040166378021240234
F100S,100,0.294405567,1,0.06409010887145997,0.08031902616314028,0.23031545812854,-0.05517953634262085,0.11296987533569336,0.033949196338653564,0.15453267097473145,0.07417833805084229
F100W,100,0.848176547,4,0.6401908159255981,0.04953419977362521,0.20798573107440188,0.6955580115318298,0.6917319893836975,0.618279218673706,0.597996711730957,0.5973881483078003
F100V,100,0.0877513809999999,3,0.44348224401474,0.06485025982732547,0.3557308630147401,0.3801746964454651,0.4069403111934662,0.5006994009017944,0.4043976366519928,0.5251991748809814
T101G,101,1.023025164,0,0.7659408569335937,0.012147889512924226,0.2570843070664064,0.758043110370636,0.7681654691696167,0.7698360085487366,0.7509205937385559,0.7827391028404236
T101H,101,0.863284937,4,0.976490032672882,0.14300140825161983,0.11320509567288206,0.9840320944786072,1.1517592668533325,0.9445695281028748,0.7620869278907776,1.0400023460388184
T101I,101,1.100441848,4,0.8478497982025146,0.06887842020546348,0.2525920497974854,0.9642800092697144,0.8071202039718628,0.8146764636039734,0.8562281727790833,0.7969441413879395
T101K,101,1.444354036,0,0.7857365012168884,0.0815096903125532,0.6586175347831116,0.6719729900360107,0.8406040668487549,0.7510030269622803,0.782386064529419,0.8827163577079773
T101L,101,0.7429758870000001,1,0.9578894376754761,0.06252984849903055,0.21491355067547602,0.8760855793952942,0.9586153030395508,1.0296850204467773,0.9192302823066711,1.005831003189087
T101M,101,0.715452305,1,0.9458520531654357,0.03886243917396255,0.23039974816543574,0.9391539096832275,0.9373407363891602,0.9829118847846985,0.981357991695404,0.8884957432746887
T101R,101,1.043145952,4,1.101333701610565,0.09280152725382843,0.058187749610565165,1.1842204332351685,1.1238905191421509,0.9592754244804382,1.0638799667358398,1.1754021644592285
T101S,101,0.957006594,1,0.9612673640251159,0.049465559496894705,0.004260770025115934,0.9508963823318481,0.9687875509262085,1.0285921096801758,0.9678388237953186,0.8902219533920288
T101V,101,1.1876195,0,0.9692079901695252,0.05350093948145423,0.21841150983047486,0.9378838539123535,0.9741092920303345,1.0579513311386108,0.9203435778617859,0.955751895904541
T101W,101,0.8328280690000001,0,0.8151105880737305,0.052164537634573176,0.01771748092626957,0.7920560836791992,0.8815738558769226,0.8110916018486023,0.7447020411491394,0.8461293578147888
T101Y,101,0.898749847,4,0.8769585847854614,0.09354653086291084,0.021791262214538643,0.9390906095504761,0.8716005086898804,0.924612283706665,0.716598391532898,0.9328911304473877
T101E,101,1.054790574,2,0.8911046266555787,0.11149837734974907,0.16368594734442143,0.9697927832603455,1.0085859298706055,0.7440435290336609,0.9252917766571045,0.8078091144561768
T101D,101,0.7437383390000001,0,0.9796897411346436,0.049073038163276905,0.2359514021346435,0.9270121455192566,1.017615556716919,1.034002423286438,0.9308665990829468,0.9889519810676575
E102V,102,1.059076603,0,0.7532035708427429,0.07488411645268067,0.30587303215725714,0.7550905346870422,0.7965474128723145,0.8032884001731873,0.6233957409858704,0.7876957654953003
E102T,102,0.627685139,3,0.8810332298278809,0.032050972416803276,0.2533480908278809,0.8904339075088501,0.8881492018699646,0.9088801145553589,0.8256058692932129,0.8920970559120178
E102S,102,0.981693989,0,0.7931633710861206,0.03429722709118394,0.18853061791387948,0.7895475625991821,0.8432097434997559,0.8017223477363586,0.7483148574829102,0.7830223441123962
E102R,102,0.699602208,1,0.6839781641960144,0.04630537553177729,0.015624043803985521,0.6752199530601501,0.7547911405563354,0.684373140335083,0.625045657157898,0.6804609298706055
E102P,102,-0.124315275,1,0.525243091583252,0.08636008562087984,0.6495583665832521,0.4245482385158539,0.5622378587722778,0.6418827176094055,0.5395047068595886,0.4580419361591339
E102L,102,1.005390955,2,0.7622706770896912,0.04613921100555217,0.24312027791030877,0.8394868969917297,0.7591285109519958,0.7161815762519836,0.744583249092102,0.7519731521606445
E102G,102,0.821659859,1,0.8230135560035705,0.03377836167333807,0.0013536970035704643,0.8670365810394287,0.8203516602516174,0.8266723155975342,0.8287172317504883,0.7722899913787842
E102A,102,0.957644294,0,0.8027515172958374,0.055392962811368344,0.15489277670416257,0.8449497818946838,0.8736740946769714,0.75117427110672,0.7506631016731262,0.7932963371276855
E102W,102,0.592748223,4,0.7508218288421631,0.08394565689610646,0.15807360584216312,0.6497898101806641,0.7842493653297424,0.8744277358055115,0.725660502910614,0.7199817299842834
E102M,102,0.4169811020000001,4,1.1168384790420531,0.06987392106769742,0.6998573770420531,1.1036872863769531,1.1812920570373535,1.178689956665039,1.1101350784301758,1.0103880167007446
Q103R,103,0.739713319,1,0.8938871026039124,0.05695130851159218,0.15417378360391232,0.8401440978050232,0.8469178080558777,0.9810261726379395,0.9105237722396851,0.8908236622810364
Q103I,103,0.970811085,2,0.8100011348724365,0.06163739164004018,0.1608099501275635,0.8084204196929932,0.8667056560516357,0.7351664900779724,0.875463604927063,0.7642495036125183
Q103K,103,0.7166893809999999,4,0.6719319343566894,0.11242952478393559,0.044757446643310494,0.5781760215759277,0.7304462194442749,0.8414011597633362,0.6224129796028137,0.5872232913970947
Q103L,103,0.697961356,4,0.9053221225738526,0.05577521964283404,0.2073607665738526,0.8705098628997803,0.9995759129524231,0.9119918346405029,0.8645854592323303,0.8799475431442261
Q103M,103,0.937263867,3,0.9720997095108033,0.02658406067329433,0.034835842510803294,0.9438547492027283,0.9438538551330566,1.0014960765838623,0.9857920408248901,0.9855018258094788
Q103N,103,1.318612113,4,0.8186723232269287,0.08175244995436132,0.4999397897730712,0.7022584080696106,0.8683344125747681,0.9091235399246216,0.8403865694999695,0.7732586860656738
Q103P,103,0.280245187,3,0.27840632796287534,0.04593912360783313,0.0018388590371246627,0.34054118394851685,0.24436801671981812,0.23470407724380493,0.3125778138637543,0.25984054803848267
Q103E,103,0.54081341,3,0.8930847406387329,0.07225455458578703,0.35227133063873284,0.8862324357032776,0.9765017032623291,0.9542522430419922,0.806177020072937,0.8422603011131287
Q103S,103,0.941461153,2,0.9211869239807129,0.029674055013269265,0.020274229019287104,0.9137906432151794,0.9367741942405701,0.9616920351982117,0.8827283978462219,0.9109493494033813
Q103T,103,0.733412808,3,0.9028516054153443,0.04966084253612561,0.1694387974153443,0.8527580499649048,0.9572157263755798,0.9497795701026917,0.8983129262924194,0.8561917543411255
Q103G,103,0.875714553,4,0.6904356718063355,0.06313252422115052,0.18527888119366454,0.7032286524772644,0.6620020270347595,0.7754690647125244,0.6041041612625122,0.7073744535446167
Q103W,103,0.960395205,4,0.7775016069412232,0.07368617527444016,0.1828935980587768,0.7415661811828613,0.7682211399078369,0.7527855634689331,0.7195025086402893,0.9054326415061951
Q103Y,103,0.8302446240000001,4,0.8173227429389953,0.05459296777407603,0.01292188106100478,0.7858046293258667,0.7789753079414368,0.870617151260376,0.7686870694160461,0.8825295567512512
Q103V,103,0.878548915,2,0.8492312908172608,0.031655040392979526,0.0293176241827392,0.8504113554954529,0.8941171765327454,0.8132352828979492,0.8621631860733032,0.826229453086853
Q103C,103,0.806072494,3,0.9233506560325623,0.0809167115704329,0.11727816203256225,0.8202226758003235,0.9083223342895508,0.9882845878601074,0.8803339004516602,1.0195897817611694
Q103A,103,1.064708317,0,0.7602622985839844,0.024196411462609823,0.3044460184160156,0.754220724105835,0.776313066482544,0.7929185628890991,0.7329657077789307,0.7448934316635132
Q103D,103,0.6738935840000001,1,0.5772397637367248,0.057346944734453495,0.09665382026327529,0.4985817074775696,0.5905296802520752,0.5703328847885132,0.5679271221160889,0.6588274240493774
Q103F,103,1.036046477,4,0.8314653873443604,0.04430338090971786,0.2045810896556396,0.8707771301269531,0.8374763131141663,0.8245492577552795,0.7598968148231506,0.8646274209022522
N104Q,104,1.159599808,2,1.010084092617035,0.11486402875041032,0.14951571538296515,0.9283006191253662,0.9403440356254578,1.210044503211975,0.980141282081604,0.9915900230407715
N104V,104,0.7091337870000001,0,0.6924520015716553,0.04091462127845041,0.016681785428344753,0.7068971991539001,0.7570581436157227,0.6553744077682495,0.6768392324447632,0.6660910248756409
N104R,104,0.849926865,1,0.8431857109069825,0.01286785761563569,0.006741154093017565,0.858076274394989,0.831411600112915,0.831058144569397,0.8552507162094116,0.8401318192481995
N104A,104,0.976297603,1,0.8411070942878723,0.03582180050746798,0.13519050871212768,0.8498002290725708,0.8262137174606323,0.7956967353820801,0.8400656580924988,0.8937591314315796
N104C,104,1.103856117,1,0.8389161825180054,0.05413177604696094,0.2649399344819947,0.774340808391571,0.8984318971633911,0.7969913482666016,0.8384560346603394,0.8863608241081238
N104W,104,0.649229707,4,0.6349045038223267,0.046814644541492055,0.014325203177673385,0.6775033473968506,0.5645890235900879,0.6234745383262634,0.6309125423431396,0.6780430674552917
N104G,104,0.962471342,3,0.8780592560768128,0.05711650768196434,0.08441208592318716,0.8428120017051697,0.9749319553375244,0.8502839803695679,0.8379166126251221,0.8843517303466797
N104L,104,0.7655003779999999,4,0.6924439549446106,0.037056086861705334,0.07305642305538929,0.7360111474990845,0.6407318711280823,0.682012140750885,0.6838576793670654,0.7196069359779358
N104P,104,-0.143211171,2,0.5136173367500305,0.09921579820792914,0.6568285077500305,0.4396032392978668,0.6432251930236816,0.46678775548934937,0.42301633954048157,0.5954541563987732
N104E,104,0.921943281,2,0.9589455366134644,0.07758358583245534,0.037002255613464374,0.8427510261535645,0.9278020858764648,1.0313379764556885,1.0243171453475952,0.9685194492340088
L105A,105,0.59903854,1,0.7807396054267883,0.027623148364734097,0.18170106542678832,0.7812385559082031,0.7906026840209961,0.8125481009483337,0.7826071977615356,0.736701488494873
L105W,105,0.6746811640000001,1,0.6753091096878052,0.07914852213431363,0.0006279456878051093,0.8014185428619385,0.6850230693817139,0.5913499593734741,0.6311298608779907,0.6676241159439087
L105F,105,0.558224167,2,0.8571236371994019,0.042386571394426024,0.2988994701994019,0.8748610615730286,0.8688241839408875,0.8132736086845398,0.9128491878509521,0.8158101439476013
L105G,105,0.4333239270000001,4,0.47328433990478513,0.04071483782833476,0.039960412904785025,0.43044671416282654,0.4589083790779114,0.4755810797214508,0.4615263342857361,0.539959192276001
L105H,105,0.511506244,3,0.6624236106872559,0.07907138599977924,0.15091736668725586,0.6708608269691467,0.555483341217041,0.7377675175666809,0.6125342845916748,0.7354720830917358
L105K,105,0.418197995,2,0.42740826606750487,0.09083226422997318,0.009210271067504883,0.38097602128982544,0.5067238807678223,0.3310813009738922,0.3776940405368805,0.540566086769104
L105Q,105,0.978194723,1,0.6730516195297241,0.05895820090211902,0.30514310347027584,0.5862483978271484,0.6758251190185547,0.691138505935669,0.6620888710021973,0.7499572038650513
L105R,105,0.292580279,1,0.4250780165195465,0.07121540874759667,0.13249773751954652,0.3228059411048889,0.47155049443244934,0.3991021513938904,0.4232521057128906,0.5086793899536133
L105S,105,0.659200771,1,0.5015610158443451,0.046402052737930424,0.15763975515565487,0.44148844480514526,0.535853385925293,0.4689473807811737,0.507743239402771,0.5537726283073425
L105T,105,0.975707077,1,0.7713940978050232,0.033373819378975496,0.20431297919497682,0.802090048789978,0.7936394214630127,0.7569980025291443,0.7199653387069702,0.7842776775360107
L105V,105,1.001206339,3,0.9470891952514648,0.06517344172479765,0.054117143748535046,0.951798677444458,0.8528441190719604,0.930882453918457,1.0333715677261353,0.9665491580963135
L105C,105,0.929031941,2,0.9009630918502808,0.08167439391855638,0.02806884914971919,0.8793132305145264,0.9932963848114014,0.8496887683868408,0.97748863697052,0.8050284385681152
S106W,106,0.935593563,1,0.8673235058784485,0.049213695857500434,0.06827005712155143,0.8529098033905029,0.841816246509552,0.8129260540008545,0.8878133296966553,0.9411520957946777
S106L,106,0.8839600040000001,1,0.9242978453636169,0.029509559950096107,0.040337841363616844,0.9309919476509094,0.9477939605712891,0.9509322643280029,0.8791155219078064,0.9126555323600769
S106H,106,0.8302251009999999,2,0.9207888722419739,0.07402270358181652,0.09056377124197401,0.9484578967094421,0.8349639177322388,0.9824920296669006,0.8484023213386536,0.9896281957626343
S106G,106,0.995061708,2,0.8728465676307678,0.08043715232603045,0.1222151403692322,0.8474633097648621,0.8709112405776978,0.760317862033844,0.9054128527641296,0.9801275730133057
S106M,106,0.759597675,3,0.8877312302589416,0.06194913667837274,0.12813355525894166,0.8955872058868408,0.8725302219390869,0.960840106010437,0.9162929654121399,0.7934056520462036
S106N,106,0.6382889279999999,2,0.8419879078865051,0.11261058021879942,0.2036989798865052,0.9550994634628296,0.9720197916030884,0.7314636707305908,0.7781805992126465,0.7731760144233704
S106E,106,0.983290721,2,1.1072938919067383,0.0881739806966818,0.12400317090673829,1.0863735675811768,1.2408530712127686,0.9990485906600952,1.1285085678100586,1.0816856622695923
S106V,106,1.052288069,0,0.9798055410385131,0.0459514245263922,0.07248252796148691,0.9408175349235535,1.0529026985168457,0.986626386642456,0.9780316948890686,0.9406493902206421
S106A,106,1.192223754,1,1.089855432510376,0.03716428973091041,0.10236832148962405,1.079616665840149,1.0798768997192383,1.1461831331253052,1.04445481300354,1.0991456508636475
S106C,106,0.538471661,0,1.008117139339447,0.04072395036088425,0.46964547833944703,0.9932300448417664,0.9565812349319458,1.065882921218872,0.9986286163330078,1.026262879371643
S106P,106,1.022214102,2,0.9406374931335449,0.05916240548406351,0.08157660886645501,0.9097461104393005,0.9440011978149414,0.8612525463104248,1.0166553258895874,0.9715322852134705
S106D,106,1.152484032,4,0.8994791626930236,0.09713204938275215,0.2530048693069764,0.7939852476119995,0.9998975992202759,1.0046226978302002,0.8646724224090576,0.8342178463935852
S106Q,106,0.920688336,0,0.8066647291183472,0.03879592941471371,0.1140236068816528,0.7449362277984619,0.8299136757850647,0.8010350465774536,0.846954882144928,0.8104838132858276
S106R,106,0.8983175290000001,4,0.9687063455581665,0.080024854725519,0.07038881655816642,0.9868525862693787,1.0797277688980103,0.9603290557861328,0.8554172515869141,0.9612050652503967
S106T,106,1.289193868,4,0.9249480724334717,0.04460799743809468,0.36424579556652825,0.8701453804969788,0.9567177891731262,0.9296256899833679,0.9774645566940308,0.8907869458198547
Y107S,107,0.502494855,1,0.2665643572807312,0.07177434562945374,0.23593049771926883,0.3713628351688385,0.21469682455062866,0.29313895106315613,0.18765491247177124,0.2659682631492615
Y107A,107,0.54081823,3,0.6127938151359558,0.04646800439478562,0.07197558513595581,0.6039823293685913,0.6693791151046753,0.6205430030822754,0.541695773601532,0.6283688545227051
Y107C,107,0.885699737,3,0.7695709466934204,0.042018820153096624,0.11612879030657963,0.734296441078186,0.8109181523323059,0.7349485158920288,0.7484750151634216,0.8192166090011597
Y107R,107,0.588544823,2,0.2794975578784943,0.08966862554164988,0.3090472651215057,0.1656373143196106,0.28862518072128296,0.28054672479629517,0.24845939874649048,0.4142191708087921
Y107E,107,0.603570705,2,0.19934096336364746,0.07007049815245624,0.4042297416363525,0.1295725703239441,0.24810975790023804,0.11947828531265259,0.2282218337059021,0.2713223695755005
Y107H,107,0.635290928,0,0.6651196837425232,0.05341889920942163,0.029828755742523194,0.6561089158058167,0.7232292890548706,0.7142623066902161,0.5970819592475891,0.6349159479141235
Y107K,107,0.465448125,0,0.4087888479232788,0.05708971274848093,0.05665927707672119,0.43004360795021057,0.4740980565547943,0.36475852131843567,0.4398510754108429,0.3351929783821106
Y107L,107,0.503508149,4,0.7131204605102539,0.02940479769862001,0.20961231151025395,0.6717959642410278,0.7017340064048767,0.7518754005432129,0.7167914509773254,0.7234054803848267
Y107M,107,0.8970014620000001,0,0.6650446891784668,0.05281805068493847,0.23195677282153326,0.6167178750038147,0.6217823624610901,0.7386321425437927,0.6478278636932373,0.7002632021903992
Y107Q,107,0.028021266,3,0.517507815361023,0.03971451303564685,0.489486549361023,0.5429908633232117,0.561657190322876,0.4629582166671753,0.5275875926017761,0.4923452138900757
Y107W,107,0.6852683559999999,1,0.7162412405014038,0.050995540206806966,0.030972884501403897,0.7214027047157288,0.7489776015281677,0.7685463428497314,0.6357861161231995,0.7064934372901917
Y107V,107,0.738049698,0,0.7100284576416016,0.05052448268747917,0.02802124035839837,0.7160328030586243,0.6247197389602661,0.7586366534233093,0.7197471857070923,0.7310059070587158
Y107T,107,0.226724716,0,0.5321669161319733,0.10026188116261818,0.3054422001319733,0.6468117237091064,0.47550252079963684,0.6162070035934448,0.5190697312355042,0.4032436013221741
Y107G,107,0.210264383,4,0.5288952410221099,0.05060028146081008,0.31863085802210994,0.5188380479812622,0.6098079681396484,0.4755718410015106,0.5028597712516785,0.5373985767364502
S108C,108,0.6873855520000001,1,0.9530722022056579,0.06606258260552506,0.26568665020565785,1.03094482421875,0.8647504448890686,0.9686761498451233,0.9096572399139404,0.9913323521614075
S108D,108,0.450107841,0,0.8832296848297119,0.023072258251568178,0.43312184382971186,0.8562121987342834,0.8857073187828064,0.8947497606277466,0.9139858484268188,0.8654932975769043
S108A,108,0.8942671809999999,1,0.908174204826355,0.013135082539123995,0.013907023826355114,0.911880373954773,0.9005026817321777,0.8893135190010071,0.9187828302383423,0.9203916192054749
S108G,108,0.8426186040000001,4,0.5319969534873963,0.06789920205406955,0.3106216505126038,0.4944912791252136,0.44502294063568115,0.6050350069999695,0.5202186107635498,0.5952169299125671
S108R,108,1.02286623,2,0.7764016509056091,0.04292427805826889,0.2464645790943909,0.841749906539917,0.7629538774490356,0.7491095066070557,0.7335107922554016,0.7946841716766357
S108M,108,0.890372704,2,0.9109515428543091,0.07834549637195348,0.02057883885430911,0.9255619049072266,0.9082461595535278,1.0225775241851807,0.8952348232269287,0.8031373023986816
S108E,108,0.947984448,1,0.7582696199417114,0.03249515514717313,0.18971482805828865,0.7184192538261414,0.8047244548797607,0.7516075968742371,0.743580162525177,0.773016631603241
S108Q,108,0.580069541,0,0.9813647150993348,0.10244440495659135,0.4012951740993348,0.8571258783340454,0.9166986346244812,1.036603569984436,1.1202317476272583,0.9761637449264526
S108P,108,-0.222172031,2,0.21912375688552857,0.08539122932944733,0.4412957878855286,0.2042161226272583,0.23174965381622314,0.10750389099121094,0.3462144732475281,0.20593464374542236
S108K,108,0.7324011840000001,4,0.8432048916816711,0.04212090984454475,0.11080370768167103,0.8652763366699219,0.8818373680114746,0.8632215857505798,0.829849123954773,0.7758400440216064
S108Y,108,0.8770281999999999,2,1.0092626094818116,0.04646747374723131,0.13223440948181164,0.9925147294998169,1.04603910446167,0.9606323838233948,0.9775744080543518,1.0695524215698242
S108W,108,0.992361555,4,0.8274670600891113,0.01674997843192975,0.1648944949108887,0.8213323354721069,0.8093478679656982,0.844556987285614,0.8458575010299683,0.8162406086921692
S108V,108,1.041419985,0,0.9379103899002075,0.013183020078815184,0.10350959509979263,0.9503642320632935,0.9246937036514282,0.9429391622543335,0.9229127168655396,0.9486421346664429
S108L,108,1.090333328,3,0.8900826811790467,0.0423146979515488,0.2002506468209534,0.8518149852752686,0.9386649131774902,0.9302659630775452,0.8498709201812744,0.8797966241836548
E109A,109,1.168551546,1,0.9523906946182251,0.03618047238812888,0.21616085138177488,0.9247006177902222,1.0149614810943604,0.9341675639152527,0.9505211114883423,0.937602698802948
E109C,109,1.288333626,0,0.9425886750221253,0.11645823719490245,0.3457449509778747,1.1295639276504517,0.8605321049690247,0.8725448846817017,0.9844925999641418,0.8658098578453064
E109G,109,0.88621228,0,0.6753584146499634,0.05141040170919304,0.21085386535003658,0.6982752084732056,0.7237691879272461,0.6071429252624512,0.6347822546958923,0.7128224968910217
E109H,109,0.5770036820000001,4,0.9171763777732849,0.05964018098304843,0.3401726957732848,0.9064137935638428,1.0066741704940796,0.8593405485153198,0.8710984587669373,0.9423549175262451
E109K,109,1.159474775,3,1.07795752286911,0.09706678626667282,0.08151725213089,0.9422698616981506,1.1735708713531494,1.0115288496017456,1.1362378597259521,1.1261801719665527
E109L,109,0.652016213,3,0.9560581326484681,0.03547603463420085,0.30404191964846805,0.9279284477233887,1.0170471668243408,0.9357500672340393,0.9457781314849854,0.9537868499755859
E109Q,109,0.903415366,1,0.9072897791862488,0.06736678748252198,0.003874413186248704,0.9045093059539795,0.8853367567062378,0.8211901187896729,1.0080292224884033,0.9173834919929504
E109S,109,0.50892823,2,1.0081411361694337,0.07390316336329233,0.4992129061694337,1.0579469203948975,0.9919688701629639,0.9881213307380676,0.904869019985199,1.09779953956604
E109Y,109,1.198191146,1,0.5867722272872925,0.027907855654240723,0.6114189187127076,0.6183786392211914,0.5804586410522461,0.5983980894088745,0.543213963508606,0.5934118032455444
E109T,109,0.953618404,0,0.8276008486747741,0.06309294615439963,0.12601755532522585,0.9305734634399414,0.813531219959259,0.7876677513122559,0.8372325301170349,0.7689992785453796
E109V,109,0.857701541,1,0.9212023138999939,0.055464103786589586,0.0635007728999939,0.9779704809188843,0.9744871258735657,0.9038187861442566,0.8461694121360779,0.9035657644271851
E109W,109,1.054902996,1,0.810888123512268,0.027616566693542385,0.24401487248773202,0.8409569263458252,0.8076685070991516,0.8363761305809021,0.7770719528198242,0.7923671007156372
E109R,109,1.066268236,1,0.9111029386520386,0.048896143263125504,0.15516529734796136,0.9168134927749634,0.9230484962463379,0.9838370680809021,0.8634005188941956,0.868415117263794
E110S,110,1.263190004,0,0.9611402034759522,0.019501031903611125,0.30204980052404773,0.954283595085144,0.9686605334281921,0.9314536452293396,0.9680641889572144,0.9832390546798706
E110W,110,0.872937704,0,0.7741013050079346,0.013358037076039936,0.09883639899206542,0.7531563639640808,0.7843981385231018,0.7749205231666565,0.7712678909301758,0.786763608455658
E110V,110,0.957663153,0,1.0023948073387146,0.03813683646627703,0.04473165433871451,0.9557710289955139,1.0008877515792847,1.0076254606246948,0.9871430397033691,1.0605467557907104
E110T,110,1.037243895,0,0.9841413974761963,0.044327855971468696,0.05310249752380369,0.9780740737915039,1.0376758575439453,0.9818328619003296,1.0059022903442383,0.9172219038009644
E110R,110,0.8397282840000001,3,0.9424890637397766,0.06984534626143124,0.10276077973977649,0.8662053346633911,0.956456184387207,0.9105539321899414,1.0530091524124146,0.926220715045929
E110Q,110,1.268339718,2,0.9750351190567017,0.03308507604458876,0.2933045989432983,0.9267439842224121,0.9947561025619507,0.992936372756958,1.0056694746017456,0.9550696611404419
E110P,110,0.201582081,3,0.44532321095466615,0.07222934274150183,0.24374112995466615,0.48546460270881653,0.4403287470340729,0.32164832949638367,0.49258387088775635,0.48659050464630127
E110L,110,1.053308483,0,0.9566463232040405,0.03108463165690291,0.09666215979595938,0.9900957345962524,0.9600117802619934,0.9797915816307068,0.940835177898407,0.912497341632843
E110K,110,1.209303897,0,0.8677183270454407,0.11413812023903501,0.34158556995455935,0.9170417785644531,1.0283265113830566,0.8088263273239136,0.8593084812164307,0.7250885367393494
E110G,110,0.7984870890000001,3,0.8157126188278199,0.03501809298715026,0.017225529827819774,0.7919437885284424,0.783778965473175,0.8360241651535034,0.7996328473091125,0.8671833276748657
E110C,110,0.918814426,0,0.8832109570503235,0.057004801733193076,0.035603468949676476,0.8504027128219604,0.9206095933914185,0.9262974262237549,0.7980122566223145,0.9207327961921692
E110A,110,0.91015449,1,1.0177957534790039,0.07705434914437417,0.10764126347900382,0.9386677742004395,0.999047040939331,1.0210901498794556,1.1446261405944824,0.985547661781311
E110M,110,1.08768326,4,0.9229109406471252,0.031863255283635206,0.16477231935287473,0.9132406115531921,0.9042705297470093,0.9164491891860962,0.9788573384284973,0.9017370343208313
P111G,111,0.995157849,0,0.8492008447647095,0.048792310700980175,0.14595700423529057,0.8743196725845337,0.8176905512809753,0.8812468647956848,0.7791770696640015,0.893570065498352
P111A,111,1.209633942,2,0.887452507019043,0.04287320414887772,0.32218143498095697,0.8385366201400757,0.8669073581695557,0.9214490056037903,0.8680838942527771,0.9422856569290161
P111D,111,1.108677369,2,0.8615232467651367,0.047507095659641486,0.24715412223486333,0.807372510433197,0.8778940439224243,0.8173697590827942,0.8863450288772583,0.9186348915100098
P111E,111,1.101823323,3,1.0422490119934082,0.0383019405637355,0.05957431100659183,1.0152689218521118,1.0656760931015015,0.9881455898284912,1.072099208831787,1.0700552463531494
P111H,111,1.368589237,4,1.0596306324005127,0.031835707975264214,0.3089586045994872,1.0697559118270874,1.0421726703643799,1.0353069305419922,1.1111942529678345,1.0397233963012695
P111T,111,0.952037103,4,1.0567684412002563,0.04159349218295698,0.10473133820025626,1.0274975299835205,1.0837836265563965,1.1125543117523193,1.0101455450057983,1.049861192703247
P111I,111,1.238227397,1,0.9304355144500732,0.02976180495300186,0.30779188254992673,0.9578747749328613,0.8948753476142883,0.9647630453109741,0.9187194108963013,0.9159449934959412
P111S,111,0.8205831709999999,3,1.142862367630005,0.07529736212852398,0.32227919663000504,1.040755271911621,1.2256038188934326,1.0899854898452759,1.1797926425933838,1.178174614906311
P111V,111,1.068787366,4,1.1517069578170775,0.04653666384391706,0.08291959181707753,1.1539530754089355,1.1552239656448364,1.2050752639770508,1.1671345233917236,1.0771479606628418
P111W,111,0.73052674,4,1.0600537300109862,0.052220212224926635,0.3295269900109863,1.0190374851226807,1.0917996168136597,0.999864935874939,1.1278188228607178,1.0617477893829346
P111Y,111,0.757158212,4,1.1522696971893311,0.032181284952140114,0.39511148518933115,1.1928281784057617,1.1680108308792114,1.1092257499694824,1.1580742597579956,1.133209466934204
P111Q,111,0.994599447,2,0.9176425218582154,0.05516517784149609,0.07695692514178465,0.9037561416625977,0.9880298376083374,0.8845090866088867,0.8527857661247253,0.9591317772865295
P111M,111,1.011382839,4,1.065800166130066,0.06701510350032232,0.054417327130066084,1.1038306951522827,1.0018020868301392,1.154900312423706,1.0695207118988037,0.998947024345398
P111K,111,0.8302280009999999,3,1.0368820667266845,0.024848162837498758,0.20665406572668454,1.0294744968414307,1.0464860200881958,1.0043354034423828,1.0320227146148682,1.0720916986465454
P111R,111,1.096706717,2,0.851881206035614,0.05150150650086037,0.24482551096438598,0.8182974457740784,0.821103572845459,0.9344240427017212,0.8148988485336304,0.8706821203231812
I112Y,112,0.8779130740000001,1,0.8621589422225953,0.05397278107162274,0.015754131777404812,0.8239120244979858,0.8695006966590881,0.9444205164909363,0.8044666051864624,0.8684948682785034
I112W,112,0.74572353,0,0.7346422553062439,0.06937871299369416,0.011081274693756082,0.6169472336769104,0.7341582179069519,0.7896983623504639,0.7524588704109192,0.7799485921859741
I112R,112,0.587452548,4,0.6520188927650452,0.04324002346259996,0.06456634476504519,0.7060028314590454,0.5876291394233704,0.6560224890708923,0.6690397262573242,0.6414002776145935
I112Q,112,0.617345142,2,0.6448457479476929,0.049031096236841126,0.02750060594769288,0.7278510332107544,0.6461657285690308,0.6015681028366089,0.6221811771392822,0.6264626979827881
I112P,112,0.394147082,3,0.7017833471298218,0.050726101996350394,0.30763626512982184,0.6835571527481079,0.6906100511550903,0.7912088632583618,0.6674675345420837,0.6760731339454651
I112N,112,1.26455778,3,0.6396143555641174,0.048259400772859,0.6249434244358827,0.5823744535446167,0.6005408763885498,0.6562173962593079,0.6564455628395081,0.7024934887886047
I112G,112,0.688952117,0,0.4720832407474518,0.05157982195064645,0.21686887625254825,0.44420143961906433,0.4578152298927307,0.48569315671920776,0.5536898374557495,0.4190165400505066
I112F,112,0.7805690940000001,4,0.7826370596885681,0.03175464271974646,0.002067965688568041,0.7914684414863586,0.7723597884178162,0.8310049772262573,0.7448666095733643,0.7734854817390442
I112E,112,0.382373222,4,0.6828287720680237,0.03778093906410914,0.3004555500680237,0.7198343873023987,0.6815961599349976,0.6952282190322876,0.6198540925979614,0.6976310014724731
I112C,112,0.321947834,1,0.9821398735046387,0.07105066987209936,0.6601920395046388,0.9570378065109253,0.8810862302780151,0.9755152463912964,1.064208745956421,1.0328513383865356
I112V,112,0.988918897,0,0.8428671002388001,0.08835655583727792,0.14605179676119995,0.7597725987434387,0.9036847352981567,0.948808491230011,0.7467182278633118,0.855351448059082
I112A,112,0.722588973,0,0.6159895062446594,0.07271765901938529,0.1065994667553406,0.6419491171836853,0.6483652591705322,0.5279357433319092,0.7057963013648987,0.5559011101722717
T113Q,113,0.946503747,2,0.9199357032775879,0.0573022328624682,0.02656804372241206,0.9085261821746826,0.9632409811019897,0.9920388460159302,0.8840903639793396,0.8517821431159973
T113V,113,0.926773885,3,0.9347728848457336,0.04784038633619933,0.007998999845733601,0.8935424089431763,1.0154037475585938,0.9125850200653076,0.9136549234390259,0.9386783242225647
T113P,113,1.012535145,2,1.0051381230354308,0.07158442719549889,0.00739702196456915,1.0324732065200806,1.110886573791504,0.9975723028182983,0.9601667523384094,0.9245917797088623
T113N,113,0.889885369,0,0.8072012066841125,0.07933627619680461,0.08268416231588749,0.7207377552986145,0.8337404727935791,0.817902147769928,0.7432951927185059,0.9203304648399353
T113R,113,0.936979291,0,0.8014425158500671,0.03721741549331185,0.1355367751499329,0.7967543601989746,0.8508471250534058,0.7489593625068665,0.7932199239730835,0.8174318075180054
T113W,113,1.008587044,3,0.8379289388656617,0.054088704775035634,0.17065810513433832,0.7925723195075989,0.9179686903953552,0.7837949395179749,0.8399372100830078,0.8553715348243713
T113K,113,0.111547721,2,1.0115201711654662,0.050361801807905344,0.8999724501654662,1.0016876459121704,1.0672425031661987,1.0469183921813965,1.0054209232330322,0.9363313913345337
T113I,113,0.644271546,2,0.9076982021331788,0.06816583812206452,0.2634266561331787,0.9480343461036682,0.9959241151809692,0.8331208825111389,0.8478686809539795,0.9135429859161377
T113S,113,1.149590669,4,0.8882057309150696,0.03548971767982495,0.26138493808493035,0.8708955645561218,0.9242383241653442,0.9092381000518799,0.9015511274337769,0.8351055383682251
T113F,113,0.808273445,0,0.863168728351593,0.06320778836468018,0.054895283351592994,0.9104775190353394,0.8844277858734131,0.7925026416778564,0.7998170256614685,0.9286186695098877
T113E,113,1.074851595,4,0.8579749584197998,0.04543894237476998,0.21687663658020018,0.8569201827049255,0.912214994430542,0.8607165217399597,0.7867433428764343,0.8732797503471375
T113M,113,1.120373301,4,0.9825628757476806,0.10117402795469646,0.13781042525231946,1.069239616394043,0.981644868850708,1.0903230905532837,0.9251351952552795,0.8464716076850891
T113L,113,0.894651055,1,0.9346190571784974,0.02436725901254707,0.039968002178497386,0.9240415692329407,0.9678002595901489,0.9111747741699219,0.9175437688827515,0.9525349140167236
T113A,113,0.8181145059999999,2,1.02931752204895,0.05712878829469015,0.2112030160489502,1.074751377105713,1.0746400356292725,0.9393081665039062,1.0085177421569824,1.049370288848877
T113D,113,1.126273166,0,0.9358129143714905,0.0474564739661217,0.19046025162850955,0.9481178522109985,0.9365231990814209,0.8618562817573547,0.9386246204376221,0.9939426183700562
T113G,113,0.99307854,3,1.0849199175834656,0.053043970310179475,0.09184137758346567,0.996694028377533,1.1169853210449219,1.1323330402374268,1.0981364250183105,1.0804507732391357
E114Y,114,0.8221772940000001,3,0.7158279180526733,0.05247865330416507,0.10634937594732674,0.6955749988555908,0.6484629511833191,0.760499894618988,0.6976142525672913,0.7769874930381775
E114W,114,0.6934523570000001,0,0.8104627013206482,0.01840429811154188,0.11701034432064816,0.7841273546218872,0.7984044551849365,0.8236557841300964,0.8265508413314819,0.8195750713348389
E114V,114,0.686673678,0,0.8691003322601318,0.051734271705850494,0.18242665426013183,0.8086238503456116,0.8323436379432678,0.919735848903656,0.9243964552879333,0.8604018688201904
E114T,114,0.8923045559999999,0,0.989889395236969,0.08297961953042667,0.09758483923696903,0.8535515666007996,0.9776506423950195,1.0411036014556885,1.011718511581421,1.0654226541519165
E114S,114,1.086163973,3,0.9980040311813354,0.040556298023637305,0.08815994181866449,0.986758291721344,0.9448233842849731,1.010812520980835,0.9911913275718689,1.0564346313476562
E114Q,114,0.958631543,0,1.0745226979255675,0.0744604144970362,0.11589115492556756,1.059906005859375,1.0347739458084106,0.9812080264091492,1.1680028438568115,1.1287226676940918
E114M,114,0.7306630340000001,1,0.7858233332633973,0.043407082658480256,0.05516029926339716,0.8107920289039612,0.7474963665008545,0.7855747938156128,0.7408982515335083,0.8443552255630493
E114L,114,0.806209327,4,0.7646620869636536,0.019705061829973797,0.04154724003634647,0.7786855697631836,0.7867444157600403,0.7675073146820068,0.7523344159126282,0.7380387187004089
E114K,114,0.902073739,0,0.6907732248306274,0.08126051254407535,0.21130051416937257,0.7109233736991882,0.7631334066390991,0.7691197991371155,0.6010533571243286,0.6096361875534058
E114G,114,1.034725595,4,0.8008898258209228,0.05068006742623034,0.23383576917907722,0.7544708251953125,0.8297728300094604,0.7779218554496765,0.7666573524475098,0.875626266002655
E114F,114,0.77774087,4,0.7960010290145874,0.040625626690157395,0.01826015901458733,0.798383355140686,0.745869517326355,0.8542367815971375,0.8085978031158447,0.7729176878929138
E114D,114,1.079041007,4,0.8934502243995667,0.07241136828349629,0.18559078260043338,0.859932541847229,0.996752142906189,0.7992210984230042,0.9063794612884521,0.904965877532959
E114C,114,1.024539319,1,0.8112761855125428,0.08557849616596758,0.2132631334874573,0.8737468719482422,0.6894399523735046,0.8125211000442505,0.7737876176834106,0.9068853855133057
E114R,114,0.724624623,4,0.9279790401458741,0.05238613866581634,0.2033544171458741,0.9538352489471436,0.9978337287902832,0.8699125051498413,0.8831882476806641,0.935125470161438
E114I,114,0.429154745,4,0.580913656949997,0.052602892819294776,0.15175891194999697,0.499602347612381,0.639902651309967,0.6040616035461426,0.5656539797782898,0.5953477025032043
E114A,114,1.2287090509999998,1,0.9995455503463745,0.06879148049008287,0.22916350065362534,0.9393253326416016,0.947211503982544,1.1069366931915283,1.0246832370758057,0.9795709848403931
I115M,115,1.008122108,4,0.9729110956192016,0.04736609670516842,0.03521101238079838,0.9006096720695496,0.9938222169876099,1.008710265159607,0.9498335719108582,1.0115797519683838
I115K,115,1.133367836,4,0.7841433763504029,0.044758591680710044,0.34922445964959703,0.7652950286865234,0.7964286804199219,0.7269040942192078,0.7829127311706543,0.8491763472557068
I115G,115,0.8851045120000001,4,0.7259092092514038,0.03441728317045842,0.15919530274859628,0.7069428563117981,0.7124511003494263,0.7367169857025146,0.6928603649139404,0.7805747389793396
I115R,115,0.76317516,1,0.9609912753105163,0.029109060965033507,0.19781611531051635,0.9665137529373169,0.9145631790161133,0.9769500494003296,0.9913172721862793,0.9556121230125427
P116T,116,0.2617694989999999,2,0.8978659868240356,0.06362598963876548,0.6360964878240357,0.8501610159873962,0.8168028593063354,0.9585503339767456,0.9059677124023438,0.9578480124473572
P116S,116,1.081131952,2,0.8500422477722168,0.053598000763340294,0.2310897042277832,0.780493438243866,0.852149248123169,0.926358163356781,0.8257808089256287,0.8654295802116394
P116A,116,0.7629031559999999,1,0.9187773585319519,0.04896137878252978,0.15587420253195194,0.9408085942268372,0.863645613193512,0.8963472843170166,0.9913703799247742,0.9017149209976196
P116E,116,0.8307780309999999,3,0.852787971496582,0.04361625981640047,0.022009940496582114,0.8424460887908936,0.8223142027854919,0.8380106687545776,0.9296265244483948,0.8315423727035522
P116G,116,0.774366373,4,0.9331956505775452,0.05115011144454539,0.15882927757754517,0.9007849097251892,1.0239019393920898,0.9108093976974487,0.9106931686401367,0.9197888374328613
P116D,116,1.029883953,1,0.7687434792518616,0.060586257280185074,0.2611404737481383,0.7185142636299133,0.6931232810020447,0.8340706825256348,0.8120865821838379,0.7859225869178772
P116K,116,0.757085157,4,0.7715369820594787,0.02797022363563911,0.014451825059478729,0.7731956243515015,0.7907426357269287,0.7303066253662109,0.8023403286933899,0.7610996961593628
P116L,116,0.967893742,4,0.7672330975532532,0.04499665365733085,0.2006606444467468,0.7093383073806763,0.8291531205177307,0.7823468446731567,0.7418313026428223,0.7734959125518799
P116M,116,0.8873577159999999,2,0.9476982593536377,0.07525851533132193,0.06034054335363781,0.8506866693496704,0.9109418988227844,1.031079888343811,0.9300474524497986,1.015735387802124
P116N,116,0.798706012,4,1.0408757209777832,0.059078050571334424,0.24216970897778323,1.0080715417861938,1.0818053483963013,1.0169408321380615,1.1212775707244873,0.9762833118438721
P116R,116,0.866110465,3,0.9050680518150329,0.0418833849392818,0.03895758681503292,0.8623045682907104,0.9463676810264587,0.8648198843002319,0.9036458730697632,0.9482022523880005
P116W,116,0.6697759329999999,3,0.790933084487915,0.032446773719676976,0.12115715148791506,0.7780003547668457,0.779515266418457,0.7503134608268738,0.8321655988693237,0.814670741558075
P116V,116,0.995438783,3,0.8526543140411377,0.041524725294942444,0.14278446895886232,0.8332574963569641,0.8729023933410645,0.8582730889320374,0.9044578671455383,0.7943807244300842
P116H,116,0.957915718,0,0.8754821300506592,0.038568607288732334,0.08243358794934075,0.8898525238037109,0.9262875914573669,0.8844845294952393,0.8255439400672913,0.8512420654296875
T118E,118,0.968561259,1,0.4538532555103302,0.05685437197051181,0.5147080034896698,0.5023117065429688,0.41402384638786316,0.44785448908805847,0.3856216371059418,0.5194545984268188
T118K,118,0.935110089,4,1.0052106738090516,0.0742881892671623,0.07010058480905157,1.0682601928710938,1.062044382095337,0.8838868737220764,1.0145659446716309,0.9972959756851196
T118P,118,0.914555342,4,0.6945061206817627,0.06221141818552981,0.22004922131823734,0.7713978290557861,0.7291737794876099,0.6069508194923401,0.6681368947029114,0.696871280670166
T118L,118,0.740609471,1,0.9015269756317139,0.05983812343340817,0.16091750463171395,0.8763668537139893,0.895986795425415,0.9754517674446106,0.9401626586914062,0.8196668028831482
T118Q,118,0.431430156,4,0.991927695274353,0.06920335519154741,0.560497539274353,1.0657621622085571,1.0596039295196533,0.945337176322937,0.909473180770874,0.9794620275497437
T118M,118,1.028596151,3,0.8193506717681884,0.05458797033054203,0.20924547923181147,0.8961184620857239,0.7539238929748535,0.7825471758842468,0.837859570980072,0.8263042569160461
T118G,118,1.0794473759999998,2,1.0605983495712281,0.06299148756466044,0.01884902642877173,0.9946416616439819,1.0705910921096802,1.0189454555511475,1.1590156555175781,1.0597978830337524
T118R,118,1.075945956,2,0.753323769569397,0.03730490939851736,0.32262218643060303,0.7179588079452515,0.7098995447158813,0.770098090171814,0.7949609160423279,0.7737014889717102
T118F,118,0.821936138,2,0.6739822864532471,0.05744053384582001,0.1479538515467529,0.6185365915298462,0.6991296410560608,0.6190283298492432,0.7542722821235657,0.6789445877075195
T118V,118,1.102547436,2,1.0176494240760803,0.05635978163472321,0.08489801192391977,0.9505698084831238,0.9738531112670898,1.027381420135498,1.0914393663406372,1.0450034141540527
T118C,118,0.664138517,2,1.0619143724441529,0.051890636187294024,0.39777585544415284,1.077885389328003,1.0615195035934448,0.9987038373947144,1.1376219987869263,1.0338411331176758
T118A,118,0.926080768,2,1.1043513774871827,0.0888039464080811,0.17827060948718265,1.0392323732376099,1.2299730777740479,1.0965847969055176,1.1489495038986206,1.0070171356201172
T118S,118,1.1260705359999998,4,0.9925026416778564,0.04136547567472297,0.13356789432214344,1.0231149196624756,1.0357614755630493,0.9816303849220276,0.9920945167541504,0.9299119114875793
T118W,118,0.566295592,2,0.7601301789283752,0.05072093893071797,0.19383458692837519,0.7442386150360107,0.6971138715744019,0.7369879484176636,0.798423707485199,0.8238867521286011
K119L,119,0.436804662,0,0.7357388257980346,0.024348500354141,0.2989341637980346,0.7011067271232605,0.7604320645332336,0.7489235997200012,0.7202747464179993,0.7479569911956787
K119M,119,0.68244842,1,0.5802930474281311,0.05996202346121822,0.1021553725718688,0.6560949087142944,0.5466249585151672,0.5776047706604004,0.5026172399520874,0.618523359298706
K119N,119,0.581489331,3,0.6653125882148743,0.056456551768143064,0.08382325721487427,0.6241386532783508,0.5926352739334106,0.7341560125350952,0.6909641027450562,0.6846688985824585
K119P,119,0.107780174,1,0.2944388031959534,0.04209849875578566,0.18665862919595338,0.3240026533603668,0.32290011644363403,0.22225826978683472,0.29462990164756775,0.3084030747413635
K119E,119,0.306043937,0,0.5864094972610474,0.04883243031950198,0.2803655602610474,0.5519183874130249,0.5781833529472351,0.5339249968528748,0.6117078065872192,0.6563129425048828
K119R,119,0.81886623,4,0.89521484375,0.03280437038495156,0.07634861375000002,0.9146891832351685,0.8707557916641235,0.9391851425170898,0.8579219579696655,0.8935221433639526
K119S,119,0.917280608,2,0.7723756790161133,0.00535133677589437,0.14490492898388674,0.7784161567687988,0.7696729302406311,0.7778639197349548,0.7688806653022766,0.767044723033905
K119T,119,0.935183029,3,0.6396983027458191,0.07851834617756136,0.295484726254181,0.6738954782485962,0.5386865735054016,0.5989816784858704,0.7475396990776062,0.6393880844116211
K119V,119,0.586869996,0,0.8180682301521301,0.054888214837234515,0.23119823415213014,0.76982581615448,0.8180399537086487,0.9041315317153931,0.7708655595779419,0.827478289604187
K119W,119,0.611573067,2,0.6720678806304932,0.03863999586728747,0.06049481363049314,0.6072548627853394,0.6935847997665405,0.6660541296005249,0.6914032101631165,0.7020424008369446
K119Y,119,0.782340266,1,0.6722738027572632,0.04960666793086583,0.11006646324273672,0.7432112693786621,0.649350643157959,0.6560111045837402,0.6144627332687378,0.6983332633972168
K119G,119,0.438653156,0,0.5784573495388031,0.056812007132869095,0.13980419353880313,0.5863422155380249,0.659102201461792,0.5698270797729492,0.49927619099617004,0.5777390599250793
K119Q,119,0.75738944,0,0.8562688589096069,0.0771751767794192,0.09887941890960694,0.8837482929229736,0.7514930963516235,0.8706523180007935,0.8173511028289795,0.9580994844436646
K119A,119,0.712084852,2,0.6088148713111877,0.05755637025745941,0.10326998068881232,0.5512386560440063,0.6843172907829285,0.5637254118919373,0.5921200513839722,0.6526729464530945
K119C,119,0.787917696,0,0.9702760457992554,0.13504188702956313,0.18235834979925547,0.9962108135223389,0.7314536571502686,1.0415986776351929,1.0490977764129639,1.0330193042755127
V120W,120,0.580382445,1,0.7320396065711975,0.07970672659878722,0.15165716157119746,0.8147005438804626,0.7888227701187134,0.7065691351890564,0.6109756827354431,0.739129900932312
V120L,120,0.7319386440000001,4,0.8120131254196167,0.040108943932433534,0.0800744814196166,0.8386794924736023,0.8305118680000305,0.8263665437698364,0.7409963607788086,0.8235113620758057
V120I,120,0.7555648490000001,4,0.9043846607208252,0.05994083852057257,0.14881981172082515,0.9676355719566345,0.9120948910713196,0.9158692955970764,0.804934024810791,0.9213895201683044
V120G,120,0.453207831,1,0.7149684190750122,0.027887290336729674,0.2617605880750122,0.6996707916259766,0.7469316124916077,0.7098368406295776,0.6795173287391663,0.7388855218887329
V120F,120,0.8325521659999999,1,0.6971203923225403,0.0762932602899898,0.13543177367745962,0.7645086646080017,0.6155843734741211,0.7700527310371399,0.6174966096878052,0.7179595828056335
V120E,120,0.468481881,2,0.5080950796604157,0.04325033737122275,0.03961319866041568,0.5483332872390747,0.5154936909675598,0.4674433767795563,0.4591516852378845,0.5500533580780029
V120D,120,0.147098822,1,0.2215480089187622,0.020668076101488055,0.0744491869187622,0.2209269404411316,0.22769176959991455,0.22516387701034546,0.18855589628219604,0.2454015612602234
V120C,120,0.878196742,0,0.869449257850647,0.07589497249491181,0.008747484149353002,0.8990890383720398,0.8436288237571716,0.8340168595314026,0.7859083414077759,0.984603226184845
V120A,120,0.936949615,2,0.7972081661224365,0.030616060687116243,0.13974144887756346,0.761943519115448,0.7932348251342773,0.7849799990653992,0.800401508808136,0.8454809784889221
V120Q,120,0.946189695,1,0.789601492881775,0.0668949816522791,0.1565882021182251,0.9022159576416016,0.7844701409339905,0.7503388524055481,0.729773223400116,0.7812092900276184
V120R,120,0.808562442,0,0.8973620057106018,0.07483073829569724,0.08879956371060171,1.0192774534225464,0.819717288017273,0.8797420263290405,0.8635319471359253,0.9045413136482239
V120S,120,0.846247264,1,0.8228678584098816,0.02481066737456288,0.02337940559011842,0.8373920321464539,0.7839088439941406,0.8446178436279297,0.8355428576469421,0.8128777146339417
V120T,120,0.941493406,2,0.85759357213974,0.07261563735572964,0.08389983386026001,0.915654182434082,0.7672416567802429,0.8392252922058105,0.8199272155761719,0.9459195137023926
F121Y,121,1.007462839,0,0.9172597885131836,0.06002134707810303,0.09020305048681643,0.9611791968345642,0.9434429407119751,0.950378954410553,0.917473316192627,0.8138245344161987
F121W,121,0.679499245,2,0.8814422607421875,0.03455837193494413,0.20194301574218743,0.9245963096618652,0.8422381281852722,0.8950151205062866,0.849875807762146,0.8954859375953674
F121V,121,0.692736215,0,0.6387282848358155,0.06417783978001129,0.05400793016418459,0.683518648147583,0.5362450480461121,0.6966671943664551,0.621151864528656,0.656058669090271
F121S,121,0.179098753,2,0.3716395258903503,0.0729134066948644,0.19254077289035032,0.3105338513851166,0.4351663887500763,0.3092189431190491,0.33919084072113037,0.4640876054763794
F121T,121,0.140270893,0,0.2895111799240112,0.058122910328174994,0.1492402869240112,0.3121403455734253,0.1883137822151184,0.33734017610549927,0.30474814772605896,0.3050134479999542
F121A,121,0.568239064,3,0.41708574295043943,0.07038677826872258,0.15115332104956059,0.5331435203552246,0.3912523686885834,0.36160388588905334,0.431326687335968,0.3681022524833679
F121R,121,0.266472179,4,0.13435635566711426,0.11589628935684942,0.1321158233328857,0.21417242288589478,0.28598302602767944,-0.004648447036743164,0.10778206586837769,0.06849271059036255
F121C,121,1.188875305,1,0.6050209045410156,0.0829866462975689,0.5838544004589844,0.5552748441696167,0.7495422959327698,0.5595725774765015,0.6016165614128113,0.5590982437133789
F121D,121,0.65932383,3,-0.18160825967788696,0.11475788980961443,0.840932089677887,-0.06069660186767578,-0.22978633642196655,-0.0651547908782959,-0.22994458675384521,-0.32245898246765137
F121G,121,0.043888102,0,0.3223310649394989,0.054658593886427194,0.27844296293949894,0.2793057858943939,0.3653315305709839,0.379141628742218,0.3352315425872803,0.2526448369026184
F121H,121,0.245694688,3,0.7314887285232544,0.09351343873469883,0.4857940405232544,0.7995547652244568,0.6986645460128784,0.7970224618911743,0.5813609957695007,0.7808408737182617
F121E,121,-0.120171195,2,0.5664839744567871,0.1428926546918346,0.6866551694567871,0.6398799419403076,0.5549466609954834,0.5433038473129272,0.3536662459373474,0.7406231760978699
F121K,121,0.4621286779999999,4,0.27877987623214723,0.16331902271404575,0.18334880176785268,0.3211182951927185,0.5295570492744446,0.2281528115272522,0.22841310501098633,0.08665812015533447
F121L,121,0.816671465,4,0.8832459568977356,0.06112798982641335,0.06657449189773557,0.9265472888946533,0.9143763780593872,0.928935170173645,0.8606046438217163,0.7857663035392761
F121N,121,0.265664405,4,0.4498299598693848,0.07380926740953764,0.1841655548693848,0.4843868911266327,0.551319420337677,0.36865299940109253,0.4555759131908417,0.38921457529067993
F121P,121,-0.380088325,0,-0.13057394027709962,0.06446467342122943,0.24951438472290038,-0.12339550256729126,-0.10494905710220337,-0.1141088604927063,-0.24014878273010254,-0.07026749849319458
F121I,121,0.708917358,3,0.7447385311126709,0.0762165058891863,0.03582117311267086,0.7804232835769653,0.8199281096458435,0.617606520652771,0.7501986026763916,0.7555361390113831
K122R,122,0.965115351,3,0.8937640070915223,0.05365727328108455,0.07135134390847775,0.8303537368774414,0.8409873843193054,0.9242193698883057,0.9292914867401123,0.9439680576324463
K122P,122,0.3703778929999999,2,0.07024877071380616,0.07594778587853247,0.30012912228619376,0.007994234561920166,0.03640931844711304,0.040239155292510986,0.20112347602844238,0.06547766923904419
K122A,122,0.545087014,0,0.8791081309318542,0.0325942873828902,0.3340211169318542,0.8806984424591064,0.9327801465988159,0.8753719329833984,0.8568739295005798,0.8498162031173706
K122Q,122,0.956860233,2,0.7755193114280701,0.049003959101046664,0.18134092157192994,0.6947809457778931,0.8257290124893188,0.7869102954864502,0.7963348031044006,0.7738415002822876
K122S,122,0.869291708,0,0.9043113589286804,0.017875074626253075,0.035019650928680424,0.9248859882354736,0.913667619228363,0.8771599531173706,0.8993052244186401,0.9065380096435547
K122C,122,0.87182333,0,1.040830659866333,0.06971002610227067,0.16900732986633304,0.9255776405334473,1.1148123741149902,1.0464842319488525,1.061389446258545,1.05588960647583
K122V,122,1.006365823,4,0.9301735877990722,0.025977941501481378,0.07619223520092788,0.946228563785553,0.941953718662262,0.9291231036186218,0.8856118321418762,0.9479507207870483
K122W,122,0.6032837289999999,1,0.7593122124671936,0.029495088172470575,0.15602848346719367,0.7849177718162537,0.7203613519668579,0.7363539338111877,0.7852411866188049,0.7696868181228638
K122Y,122,0.843062005,0,0.7602473139762879,0.04100469247542928,0.08281469102371208,0.7843524813652039,0.7926163673400879,0.6919897198677063,0.7797073721885681,0.752570629119873
K122N,122,0.63062517,2,0.4480648398399353,0.010548252896840072,0.18256033016006468,0.44155582785606384,0.46584150195121765,0.4429941773414612,0.4495365023612976,0.44039618968963623
K122T,122,1.049894498,3,0.7542268991470337,0.05419326938999477,0.29566759885296634,0.748715877532959,0.6624002456665039,0.7821469902992249,0.7820001244544983,0.7958712577819824
K122M,122,0.71086716,4,0.7639784216880798,0.06504734086088157,0.05311126168807978,0.8043455481529236,0.6794545650482178,0.843102216720581,0.7212073802947998,0.771782398223877
K122F,122,0.800606418,3,0.8446577548980713,0.06410809441511355,0.04405133689807128,0.916892409324646,0.7515914440155029,0.8123379945755005,0.86405348777771,0.8784134387969971
K122D,122,0.053636719,1,0.4878033697605133,0.03687928869735633,0.4341666507605133,0.46429643034935,0.50359708070755,0.443735808134079,0.4876578748226166,0.539729654788971
K122E,122,0.529665857,2,0.49972010850906373,0.09424805378338429,0.029945748490936286,0.5495039224624634,0.5110554695129395,0.6240991950035095,0.41812679171562195,0.3958151638507843
K122G,122,0.50892448,2,0.3137056648731232,0.0471594709871315,0.19521881512687683,0.2603629529476166,0.34181904792785645,0.2644336521625519,0.35630887746810913,0.3456037938594818
K122H,122,0.33817578,1,0.8734144926071167,0.05768375954485974,0.5352387126071168,0.8163551092147827,0.8254662752151489,0.8637737035751343,0.954081654548645,0.9073957204818726
K122I,122,1.165175117,1,0.8001951217651367,0.049002478034415285,0.36497999523486324,0.7878721952438354,0.735307514667511,0.8314899802207947,0.7830953598022461,0.8632105588912964
K122L,122,0.74568242,2,0.7921814918518066,0.05887875303034052,0.046499071851806684,0.7887396812438965,0.855434238910675,0.8308722972869873,0.7010629773139954,0.784798264503479
S123R,123,0.148026268,4,0.3748976528644562,0.09106760251027565,0.2268713848644562,0.31239640712738037,0.41943031549453735,0.38682451844215393,0.49437272548675537,0.26146429777145386
S123Y,123,0.695645121,4,0.7054119825363159,0.12107263347194026,0.009766861536315896,0.6282896995544434,0.660742998123169,0.7464299201965332,0.8970377445220947,0.5945595502853394
S123A,123,0.660565771,1,0.8035020351409912,0.03251297652905674,0.14293626414099114,0.7836296558380127,0.8199054598808289,0.782437264919281,0.7782208323478699,0.8533169627189636
S123E,123,1.052478689,1,0.3864185631275177,0.09285704861446971,0.6660601258724823,0.33609476685523987,0.5483489036560059,0.32851138710975647,0.3812570571899414,0.3378807008266449
S123V,123,0.540319065,4,0.4621256053447723,0.09876279493596268,0.07819345965522773,0.33533328771591187,0.39429211616516113,0.5886040329933167,0.49304816126823425,0.4993504285812378
S123W,123,0.65375618,0,0.6409980297088623,0.07362481845503568,0.012758150291137693,0.5587999820709229,0.5834921002388,0.7335739135742188,0.6334318518638611,0.6956923007965088
S123P,123,0.105589043,4,0.47952498197555543,0.09105537109773465,0.37393593897555544,0.36310306191444397,0.6083734035491943,0.5094559192657471,0.43369463086128235,0.4829978942871094
S123M,123,0.330440583,0,0.6918083786964416,0.04129873074324182,0.3613677956964416,0.741953432559967,0.6593326330184937,0.7132471203804016,0.7041040062904358,0.6404047012329102
S123L,123,0.007717462,0,0.5308907687664032,0.056711763421998435,0.5231733067664032,0.5968590974807739,0.5303845405578613,0.5585657358169556,0.5256118178367615,0.4430326521396637
S123G,123,0.939442529,3,0.6769484519958496,0.055383790733233476,0.2624940770041504,0.6895909309387207,0.7160356044769287,0.674138605594635,0.7209624648094177,0.5840146541595459
S124F,124,0.878673006,0,0.9116360187530518,0.09402034001542472,0.0329630127530518,0.8782610297203064,1.0770041942596436,0.8481825590133667,0.861186146736145,0.8935461640357971
S124N,124,0.576369555,3,1.178676700592041,0.09435700354240124,0.6023071455920411,1.0177181959152222,1.2492880821228027,1.2449378967285156,1.1951217651367188,1.1863175630569458
S124P,124,1.155961028,1,0.8757105350494385,0.03122239025067959,0.28025049295056137,0.8929702043533325,0.8284763693809509,0.8734410405158997,0.87127286195755,0.9123921990394592
S124L,124,0.93456585,4,0.960257613658905,0.06070831464150677,0.02569176365890502,1.0154545307159424,0.9048573970794678,0.9956087470054626,1.000815987586975,0.8845514059066772
S124K,124,1.207311992,1,0.8016852021217347,0.037875393787408784,0.4056267898782653,0.8133266568183899,0.7402862310409546,0.8098533153533936,0.8437080383300781,0.8012517690658569
S124I,124,0.937546776,4,0.8930617570877075,0.12548395345022187,0.04448501891229251,1.0393810272216797,0.7433553338050842,0.9691947102546692,0.9299054741859436,0.7834722399711609
S124A,124,1.110310947,2,1.0694824934005738,0.07005095061956133,0.04082845359942633,1.1222065687179565,1.149600625038147,0.9815107583999634,1.0180292129516602,1.0760653018951416
S124D,124,1.0778696490000002,0,0.9304070830345154,0.05979327746118631,0.1474625659654848,0.9120495319366455,0.8909423351287842,1.031783103942871,0.8843308687210083,0.9329295754432678
S124Y,124,0.996411403,4,0.9706487059593201,0.09727511162276319,0.025762697040679905,0.9939165115356445,0.9017254114151001,0.9379287362098694,1.1290338039398193,0.890639066696167
S124W,124,0.900435975,0,0.8897945880889893,0.05038547310783561,0.010641386911010797,0.8466819524765015,0.9633917212486267,0.8528856039047241,0.9203622341156006,0.8656514286994934
S124V,124,1.10059832,1,0.9459023952484131,0.039490814491695635,0.1546959247515869,0.9150652289390564,1.0144139528274536,0.9374659061431885,0.9244011640548706,0.9381657242774963
S124H,124,0.849315145,4,1.023760163784027,0.08905280270706625,0.17444501878402696,0.9592428803443909,1.0090951919555664,0.9705368280410767,1.178692102432251,1.0012338161468506
S124Q,124,1.2217755609999998,1,0.9424708485603333,0.05056977713548323,0.2793047124396666,0.932104766368866,1.0152498483657837,0.969640851020813,0.8915879130363464,0.9037708640098572
S124E,124,0.832002193,3,1.1291669368743897,0.03462397770549157,0.29716474387438974,1.0888243913650513,1.1538183689117432,1.160595178604126,1.0943864583969116,1.1482102870941162
S124G,124,1.075064775,1,0.9142619013786316,0.059672829303148114,0.16080287362136836,0.8912975788116455,0.9049547910690308,1.0139621496200562,0.8539397716522217,0.9071552157402039
S124R,124,0.7338547320000001,4,1.0418151021003723,0.03679936892197254,0.30796037010037225,0.9933575987815857,1.0499731302261353,1.0894423723220825,1.0193511247634888,1.0569512844085693
S125Q,125,0.871203242,2,0.9226749777793884,0.07918288313635985,0.05147173577938846,0.918449878692627,1.0440911054611206,0.8713091611862183,0.9422745704650879,0.8372501730918884
S125A,125,0.827444438,2,0.9505457520484925,0.051901005226637445,0.12310131404849245,0.965261697769165,1.0094513893127441,0.9227476119995117,0.978945791721344,0.8763222694396973
S125L,125,1.007647745,2,0.8542864203453064,0.067323358795519,0.15336132465469365,0.8032947182655334,0.9712523221969604,0.8273254632949829,0.8482083678245544,0.8213512301445007
S125E,125,0.994671549,4,0.8597697973251343,0.06874210199121962,0.13490175167486573,0.8466368913650513,0.9580298066139221,0.8961265087127686,0.8126923441886902,0.7853634357452393
S125G,125,0.801125847,1,0.8402717471122741,0.04702068163832619,0.039145900112274146,0.8662523031234741,0.8771336078643799,0.8384816646575928,0.8594602346420288,0.7600309252738953
S125K,125,0.8920599909999999,2,0.7308341264724731,0.0819132148562651,0.16122586452752674,0.699323296546936,0.8292821049690247,0.7304874658584595,0.7810161113739014,0.6140616536140442
S125W,125,1.112026132,1,0.8178529262542724,0.03655363364751294,0.2941732057457276,0.8200375437736511,0.8548054695129395,0.7982801198959351,0.8493013978004456,0.7668401002883911
S125V,125,0.917957409,1,0.9397848010063171,0.043136923915545425,0.021827392006317115,0.9454346299171448,0.9408577084541321,0.8756930828094482,0.9396877288818359,0.9972508549690247
S125T,125,1.242813521,0,1.0219563007354737,0.1161440866504834,0.22085722026452625,0.8221555948257446,1.0265774726867676,1.0816633701324463,1.0644458532333374,1.1149392127990723
S125R,125,0.591509399,4,0.8364809870719909,0.02864631540907818,0.24497158807199093,0.7904127836227417,0.8441030383110046,0.8553863763809204,0.8296120166778564,0.8628907203674316
S125C,125,1.092673452,3,1.0275318384170533,0.13705209384349115,0.06514161358294679,0.9548199772834778,1.0473182201385498,0.9726788997650146,0.9072980284690857,1.2555440664291382
G126E,126,0.802536412,0,0.7123758554458618,0.021379319232719903,0.09016055655413824,0.7349169254302979,0.7029389142990112,0.6866258978843689,0.7030762434005737,0.7343212962150574
G126C,126,1.020476273,4,0.8508420348167419,0.04052081775173042,0.16963423818325818,0.8836817145347595,0.8962856531143188,0.8516302108764648,0.8235007524490356,0.7991118431091309
G126Y,126,0.812249152,1,0.6830460786819458,0.056750258387638704,0.12920307331805425,0.728269636631012,0.6771644949913025,0.5898175239562988,0.6918350458145142,0.7281436920166016
G126F,126,0.816455322,4,0.7226622819900512,0.030890558737363998,0.09379304000994881,0.7280517220497131,0.7420413494110107,0.7334353923797607,0.6683904528617859,0.7413924932479858
G126R,126,0.781014889,1,0.7631270051002502,0.04267461069595715,0.017887883899749824,0.8137761354446411,0.7130703330039978,0.7841906547546387,0.7245923280715942,0.7800055742263794
G126V,126,0.7357114790000001,4,0.7076304435729981,0.02429309101094372,0.02808103542700202,0.7276027798652649,0.6775886416435242,0.7216572761535645,0.6849801540374756,0.7263233661651611
G126W,126,0.531272391,3,0.7833410978317261,0.018769711815436803,0.2520687068317261,0.7758995890617371,0.7963222861289978,0.7751227021217346,0.7610775828361511,0.8082833290100098
N127C,127,0.942902901,0,1.1933772563934326,0.06670323565685547,0.25047435539343266,1.2095048427581787,1.1405433416366577,1.1974326372146606,1.2939531803131104,1.1254522800445557
N127E,127,1.004794983,1,0.7037681579589844,0.056890727977446896,0.30102682504101563,0.6676347851753235,0.7597668170928955,0.6527529954910278,0.6672996282577515,0.7713865637779236
N127F,127,0.76670739,4,0.8738998055458069,0.0878499727673144,0.10719241554580694,0.9594918489456177,0.7491893172264099,0.915666401386261,0.8167017102241516,0.9284497499465942
N127G,127,0.764228149,3,1.0111135005950929,0.034144527648623926,0.24688535159509284,1.0616309642791748,1.0045368671417236,0.9834105968475342,1.0271693468093872,0.978819727897644
N127I,127,0.641558556,2,0.7533120751380921,0.04594014955839141,0.11175351913809206,0.7034984827041626,0.7648709416389465,0.7139365673065186,0.7669942378997803,0.8172601461410522
N127L,127,0.975602299,2,0.8437482476234436,0.0524149409892838,0.13185405137655637,0.7852301597595215,0.9113559722900391,0.8103873133659363,0.8277180194854736,0.8840497732162476
N127V,127,0.8599130140000001,1,0.8108527898788452,0.045907831913618365,0.04906022412115485,0.7911762595176697,0.839803159236908,0.7530326843261719,0.7984974384307861,0.8717544078826904
N127R,127,0.998579398,0,1.0504199028015138,0.03780815854361403,0.05184050480151381,1.0838594436645508,1.0755747556686401,1.010430097579956,1.0079920291900635,1.074243187904358
N127S,127,1.305198269,1,0.8093684077262878,0.0029746013364528247,0.4958298612737121,0.8136730194091797,0.8102253079414368,0.8091278076171875,0.8083156943321228,0.8055002093315125
N127Y,127,1.00534637,3,0.8082545757293701,0.056704689161208,0.19709179427062995,0.755667507648468,0.7733038663864136,0.8623079061508179,0.7730720043182373,0.8769215941429138
N127A,127,0.74960265,0,1.1933616638183593,0.04129380787695339,0.44375901381835925,1.2046706676483154,1.1331483125686646,1.1713542938232422,1.2346746921539307,1.222960352897644
I128A,128,0.335191666,3,0.40490015149116515,0.05778808889967721,0.06970848549116515,0.37576600909233093,0.41369256377220154,0.4167388379573822,0.48743143677711487,0.33087190985679626
I128Y,128,0.552149355,1,0.4519006431102753,0.07759086849371959,0.10024871188972467,0.5167575478553772,0.4689957797527313,0.32214629650115967,0.44748228788375854,0.5041213035583496
I128W,128,0.149180869,3,0.5070080637931824,0.09313216569541606,0.3578271947931824,0.5678128004074097,0.44279807806015015,0.3764162063598633,0.5945299863815308,0.553483247756958
I128V,128,1.012761381,0,0.7834335684776306,0.02884997655007571,0.22932781252236945,0.7973665595054626,0.7330633997917175,0.7855842113494873,0.7989044189453125,0.8022492527961731
I128T,128,0.1729281319999999,0,0.49967803359031676,0.06712339541824815,0.32674990159031686,0.5460484623908997,0.42001593112945557,0.5797035694122314,0.5081687569618225,0.4444534480571747
I128S,128,0.164465476,4,0.22767834663391112,0.04415799405285145,0.06321287063391112,0.18247270584106445,0.19517195224761963,0.2957115173339844,0.23599237203598022,0.22904318571090698
I128R,128,0.118515339,0,-0.11832886934280396,0.06295075849757834,0.23684420834280395,-0.05761605501174927,-0.1399584412574768,-0.045362651348114014,-0.18127089738845825,-0.16743630170822144
I128P,128,0.3040622089999999,4,0.04841450452804565,0.08172254158373793,0.2556477044719543,-0.06047552824020386,0.07706081867218018,0.036277830600738525,0.025242328643798828,0.1639670729637146
I128M,128,0.728536022,1,0.7470900893211365,0.044246174915433686,0.018554067321136514,0.8064183592796326,0.7411771416664124,0.7243483662605286,0.7723024487495422,0.6912041306495667
I128L,128,0.738383076,3,0.7164630174636841,0.06664284188316015,0.021920058536315845,0.700859010219574,0.6362183094024658,0.6798722743988037,0.8047438859939575,0.7606216073036194
I128K,128,-0.154900074,2,0.11943763494491577,0.06129506624453999,0.27433770894491577,0.0542110800743103,0.17840135097503662,0.07596558332443237,0.09864044189453125,0.1899697184562683
I128H,128,0.1901104589999999,1,0.13463493585586547,0.1471875807503859,0.055475523144134425,0.04146343469619751,0.3155518174171448,-0.06328946352005005,0.19047045707702637,0.1889784336090088
I128G,128,0.059733759,3,0.09344106912612915,0.06838946589536679,0.03370731012612915,0.039605557918548584,0.052243828773498535,0.17717623710632324,0.15840935707092285,0.03977036476135254
I128F,128,0.551402314,2,0.6631133675575256,0.0378722404251827,0.11171105355752564,0.6124603152275085,0.6589125394821167,0.6550176739692688,0.6710617542266846,0.7181145548820496
I128E,128,0.190058238,2,0.14109044075012206,0.07669808379570074,0.04896779724987793,0.08073669672012329,0.15717917680740356,0.17666995525360107,0.04971134662628174,0.24115502834320068
I128D,128,-0.047180836,3,0.0771074891090393,0.019327386992522712,0.12428832510903931,0.069327712059021,0.07660132646560669,0.049439966678619385,0.0983700156211853,0.09179842472076416
I128N,128,-0.009880142,3,-0.04051152467727661,0.06738135072465418,0.03063138267727661,-0.008830726146697998,0.02285867929458618,-0.07330316305160522,-0.00047898292541503906,-0.14280343055725098
I128C,128,0.634910425,4,0.6671609997749328,0.044903230757617284,0.03225057477493287,0.6853866577148438,0.684842050075531,0.6926229000091553,0.6859188079833984,0.5870345830917358
S129C,129,0.6341313120000001,3,1.107681393623352,0.09624158374230146,0.473550081623352,1.002711534500122,1.2284762859344482,1.1181284189224243,1.020432472229004,1.1686582565307617
S129M,129,0.7461086809999999,3,1.0618237495422362,0.042366850857041505,0.3157150685422363,1.005727767944336,1.0814173221588135,1.1032228469848633,1.0283652544021606,1.0903855562210083
S129V,129,0.92273686,4,0.6478466868400574,0.08753779835133126,0.2748901731599426,0.6722209453582764,0.6485057473182678,0.6024174690246582,0.5401779413223267,0.7759113311767578
S129R,129,0.897678795,3,0.9625294923782348,0.09800534842821779,0.06485069737823479,0.9162811040878296,1.0675932168960571,1.053801417350769,0.8343387246131897,0.9406329989433289
S129P,129,0.059876242,3,0.24184658527374267,0.07750391110529532,0.18197034327374267,0.18349725008010864,0.1994626522064209,0.28704991936683655,0.35690775513648987,0.18231534957885742
S129N,129,0.949614538,2,1.098917055130005,0.11618570113304776,0.14930251713000497,1.2067919969558716,1.2306957244873047,1.0263354778289795,0.9616724252700806,1.069089651107788
S129L,129,0.781452923,1,0.8104231834411622,0.05295937037995055,0.028970260441162132,0.743956446647644,0.8637589812278748,0.859351634979248,0.7710590958595276,0.8139897584915161
S129K,129,1.187849869,2,0.9184027791023255,0.08132145600237511,0.2694470898976744,0.971514105796814,0.9954332709312439,0.8431850075721741,0.9635085463523865,0.8183729648590088
S129W,129,1.229139152,0,0.7765501141548157,0.051063813038643484,0.4525890378451842,0.7018624544143677,0.8250779509544373,0.7946030497550964,0.8132997751235962,0.7479073405265808
S129I,129,1.047120333,4,0.509145849943161,0.07425753609189276,0.537974483056839,0.5818982124328613,0.41776731610298157,0.5872814655303955,0.4629910886287689,0.49579116702079773
S129G,129,0.588451591,2,0.6255980968475342,0.050625673102464915,0.037146505847534206,0.6738635301589966,0.6402356028556824,0.6608425974845886,0.5478068590164185,0.6052418947219849
S129F,129,0.608919574,3,1.088839316368103,0.08203156909249455,0.479919742368103,1.0289422273635864,1.1439054012298584,1.2050528526306152,1.0159993171691895,1.0502967834472656
S129E,129,0.8248885440000001,0,1.0592904806137085,0.10910761475358431,0.23440193661370834,1.1997694969177246,0.9878342151641846,1.1539716720581055,0.9630594253540039,0.9918175935745239
S129D,129,0.7935548579999999,1,0.9459562063217163,0.07999603683378397,0.15240134832171637,0.9267595410346985,0.8849968910217285,1.0735514163970947,0.8769202828407288,0.967552900314331
S129A,129,1.212606577,2,0.8152738809585571,0.054628209463038924,0.39733269604144295,0.8996161222457886,0.8364119529724121,0.7596874833106995,0.7949086427688599,0.7857452034950256
S129H,129,1.467040197,1,0.9639744400978089,0.053595290731264615,0.5030657569021911,1.0114156007766724,0.9656955599784851,0.9956556558609009,0.8737297058105469,0.973375678062439
L130I,130,0.842021501,3,1.0741032123565675,0.11128947371057046,0.23208171135656752,0.892153263092041,1.166857123374939,1.1347026824951172,1.131709337234497,1.0450936555862427
L130K,130,0.086315951,1,0.14147574305534363,0.08344840024910398,0.05515979205534363,0.09500128030776978,0.2837161123752594,0.1294735074043274,0.06950974464416504,0.12967807054519653
L130G,130,0.032457362,2,0.20832124948501587,0.05216814520971179,0.17586388748501589,0.19995707273483276,0.12612932920455933,0.25577789545059204,0.208898663520813,0.2508432865142822
L130M,130,0.8916395890000001,1,0.9897921681404114,0.06313294207325702,0.09815257914041131,0.9243773818016052,1.0136054754257202,1.0134830474853516,1.070772647857666,0.9267222881317139
L130E,130,0.023363911,1,-0.04380033016204834,0.09541278155439963,0.06716424116204833,-0.07815408706665039,-0.01677459478378296,-0.09659117460250854,-0.1360311508178711,0.10854935646057129
L130P,130,0.293088673,3,0.26104764342308046,0.032617448806806795,0.032041029576919566,0.27927789092063904,0.20677423477172852,0.2770542502403259,0.2872013449668884,0.2549304962158203
L130D,130,-0.156676191,0,0.1613954186439514,0.056841660923633554,0.3180716096439514,0.1965044140815735,0.197986900806427,0.06831425428390503,0.1991010308265686,0.14507049322128296
L130F,130,0.849222547,2,0.5308482348918915,0.04749534834118221,0.3183743121081085,0.5149839520454407,0.5303751826286316,0.5304281115531921,0.6049184799194336,0.4735354483127594
L130R,130,0.19980743,1,0.1783529043197632,0.06089421240202268,0.021454525680236813,0.1024634838104248,0.26657307147979736,0.15565639734268188,0.16454154253005981,0.20253002643585205
L130S,130,-0.028143189,3,0.1966167449951172,0.03490702092525335,0.22475993399511718,0.15940546989440918,0.19702690839767456,0.20771604776382446,0.1705082654953003,0.24842703342437744
L130T,130,0.282731574,0,0.3127527475357056,0.061474266846218116,0.030021173535705603,0.3151776194572449,0.28850841522216797,0.27862417697906494,0.4175148606300354,0.26393866539001465
L130V,130,1.10033117,4,0.8379737734794617,0.024448745125200073,0.26235739652053836,0.8041727542877197,0.8210668563842773,0.8552852869033813,0.8474172353744507,0.8619267344474792
L130W,130,0.294200706,0,0.17685679197311402,0.03953294431613968,0.11734391402688596,0.11625176668167114,0.20088869333267212,0.21742969751358032,0.18802416324615479,0.1616896390914917
L130A,130,0.498265051,0,0.5287303388118744,0.06361801628839116,0.030465287811874353,0.45119044184684753,0.5660808682441711,0.5040598511695862,0.6162487268447876,0.5060718059539795
Y131W,131,0.8218662170000001,4,0.7273709416389466,0.06486850547305466,0.09449527536105351,0.6335224509239197,0.7506444454193115,0.7697293758392334,0.6900488138198853,0.7929096221923828
Y131V,131,0.543668886,1,0.8975257992744445,0.026402567094585945,0.3538569132744446,0.9180141091346741,0.8595002293586731,0.9259530305862427,0.8973374366760254,0.8868241906166077
Y131T,131,0.133867645,2,0.15143514275550843,0.09416227573511499,0.01756749775550842,0.07737809419631958,0.1737823486328125,0.10469067096710205,0.09471273422241211,0.3066118657588959
Y131S,131,0.07317947,3,0.10612313747406006,0.06848253929789606,0.032943667474060065,0.22450095415115356,0.046586036682128906,0.08123546838760376,0.09082859754562378,0.08746463060379028
Y131R,131,0.114924076,3,0.07589164972305298,0.05549853229332177,0.039032426276947016,0.15523093938827515,0.09600412845611572,0.06640100479125977,0.058155715465545654,0.0036664605140686035
Y131P,131,-0.069617774,2,-0.11505165100097656,0.10529710219442141,0.045433877000976564,-0.15315157175064087,-0.11582386493682861,-0.20100176334381104,-0.17036902904510498,0.06508797407150269
Y131M,131,0.858334934,4,0.8537301301956177,0.07735603532748232,0.004604803804382329,0.7920752167701721,0.8734615445137024,0.8439202308654785,0.7839130759239197,0.9752805829048157
Y131L,131,1.129506915,0,0.7063475370407104,0.021033915525084157,0.4231593779592895,0.7075358033180237,0.7267643809318542,0.6726383566856384,0.7039769887924194,0.7208221554756165
Y131K,131,-0.1679439039999999,4,0.16421717405319214,0.06472408038597116,0.33216107805319206,0.14018535614013672,0.09861445426940918,0.1312122344970703,0.26594752073287964,0.18512630462646484
Y131H,131,0.874782915,3,0.6641602635383606,0.08164223517842069,0.2106226514616395,0.6472188830375671,0.6886411905288696,0.6712158918380737,0.5436831712722778,0.7700421810150146
Y131G,131,0.051872079,2,0.1455552339553833,0.06323606473523037,0.0936831549553833,0.08609497547149658,0.12375348806381226,0.10919219255447388,0.1610996127128601,0.24763590097427368
Y131E,131,-0.152517999,4,0.15073950290679933,0.0794933364072356,0.30325750190679934,0.08633804321289062,0.05697906017303467,0.24879509210586548,0.15938109159469604,0.20220422744750977
Y131C,131,0.611355569,1,0.8014304637908936,0.07173878428523814,0.19007489479089357,0.7242565751075745,0.8056080937385559,0.8130694031715393,0.911465048789978,0.7527531981468201
Y131A,131,0.291488328,1,0.5312566757202148,0.09800714637853843,0.23976834772021483,0.5620583295822144,0.5317399501800537,0.6723416447639465,0.48189541697502136,0.40824803709983826
Y131I,131,1.031468986,0,0.6061077117919922,0.03012331188740545,0.42536127420800773,0.5784236192703247,0.6068055033683777,0.6456740498542786,0.6244969964027405,0.5751383900642395
C132Y,132,0.417266412,4,0.6650282502174377,0.05064394114064473,0.24776183821743775,0.6400012969970703,0.6839868426322937,0.7439807057380676,0.6147311925888062,0.6424412131309509
C132W,132,0.641004814,3,0.5742491006851196,0.08930426426647152,0.0667557133148804,0.5880359411239624,0.5759932398796082,0.4351482391357422,0.6846348643302917,0.5874332189559937
C132V,132,0.628884682,3,0.7505746245384216,0.028002110928345644,0.12168994253842158,0.7193509936332703,0.7452059984207153,0.7664854526519775,0.7897746562957764,0.7320560216903687
C132S,132,0.910517216,0,0.9303234100341797,0.04841906978258134,0.019806194034179714,0.9108465909957886,0.8766275644302368,0.9331285953521729,0.9228962659835815,1.0081180334091187
C132R,132,1.0015523240000002,4,0.6120892286300659,0.03827678846060877,0.3894630953699343,0.5879472494125366,0.6269310116767883,0.661102294921875,0.6227819323539734,0.5616836547851562
C132Q,132,1.456350735,1,1.0459801077842712,0.05279805894889757,0.4103706272157288,1.012772560119629,0.9879274964332581,1.028401494026184,1.0854705572128296,1.1153284311294556
C132L,132,0.741143815,1,0.7792366981506348,0.02488570932370154,0.03809288315063475,0.8055950403213501,0.7620515823364258,0.746289849281311,0.7988376617431641,0.7834093570709229
C132F,132,0.4350724929999999,4,0.6499616622924804,0.047090606696287673,0.21488916929248053,0.6520631313323975,0.6305683851242065,0.62956702709198,0.6081274151802063,0.7294823527336121
C132D,132,0.448581114,1,0.4535928428173065,0.07006236934685478,0.005011728817306493,0.513224720954895,0.5042074918746948,0.35896000266075134,0.3986698091030121,0.4929021894931793
C132A,132,1.07748794,3,0.9227088928222656,0.06995529702793203,0.15477904717773427,0.8990731835365295,0.892403244972229,0.8991242051124573,1.0467259883880615,0.8762178421020508
C132G,132,0.8633297679999999,0,0.9197501540184021,0.05595436357517539,0.05642038601840216,0.940660834312439,0.822441816329956,0.9660853147506714,0.937828540802002,0.9317342638969421
C133H,133,0.348741319,2,0.2341144859790802,0.1389024813400431,0.1146268330209198,0.26102733612060547,0.3960000276565552,0.18349868059158325,0.02693772315979004,0.30310866236686707
C133G,133,0.746832092,2,0.7038594245910644,0.09546910430091658,0.04297266740893557,0.7689171433448792,0.7403380274772644,0.7631491422653198,0.538456916809082,0.7084358930587769
C133I,133,1.010430635,0,0.882564103603363,0.05507316745334758,0.12786653139663706,0.9345830678939819,0.8622390627861023,0.8085182905197144,0.9400271773338318,0.8674529194831848
C133K,133,-0.045243664,2,0.35387949347496034,0.15110745545393678,0.39912315747496036,0.29799067974090576,0.5879546403884888,0.3386266529560089,0.17263096570968628,0.3721945285797119
C133L,133,0.951264017,3,0.6937803387641907,0.07676355974890789,0.2574836782358093,0.604875385761261,0.6424340605735779,0.6757870316505432,0.7825363874435425,0.7632688283920288
C133M,133,0.803223357,2,0.9258735656738282,0.03348275140755175,0.12265020867382814,0.8966203927993774,0.9808810949325562,0.9226316213607788,0.9276344180107117,0.9016003012657166
C133N,133,0.17374645,1,0.4716261029243469,0.0638165380247938,0.2978796529243469,0.45899924635887146,0.5188381671905518,0.532825231552124,0.3709649443626404,0.476502925157547
C133Q,133,0.510490859,3,0.45707316398620607,0.1256825428444289,0.05341769501379395,0.3251219391822815,0.46966856718063354,0.334725558757782,0.5511347055435181,0.6047150492668152
C133F,133,0.551968922,1,0.08054683208465577,0.08268602739718042,0.4714220899153443,0.08690643310546875,0.1533711552619934,-0.051481544971466064,0.06711727380752563,0.14682084321975708
C133R,133,0.10173833,4,0.21952056288719177,0.08842070916622652,0.11778223288719177,0.11226034164428711,0.17040997743606567,0.31842416524887085,0.19383394718170166,0.30267438292503357
C133S,133,0.728041763,3,0.675203824043274,0.061691138407312995,0.05283793895672606,0.6152015924453735,0.6096389889717102,0.6872029900550842,0.7128650546073914,0.7511104941368103
C133T,133,1.031600625,1,0.9359636306762695,0.07152565229803975,0.09563699432373052,0.9736214876174927,0.9152169227600098,0.8836662769317627,1.0409895181655884,0.8663239479064941
C133V,133,0.874575853,2,0.8836732387542725,0.0664328419203587,0.009097385754272547,0.8949295282363892,0.965871274471283,0.7954046130180359,0.9195854067802429,0.8425753712654114
C133W,133,-0.0802870909999999,4,0.26212230920791624,0.13510666554305437,0.3424094002079161,0.07716047763824463,0.3059992790222168,0.4200306832790375,0.17689061164855957,0.3305304944515228
C133Y,133,-0.284056678,0,0.4174643337726593,0.025297838284214398,0.7015210117726594,0.3973650336265564,0.40904736518859863,0.3933049142360687,0.4513537883758545,0.43625056743621826
C133P,133,-0.291681536,1,0.04371870756149292,0.0760816703695897,0.33540024356149295,0.0176546573638916,0.13858449459075928,-0.0448760986328125,0.10572046041488647,0.001510024070739746
C133E,133,0.046230334,0,0.12611653208732604,0.1320122716836588,0.07988619808732604,0.1524871587753296,0.07463699579238892,0.04202568531036377,0.3440103828907013,0.01742243766784668
C133D,133,-0.22276821,1,0.2171910285949707,0.13143645780443902,0.43995923859497066,0.20767539739608765,0.03450506925582886,0.15792912244796753,0.35886868834495544,0.32697686553001404
C133A,133,1.006951748,3,0.9365985155105591,0.07411687399641634,0.07035323248944103,0.9476569294929504,0.8869331479072571,0.9654344916343689,1.037674069404602,0.8452939391136169
S134H,134,0.8366271000000001,2,1.0842117309570312,0.07066636455328626,0.2475846309570311,1.0352925062179565,1.094050407409668,1.168410301208496,0.993177056312561,1.1301283836364746
S134C,134,0.744038104,4,0.7782310366630554,0.0734296804419146,0.03419293266305534,0.8295850157737732,0.7095857858657837,0.7248756289482117,0.8801726698875427,0.7469360828399658
S134E,134,0.537175868,4,0.7715501070022583,0.09652325085443036,0.2343742390022584,0.692127525806427,0.9063466787338257,0.8405762910842896,0.6973797678947449,0.7213202714920044
S134F,134,0.411003875,3,0.1645304322242737,0.038242775027798215,0.24647344277572633,0.1929337978363037,0.11110228300094604,0.15128552913665771,0.15835708379745483,0.2089734673500061
S134G,134,0.6478025279999999,2,0.7123280167579651,0.07168142656859396,0.06452548875796515,0.6429331302642822,0.8268272280693054,0.7226248979568481,0.7068368196487427,0.662418007850647
S134K,134,0.926729879,3,0.3195642471313477,0.06244843027068719,0.6071656318686524,0.272750586271286,0.3739273250102997,0.35031649470329285,0.2341821789741516,0.36664465069770813
S134A,134,0.7577032920000001,3,0.5507206797599793,0.06361602959510076,0.2069826122400208,0.5373361110687256,0.527380108833313,0.47233933210372925,0.6449868679046631,0.5715609788894653
S134L,134,0.201890385,0,0.5558231353759766,0.024440720161283572,0.3539327503759766,0.5294045209884644,0.5775762796401978,0.5738542675971985,0.5290927290916443,0.5691878795623779
S134N,134,1.037654795,1,1.0500993371009826,0.058648110138507736,0.01244454210098267,1.0833542346954346,1.0488553047180176,1.0947270393371582,1.073919415473938,0.949640691280365
S134P,134,0.8201612159999999,2,0.7346089243888855,0.062207836277505923,0.08555229161111444,0.7788147926330566,0.7664594054222107,0.7005472183227539,0.78596031665802,0.6412628889083862
S134R,134,0.726127145,3,0.38091428875923156,0.0506463604100124,0.3452128562407684,0.35342660546302795,0.36597251892089844,0.35619255900382996,0.3578525185585022,0.4711272418498993
S134T,134,0.853485973,0,0.8393190264701843,0.06236802513360234,0.01416694652981565,0.7889145612716675,0.7967486381530762,0.8982917070388794,0.916113018989563,0.7965272068977356
S134V,134,-0.033983616,0,0.5736067295074463,0.05149438942804898,0.6075903455074463,0.5884835124015808,0.602407693862915,0.5464599132537842,0.49945390224456787,0.6312286257743835
S134W,134,0.569629656,3,0.29506778717041016,0.053810380605589236,0.2745618688295899,0.28227365016937256,0.28862497210502625,0.24027591943740845,0.2790032625198364,0.3851611316204071
S134Y,134,0.525160335,3,0.28517759442329405,0.05005291499155763,0.239982740576706,0.2753817141056061,0.2653510570526123,0.2949018180370331,0.2271575927734375,0.36309579014778137
S134M,134,0.535252937,3,0.3374202847480774,0.07143639626820034,0.1978326522519226,0.3986241817474365,0.2508944869041443,0.35487234592437744,0.2748553454875946,0.4078550636768341
I135H,135,0.5118077679999999,1,0.18141012787818908,0.11173615415702536,0.33039764012181083,0.04195815324783325,0.3156673014163971,0.21072262525558472,0.2445775270462036,0.09412503242492676
I135G,135,0.004512548,3,0.1073211669921875,0.056906039600635686,0.10280861899218749,0.04272115230560303,0.062082648277282715,0.12511038780212402,0.18636482954025269,0.12032681703567505
I135K,135,0.311545827,0,0.06830370426177979,0.09561601612723004,0.2432421227382202,0.1702498197555542,0.07687520980834961,0.1523345708847046,-0.02130681276321411,-0.03663426637649536
I135E,135,-0.071383447,1,0.0143890380859375,0.06461232402109687,0.0857724850859375,0.043325185775756836,0.11508667469024658,-0.02620035409927368,-0.0375407338142395,-0.022725582122802734
I135F,135,-0.686968318,0,1.0176114201545716,0.05185665402573436,1.7045797381545715,0.9968193769454956,1.0935885906219482,1.0067977905273438,0.9538909792900085,1.0369603633880615
I135L,135,1.145693432,1,0.7471082925796508,0.13035898741857851,0.39858513942034923,0.7199549674987793,0.7642809748649597,0.5896190404891968,0.9494090676307678,0.7122774124145508
I135D,135,0.064066197,2,0.042807149887084964,0.07169764077231874,0.02125904711291504,0.040376901626586914,0.12592542171478271,-0.06621885299682617,0.08304780721664429,0.03090447187423706
I135P,135,0.501489163,1,0.23757161498069762,0.06779474446188602,0.2639175480193024,0.25921958684921265,0.3065531849861145,0.15443724393844604,0.2895824611186981,0.17806559801101685
I135Q,135,0.226995036,0,0.20340244174003602,0.07252413582738478,0.02359259425996399,0.21309220790863037,0.17045944929122925,0.2872110903263092,0.24729514122009277,0.09895431995391846
I135R,135,0.042758816,1,0.2363935172557831,0.06575973677664813,0.19363470125578308,0.2597920894622803,0.30873119831085205,0.13830286264419556,0.2683326303958893,0.20680880546569824
I135S,135,-0.0299444289999999,4,0.3725777268409729,0.020245366007888784,0.4025221558409728,0.39181068539619446,0.33921751379966736,0.3762628734111786,0.3711433410644531,0.38445422053337097
I135T,135,0.484328848,1,0.22887457013130189,0.05951646942775025,0.2554542778686981,0.16780394315719604,0.31533128023147583,0.19296497106552124,0.20567947626113892,0.26259317994117737
I135M,135,0.988440488,2,0.9230959057807923,0.14375917037488456,0.06534458221920769,0.950739324092865,0.7350150346755981,0.9097166061401367,0.8850181102752686,1.1349904537200928
I135C,135,0.815285094,4,0.8777189254760742,0.10147798055764921,0.062433831476074175,0.7051395773887634,0.8785102367401123,0.9253539443016052,0.9130486249923706,0.9665422439575195
I135V,135,0.8527444479999999,4,0.9704987525939941,0.1313435687012512,0.11775430459399416,0.8177852630615234,0.9643805623054504,0.93524569272995,0.9544737339019775,1.1806085109710693
I135W,135,0.8285499129999999,2,0.5568601250648498,0.1092267345573093,0.2716897879351501,0.5447911620140076,0.4012115001678467,0.526299238204956,0.6931384205818176,0.6188603043556213
I135A,135,0.58472698,0,0.5224859297275544,0.10463310852992873,0.06224105027244564,0.4759337306022644,0.5223836898803711,0.6216233968734741,0.6195727586746216,0.3729160726070404
I135Y,135,1.199369153,1,0.09309661388397217,0.19727781399518673,1.1062725391160277,0.100161612033844,0.17406809329986572,-0.1863425374031067,0.35106950998306274,0.02652639150619507
F136A,136,0.41150659,0,0.7240920543670655,0.03437066240079471,0.31258546436706547,0.7207621335983276,0.7402233481407166,0.6859766840934753,0.7001370191574097,0.773361086845398
F136D,136,0.769529605,1,0.5318401038646698,0.06534214273787073,0.23768950113533016,0.5873129367828369,0.5581613183021545,0.42056897282600403,0.5308842658996582,0.5622730255126953
F136E,136,0.524400106,0,0.6754813909530639,0.025484120858197894,0.15108128495306394,0.6556835770606995,0.6998882293701172,0.6425034999847412,0.6819141507148743,0.6974174976348877
F136G,136,0.55804232,2,0.5848723173141479,0.04475387311350102,0.026829997314147924,0.5940449237823486,0.6130626201629639,0.5460019111633301,0.5326130390167236,0.6386390924453735
F136K,136,0.89149209,2,0.42561503648757937,0.08899927166052392,0.4658770535124206,0.4314621090888977,0.44470933079719543,0.27732178568840027,0.4582567811012268,0.5163251757621765
F136L,136,0.868554037,3,0.6576187491416932,0.07042052327054138,0.21093528785830684,0.7585477232933044,0.5864371061325073,0.5945961475372314,0.6796064376831055,0.6689063310623169
F136M,136,0.590545195,4,0.9367476105690002,0.058886993406064486,0.3462024155690002,1.0312187671661377,0.92640620470047,0.8772261738777161,0.9467300176620483,0.9021568894386292
F136Q,136,0.625251896,3,0.5748140037059783,0.09389650713646455,0.050437892294021625,0.6386840343475342,0.43864020705223083,0.5287494659423828,0.5920692682266235,0.6759270429611206
F136R,136,0.553899225,1,0.7009157776832581,0.0398080473946022,0.14701655268325808,0.6578255891799927,0.7643495798110962,0.6969478726387024,0.6803125143051147,0.7051433324813843
F136S,136,0.603857489,0,0.6852672338485718,0.03511142636529837,0.08140974484857177,0.6941811442375183,0.7104092836380005,0.6669955849647522,0.6340089440345764,0.7207412123680115
F136V,136,0.599868913,0,0.7555100202560425,0.015890178327459707,0.15564110725604252,0.7797182202339172,0.7581648230552673,0.7357155680656433,0.7522033452987671,0.7517481446266174
F136W,136,0.977479179,4,0.686927330493927,0.07380229777389752,0.2905518485060731,0.619770884513855,0.8119192719459534,0.6776269674301147,0.6766207218170166,0.6486988067626953
D137G,137,0.690449158,3,0.8239140152931214,0.030052610046540546,0.1334648572931214,0.8313229084014893,0.8395905494689941,0.8529511094093323,0.7742894291877747,0.8214160799980164
D137L,137,0.754379336,3,0.6144850611686706,0.0639680395869692,0.13989427483132932,0.6661809682846069,0.5398358106613159,0.6849174499511719,0.5588487386703491,0.6226423382759094
D137R,137,0.590356973,0,0.7612222790718078,0.01681605970315768,0.17086530607180783,0.7707314491271973,0.7849166393280029,0.7547637224197388,0.7415286898612976,0.7541708946228027
D137V,137,0.726391983,1,0.6435503602027893,0.05685163905868746,0.08284162279721063,0.5895025730133057,0.6656240224838257,0.7293738722801208,0.5978577136993408,0.6353936195373535
D137W,137,0.411571305,0,0.5375520527362824,0.08134387590871674,0.12598074773628237,0.45900899171829224,0.5550315976142883,0.6681875586509705,0.5186876058578491,0.4868445098400116
L138F,138,0.719442307,2,0.8956584572792053,0.04811023961748558,0.17621615027920534,0.9338111877441406,0.8307914137840271,0.919712245464325,0.8581757545471191,0.9358016848564148
L138A,138,0.939481173,4,0.5758954644203186,0.07538297118011641,0.3635857085796814,0.6026163101196289,0.6466748118400574,0.45473581552505493,0.5557321906089783,0.6197181940078735
L138E,138,0.6222007070000001,4,0.24623156785964967,0.03939128128290535,0.3759691391403504,0.29279810190200806,0.1907007098197937,0.2670772075653076,0.2552817463874817,0.22530007362365723
L138G,138,0.045070367,2,0.46298750042915343,0.1074355052617382,0.41791713342915343,0.39774656295776367,0.5655044317245483,0.33561617136001587,0.43346503376960754,0.5826053023338318
L138K,138,0.1094951719999999,3,0.1506166934967041,0.06432748518019847,0.041121521496704186,0.24044454097747803,0.1560329794883728,0.15937846899032593,0.06008881330490112,0.13713866472244263
L138P,138,-0.036320829,2,0.4479087471961975,0.09225189620261016,0.4842295761961975,0.3902469575405121,0.481915146112442,0.3158867359161377,0.5282766819000244,0.5232182145118713
L138R,138,-0.072999168,4,0.18832966089248657,0.028747606548375687,0.26132882889248654,0.16177409887313843,0.15574431419372559,0.20794373750686646,0.22174590826034546,0.19444024562835693
L138S,138,0.495141691,2,0.4636694371700287,0.08662979226205819,0.03147225382997132,0.4438721537590027,0.5374923348426819,0.331056147813797,0.4611133337020874,0.5448132157325745
L138T,138,0.447916755,2,0.7974559426307678,0.03406985752278394,0.3495391876307678,0.7907856702804565,0.8049547672271729,0.8328430652618408,0.7430558204650879,0.815640389919281
L138V,138,1.14724571,3,0.8274285435676575,0.07832913859735965,0.3198171664323425,0.8397164940834045,0.7340989112854004,0.7813326120376587,0.838683009147644,0.9433116912841797
L138W,138,0.605973997,3,0.7020748496055603,0.10518354977285359,0.09610085260556034,0.7407757639884949,0.5305206775665283,0.6794976592063904,0.7989822626113892,0.7605978846549988
P139M,139,0.647141732,0,0.9293524980545044,0.07499771464845972,0.28221076605450435,1.0129704475402832,0.9174749851226807,0.9559214115142822,0.8101003170013428,0.9502953290939331
P139T,139,1.271765327,0,1.0559730291366578,0.11336587271757978,0.2157922978633422,0.9521490335464478,1.0943527221679688,0.9258530139923096,1.1931312084197998,1.1143791675567627
P139S,139,0.711527625,0,0.9069925546646118,0.08295979396358498,0.19546492966461182,0.8007378578186035,0.9823657274246216,0.8383690118789673,0.9779384136199951,0.9355517625808716
P139A,139,0.966039756,3,0.915038013458252,0.08122359675321089,0.05100174254174805,0.784903347492218,0.8925132751464844,0.9857789874076843,0.93886399269104,0.973130464553833
P139C,139,0.408842759,2,1.0179678082466126,0.06587800951609206,0.6091250492466126,1.0170363187789917,0.9602943062782288,1.005765438079834,1.1287930011749268,0.9779499769210815
P139E,139,0.96809956,3,0.9510136365890502,0.07504223521316912,0.01708592341094972,0.8512736558914185,0.9980996251106262,0.9638851881027222,1.039473056793213,0.9023366570472717
P139V,139,0.943332067,3,0.9336074590682983,0.08736814659474915,0.009724607931701712,0.7977340817451477,0.8932424187660217,0.9854030609130859,0.9986634254455566,0.9929943084716797
P139F,139,1.062203325,4,0.7197411298751831,0.06824802321691233,0.3424621951248169,0.7587317228317261,0.6402122974395752,0.7446618676185608,0.6566870808601379,0.7984126806259155
P139G,139,0.978152538,2,1.025429606437683,0.06728007638699726,0.04727706843768309,0.9878086447715759,0.9560645222663879,0.9959757328033447,1.0644594430923462,1.1228396892547607
P139W,139,0.963300891,3,0.8092857837677002,0.05477981374610995,0.15401510723229983,0.7601282000541687,0.7744516730308533,0.8965909481048584,0.8269389867782593,0.7883191108703613
P139Y,139,0.644178308,3,1.0289578795433045,0.1265991710674411,0.38477957154330455,0.8521168828010559,0.986370325088501,1.1128654479980469,1.1827402114868164,1.010696530342102
P139Q,139,1.180560689,2,1.0341698408126831,0.06339627619690401,0.14639084818731685,0.9379197359085083,1.0732519626617432,1.0176397562026978,1.1049003601074219,1.0371373891830444
P139H,139,1.152086439,0,0.9302329301834107,0.02616057881007904,0.22185350881658938,0.973170816898346,0.9050712585449219,0.9310039281845093,0.9143208861351013,0.9275977611541748
P139R,139,1.022363995,1,0.9164152979850769,0.09478488664125641,0.10594869701492315,0.7989193797111511,0.9103020429611206,0.9741460680961609,0.8582742810249329,1.040434718132019
P139L,139,0.964184579,0,0.8943931937217713,0.03821984908617596,0.0697913852782287,0.9369699954986572,0.907117486000061,0.8437196612358093,0.8666843175888062,0.9174745082855225
R140I,140,1.23741293,4,0.7524158954620361,0.09909460233767647,0.48499703453796394,0.7114092111587524,0.8508154153823853,0.8542205095291138,0.7222077250480652,0.623426616191864
R140K,140,0.8894341459999999,3,0.8415048122406006,0.03868506117767699,0.04792933375939934,0.8483728766441345,0.8470128178596497,0.7748920321464539,0.8691497445106506,0.8680965900421143
R140M,140,0.507550773,2,1.0750959157943725,0.06765271677816248,0.5675451427943725,1.0172863006591797,1.110804557800293,1.1767792701721191,1.0257047414779663,1.0449047088623047
R140F,140,0.416613771,2,0.9391563177108765,0.037222063193464244,0.5225425467108764,0.9598743319511414,0.9322270750999451,0.9909726977348328,0.8956831693649292,0.9170243144035339
R140E,140,0.952784054,2,0.810495388507843,0.1329062194039423,0.14228866549215702,0.7542309165000916,1.0275192260742188,0.668529212474823,0.8065864443778992,0.7956111431121826
R140A,140,0.796224499,2,0.8993053555488586,0.08502588495405562,0.10308085654885857,0.8415085077285767,1.0492178201675415,0.8581951856613159,0.8663007020950317,0.8813045620918274
R140P,140,0.660449894,2,0.93670175075531,0.1370052422207735,0.27625185675531005,0.9381391406059265,1.1715236902236938,0.8447486162185669,0.8876875638961792,0.8414097428321838
R140Q,140,1.008661658,1,0.8852483630180359,0.05530175408784097,0.12341329498196418,0.8148892521858215,0.9325425624847412,0.8684201240539551,0.8606580495834351,0.9497318267822266
R140S,140,0.7540329379999999,1,0.8256220102310181,0.059445314724672675,0.07158907223101818,0.788102388381958,0.7997083067893982,0.7666791081428528,0.8634274005889893,0.9101928472518921
R140T,140,0.892016563,1,0.9360837817192078,0.0637030062894781,0.044067218719207824,0.8946762084960938,0.9150114059448242,0.8753648400306702,0.9602807760238647,1.035085678100586
R140V,140,0.88782767,0,0.9378926277160644,0.05995339563515947,0.05006495771606445,0.9262419939041138,0.8965190649032593,0.9928918480873108,0.8679730296134949,1.0058372020721436
R140W,140,0.8534161140000001,3,0.7562008857727051,0.07331244498725528,0.097215228227295,0.8045179843902588,0.6400626301765442,0.7982478141784668,0.7268025279045105,0.8113734722137451
R140G,140,0.939024805,1,0.7979797005653382,0.04133565268041728,0.14104510443466178,0.7507228851318359,0.7819923758506775,0.7800115942955017,0.8576275706291199,0.8195440769195557
R140L,140,1.110746645,1,0.9268378019332886,0.07256584988076431,0.1839088430667115,0.8416959643363953,1.0210679769515991,0.8667920231819153,0.9483842253684998,0.9562488198280334
T141C,141,0.637545619,2,0.8047608613967896,0.060045156555491336,0.16721524239678964,0.8007985949516296,0.8830358982086182,0.7177420854568481,0.7934218645095825,0.8288058638572693
T141D,141,0.600664355,3,0.8372121691703797,0.04982571235678023,0.23654781417037962,0.8688107132911682,0.7601950764656067,0.8914006352424622,0.8292592763900757,0.8363951444625854
T141Y,141,0.651553832,1,0.8949116587638855,0.039399309481762235,0.2433578267638854,0.9189533591270447,0.913552463054657,0.8725348711013794,0.8369212746620178,0.9325963258743286
T141W,141,0.8410863279999999,0,0.8912738561630249,0.04856486042246191,0.050187528163024964,0.8565795421600342,0.970792293548584,0.8503445386886597,0.878731369972229,0.8999215364456177
T141V,141,1.07920013,1,0.8853583216667176,0.04622860562768933,0.19384180833328246,0.8474805355072021,0.8712270259857178,0.9429447650909424,0.8402484655380249,0.9248908162117004
T141G,141,0.861732871,1,0.9155930042266845,0.06968046536906614,0.05386013322668459,0.9214708209037781,0.8410824537277222,0.9989246129989624,0.9664797782897949,0.8500073552131653
T141S,141,0.923949672,3,0.9657177209854126,0.026187853816805898,0.04176804898541264,0.9689092040061951,0.9509941339492798,0.9994819164276123,0.9308415055274963,0.9783618450164795
T141R,141,0.857157635,4,0.858951735496521,0.024750352159583384,0.0017941004965210672,0.8992912769317627,0.8642858862876892,0.8453498482704163,0.8360137939453125,0.8498178720474243
T141Q,141,0.989280371,2,0.7303910732269288,0.03955919579397034,0.25888929777307124,0.7320444583892822,0.7543835639953613,0.7736671566963196,0.6691587567329407,0.7227014303207397
T141P,141,0.6899411440000001,2,0.7883691549301147,0.10472638310974891,0.09842801093011466,0.7377430200576782,0.9542807936668396,0.6721841096878052,0.800680935382843,0.7769569158554077
T141M,141,1.2226320309999998,2,0.9502583265304565,0.06844428669588826,0.27237370446954334,0.9395482540130615,0.8637959957122803,0.9706857204437256,1.0510241985321045,0.9262374639511108
T141L,141,0.978762426,0,0.8721470475196839,0.015443591404699652,0.1066153784803161,0.8749961853027344,0.8940427303314209,0.8746649026870728,0.8651682734489441,0.8518631458282471
T141K,141,0.981185453,3,0.8443428158760071,0.04598964742345072,0.13684263712399292,0.8365704417228699,0.8624365925788879,0.9135382175445557,0.8124244213104248,0.7967444062232971
T141I,141,0.839334285,2,0.8596417069435119,0.04064114550918423,0.020307421943511983,0.8169859051704407,0.8661099076271057,0.8519589900970459,0.8384252190589905,0.924728512763977
T141A,141,0.834077685,0,0.9030879855155944,0.04018780217106781,0.06901030051559442,0.8678515553474426,0.8823539018630981,0.8923463225364685,0.9014577269554138,0.9714304208755493
T141E,141,0.606547895,3,1.1088688850402832,0.09806616030139845,0.5023209900402833,1.2101253271102905,1.0104118585586548,1.2010176181793213,1.0088483095169067,1.1139413118362427
T141F,141,1.001332998,3,0.947995400428772,0.05539701527242782,0.053337597571228135,0.9190000295639038,0.9800876975059509,1.0302329063415527,0.9059113264083862,0.9047450423240662
N142I,142,0.974903625,2,0.8391866445541382,0.01673571295509615,0.1357169804458619,0.8583153486251831,0.8434399962425232,0.8452215790748596,0.8129187822341919,0.8360375165939331
N142W,142,0.8483341109999999,4,0.7967743754386902,0.08098568778739233,0.05155973556130966,0.7913500666618347,0.7676960825920105,0.8448143601417542,0.682860255241394,0.8971511125564575
N142A,142,1.037556018,3,0.8626086473464966,0.029522752522286057,0.17494737065350352,0.8423599004745483,0.8920474052429199,0.8915141820907593,0.8255531787872314,0.8615685701370239
N142C,142,1.16377013,3,1.1259481191635132,0.09761639008615336,0.03782201083648684,1.0218747854232788,1.174710988998413,1.0910660028457642,1.07199227809906,1.2700965404510498
N142D,142,0.929706359,4,0.9016332983970642,0.048447431621851236,0.028073060602935795,0.8563789129257202,0.9690611958503723,0.9027055501937866,0.8544942140579224,0.9255266189575195
N142E,142,0.836494739,1,0.7780442953109741,0.019565277623014427,0.058450443689025966,0.7558109760284424,0.7797434329986572,0.7974055409431458,0.7604862451553345,0.7967752814292908
N142F,142,0.8637566459999999,1,0.8827317118644714,0.06720974897750222,0.018975065864471508,0.8385897874832153,0.8402237296104431,0.8239554762840271,0.9673640131950378,0.9435255527496338
N142G,142,0.908922729,1,0.9382654309272767,0.022158870889672583,0.029342701927276615,0.9463908672332764,0.900858461856842,0.9416658282279968,0.9599317908287048,0.942480206489563
N142K,142,0.565184004,2,0.9149610757827759,0.02700175759717654,0.34977707178277584,0.906135082244873,0.8869746327400208,0.9545192122459412,0.9291867017745972,0.8979897499084473
N142H,142,1.03740564,0,0.8579152941703796,0.06949424213151711,0.17949034582962042,0.7690449357032776,0.8426114916801453,0.8701943159103394,0.9622260332107544,0.8454996943473816
N142T,142,1.039011735,4,0.9134454131126404,0.03805215256793636,0.12556632188735972,0.8633766174316406,0.9382962584495544,0.8957228064537048,0.90816330909729,0.961668074131012
N142S,142,0.730480013,3,1.0078124761581422,0.042915979385510485,0.2773324631581422,0.9534516334533691,0.9734688997268677,1.0529625415802002,1.018509864807129,1.0406694412231445
N142R,142,0.938583172,4,0.844577407836914,0.041526909445240526,0.09400576416308593,0.834421694278717,0.8054162263870239,0.8563982844352722,0.8163228034973145,0.9103280305862427
N142Q,142,0.973642089,2,0.9356423377990722,0.022649412164896375,0.0379997512009278,0.9405950307846069,0.9501310586929321,0.9547812342643738,0.8975504040718079,0.9351539611816406
N142P,142,1.09735495,3,0.7083706974983215,0.046856754017244706,0.38898425250167845,0.7063905596733093,0.6357710957527161,0.7395851612091064,0.7018311619758606,0.7582755088806152
N142L,142,0.719524035,3,0.9580989480018616,0.054561830206147154,0.23857491300186162,0.8780762553215027,0.9977518916130066,1.0166642665863037,0.9360290765762329,0.961973249912262
N142V,142,0.8913770109999999,1,0.9372232675552368,0.05729072952754961,0.045846256555236886,0.9512038230895996,0.9013224840164185,0.8586434125900269,1.0019588470458984,0.9729877710342407
N142Y,142,1.047238888,3,0.889123284816742,0.044292818809635086,0.15811560318325812,0.8474379777908325,0.8378162980079651,0.9002420902252197,0.9310802221298218,0.9290398359298706
I143A,143,0.335844252,3,0.6770984530448914,0.03737968361080206,0.34125420104489135,0.628658652305603,0.6541396379470825,0.6862105131149292,0.6896325349807739,0.7268509268760681
I143C,143,1.45756502,4,0.7691956043243409,0.1409816025102081,0.6883694156756592,0.7510095238685608,0.9598832130432129,0.5692497491836548,0.8179592490196228,0.7478762865066528
I143V,143,1.263761717,0,0.995023763179779,0.057625750463768374,0.2687379538202209,1.0004770755767822,0.9663695096969604,1.0569422245025635,0.9130204319953918,1.0383095741271973
I143E,143,0.653008477,3,0.6102606654167175,0.08942830866300094,0.04274781158328245,0.7362091541290283,0.6290572881698608,0.6369224190711975,0.5382018089294434,0.5109126567840576
I143F,143,1.240083015,2,0.8885669708251953,0.13935284353654395,0.35151604417480464,0.86503666639328,0.9085012078285217,0.7708567380905151,1.115822196006775,0.7826180458068848
I143G,143,0.33935773,3,0.6318674206733703,0.04931734596941285,0.2925096906733703,0.6943528652191162,0.6312146186828613,0.6658868789672852,0.5899749994277954,0.5779077410697937
I143H,143,1.039450084,4,0.4177945673465729,0.12592338538823747,0.6216555166534272,0.5001590251922607,0.3664882481098175,0.3069804608821869,0.5965074896812439,0.31883761286735535
I143L,143,1.059994443,4,0.816129469871521,0.07999605225057023,0.24386497312847888,0.7507683038711548,0.9072018265724182,0.768550455570221,0.8996180295944214,0.7545087337493896
I143M,143,0.688677845,1,1.0206020832061768,0.0841307015328169,0.3319242382061769,1.0324296951293945,1.088741660118103,1.0697134733200073,1.0360203981399536,0.8761051893234253
I143P,143,0.762103596,2,0.5147532045841217,0.08785533014341934,0.24735039141587833,0.5374025702476501,0.4638100862503052,0.3891076147556305,0.5836430788040161,0.5998026728630066
I143Q,143,0.668221837,4,0.5904285788536072,0.018455141211201617,0.07779325814639282,0.5763685703277588,0.6120371222496033,0.5978549122810364,0.5992273688316345,0.5666549205780029
I143R,143,0.477507561,2,0.42522667050361634,0.08000536988627964,0.05228089049638368,0.3268606662750244,0.41730019450187683,0.3988547921180725,0.4351259469985962,0.5479917526245117
I143Y,143,0.479123925,0,0.9383063793182373,0.04271381976322351,0.45918245431823734,0.8920995593070984,0.9508923292160034,0.930220365524292,0.9140527844429016,1.0042668581008911
I143W,143,0.617692011,4,0.5305410504341126,0.06248122845828571,0.08715096056588745,0.4441666603088379,0.5891841650009155,0.5228129625320435,0.5931464433670044,0.5033950209617615
I143S,143,0.36896023,1,0.5635897397994996,0.0547364333470251,0.19462950979949956,0.6564713716506958,0.5292371511459351,0.5218191146850586,0.5431274175643921,0.567293643951416
G144Y,144,0.537500535,4,0.7193632245063781,0.07481700746390534,0.18186268950637818,0.6397673487663269,0.7469868659973145,0.7955818176269531,0.7750211358070374,0.639458954334259
G144P,144,1.113422754,0,0.7571811079978943,0.028786605968281604,0.3562416460021056,0.771850049495697,0.7600289583206177,0.7852237224578857,0.7595725059509277,0.7092303037643433
G144N,144,0.580830052,3,0.7093762278556823,0.0904720625942786,0.1285461758556823,0.6977328658103943,0.654022216796875,0.6708687543869019,0.656079888343811,0.8681774139404297
G144M,144,1.014773773,2,0.7690480470657348,0.04020114391297501,0.24572572593426512,0.7573075294494629,0.7855034470558167,0.8305211663246155,0.7293761372566223,0.742531955242157
G144W,144,0.6768340629999999,4,0.7475921750068665,0.09529765139011441,0.07075811200686655,0.6626856923103333,0.8029062747955322,0.8695154786109924,0.7602910399436951,0.6425623893737793
G144L,144,0.7938665690000001,3,0.6614496350288391,0.04577374840541118,0.13241693397116094,0.6356251835823059,0.6756951808929443,0.6867297887802124,0.5963832139968872,0.7128148078918457
G144H,144,0.772655835,4,0.8184691905975342,0.04505224370321624,0.04581335559753419,0.8356962203979492,0.7923372983932495,0.8081497550010681,0.8865958452224731,0.7695668339729309
G144V,144,0.551644946,1,0.824837040901184,0.03508984423601863,0.273192094901184,0.797237753868103,0.7862124443054199,0.8571756482124329,0.8188480734825134,0.8647112846374512
G144A,144,0.713773593,0,0.7407831192016602,0.041595074203107665,0.027009526201660194,0.7654151916503906,0.769809901714325,0.6901775598526001,0.7773728966712952,0.7011400461196899
G144S,144,0.930602722,3,0.7524691224098206,0.06304547747057292,0.1781335995901795,0.7108967304229736,0.6761682629585266,0.7692959904670715,0.7645182013511658,0.8414664268493652
G144R,144,0.7455349720000001,0,0.7417666554450989,0.016756052105184643,0.0037683165549011743,0.7337581515312195,0.7393711805343628,0.728134274482727,0.7367779016494751,0.77079176902771
G144E,144,0.8531215120000001,3,0.7721086144447327,0.06069648401688042,0.08101289755526742,0.7194933891296387,0.8424236178398132,0.806158185005188,0.698666512966156,0.7938013672828674
K145Y,145,1.141677036,4,0.8648629188537598,0.06546813562292164,0.27681411714624016,0.8077018857002258,0.8204684257507324,0.9494590163230896,0.8253543972969055,0.9213308691978455
K145W,145,0.593450234,0,0.8895079374313355,0.041586764839083225,0.29605770343133553,0.919493556022644,0.8363376259803772,0.8858258128166199,0.9404723048210144,0.8654103875160217
K145P,145,0.8398020070000001,1,0.8542380571365357,0.07444566325981272,0.014436050136535594,0.869556188583374,0.7291721105575562,0.8587031364440918,0.8877701759338379,0.9259886741638184
K145R,145,0.757032602,4,0.9771474957466125,0.05370166334393519,0.22011489374661253,0.8891053199768066,0.9829933047294617,1.0114487409591675,1.02780020236969,0.974389910697937
K145A,145,0.767310996,1,0.8845372200012207,0.07900565454844552,0.11722622400122074,0.9666351079940796,0.7593343257904053,0.8686387538909912,0.9307464361190796,0.8973314762115479
K145C,145,0.867666355,2,0.8090568423271179,0.06336304100499356,0.05860951267288206,0.8106731176376343,0.8588567972183228,0.7836046814918518,0.7167275547981262,0.8754220604896545
K145E,145,1.5223772619999998,4,0.8348462104797363,0.03073629496068922,0.6875310515202635,0.8018280267715454,0.8108800649642944,0.8576407432556152,0.8744159936904907,0.8294662237167358
K145G,145,0.925447755,3,0.9693704962730407,0.09355043209435275,0.043922741273040744,0.9591728448867798,0.8468031287193298,1.0564217567443848,0.917203426361084,1.0672513246536255
K145I,145,1.048079581,1,0.8067316770553589,0.06043732230246078,0.24134790394464123,0.8465808033943176,0.7296726107597351,0.8270153403282166,0.7580548524856567,0.8723347783088684
K145L,145,0.595327069,0,0.9850812911987304,0.06551954710377184,0.38975422219873046,1.0095314979553223,0.941411554813385,1.0868008136749268,0.9224256873130798,0.9652369022369385
K145M,145,0.8125673790000001,0,0.9879151105880737,0.06494221479789312,0.1753477315880736,1.0109915733337402,0.8947514891624451,1.0107176303863525,0.9566934704780579,1.066421389579773
K145Q,145,0.8749883359999999,2,1.1377888441085815,0.04619415437423802,0.2628005081085816,1.210171103477478,1.1444427967071533,1.0879969596862793,1.1100273132324219,1.1363060474395752
K145V,145,0.909986072,3,0.8376351118087768,0.03984987523062666,0.07235096019122322,0.8052967190742493,0.8155815601348877,0.8745482563972473,0.8057261109352112,0.8870229125022888
K145T,145,0.979311495,2,0.9073781847953797,0.08276403939114578,0.07193331020462035,0.8464346528053284,0.9911566972732544,0.852807343006134,0.8420518040657043,1.004440426826477
K145S,145,0.970234992,2,0.8678592205047607,0.07715390973276536,0.10237577149523924,0.9716698527336121,0.8658194541931152,0.7716178894042969,0.8217792510986328,0.9084096550941467
F146W,146,-0.222997184,1,0.5945868968963623,0.038264029394173345,0.8175840808963624,0.6322756409645081,0.6355140805244446,0.5517137050628662,0.5886358022689819,0.5647952556610107
F146M,146,0.511176702,2,0.7997406959533692,0.05354990666042358,0.2885639939533692,0.8065919280052185,0.8710454106330872,0.7715522050857544,0.8211040496826172,0.7284098863601685
F146A,146,0.449429643,2,0.45957672595977783,0.029192841193385676,0.010147082959777842,0.447135865688324,0.4698731005191803,0.4226076304912567,0.4565896987915039,0.5016773343086243
F146G,146,-0.002421903,3,0.033589863777160646,0.06434710668442725,0.03601176677716065,0.01689070463180542,0.13118702173233032,-0.04850882291793823,0.03125607967376709,0.03712433576583862
F146K,146,0.108531114,4,0.11796114444732667,0.027813761463725627,0.009430030447326668,0.1492985486984253,0.08027410507202148,0.1125984787940979,0.10657304525375366,0.14106154441833496
F146V,146,0.700379972,0,0.6337005257606506,0.05208967303217141,0.0666794462393494,0.5502384901046753,0.6209710836410522,0.6489387154579163,0.6845806837081909,0.6637736558914185
F146T,146,0.2075239739999999,0,0.48321279883384705,0.045318905277176864,0.27568882483384716,0.4605734944343567,0.47624096274375916,0.511393129825592,0.4253666400909424,0.542489767074585
F146S,146,-0.050419335,0,0.39412503838539126,0.059410091071490444,0.44454437338539127,0.3798913359642029,0.3771059513092041,0.3923042118549347,0.32980474829673767,0.49151894450187683
F146R,146,-0.006794589,3,0.023911559581756593,0.08652948067497448,0.030706148581756593,0.08556503057479858,0.10454368591308594,-0.11445856094360352,0.03765028715133667,0.006257355213165283
F146Q,146,0.666396737,3,0.18477842211723328,0.09029106420296472,0.48161831488276674,0.16346216201782227,0.31901296973228455,0.07276827096939087,0.21251940727233887,0.15612930059432983
F146N,146,0.392421168,2,0.08952441215515136,0.08547842071533353,0.30289675584484865,-0.04168832302093506,0.1355997920036316,0.08098447322845459,0.0842772126197815,0.18844890594482422
F146L,146,0.596091504,2,0.8052218794822693,0.026346531708623135,0.20913037548226932,0.8025568723678589,0.8365069627761841,0.7662995457649231,0.799821138381958,0.8209248781204224
F146E,146,-0.085222962,4,0.2072010636329651,0.09601249861498556,0.2924240256329651,0.29869404435157776,0.08585333824157715,0.15148097276687622,0.19078075885772705,0.30919620394706726
D147V,147,0.183237094,2,0.0590969443321228,0.11529121297040701,0.12414014966787719,0.1733352541923523,0.04103010892868042,-0.1127997636795044,0.1576877236366272,0.036231398582458496
D147W,147,0.0926336,1,0.21861820816993713,0.051998999648762714,0.12598460816993712,0.20924639701843262,0.3012321889400482,0.19780659675598145,0.22476863861083984,0.16003721952438354
D147T,147,0.394638736,2,0.5320314943790436,0.049363002567183505,0.13739275837904363,0.6050618886947632,0.4939003586769104,0.49471184611320496,0.5612034201622009,0.5052799582481384
D147Q,147,0.54826425,1,0.5381561934947967,0.05704301787321066,0.0101080565052033,0.48374471068382263,0.6260097026824951,0.5515528917312622,0.4917110800743103,0.5377625823020935
D147P,147,-0.0583245909999999,0,0.331844162940979,0.058180745432066625,0.39016875394097894,0.31382274627685547,0.30298280715942383,0.428792804479599,0.3362213671207428,0.2774010896682739
D147M,147,0.21440355,2,0.1638064444065094,0.13057876183694947,0.05059710559349059,0.15677410364151,0.0128365159034729,0.06283873319625854,0.3218805491924286,0.26470232009887695
D147R,147,0.462325009,3,0.23770710229873657,0.0779027248933704,0.22461790670126344,0.22928786277770996,0.2351316213607788,0.3466152548789978,0.1273365616798401,0.2501642107963562
D147L,147,0.082365232,0,0.18008320927619934,0.06768644197108006,0.09771797727619934,0.12791168689727783,0.2889808714389801,0.20048129558563232,0.15484577417373657,0.12819641828536987
D147S,147,0.398271892,2,0.6542387366294861,0.051702091089299976,0.25596684462948605,0.7362159490585327,0.6624804735183716,0.6159607768058777,0.6516145467758179,0.6049219369888306
D147I,147,-0.051443558,2,-0.0636812686920166,0.0995248329205033,0.012237710692016596,0.011875033378601074,-0.14819186925888062,-0.1290302276611328,0.07281571626663208,-0.12587499618530273
D147G,147,0.313933883,3,0.435368013381958,0.05994155709804336,0.121434130381958,0.3951915204524994,0.4254649877548218,0.5407654643058777,0.41095566749572754,0.40446242690086365
D147E,147,0.688561843,2,0.4082965850830078,0.05065896328963095,0.2802652579169922,0.3911322057247162,0.45935243368148804,0.34896236658096313,0.4629690647125244,0.3790668547153473
D147A,147,0.432785725,3,0.3806931495666504,0.07370379723040879,0.05209257543334961,0.4001915454864502,0.3853747546672821,0.4899720549583435,0.3294455409049988,0.29848185181617737
D147K,147,0.116822059,0,0.3749359428882599,0.07622407320918387,0.25811388388825984,0.3110564947128296,0.4626331031322479,0.4474405348300934,0.35482075810432434,0.2987288236618042
M148S,148,0.569592311,1,0.6805137634277344,0.04073693369488874,0.11092145242773443,0.7270587682723999,0.7002302408218384,0.6400699615478516,0.7001152038574219,0.6350946426391602
M148R,148,0.465110057,3,0.21113197207450868,0.15742587179560674,0.25397808492549134,0.35200947523117065,0.22060394287109375,-0.022990405559539795,0.3551780879497528,0.15085875988006592
M148I,148,0.78776511,2,1.1145660161972046,0.08494111050489364,0.3268009061972046,1.1976566314697266,1.1032779216766357,1.0429495573043823,1.2058501243591309,1.0230958461761475
M148Q,148,0.42219629,2,0.5601669549942017,0.02393291771174734,0.13797066499420169,0.5478667616844177,0.5599039196968079,0.593779444694519,0.5297873616218567,0.569497287273407
M148N,148,0.226717449,3,0.3132578909397125,0.12280277353698325,0.08654044193971253,0.4384438097476959,0.3971109688282013,0.12895894050598145,0.341796875,0.25997886061668396
M148L,148,1.127937479,2,0.99564448595047,0.0649263225592715,0.13229299304953013,1.0199309587478638,1.0078518390655518,0.9031757712364197,0.9688332080841064,1.0784306526184082
M148K,148,-0.02857315,0,0.42510884404182436,0.027567261486766345,0.45368199404182435,0.3935483396053314,0.4464210569858551,0.4567992091178894,0.40105777978897095,0.42771783471107483
M148W,148,0.903184039,1,0.9325972437858582,0.021520456741841214,0.029413204785858182,0.9475377798080444,0.9542288780212402,0.9422124624252319,0.9105719923973083,0.9084351062774658
M148H,148,0.7453244840000001,0,0.5278823852539063,0.16399626160243136,0.21744209874609377,0.25236648321151733,0.6683553457260132,0.5362074375152588,0.6350557804107666,0.5474268794059753
M148F,148,0.988229257,3,1.0471917867660523,0.07486051603223577,0.05896252976605232,1.1189535856246948,1.1258394718170166,1.0006917715072632,0.9532827138900757,1.037191390991211
M148E,148,0.048377817,3,0.23056779503822328,0.17686771190356232,0.1821899780382233,0.4072722792625427,0.383363276720047,0.1337134838104248,0.24484944343566895,-0.01635950803756714
M148A,148,0.955463391,4,0.9607282757759095,0.1017392248075078,0.005264884775909473,0.8547893166542053,1.1227562427520752,0.9022268056869507,0.9460911750793457,0.9777778387069702
M148Y,148,1.092338033,3,0.7100950956344605,0.07253139032057905,0.3822429373655396,0.6599088907241821,0.8009845614433289,0.6811936497688293,0.6357883214950562,0.7726000547409058
M148T,148,0.7397198509999999,3,0.495441859960556,0.10484265593667483,0.24427799103944392,0.6042195558547974,0.5359885692596436,0.34781613945961,0.42865121364593506,0.5605338215827942
M148G,148,0.4931549329999999,1,0.7052795171737671,0.06278857120036932,0.21212458417376723,0.6095930933952332,0.7548073530197144,0.7608367204666138,0.6778871417045593,0.7232732772827148
M148V,148,1.301631901,4,0.8782642960548401,0.06883341531371204,0.4233676049451598,0.900488555431366,0.8727302551269531,0.7920545339584351,0.8475297689437866,0.9785183668136597
I149A,149,0.673636735,2,0.8020544290542603,0.02070463676692957,0.1284176940542603,0.8016853332519531,0.7904937267303467,0.775033712387085,0.8147380948066711,0.8283212780952454
I149E,149,-0.096939161,4,-0.037729084491729736,0.027504750976512452,0.05921007650827026,-0.0695418119430542,-0.02529972791671753,-0.03931689262390137,-0.05585372447967529,0.001366734504699707
I149G,149,0.002943866,3,0.2800213575363159,0.08945872108680372,0.2770774915363159,0.16802978515625,0.3628471791744232,0.3749235272407532,0.22030019760131836,0.27400609850883484
I149C,149,0.967704156,4,0.6231516242027283,0.05591846882675883,0.34455253179727174,0.7070568203926086,0.5664945840835571,0.6372207999229431,0.6270479559898376,0.5779379606246948
I149M,149,0.8790978620000001,1,0.9701309323310852,0.037898330667904115,0.0910330703310851,1.0211595296859741,0.9616738557815552,0.9230787754058838,0.9929351806640625,0.9518073201179504
I149P,149,-0.176185901,3,0.3124306261539459,0.017593174594324315,0.4886165271539459,0.28251662850379944,0.3135855793952942,0.32516613602638245,0.3153764307498932,0.32550835609436035
I149Q,149,0.211545838,4,-0.062081539630889894,0.041577326392467424,0.2736273776308899,-0.02751898765563965,-0.08504384756088257,-0.12199139595031738,-0.05270439386367798,-0.023149073123931885
I149R,149,-0.008227534,1,0.123607337474823,0.15038513089243877,0.131834871474823,-0.004550814628601074,0.24974489212036133,0.31546640396118164,0.06929802894592285,-0.011921823024749756
I149S,149,0.4830503379999999,1,-0.08165974617004394,0.10828895610759288,0.5647100841700439,-0.18659424781799316,0.02386575937271118,0.04550379514694214,-0.13090944290161133,-0.16016459465026855
I149T,149,0.663087223,1,0.2026420533657074,0.10429431193244001,0.4604451696342926,0.11637687683105469,0.3077907860279083,0.3244202136993408,0.14432156085968018,0.12030082941055298
I149V,149,0.83206912,3,0.8732583045959472,0.03326149434547517,0.041189184595947226,0.8271379470825195,0.8866209983825684,0.9038297533988953,0.8500341773033142,0.898668646812439
I149W,149,0.010001173,3,0.3644473016262054,0.032887768672451766,0.35444612862620545,0.37972545623779297,0.40282315015792847,0.35405999422073364,0.3147391080856323,0.3708887994289398
I149K,149,-0.117612843,3,0.08443820476531982,0.054319286089692366,0.20205104776531982,0.1399335265159607,0.06434100866317749,0.000986337661743164,0.09846717119216919,0.11846297979354858
I149L,149,0.933976122,2,0.7618465900421143,0.02698563545818506,0.17212953195788572,0.738323986530304,0.7779929637908936,0.727891206741333,0.7757388949394226,0.7892858982086182
W150Y,150,0.996656934,2,0.8382463097572327,0.04475145052881176,0.1584106242427673,0.856444239616394,0.8253079056739807,0.902483344078064,0.8255311846733093,0.7814648747444153
W150K,150,-0.098672951,1,-0.10512189865112305,0.12824869273504327,0.006448947651123055,-0.26293879747390747,0.061910927295684814,-0.20058315992355347,-0.07073962688446045,-0.05325883626937866
W150V,150,0.730351451,4,0.9014322757720947,0.09445727034759806,0.17108082477209474,0.8389065265655518,0.912932276725769,0.8126838207244873,1.0549921989440918,0.8876465559005737
W150T,150,-0.171078943,1,0.35391483306884763,0.05832404549509379,0.5249937760688477,0.3466271460056305,0.4232769012451172,0.2768995761871338,0.32464560866355896,0.39812493324279785
W150S,150,0.129664913,3,0.15599711537361144,0.07178646793459213,0.026332202373611446,0.11812663078308105,0.1012735366821289,0.20416486263275146,0.09796887636184692,0.2584516704082489
W150R,150,-0.106853065,2,0.15157605409622193,0.07096608512332037,0.2584291190962219,0.24734258651733398,0.15774565935134888,0.04711580276489258,0.1560254693031311,0.14965075254440308
W150Q,150,0.218859271,4,-0.16837866306304933,0.10943442158506371,0.3872379340630493,-0.1575084924697876,-0.06445682048797607,-0.3456932306289673,-0.09474599361419678,-0.17948877811431885
W150P,150,0.1957304,3,0.1679025948047638,0.10184439601572089,0.0278278051952362,0.2795868217945099,0.02148306369781494,0.19783294200897217,0.11255687475204468,0.2280532717704773
W150N,150,-0.248575976,1,0.2379127562046051,0.11449867887154412,0.4864887322046051,0.22607183456420898,0.3221876621246338,0.052404582500457764,0.24759286642074585,0.3413068354129791
W150M,150,0.853359883,1,0.8413106203079224,0.03889720144255265,0.012049262692077622,0.847442090511322,0.8716313242912292,0.8388355374336243,0.8718177676200867,0.7768263816833496
W150L,150,0.743478145,0,0.9169701933860779,0.0697119699085232,0.1734920483860779,0.9146287441253662,0.889007568359375,0.9973717927932739,0.817987859249115,0.9658550024032593
W150G,150,-0.037896594,3,0.1021193027496338,0.053544873737323785,0.1400158967496338,0.07280188798904419,0.07397836446762085,0.07982367277145386,0.08659166097640991,0.19740092754364014
W150F,150,1.053759595,2,0.8682925939559937,0.08445248381759676,0.18546700104400637,0.9604992270469666,0.8678543567657471,0.8184944987297058,0.938592791557312,0.7560220956802368
W150D,150,0.042487328,0,0.058705270290374756,0.08354804696344596,0.016217942290374758,0.18014931678771973,0.07739543914794922,-0.04886221885681152,0.061422765254974365,0.023421049118041992
W150C,150,1.244798776,2,0.5459316849708558,0.03190290104014744,0.6988670910291443,0.5535577535629272,0.5527148842811584,0.4915614724159241,0.5556055307388306,0.5762187838554382
W150A,150,0.543043268,4,0.39676728248596194,0.09178374891584527,0.1462759855140381,0.31430721282958984,0.4605003297328949,0.28926265239715576,0.5005709528923035,0.4191952645778656
D151A,151,0.10838866,0,0.1691143572330475,0.09188284655188528,0.06072569723304749,0.1717146635055542,0.30568990111351013,0.04694467782974243,0.15613055229187012,0.16509199142456055
D151Y,151,0.042464252,2,0.26496349573135375,0.06799565718595696,0.22249924373135374,0.30184537172317505,0.35405462980270386,0.24567574262619019,0.25120145082473755,0.17204028367996216
D151F,151,0.330510791,1,-0.037303388118743896,0.1167336588092204,0.3678141791187439,-0.10476827621459961,0.12066203355789185,-0.020680725574493408,0.006573200225830078,-0.1883031725883484
D151G,151,-0.050815658,3,0.13589878082275392,0.10378630468459674,0.1867144388227539,0.11809772253036499,0.2258288860321045,0.24897748231887817,0.0919998288154602,-0.00541001558303833
D151I,151,-0.261268766,1,-0.2164806604385376,0.15830155766316797,0.0447881055614624,-0.33837229013442993,-0.0346408486366272,-0.1815153956413269,-0.11131465435028076,-0.4165601134300232
D151K,151,-0.188740028,3,0.2115946114063263,0.12626314943239397,0.4003346394063263,0.350352019071579,0.08121860027313232,0.3267230987548828,0.09223717451095581,0.20744216442108154
D151L,151,-0.012472921,1,-0.05672322511672974,0.12358590926974307,0.04425030411672974,-0.13906121253967285,0.08802545070648193,-0.007457315921783447,-0.0014327168464660645,-0.22369033098220825
D151M,151,0.006031764,0,0.12076618671417236,0.09206856654220433,0.11473442271417236,0.08957064151763916,0.24643093347549438,0.008421599864959717,0.08301007747650146,0.1763976812362671
D151P,151,0.159888696,0,0.07980239391326904,0.0757343810704164,0.08008630208673095,0.16282540559768677,0.02973473072052002,0.08984297513961792,-0.020809590816497803,0.1374184489250183
D151Q,151,-0.347170065,1,0.045622479915618894,0.0902889538676607,0.39279254491561894,-0.01819843053817749,0.07767659425735474,0.09116923809051514,0.1512899398803711,-0.073824942111969
D151R,151,0.030802403,3,0.1949625074863434,0.1438631311922841,0.16416010448634338,0.33776989579200745,0.02690976858139038,0.3166447877883911,0.06102907657623291,0.23245900869369507
D151S,151,0.167695498,0,0.15668232440948487,0.08188544797044617,0.011013173590515124,0.23617196083068848,0.17306935787200928,0.024322569370269775,0.2069329023361206,0.14291483163833618
D151T,151,-0.165389938,4,0.07799952626228332,0.19196196206194216,0.2433894642622833,-0.10531383752822876,-0.06921732425689697,0.28712645173072815,-0.004507660865783691,0.2819100022315979
D151V,151,0.0377927979999999,1,-0.20057501792907714,0.14036483900157873,0.23836781592907705,-0.2688855528831482,-0.021578729152679443,-0.18542134761810303,-0.13319557905197144,-0.39379388093948364
D151W,151,-0.0477033029999999,1,-0.12094390392303467,0.13703356393950678,0.07324060092303478,-0.20041131973266602,0.07041072845458984,-0.08485943078994751,-0.09510183334350586,-0.2947576642036438
D151E,151,0.41018779,1,0.12874176502227783,0.050042970155970576,0.2814460249777222,0.203119695186615,0.07129907608032227,0.12152642011642456,0.10057777166366577,0.14718586206436157
D151C,151,0.014237202,0,0.24461198449134827,0.12247592056861294,0.23037478249134827,0.27768638730049133,0.3428477644920349,0.03557687997817993,0.3191182613372803,0.24783062934875488
R152I,152,0.988128667,3,0.8094175577163696,0.09644677057148157,0.17871110928363043,0.8838474154472351,0.7163865566253662,0.9143699407577515,0.7019376754760742,0.8305462002754211
R152K,152,1.03451952,3,0.8190374732017517,0.028409604526429346,0.21548204679824823,0.8594400882720947,0.8062765002250671,0.7879160642623901,0.8056344985961914,0.8359202146530151
R152L,152,0.571817162,0,0.8303748607635498,0.07352102413739227,0.25855769876354984,0.8062171339988708,0.8691163659095764,0.7417959570884705,0.9342790842056274,0.8004657626152039
R152M,152,0.753261605,3,0.8948929786682129,0.04922576020022134,0.141631373668213,0.8771437406539917,0.8965487480163574,0.9665298461914062,0.8303751945495605,0.9038673639297485
R152P,152,0.6306687910000001,4,0.8050593495368957,0.10036283788307869,0.17439055853689567,0.7770950198173523,0.7021690011024475,0.8426262736320496,0.7440932989120483,0.959313154220581
R152Q,152,0.745356233,3,0.7633144974708557,0.07671758853287818,0.01795826447085569,0.715312123298645,0.6698122620582581,0.7959940433502197,0.765257716178894,0.8701963424682617
R152S,152,0.900414218,3,0.8451015233993531,0.05756095339585268,0.05531269460064692,0.8290624618530273,0.7719467878341675,0.917662501335144,0.8199458122253418,0.8868900537490845
R152T,152,0.982710551,2,0.8303285598754883,0.030050970881622577,0.15238199112451178,0.8645626306533813,0.8357521295547485,0.7936589121818542,0.8057940602302551,0.8518750667572021
R152V,152,1.048866495,2,0.8208125233650208,0.031683622380975024,0.2280539716349792,0.84416264295578,0.7849143743515015,0.8294215202331543,0.7903811931610107,0.8551828861236572
R152W,152,0.589376326,2,0.8882845997810364,0.059941165992588155,0.29890827378103635,0.7914944887161255,0.9328529834747314,0.9430263638496399,0.8899632096290588,0.8840859532356262
R152E,152,0.50836146,4,0.8092332482337952,0.056729678741446785,0.3008717882337951,0.7701267004013062,0.7299087047576904,0.8457220196723938,0.8636695146560669,0.8367393016815186
R152C,152,1.140908599,4,0.829789650440216,0.07525865243411625,0.31111894855978406,0.7705609798431396,0.7854583263397217,0.828948974609375,0.8054011464118958,0.9585788249969482
R152A,152,0.963840147,4,0.8408601760864258,0.02362959562600244,0.12297997091357415,0.8230157494544983,0.8089669942855835,0.8597097992897034,0.8620265126228333,0.8505818247795105
R152G,152,0.801891293,4,0.8309717297554016,0.027021629608023644,0.029080436755401617,0.8226509094238281,0.7902418375015259,0.863408625125885,0.8381941914558411,0.840363085269928
G153D,153,1.240302916,3,0.7243098258972168,0.03517154907062464,0.5159930901027833,0.7235432863235474,0.6683550477027893,0.723758339881897,0.7435591220855713,0.762333333492279
G153M,153,1.024802252,1,0.8822772383689881,0.04476497180230396,0.1425250136310119,0.9474753141403198,0.8365991711616516,0.8443878293037415,0.8853787183761597,0.8975451588630676
G153A,153,0.7155379040000001,3,0.8412172436714173,0.02016110562675484,0.1256793396714172,0.8592529892921448,0.8556511402130127,0.844240128993988,0.8385251760482788,0.8084167838096619
G153P,153,-0.025151594,3,0.559738278388977,0.11001681031904291,0.584889872388977,0.6321210265159607,0.462662935256958,0.45187950134277344,0.7076640129089355,0.5443639159202576
G153Q,153,0.579101859,4,0.8759630203247071,0.06435214392981067,0.2968611613247071,0.8890335559844971,0.9745070338249207,0.8792508840560913,0.8244674801826477,0.8125561475753784
G153R,153,1.000562517,1,0.44547353982925414,0.09438366367296322,0.5550889771707459,0.4645358622074127,0.6026461124420166,0.37541115283966064,0.39566412568092346,0.3891104459762573
G153S,153,0.751826335,4,0.8646618604660035,0.040406631046337446,0.1128355254660035,0.7988607287406921,0.8559938669204712,0.9026305675506592,0.8859201669692993,0.8799039721488953
G153T,153,0.782749771,0,0.8491623044013977,0.11580873047182313,0.06641253340139774,0.8017143607139587,0.6782386302947998,0.9655895233154297,0.8587291240692139,0.9415398836135864
G153V,153,0.6607466989999999,3,0.408308082818985,0.054970938158943335,0.25243861618101493,0.4809844493865967,0.4020051956176758,0.37246155738830566,0.3429710865020752,0.4431181252002716
G153W,153,0.78763158,1,0.39179648756980895,0.1028430448680262,0.39583509243019105,0.25032949447631836,0.5367450714111328,0.3868810534477234,0.367427796125412,0.41759902238845825
G153Y,153,0.375386747,2,0.7829810976982117,0.07584019330574254,0.40759435069821165,0.7451804280281067,0.8028276562690735,0.9056199789047241,0.7488653063774109,0.7124121189117432
G153L,153,1.063706823,2,0.7205530881881714,0.04782961597491625,0.34315373481182854,0.688504159450531,0.7727531790733337,0.7391983270645142,0.6547949910163879,0.7475147843360901
G153K,153,0.700527187,1,0.42474129796028137,0.09232192216740687,0.2757858890397187,0.4327121675014496,0.5742592215538025,0.3861331343650818,0.4047808051109314,0.3258211612701416
G153I,153,0.31633048,4,0.7295682787895202,0.048751895955523074,0.4132377987895202,0.6976712942123413,0.6925674080848694,0.7183948159217834,0.7260726094245911,0.8131352663040161
G153E,153,0.741569782,1,0.8485334277153015,0.18776530755239887,0.10696364571530148,1.1191731691360474,0.8149555325508118,0.772834062576294,0.613093376159668,0.9226109981536865
G153C,153,0.657823776,1,0.8107763290405273,0.12322252093789256,0.15295255304052735,0.6025418043136597,0.9125404357910156,0.8605904579162598,0.8008213639259338,0.8773875832557678
G153N,153,1.040360234,4,1.1106071710586547,0.04781822774845742,0.0702469370586547,1.1358569860458374,1.179675579071045,1.0974278450012207,1.0583570003509521,1.0817184448242188
A154C,154,0.597243321,2,0.8528117179870606,0.052189882478332804,0.2555683969870606,0.7978328466415405,0.9133577346801758,0.8179188370704651,0.9032455682754517,0.8317036032676697
A154W,154,0.046993655,3,0.39558964371681216,0.026593550789817448,0.34859598871681213,0.36870142817497253,0.3827575147151947,0.4370746314525604,0.38425105810165405,0.40516358613967896
A154S,154,1.009387479,3,0.5339464366436004,0.05850681814445218,0.4754410423563995,0.45479196310043335,0.5758855938911438,0.5803989171981812,0.4876902997493744,0.5709654092788696
A154R,154,0.281567674,0,0.29729647040367124,0.03777942354998044,0.015728796403671252,0.3342806398868561,0.32697778940200806,0.28931719064712524,0.2968897223472595,0.23901700973510742
A154Q,154,0.28180113,0,0.04890750646591187,0.07113004535227857,0.23289362353408816,0.05336719751358032,-0.053953468799591064,0.0519527792930603,0.14699387550354004,0.04617714881896973
A154P,154,0.257741751,1,0.14597206115722655,0.09134001712647029,0.11176968984277347,0.19137078523635864,0.24287378787994385,0.1909922957420349,0.08658754825592041,0.018035888671875
A154N,154,0.128270012,4,0.25823189616203307,0.054497174131275125,0.12996188416203308,0.2986428737640381,0.16535794734954834,0.2889711260795593,0.2542564868927002,0.28393104672431946
A154M,154,0.674977945,2,0.4072655260562897,0.07074020352114693,0.2677124189437103,0.4175599217414856,0.43945425748825073,0.40983128547668457,0.29026004672050476,0.4792221188545227
A154L,154,0.696359113,0,0.21812744140625,0.11387836173201712,0.47823167159374996,0.17790496349334717,0.06709223985671997,0.23825961351394653,0.38241875171661377,0.22496163845062256
A154K,154,0.230562036,1,0.2154515027999878,0.07329639031703832,0.01511053320001221,0.22197383642196655,0.32620716094970703,0.2305883765220642,0.13964945077896118,0.15883868932724
A154I,154,-0.11905204,1,0.3236193597316742,0.07953622110993837,0.44267139973167424,0.22941815853118896,0.38685351610183716,0.3582981526851654,0.39667046070098877,0.24685651063919067
A154H,154,0.260954235,2,0.20131733417510986,0.1149139829459151,0.05963690082489012,0.1254328489303589,0.2852022349834442,0.31035730242729187,0.039630234241485596,0.24596405029296875
A154T,154,0.293765463,2,0.41723898649215696,0.11648437259623758,0.12347352349215696,0.46079468727111816,0.549324631690979,0.3078078329563141,0.28224265575408936,0.4860251247882843
A154G,154,0.7821992259999999,3,0.43728346824645997,0.041666632819203867,0.34491575775353994,0.3893740475177765,0.43444719910621643,0.40705254673957825,0.46279576420783997,0.49274778366088867
A154E,154,-0.29951677,1,-0.13344420194625856,0.08715288076189728,0.16607256805374143,-0.07975327968597412,-0.019286811351776123,-0.21442294120788574,-0.13139736652374268,-0.22236061096191406
A154D,154,-0.346437825,0,0.11195932626724243,0.013266480705938343,0.4583971512672424,0.10286200046539307,0.12102144956588745,0.11310261487960815,0.12779420614242554,0.09501636028289795
A154Y,154,0.436483956,2,0.2592122256755829,0.0760000730047134,0.17727173032441712,0.1902034878730774,0.36458820104599,0.2867599427700043,0.18015748262405396,0.2743520140647888
A154F,154,0.293179474,4,0.49121875762939454,0.06309005991156247,0.19803928362939455,0.47607263922691345,0.5454050898551941,0.46807870268821716,0.4055062532424927,0.5610311031341553
A154V,154,0.228663437,0,0.3951499581336975,0.11348310213567206,0.16648652113369752,0.3814672827720642,0.2479240894317627,0.38957419991493225,0.5671653747558594,0.389618843793869
L155W,155,0.581632556,4,0.5801899075508118,0.06812658701123413,0.0014426484491881775,0.5858737826347351,0.5605167150497437,0.4909541606903076,0.5825334787368774,0.681071400642395
L155I,155,0.867876942,1,0.7610692024230957,0.04453514186181,0.10680773957690426,0.6899596452713013,0.7976576089859009,0.7698160409927368,0.7977215647697449,0.7501911520957947
L155H,155,-0.238943813,4,0.07936605215072631,0.08822275593095336,0.31830986515072635,0.17117047309875488,-0.036881983280181885,0.015506088733673096,0.14816033840179443,0.09887534379959106
L155G,155,-0.005632958,2,0.12604303956031798,0.09378612990695312,0.13167599756031798,0.037608981132507324,0.2588857114315033,0.1443672776222229,0.03379923105239868,0.15555399656295776
L155F,155,0.8174208479999999,2,0.6148360550403595,0.12308123668374042,0.20258479295964038,0.5602375864982605,0.8060408234596252,0.6620213389396667,0.4917987883090973,0.5540817379951477
L155E,155,0.893437046,2,0.23532912135124207,0.07116762152179751,0.6581079246487579,0.23421955108642578,0.26737233996391296,0.24290406703948975,0.12007355690002441,0.3120760917663574
L155D,155,0.279900329,3,0.3461408197879791,0.07198467852010144,0.06624049078797911,0.38953396677970886,0.2914012670516968,0.3924265503883362,0.24775439500808716,0.40958791971206665
L155Y,155,0.457880299,2,0.20147358775138854,0.08019831509456146,0.2564067112486115,0.14222818613052368,0.14606958627700806,0.31944534182548523,0.1487017273902893,0.2509230971336365
L155K,155,-0.137427956,1,0.005545914173126221,0.1879091581269771,0.1429738701731262,-0.07005119323730469,0.29532939195632935,0.08834457397460938,-0.12570786476135254,-0.1601853370666504
L155V,155,0.686782569,2,0.7824246883392334,0.07329521097767058,0.09564211933923339,0.7235513925552368,0.8906344175338745,0.7174481153488159,0.7588673830032349,0.8216221332550049
L155T,155,1.045919669,1,0.2956550657749176,0.12037886490751912,0.7502646032250825,0.1386147141456604,0.3760407269001007,0.3234521150588989,0.4316064119338989,0.20856136083602905
L155S,155,-0.003767202,3,0.38973655700683596,0.10791735455484143,0.393503759006836,0.47410500049591064,0.41592562198638916,0.503010630607605,0.29902708530426025,0.25661444664001465
L155R,155,0.135572959,2,-0.043455088138580324,0.09677823713586714,0.1790280471385803,-0.10800445079803467,0.08510065078735352,0.03631490468978882,-0.12133646011352539,-0.10935008525848389
L155Q,155,-0.38359484,2,0.2167917847633362,0.051306450638468344,0.6003866247633362,0.2145688533782959,0.2657223641872406,0.19007855653762817,0.14672470092773438,0.26686444878578186
L155N,155,0.0508294409999999,2,0.04891757965087891,0.08331006966153247,0.0019118613491209899,0.02524513006210327,0.19508373737335205,0.011644542217254639,-0.01390141248703003,0.0265159010887146
L155M,155,1.034515156,2,1.12979998588562,0.08563788324827395,0.09528482988561993,1.06693696975708,1.2350538969039917,1.062612771987915,1.2110592126846313,1.0733370780944824
L155C,155,1.068303036,4,0.5754810571670532,0.043871333984291765,0.49282197883294687,0.5923453569412231,0.505948543548584,0.5644664764404297,0.6219943761825562,0.5926505327224731
L155A,155,0.18938991,2,0.5055666923522949,0.038012996193843546,0.3161767823522949,0.4660018980503082,0.5593016743659973,0.526100754737854,0.47590014338493347,0.5005289912223816
V156W,156,0.866117218,4,0.6054725289344788,0.06015082169923575,0.2606446890655212,0.5196053385734558,0.601508378982544,0.581379771232605,0.6650599837303162,0.6598091721534729
V156Y,156,0.7000604979999999,2,0.7479372501373291,0.041932273455364946,0.047876752137329226,0.7228555679321289,0.756129801273346,0.7958869934082031,0.7745702862739563,0.6902436017990112
V156S,156,0.795479602,1,0.9514960169792175,0.08324430761263091,0.15601641497921748,0.8611622452735901,0.9446315169334412,1.005886435508728,0.8844788670539856,1.0613210201263428
V156D,156,1.111935786,0,0.7630385875701904,0.11911312035686489,0.3488971984298097,0.7675325274467468,0.9337109327316284,0.8053310513496399,0.6213722229003906,0.6872462034225464
V156C,156,0.927603896,1,0.7320718407630921,0.03050139585018441,0.19553205523690798,0.7290239930152893,0.7128785252571106,0.7593580484390259,0.7655104398727417,0.6935881972312927
V156A,156,0.7990302359999999,2,0.9382325649261475,0.03999153244865796,0.1392023289261476,0.915713369846344,0.9700512886047363,0.968411922454834,0.8785703182220459,0.9584159255027771
V156R,156,0.565081038,3,0.5118171751499176,0.07142644173207403,0.05326386285008233,0.5966852903366089,0.4777843654155731,0.5796045064926147,0.46691644191741943,0.4380952715873718
V156H,156,0.650712509,3,0.8724784135818482,0.10070622912052794,0.2217659045818482,0.8773482441902161,0.8275719881057739,0.8590862154960632,0.7633252143859863,1.0350604057312012
V156Q,156,0.786053074,3,0.7398462295532227,0.08493975359745123,0.04620684444677736,0.7245244383811951,0.7877481579780579,0.7515098452568054,0.6054414510726929,0.8300072550773621
V156P,156,0.716938952,4,0.8573283553123474,0.05013398265485625,0.1403894033123474,0.873466432094574,0.936884880065918,0.8419417142868042,0.8160443902015686,0.8183043599128723
V156M,156,0.68907909,4,0.7042286276817322,0.09457474977460195,0.015149537681732217,0.7507854700088501,0.673696756362915,0.5524657964706421,0.7573758363723755,0.7868192791938782
V156L,156,0.687873014,2,0.7088863372802734,0.06359611746830893,0.021013323280273388,0.601279616355896,0.741421639919281,0.7381677031517029,0.7603676319122314,0.7031950950622559
V156K,156,0.317339565,4,0.64304621219635,0.05026651978337219,0.32570664719635006,0.6131349205970764,0.637144148349762,0.5878852605819702,0.6569384336471558,0.7201282978057861
V156I,156,0.2386397589999999,1,0.8859625339508057,0.051375531869101924,0.6473227749508058,0.9010359048843384,0.8042343258857727,0.907545804977417,0.8755626678466797,0.9414339661598206
V156T,156,1.345745471,0,0.8208263039588928,0.030789566332888797,0.5249191670411073,0.8235394954681396,0.8359906673431396,0.8355438709259033,0.8419910073280334,0.767066478729248
V156E,156,0.7101368859999999,3,0.8035527229309082,0.037528952633695385,0.09341583693090827,0.8412734866142273,0.834170937538147,0.7580593824386597,0.7704187035560608,0.8138411045074463
V156G,156,0.77358706,0,0.6861618161201477,0.06078581765187445,0.08742524387985229,0.6981216073036194,0.7649394869804382,0.6951212882995605,0.6774271726608276,0.5951995253562927
A157V,157,0.73310437,0,0.6443796753883362,0.03366808716785981,0.08872469461166377,0.691340982913971,0.6191859245300293,0.6182776093482971,0.6241487264633179,0.6689451336860657
A157R,157,0.8245883420000001,1,0.7603955745697022,0.0848773007703166,0.06419276743029789,0.8948639035224915,0.6740210056304932,0.71031653881073,0.7809387445449829,0.7418376803398132
A157Y,157,0.699057679,0,0.9910819292068481,0.07905464592409493,0.2920242502068481,0.9604569673538208,0.9579743146896362,0.9614211320877075,1.131915807723999,0.9436414241790771
A157T,157,0.550628813,3,0.7683150172233582,0.044058949664499664,0.21768620422335816,0.7691794037818909,0.7266928553581238,0.8239890933036804,0.7233018279075623,0.7984119057655334
A157Q,157,0.880112916,2,0.712281334400177,0.038372822903053855,0.16783158159982292,0.7453822493553162,0.719890296459198,0.7153190970420837,0.6469899415969849,0.7338250875473022
A157P,157,-0.058073506,4,0.8057703852653504,0.07991691361200409,0.8638438912653503,0.7616596817970276,0.81782466173172,0.7092094421386719,0.8159469962120056,0.9242111444473267
A157W,157,0.741272713,4,0.7075224637985229,0.07574495468687872,0.03375024920147707,0.5904728174209595,0.6896978616714478,0.7160412073135376,0.7497785687446594,0.7916218638420105
A157M,157,0.904114445,2,0.7255892753601074,0.04569798264323591,0.17852516963989262,0.7000181674957275,0.6886683702468872,0.804123044013977,0.7130981683731079,0.7220386266708374
A157N,157,0.819277371,3,0.8475075721740722,0.06917307146042356,0.028230201174072267,0.7779255509376526,0.8385014533996582,0.8816902041435242,0.7920491695404053,0.9473714828491211
A157K,157,0.616060273,2,0.5779994487762451,0.06919787847106669,0.0380608242237549,0.6494762897491455,0.6563324332237244,0.5135310292243958,0.5427663326263428,0.5278911590576172
A157I,157,0.546355603,2,0.6200838923454285,0.057535844463226085,0.07372828934542852,0.556622326374054,0.6311025619506836,0.666743278503418,0.6817076206207275,0.5642436742782593
A157H,157,1.025589353,1,0.7310625672340393,0.06762492842488751,0.2945267857659607,0.8507757186889648,0.711924135684967,0.7079492807388306,0.6978384256362915,0.6868252754211426
A157G,157,0.841541443,1,0.7669943928718567,0.06541025379739444,0.07454705012814333,0.7744845151901245,0.7018426656723022,0.7328869104385376,0.873866856098175,0.751891016960144
A157E,157,0.802953453,1,0.9134172558784485,0.05483604756928887,0.11046380287844848,0.9176409244537354,0.8986209034919739,0.8284502029418945,0.9592026472091675,0.9631716012954712
A157D,157,1.3241216690000002,3,0.7444246768951416,0.0649913016460449,0.5796969921048586,0.728745698928833,0.6613358855247498,0.8026107549667358,0.8173313140869141,0.7120997309684753
A157C,157,0.825507475,2,0.7148818850517273,0.04978943457578979,0.11062558994827265,0.7466554641723633,0.6923915147781372,0.6463045477867126,0.7756723761558533,0.7133855223655701
A157L,157,0.639755415,2,0.662470817565918,0.030651969607806483,0.022715402565917975,0.6342121362686157,0.6591565608978271,0.7124783396720886,0.6650426387786865,0.6414644122123718
I158Q,158,0.715404203,0,0.5364473462104797,0.115454773209399,0.17895685678952022,0.5113674402236938,0.45138975977897644,0.7359148859977722,0.46281513571739197,0.5207495093345642
I158P,158,-0.030877851,2,0.1603713810443878,0.08096214723918113,0.19124923204438782,0.11108869314193726,0.2959234416484833,0.09104657173156738,0.13662093877792358,0.1671772599220276
I158M,158,0.698522,3,0.816202712059021,0.09582738076971428,0.11768071205902098,0.8327599167823792,0.8931512832641602,0.7075276970863342,0.9202523827552795,0.7273222804069519
I158L,158,0.909929706,0,0.79776850938797,0.0334367191647455,0.11216119661203006,0.8404117822647095,0.7946478724479675,0.8123302459716797,0.7927407026290894,0.7487119436264038
I158G,158,0.054891307,1,0.22439529299736022,0.10559460285730819,0.16950398599736022,0.25261032581329346,0.12194401025772095,0.14331841468811035,0.21639561653137207,0.3877080976963043
I158K,158,0.008475889,4,0.24075922966003419,0.03536726202072462,0.2322833406600342,0.27278172969818115,0.24252140522003174,0.18060344457626343,0.2518965005874634,0.2559930682182312
I158C,158,0.849589212,2,0.8113584160804749,0.06998016776124075,0.03823079591952516,0.7782226204872131,0.839462399482727,0.7090438008308411,0.8379099369049072,0.8921533226966858
I158R,158,0.260171547,3,0.26259331703186034,0.09414617600864253,0.0024217700318603375,0.3492138683795929,0.14987832307815552,0.33505332469940186,0.17262399196624756,0.30619707703590393
I158S,158,0.332994352,2,0.47232064604759216,0.08432952136427954,0.13932629404759217,0.32514315843582153,0.4961802065372467,0.5370947122573853,0.48922306299209595,0.5139620900154114
I158T,158,1.030569848,1,0.5604293048381805,0.07156230053248454,0.4701405431618195,0.628394365310669,0.5397323966026306,0.5908693075180054,0.4457755982875824,0.5973748564720154
I158V,158,1.2334991000000002,1,0.8451442241668701,0.039481590411069585,0.3883548758331301,0.8379490375518799,0.8131951093673706,0.8955839276313782,0.8037564158439636,0.8752366304397583
I158A,158,0.580445235,4,0.6002806067466736,0.052047102519200764,0.019835371746673602,0.6581669449806213,0.6343989372253418,0.6037718057632446,0.5229624509811401,0.58210289478302
I158Y,158,0.592732394,4,0.4075292944908142,0.07203831026713718,0.1852030995091858,0.47672200202941895,0.41339990496635437,0.3141602575778961,0.47605660557746887,0.35730770230293274
I158W,158,0.520754461,0,0.6998509168624878,0.06594248437197675,0.1790964558624878,0.7513835430145264,0.6556417942047119,0.7432278990745544,0.743843138217926,0.6051582098007202
I158E,158,0.19402102,0,0.2889665424823761,0.11141946357043102,0.09494552248237609,0.34897366166114807,0.14104998111724854,0.4240565001964569,0.21631139516830444,0.31444117426872253
N159A,159,0.594080495,2,0.6618282079696656,0.049561949622955875,0.06774771296966553,0.6849422454833984,0.7338025569915771,0.6172088980674744,0.6571671366691589,0.6160202026367188
N159C,159,0.958975174,4,0.8080569386482239,0.07464135603219903,0.15091823535177606,0.8272147178649902,0.9202112555503845,0.7809580564498901,0.7957948446273804,0.7161058187484741
N159D,159,0.780089702,3,0.6395047068595886,0.04618835469318565,0.14058499514041145,0.5955334305763245,0.5869213342666626,0.6734562516212463,0.6517971754074097,0.6898153424263
N159E,159,0.7404472040000001,1,0.6722693920135498,0.02048263027183559,0.06817781198645023,0.6407727003097534,0.6834864020347595,0.6667169332504272,0.6950801610946655,0.6752907633781433
N159I,159,0.326003777,3,0.4045311450958252,0.1008291408926288,0.07852736809582522,0.2875019907951355,0.3600739538669586,0.44376081228256226,0.37626853585243225,0.5550504326820374
N159K,159,0.706279353,2,0.6563530087471008,0.04560474698554964,0.04992634425289921,0.637054443359375,0.6908289194107056,0.5972563028335571,0.7122337222099304,0.644391655921936
N159P,159,0.447801674,0,0.7701184630393982,0.03515399224523478,0.32231678903939825,0.7322369813919067,0.793393075466156,0.8185060024261475,0.7584519982337952,0.7480042576789856
N159M,159,0.481679742,4,0.6544480323791504,0.060610565260519396,0.17276829037915037,0.6480449438095093,0.6589291095733643,0.5566731095314026,0.7115009427070618,0.6970920562744141
N159Q,159,0.424934026,1,0.737579619884491,0.047557051586439726,0.3126455938844909,0.7200902104377747,0.7525222301483154,0.6677277088165283,0.7512239813804626,0.7963339686393738
N159R,159,0.7708005379999999,2,0.6514042615890503,0.04700285196147482,0.11939627641094963,0.6549297571182251,0.683656632900238,0.5734860301017761,0.6927878856658936,0.6521610021591187
N159S,159,0.869428002,2,0.6676353931427002,0.03009769827626219,0.20179260885729988,0.6679777503013611,0.6829512715339661,0.6292492151260376,0.7077831625938416,0.6502155661582947
N159T,159,0.603563088,0,0.7404640197753907,0.027258548875784955,0.13690093177539064,0.7422018051147461,0.7419745922088623,0.7603529691696167,0.7628333568572998,0.6949573755264282
N159V,159,0.6117219660000001,1,0.5283260524272919,0.04949222663276517,0.08339591357270815,0.597819447517395,0.5496398210525513,0.49247437715530396,0.5301648378372192,0.47153177857398987
N159W,159,0.600120416,4,0.6636934161186219,0.03978124657837195,0.06357300011862188,0.7029377222061157,0.6570484638214111,0.6065540313720703,0.6516745090484619,0.70025235414505
N159Y,159,0.75901804,0,0.7104942083358765,0.056144383930532976,0.04852383166412344,0.6645107269287109,0.7243689298629761,0.7841024994850159,0.7345913648605347,0.6448975205421448
N159L,159,0.503512605,2,0.5370920658111572,0.03561195366339267,0.03357946081115726,0.5183610320091248,0.5973601937294006,0.536990761756897,0.5271276235580444,0.5056207180023193
N159G,159,0.711190859,3,0.737451171875,0.06002213410874035,0.02626031287499997,0.6448280215263367,0.7082685232162476,0.7815940976142883,0.7734904289245605,0.7790747880935669
P160R,160,0.635273298,1,0.7474746227264404,0.02255227245110875,0.1122013247264404,0.7592339515686035,0.7426340579986572,0.7259417176246643,0.729264497756958,0.7802988886833191
P160V,160,0.512560066,1,0.7108193874359131,0.02573885839368866,0.19825932143591307,0.6941803693771362,0.745987594127655,0.6785483360290527,0.7172130942344666,0.7181675434112549
P160K,160,0.7894013590000001,2,0.4670157849788666,0.03357835860914811,0.3223855740211335,0.4928848147392273,0.42609113454818726,0.4837489128112793,0.4968738257884979,0.4354802370071411
P160H,160,0.8856743020000001,4,0.6476947784423828,0.027699832509396793,0.2379795235576173,0.6824713945388794,0.6307469606399536,0.6115059852600098,0.6500079035758972,0.6637416481971741
P160G,160,0.57565407,1,0.7472610116004944,0.020445750634030282,0.1716069416004944,0.7114912271499634,0.7494862079620361,0.7611343860626221,0.7580285668373108,0.7561646699905396
P160N,160,0.261464528,4,0.41046829223632814,0.07616220009614777,0.14900376423632816,0.5197349786758423,0.41074931621551514,0.31890708208084106,0.4383411705493927,0.36460891366004944
P160Q,160,0.556739067,4,0.5769468426704407,0.022578487778748553,0.020207775670440742,0.5755250453948975,0.5865296125411987,0.541937530040741,0.5769689083099365,0.6037731170654297
P160S,160,0.6850035329999999,0,0.7338656067848206,0.016314305228742842,0.04886207378482066,0.753899097442627,0.7272514700889587,0.7285656929016113,0.7465164661407471,0.7130953073501587
P160T,160,0.543506531,0,0.6050909996032715,0.031162604912008184,0.06158446860327149,0.6296259164810181,0.568649172782898,0.577916145324707,0.6396701335906982,0.6095936298370361
P160M,160,0.515836992,1,0.7497241616249084,0.03306848316977556,0.2338871696249084,0.7115918397903442,0.7344314455986023,0.7798238396644592,0.7888470888137817,0.7339265942573547
P160W,160,0.759410762,4,0.5582742035388947,0.0644710827845296,0.20113655846110534,0.5653395652770996,0.5553939342498779,0.45561084151268005,0.6317941546440125,0.5832325220108032
P160E,160,0.6793521,3,0.6473181366920471,0.09041532006640565,0.03203396330795294,0.7478664517402649,0.5531290769577026,0.7136435508728027,0.6687580943107605,0.5531935095787048
P160C,160,0.686423608,1,0.8550884246826171,0.04987463552828049,0.16866481668261712,0.8630998730659485,0.8162457346916199,0.9178900718688965,0.7948207259178162,0.8833857178688049
P160A,160,0.859466225,2,0.7324545025825501,0.039552927235559636,0.12701172241744996,0.7039147615432739,0.7128767967224121,0.7125876545906067,0.8007563352584839,0.7321369647979736
P160L,160,0.513894312,2,0.6425721526145936,0.05523070512159797,0.12867784061459353,0.6380084753036499,0.705471396446228,0.6866151690483093,0.5685343742370605,0.6142313480377197
G161F,161,0.866722043,4,0.820346224308014,0.050812619385293044,0.04637581869198604,0.9030733108520508,0.7948989272117615,0.7800641059875488,0.7887254953384399,0.8349692821502686
G161E,161,0.7920662940000001,2,1.0733752846717834,0.09897705150515565,0.2813089906717834,1.0854909420013428,1.1904065608978271,1.0210131406784058,1.1341115236282349,0.9358542561531067
G161D,161,1.002285105,1,0.9056495547294616,0.06605163616550253,0.09663555027053827,0.8576145172119141,1.0120574235916138,0.8602852821350098,0.9281172156333923,0.8701733350753784
G161P,161,1.114900882,0,0.6807359218597412,0.09183089621777217,0.43416496014025874,0.7498503923416138,0.6320725083351135,0.7032299637794495,0.7714208364486694,0.5471059083938599
G161V,161,1.157891477,2,0.9717685341835022,0.028394330280429016,0.18612294281649777,0.9649636149406433,0.9992305636405945,0.9814137816429138,0.9260205030441284,0.987214207649231
G161S,161,0.69062484,1,1.024657142162323,0.034911200920042816,0.33403230216232294,0.9698970913887024,1.0518910884857178,1.0457886457443237,1.0095810890197754,1.0461277961730957
G161T,161,1.073604011,0,1.0835933923721313,0.037968849367985856,0.009989381372131234,1.0914674997329712,1.0297386646270752,1.0954591035842896,1.1329114437103271,1.0683902502059937
G161Q,161,1.161488404,4,1.0172760128974914,0.10565192721938245,0.1442123911025086,1.1330008506774902,1.0484600067138672,0.8716548681259155,1.084005355834961,0.9492589831352234
G161W,161,0.843907348,2,0.9163387656211853,0.027624535715930664,0.07243141762118532,0.8716155886650085,0.9254869818687439,0.9145593047142029,0.9465867280960083,0.9234452247619629
G161Y,161,0.882831404,3,1.0726400136947631,0.08377880933023342,0.1898086096947631,0.9646748304367065,1.1633930206298828,1.0835932493209839,1.1391863822937012,1.0123525857925415
G161H,161,1.106057419,0,1.038972759246826,0.05380383954165058,0.06708465975317401,1.0161209106445312,0.9950450658798218,1.088839054107666,0.9904298782348633,1.1044288873672485
G161I,161,0.7854771859999999,1,1.0617496013641357,0.09222027487295884,0.2762724153641357,1.1705207824707031,0.9484032988548279,1.0907167196273804,0.9855099320411682,1.1135972738265991
G161L,161,0.893959995,0,0.9553573489189148,0.04952981805579492,0.061397353918914765,0.9264702796936035,0.8879274129867554,1.0173163414001465,0.9736316204071045,0.9714410901069641
G161A,161,1.03007002,3,1.0677287101745605,0.08505214321356921,0.03765869017456058,0.981239914894104,0.972002387046814,1.1269245147705078,1.1539427042007446,1.1045340299606323
G161M,161,1.274922588,0,0.999652898311615,0.08326451749805368,0.27526968968838494,0.9140986800193787,0.9270604252815247,1.0504945516586304,0.9949930310249329,1.1116178035736084
G161N,161,1.332027045,1,1.097140121459961,0.044976067484140264,0.23488692354003904,1.051658272743225,1.1588701009750366,1.0554813146591187,1.1010736227035522,1.118617296218872
G161R,161,1.019789037,4,0.9547792673110962,0.08140707579323436,0.06500976968890382,0.9841310381889343,0.9417673349380493,0.8980420231819153,0.8714344501495361,1.078521490097046
G161C,161,0.59902396,2,0.7848205685615539,0.06673263836159596,0.1857966085615539,0.7430052161216736,0.8754419088363647,0.714016318321228,0.7597848176956177,0.8318545818328857
D162R,162,0.8369760690000001,1,0.7853996515274048,0.05378484340056382,0.05157641747259534,0.7724887728691101,0.8284760117530823,0.6968382000923157,0.8152295351028442,0.8139657378196716
D162Y,162,0.790706375,1,0.8740420699119568,0.051859705829936265,0.0833356949119568,0.8245964050292969,0.8266200423240662,0.9424614906311035,0.9103809595108032,0.8661514520645142
D162A,162,0.8763180740000001,1,0.9268148899078369,0.033626991336702085,0.050496815907836834,0.9101290106773376,0.8896360397338867,0.9372329711914062,0.9786220192909241,0.9184544086456299
D162C,162,0.881621323,2,0.91996169090271,0.038470457347516994,0.038340367902710004,0.8687611222267151,0.9687422513961792,0.9449096918106079,0.9133185744285583,0.9040768146514893
D162E,162,1.068309965,0,0.7375933289527893,0.05585893065331521,0.3307166360472108,0.7397294044494629,0.7717183232307434,0.7407379746437073,0.6453456282615662,0.7904353141784668
D162G,162,0.725313167,1,0.8257205843925476,0.07630683576200109,0.10040741739254755,0.6907678842544556,0.8553705215454102,0.8686746954917908,0.8425622582435608,0.8712275624275208
D162K,162,0.6897800470000001,3,0.8554705739021301,0.0355228897263368,0.16569052690213004,0.8371950387954712,0.8828184604644775,0.8588060140609741,0.8932979106903076,0.8052354454994202
D162L,162,0.941067074,4,0.892125403881073,0.0392345345396221,0.04894167011892703,0.9368599653244019,0.9109458327293396,0.8452467322349548,0.9108551740646362,0.8567193150520325
D162I,162,1.015705595,3,0.980918025970459,0.05091891458748184,0.034787569029541054,0.9398654103279114,0.974958598613739,1.0300161838531494,1.035719871520996,0.924030065536499
D162P,162,-0.07588725,4,0.54797203540802,0.06934985114591086,0.6238592854080199,0.487685889005661,0.6449389457702637,0.4758164584636688,0.5522011518478394,0.5792177319526672
D162Q,162,0.921493597,2,0.8908451557159424,0.03457250644578169,0.030648441284057637,0.8512334823608398,0.8663776516914368,0.8932781219482422,0.9404730796813965,0.9028634428977966
D162S,162,1.069043881,3,0.8038137793540955,0.027655766473775295,0.26523010164590455,0.79822838306427,0.7814466953277588,0.8474467396736145,0.7801446318626404,0.8118024468421936
D162T,162,0.8464079409999999,2,0.9211912035942078,0.05756177426981396,0.07478326259420787,0.8333308696746826,0.9534222483634949,0.9685864448547363,0.8920295238494873,0.9585869312286377
D162V,162,0.905223953,0,0.8508997797966004,0.0354872792232767,0.05432417320339966,0.8516993522644043,0.845075249671936,0.8083646297454834,0.8425659537315369,0.9067937135696411
D162W,162,0.932180213,4,0.7544357299804687,0.0759023727501825,0.17774448301953127,0.8341469764709473,0.7652548551559448,0.7449076175689697,0.6326872110366821,0.7951819896697998
D162M,162,0.971167107,1,0.9313113212585449,0.06916620452128483,0.039855785741455096,0.8604676127433777,0.9750287532806396,0.8522427082061768,0.9969643950462341,0.9718531370162964
R163L,163,0.7541352179999999,2,0.7213747501373291,0.05992087804887826,0.03276046786267084,0.6385405659675598,0.8049428462982178,0.7053229808807373,0.7374580502510071,0.7206093072891235
R163S,163,0.1051269319999999,3,0.4119555175304413,0.06715867880952732,0.3068285855304414,0.3928157687187195,0.3729269206523895,0.4916163980960846,0.4704001843929291,0.33201831579208374
R163Q,163,0.776164924,0,0.8266815066337585,0.09878688409277207,0.05051658263375847,0.8925279974937439,0.7062529921531677,0.7583391666412354,0.9512734413146973,0.8250139355659485
R163P,163,-0.003914414,3,0.3099988460540771,0.05721583855038064,0.3139132600540771,0.27681055665016174,0.34585997462272644,0.25551968812942505,0.3924581706523895,0.279345840215683
R163N,163,-0.245940201,2,0.3776451587677002,0.06125662256782743,0.6235853597677002,0.4175182282924652,0.4022473096847534,0.27028071880340576,0.38553428649902344,0.41264525055885315
R163M,163,0.8527986609999999,1,0.7618272185325623,0.029006979308973207,0.0909714424674376,0.7914426922798157,0.7135695815086365,0.7729703187942505,0.7636458277702332,0.7675076723098755
R163K,163,0.6678754929999999,3,0.3945351839065552,0.05739023165021695,0.27334030909344476,0.4894663393497467,0.37002691626548767,0.37895479798316956,0.3972418010234833,0.33698606491088867
R163A,163,0.626511162,2,0.4842946887016296,0.08288388485377676,0.1422164732983704,0.37889769673347473,0.4916014075279236,0.5519717931747437,0.5745824575424194,0.4244200885295868
R163G,163,0.051079154,0,0.2270692229270935,0.06121655369559672,0.1759900689270935,0.24879789352416992,0.16016888618469238,0.21683120727539062,0.3195897340774536,0.189958393573761
R163F,163,0.09575882,2,0.7341859102249145,0.06072795977040786,0.6384270902249145,0.6800611019134521,0.7065932154655457,0.8022382259368896,0.7973043918609619,0.6847326159477234
R163E,163,0.205239791,2,0.2460157096385956,0.0759872890451031,0.04077591863859559,0.18564987182617188,0.3602983057498932,0.28592705726623535,0.21318984031677246,0.18501347303390503
R163D,163,0.058478981,1,-0.06774402856826782,0.04774936452609284,0.12622300956826782,-0.06225782632827759,-0.0017681717872619629,-0.05344122648239136,-0.08995378017425537,-0.13129913806915283
R163C,163,0.41715995,2,0.723784327507019,0.13284277646046663,0.30662437750701904,0.7978164553642273,0.8990787267684937,0.659234881401062,0.712457537651062,0.5503340363502502
R163T,163,0.872939527,1,0.3799512803554535,0.10371753392534913,0.4929882466445465,0.2656383216381073,0.5453527569770813,0.34965780377388,0.39666736125946045,0.3424401581287384
R163H,163,0.7638518470000001,2,0.6287572503089904,0.09468735161270013,0.13509459669100965,0.6683109402656555,0.739070475101471,0.6243661046028137,0.6319416761398315,0.48009705543518066
R163W,163,1.009407332,4,0.4975584030151367,0.10528760881273953,0.5118489289848633,0.32123059034347534,0.5829721689224243,0.5326614379882812,0.4856816530227661,0.5652461647987366
R163V,163,0.5460411999999999,4,0.8500204682350159,0.02288018788385028,0.303979268235016,0.8585837483406067,0.8578431606292725,0.8584406971931458,0.8095023036003113,0.8657324314117432
K164Y,164,0.978803935,1,0.9437133431434631,0.062301767296645584,0.035090591856536846,1.0526951551437378,0.9101395606994629,0.9214420914649963,0.8996229767799377,0.9346669316291809
K164D,164,0.962601088,4,1.1047003984451294,0.048707846616008146,0.14209931044512936,1.0895581245422363,1.1875584125518799,1.1054444313049316,1.0654131174087524,1.0755279064178467
K164E,164,1.098436653,0,0.9608572483062744,0.06628853351609244,0.13757940469372565,1.020809292793274,0.9708812832832336,0.9001539349555969,0.884967565536499,1.0274741649627686
K164F,164,0.804223088,0,1.0362799167633057,0.05893705614170121,0.2320568287633057,1.0583232641220093,0.9711120128631592,0.9964722394943237,1.0322597026824951,1.123232364654541
K164G,164,1.012153962,4,0.9397382736206055,0.07033090359257674,0.0724156883793945,0.8681178092956543,1.0099246501922607,1.0148983001708984,0.8767665028572083,0.9289841055870056
K164L,164,1.07252936,1,0.9429768681526184,0.01323107014937444,0.1295524918473817,0.9464419484138489,0.9640299081802368,0.9294092655181885,0.9381983280181885,0.9368048906326294
K164M,164,1.071437125,4,0.9497152686119079,0.08956384765868691,0.12172185638809219,1.073613166809082,1.0164728164672852,0.8821123242378235,0.8798717260360718,0.8965063095092773
K164C,164,1.087459625,3,1.0169592380523682,0.1408927517845962,0.07050038694763172,0.8329535722732544,1.1193311214447021,1.0989913940429688,0.8977314233779907,1.1357886791229248
K164N,164,1.288797111,3,0.9906424760818482,0.07379604757908892,0.29815463491815186,0.9580768942832947,0.9745935201644897,1.0323944091796875,1.0907654762268066,0.8973820805549622
K164Q,164,1.443363259,2,0.9945222973823548,0.05742140144705311,0.4488409616176453,0.9931835532188416,1.0063782930374146,1.0693869590759277,0.9954017400741577,0.9082609415054321
K164R,164,0.861586443,3,1.0443490743637085,0.06579877852824186,0.18276263136370852,0.9372717142105103,1.1077167987823486,1.0869117975234985,1.0484328269958496,1.0414122343063354
K164S,164,0.8408282909999999,2,1.0747885942459106,0.04967650044566234,0.23396030324591066,1.0997332334518433,1.047321081161499,1.024890661239624,1.0528817176818848,1.1491162776947021
K164W,164,1.069175843,3,0.8584476232528686,0.019679496151660498,0.2107282197471314,0.8832379579544067,0.8534021377563477,0.871630847454071,0.8518117666244507,0.8321554064750671
K164T,164,1.201773563,2,1.071576476097107,0.01589645099147443,0.130197086902893,1.0750062465667725,1.0466885566711426,1.0784640312194824,1.0682309865951538,1.0894925594329834
K164V,164,0.7520594629999999,2,1.0865365266799927,0.0786896862259241,0.33447706367999275,1.1570597887039185,1.0178087949752808,1.039436936378479,1.0322904586791992,1.186086654663086
K164P,164,1.162294341,3,0.9496757626533509,0.036382607884174134,0.2126185783466491,0.9350117444992065,1.0127124786376953,0.9376188516616821,0.919243335723877,0.9437924027442932
K164A,164,1.131942124,0,0.9725745677947998,0.07674396823644875,0.15936755620520027,1.1009443998336792,0.9183003902435303,0.9847974181175232,0.9407996535301208,0.9180309772491455
C165W,165,1.143701678,1,0.9945960521697998,0.030458649704629387,0.14910562583020015,1.0134735107421875,0.9879932403564453,1.0369880199432373,0.9703983068466187,0.9641271829605103
C165V,165,1.317465686,1,0.9310744285583497,0.042414625103084296,0.38639125744165037,0.9532369375228882,0.9257778525352478,0.9577188491821289,0.8592180013656616,0.9594205021858215
C165T,165,1.281577884,3,1.11123468875885,0.022824699169182908,0.17034319524115005,1.0809484720230103,1.1282339096069336,1.1002870798110962,1.1385856866836548,1.1081182956695557
C165S,165,1.089056742,0,1.0070772171020508,0.07434208729261375,0.08197952489794913,1.0443854331970215,1.0825332403182983,0.8965282440185547,0.9685667753219604,1.043372392654419
C165R,165,1.153511982,2,0.9374456644058228,0.0875663481360638,0.21606631759417716,0.9640535712242126,1.0123624801635742,0.8200861215591431,1.0176552534103394,0.8730708956718445
C165Q,165,1.381132174,0,0.9048357844352722,0.12380581002471343,0.47629638956472775,1.0511434078216553,0.9859323501586914,0.8834198713302612,0.8781787753105164,0.7255045175552368
C165P,165,1.4079486,3,0.7221509695053101,0.08005653725435993,0.68579763049469,0.7125598788261414,0.6951091289520264,0.6389914751052856,0.8552671670913696,0.7088271975517273
C165N,165,1.321390428,2,0.6442304968833923,0.11599725458134966,0.6771599311166077,0.6220226287841797,0.8234260082244873,0.5674190521240234,0.6819341778755188,0.5263506174087524
C165M,165,0.7312095000000001,2,1.1040103435516357,0.0932664630265154,0.3728008435516357,1.0629948377609253,1.2659411430358887,1.029157280921936,1.0703295469284058,1.091628909111023
C165L,165,0.977053873,3,1.1191618680953979,0.03712479903044951,0.14210799509539784,1.1051162481307983,1.1419192552566528,1.108614206314087,1.1684786081314087,1.071681022644043
C165K,165,0.594384763,1,1.1087834358215332,0.07988143021076924,0.5143986728215332,1.0905519723892212,1.0017434358596802,1.2009146213531494,1.1738145351409912,1.076892614364624
C165H,165,0.635657616,1,1.221006155014038,0.06157620972826881,0.585348539014038,1.2548630237579346,1.1924986839294434,1.3126099109649658,1.1649023294448853,1.1801568269729614
C165G,165,0.6468502070000001,1,1.0959465026855468,0.0676603880112192,0.44909629568554676,1.077712059020996,1.1216933727264404,1.1935229301452637,1.0771164894104004,1.0096876621246338
C165E,165,1.011497402,0,0.8354564785957337,0.0535085920560694,0.17604092340426636,0.917250394821167,0.8175983428955078,0.7688660025596619,0.8384727239608765,0.8350949287414551
C165D,165,1.047063869,3,0.9843794822692871,0.08832580714409252,0.06268438673071297,0.9505459070205688,0.9497100114822388,0.9684954881668091,1.1384797096252441,0.9146662950515747
C165A,165,0.814817839,1,1.0895346879959107,0.0668324653135826,0.27471684899591065,1.1024450063705444,1.0069117546081543,1.1730067729949951,1.039003849029541,1.1263060569763184
Y166N,166,-0.197535087,3,0.095346999168396,0.067890893953648,0.292882086168396,0.11243504285812378,0.20318740606307983,0.08094388246536255,0.03009021282196045,0.05007845163345337
Y166P,166,-0.048427537,1,-0.17750246524810792,0.06221943117850237,0.12907492824810793,-0.15851598978042603,-0.09257590770721436,-0.26463383436203003,-0.17642396688461304,-0.1953626275062561
Y166R,166,-0.0194996869999999,0,-0.00820833444595337,0.13031069767809075,0.011291352554046532,-0.07205206155776978,0.21254223585128784,-0.031845688819885254,-0.021562814712524414,-0.12812334299087524
Y166M,166,0.4148525320000001,2,0.3366795897483826,0.08692196647652109,0.07817294225161753,0.25972816348075867,0.27591079473495483,0.34509944915771484,0.32330042123794556,0.47935912013053894
Y166L,166,0.1824551539999999,2,0.30945523977279665,0.061046667570954956,0.12700008577279676,0.24898695945739746,0.3767123818397522,0.2656467854976654,0.2825643718242645,0.37336570024490356
Y166K,166,-0.18202303,0,-0.12413725852966309,0.08965530677664041,0.05788577147033691,-0.21802973747253418,0.015700697898864746,-0.09652119874954224,-0.17343896627426147,-0.14839708805084229
Y166I,166,0.246226916,0,0.20522366762161254,0.1025930330529496,0.04100324837838745,0.25217944383621216,0.29219669103622437,0.16200977563858032,0.27464890480041504,0.04508352279663086
Y166G,166,0.122923063,4,-0.15486303567886353,0.10848432253314676,0.2777860986788635,-0.25175654888153076,-0.24076128005981445,-0.00017249584197998047,-0.1955140233039856,-0.08611083030700684
Y166E,166,-0.209463793,2,0.07418179512023926,0.03108807216626454,0.28364558812023927,0.09535890817642212,0.10008728504180908,0.07656240463256836,0.021906256675720215,0.07699412107467651
Y166C,166,0.17959228,0,0.24259746074676514,0.043798790013438955,0.06300518074676514,0.17583143711090088,0.27890250086784363,0.2410198450088501,0.2849022448062897,0.2323312759399414
Y166A,166,0.02438584,0,0.14913709163665773,0.10678530832305261,0.12475125163665773,0.16864484548568726,0.2495807409286499,0.13939309120178223,0.21439772844314575,-0.026330947875976562
Y166T,166,-0.083539595,2,0.17240185737609864,0.06212722518568961,0.25594145237609867,0.23970794677734375,0.23347634077072144,0.12414240837097168,0.1037030816078186,0.1609795093536377
Y166V,166,0.178540325,4,0.18856831192970275,0.08033880181849716,0.010027986929702748,0.09834259748458862,0.16599231958389282,0.22271519899368286,0.14756006002426147,0.308231383562088
Y166W,166,0.08795375,4,0.5867699086666107,0.11663162190880247,0.4988161586666107,0.569466233253479,0.6770646572113037,0.6527433395385742,0.39089319109916687,0.6436821222305298
Y166Q,166,0.1326365659999999,4,-0.009994769096374511,0.08957894384265923,0.1426313350963744,-0.022423505783081055,-0.14606261253356934,0.03484386205673218,-0.013145923614501953,0.09681433439254761
A167V,167,1.001110479,4,1.009052073955536,0.05985618057810743,0.007941594955535924,1.0942654609680176,1.0434396266937256,0.9497648477554321,0.9622612595558167,0.9955291748046875
A167W,167,0.685148456,1,0.4432732105255127,0.06987930765519516,0.24187524547448724,0.44056281447410583,0.4959936738014221,0.421284556388855,0.5183399319648743,0.3401850759983063
A167M,167,0.7820617259999999,0,0.8122469544410705,0.1325323384168766,0.030185228441070633,0.6755634546279907,0.6743159294128418,0.8407201766967773,0.9622289538383484,0.9084062576293945
A167S,167,0.895408986,3,0.782708466053009,0.04437198247672364,0.11270051994699093,0.7746278047561646,0.7152245044708252,0.8012827634811401,0.785834789276123,0.8365724682807922
A167Y,167,0.596724551,1,0.5024273574352265,0.13078354452856591,0.09429719356477351,0.5292528867721558,0.6073532104492188,0.356626957654953,0.6423650979995728,0.37653863430023193
A167R,167,0.975801014,1,0.796248197555542,0.05927339226267666,0.17955281644445797,0.7858173251152039,0.8462623357772827,0.698701024055481,0.814099907875061,0.8363603949546814
A167H,167,0.255187245,0,0.49307137727737427,0.09576382343527676,0.23788413227737426,0.4159577786922455,0.46197640895843506,0.5705979466438293,0.6163206100463867,0.40050414204597473
A167P,167,-0.145245177,2,0.3734579861164093,0.025354522775220045,0.5187031631164093,0.3580304980278015,0.3731568455696106,0.34018704295158386,0.3943609297275543,0.4015546143054962
A167K,167,0.603439254,3,0.7747570276260376,0.03712292309128072,0.17131777362603762,0.7345004677772522,0.798339307308197,0.7709707021713257,0.8244339823722839,0.7455406785011292
A167G,167,0.853178332,4,0.5663665175437927,0.05340706005883142,0.2868118144562073,0.5668216943740845,0.477130651473999,0.5915500521659851,0.6180334091186523,0.5782967805862427
A167F,167,0.688755442,4,0.39746564626693726,0.049682797329626986,0.2912897957330628,0.4058724641799927,0.43200477957725525,0.4269741177558899,0.31067004799842834,0.4118068218231201
A167E,167,-0.113441352,3,0.3678166329860687,0.035035777114501974,0.4812579849860687,0.3807055950164795,0.3835253417491913,0.39641356468200684,0.3072526454925537,0.3711860179901123
A167D,167,0.000575645,1,-0.047083139419555664,0.11143404826060632,0.047658784419555664,0.012196183204650879,-0.03837698698043823,-0.24206000566482544,0.01710832118988037,0.0157167911529541
A167C,167,1.120371241,3,0.9988520503044128,0.08514853656392615,0.12151919069558714,0.9115638732910156,1.1395106315612793,0.9931915402412415,0.9896065592765808,0.960387647151947
A167Q,167,0.683395979,4,0.7562138199806213,0.07223525464689534,0.07281784098062127,0.7602583169937134,0.7573920488357544,0.645438551902771,0.8477982878684998,0.7701818943023682
D168V,168,0.8593181790000001,4,0.7690622568130493,0.011055686246035448,0.09025592218695078,0.7588209509849548,0.7839823365211487,0.7776378989219666,0.762296736240387,0.7625733613967896
D168W,168,0.69618443,2,0.9165049076080323,0.022130712787049322,0.2203204776080323,0.9141097664833069,0.9490718841552734,0.9183194637298584,0.9142571091651917,0.8867663145065308
D168T,168,1.0187375159999998,1,1.2311832427978515,0.07553800776312558,0.21244572679785168,1.1718108654022217,1.169927954673767,1.3237719535827637,1.187840223312378,1.3025652170181274
D168S,168,1.461746049,0,1.0377354860305785,0.06056123303847202,0.4240105629694215,0.9502968788146973,1.041311264038086,1.1169151067733765,1.0592079162597656,1.0209462642669678
D168Y,168,1.161230675,4,0.8454443335533142,0.029439318238291434,0.31578634144668594,0.8368402123451233,0.7999805808067322,0.8540334701538086,0.8786187171936035,0.8577486872673035
D168R,168,0.8982321520000001,4,1.0388535857200623,0.09126767578127776,0.1406214337200622,0.9068350195884705,1.1455196142196655,1.0933327674865723,1.0006211996078491,1.047959327697754
D168F,168,0.7932617009999999,2,0.8477836132049561,0.03630115077155447,0.05452191220495617,0.8034073114395142,0.8978506326675415,0.8284655809402466,0.8674248456954956,0.8417696952819824
D168P,168,0.772771876,0,0.7302937626838684,0.0556065241223358,0.042478113316131605,0.7669771313667297,0.6696652173995972,0.8047031760215759,0.7214441299438477,0.6886791586875916
D168Q,168,1.020066453,1,1.1339767217636108,0.043396406331087344,0.11391026876361066,1.1135412454605103,1.199662208557129,1.1281416416168213,1.0827257633209229,1.145812749862671
D168E,168,1.206582555,2,1.0376105070114137,0.01770372159308953,0.16897204798858634,1.0562158823013306,1.0352728366851807,1.013354778289795,1.053475022315979,1.0297340154647827
D168G,168,1.053762406,1,0.9117708802223206,0.011444964711635319,0.14199152577767937,0.9189378023147583,0.918732225894928,0.8927953243255615,0.9090806245803833,0.9193084239959717
D168A,168,0.96774506,2,1.0725599527359009,0.05364741933852228,0.10481489273590083,1.0787488222122192,1.0911558866500854,1.075047492980957,0.9856094121932983,1.1322381496429443
D168L,168,0.8841057240000001,2,0.8248422622680665,0.03030031846084947,0.05926346173193364,0.8245112895965576,0.8418450951576233,0.7848694324493408,0.8640058040618896,0.8089796900749207
D168M,168,0.993976895,0,0.8626038908958436,0.051016162056638406,0.13137300410415642,0.8278045058250427,0.9057115316390991,0.903761625289917,0.7908393740653992,0.8849024176597595
D168N,168,1.285258692,2,0.9682437181472778,0.047133864586527616,0.31701497385272215,0.931643009185791,0.9600669145584106,1.0128090381622314,0.9159387350082397,1.0207608938217163
D168K,168,1.038026173,3,0.9968393206596374,0.062031016130166504,0.04118685234036257,0.9884384274482727,1.052024483680725,0.9856953620910645,1.0549010038375854,0.9031373262405396
T169N,169,0.396465405,0,0.9772889614105225,0.17982978607756006,0.5808235564105224,0.8855352401733398,0.874132513999939,1.0100646018981934,0.8391793966293335,1.2775330543518066
T169Y,169,1.184709182,3,0.8137495160102844,0.04928723791236776,0.3709596659897155,0.8050247430801392,0.8021252751350403,0.8908765316009521,0.8165473341941833,0.7541736960411072
T169W,169,0.797354307,3,0.7256683826446533,0.058610627185818165,0.07168592435534671,0.7220258712768555,0.8254397511482239,0.6872981786727905,0.678999662399292,0.7145784497261047
T169V,169,0.8383393690000001,3,0.9083660244941711,0.04330983575983637,0.07002665549417109,0.8909697532653809,0.8738906979560852,0.913332462310791,0.9812507629394531,0.8823864459991455
T169S,169,1.090555868,2,0.8005038619041442,0.04610182283907623,0.2900520060958558,0.7795736789703369,0.8160005807876587,0.7588880658149719,0.8739514350891113,0.7741055488586426
T169R,169,0.884259883,2,0.8764944434165954,0.044911651906615314,0.0077654395834045875,0.9238440990447998,0.8762086033821106,0.8424026370048523,0.9178611636161804,0.8221557140350342
T169Q,169,0.924597019,3,1.0253992080688477,0.030092351876025332,0.10080218906884764,1.0044748783111572,1.0667636394500732,1.0044403076171875,1.0483956336975098,1.0029215812683105
T169P,169,-0.045960825,0,0.362718403339386,0.028655708355972944,0.40867922833938597,0.4048282504081726,0.33668938279151917,0.37870845198631287,0.34103065729141235,0.35233527421951294
T169M,169,1.094182252,0,0.789363956451416,0.04401500863512914,0.304818295548584,0.8070530891418457,0.7570237517356873,0.7556989192962646,0.7683007121086121,0.8587433099746704
T169K,169,0.709352361,2,0.7070789575576782,0.03480243719362394,0.002273403442321742,0.7102831602096558,0.7348317503929138,0.6477409601211548,0.7296544313430786,0.7128844857215881
T169I,169,0.790313137,2,0.7736348152160645,0.0392815291447533,0.01667832178393558,0.8346603512763977,0.7762726545333862,0.7464712262153625,0.7781566381454468,0.732613205909729
T169H,169,1.215144569,2,0.7962997198104859,0.04357219237217467,0.41884484918951415,0.8291268348693848,0.82350754737854,0.8258763551712036,0.7725458145141602,0.7304420471191406
T169G,169,0.951689447,2,0.682065486907959,0.08059994307467369,0.26962396009204104,0.6905455589294434,0.7213771343231201,0.5424582958221436,0.709767758846283,0.7461786866188049
T169F,169,0.80493241,4,1.0682590007781982,0.029973776410338125,0.2633265907781982,1.0402830839157104,1.102278470993042,1.0805509090423584,1.033259630203247,1.0849229097366333
T169E,169,0.521221246,2,0.5463276743888855,0.06766687491328396,0.02510642838888555,0.6046955585479736,0.6194997429847717,0.45223963260650635,0.5271658897399902,0.5280375480651855
T169D,169,0.454454982,2,0.5829037368297577,0.11550151608674238,0.1284487548297577,0.6598154306411743,0.7326175570487976,0.4347340166568756,0.5430268049240112,0.5443248748779297
T169C,169,0.911267362,3,0.9344941973686218,0.054179834958042114,0.0232268353686218,0.8481992483139038,0.9941278696060181,0.9251157641410828,0.9533624649047852,0.9516656398773193
T169L,169,1.073557734,1,0.8817867398262024,0.0712406475252652,0.19177099417379762,0.9130767583847046,0.8357952833175659,0.8603156208992004,0.9895708560943604,0.8101751804351807
M170Y,170,-0.1042432559999999,2,0.5398442387580872,0.1155056945231163,0.644087494758087,0.5415109992027283,0.6823710203170776,0.3647425174713135,0.5243844985961914,0.586212158203125
M170W,170,0.144445874,4,0.5305993139743805,0.10834356124393611,0.38615343997438056,0.39866989850997925,0.6532880663871765,0.5442734956741333,0.4438290297985077,0.6129360795021057
M170V,170,1.045298375,0,0.8283489584922791,0.03758740875771829,0.21694941650772093,0.887127161026001,0.7897129654884338,0.83451908826828,0.8025556206703186,0.8278299570083618
M170T,170,0.838175917,0,0.5714535713195801,0.06188239948114336,0.26672234568041997,0.5741920471191406,0.6614413261413574,0.5932909250259399,0.5234764218330383,0.5048671364784241
M170S,170,0.053977042,2,0.4219453036785126,0.041247435990106884,0.3679682616785126,0.386005699634552,0.44265928864479065,0.3726627826690674,0.4372396767139435,0.47115907073020935
M170R,170,-0.0451973679999999,4,0.07282103300094604,0.04167299416459966,0.11801840100094593,0.02149111032485962,0.061825335025787354,0.049803972244262695,0.1123766303062439,0.11860811710357666
M170Q,170,0.447951552,1,0.22607058882713318,0.07830646397600617,0.2218809631728668,0.17558997869491577,0.35716477036476135,0.21489155292510986,0.2249545454978943,0.15775209665298462
M170P,170,0.214911443,4,0.11552495956420898,0.04377871843708553,0.09938648343579103,0.10127806663513184,0.17414575815200806,0.07643842697143555,0.07763075828552246,0.14813178777694702
M170L,170,1.059493592,4,0.8632276058197021,0.0479956344764224,0.19626598618029778,0.9224590063095093,0.840018630027771,0.8000574707984924,0.8566974401473999,0.8969054818153381
M170I,170,0.7871536579999999,3,0.9219571471214294,0.09095044129582901,0.13480348912142948,0.8802547454833984,1.081178903579712,0.8603032231330872,0.9118512868881226,0.8761975765228271
M170H,170,0.015235193,2,0.4428257346153259,0.06588583344862581,0.42759054161532595,0.44099146127700806,0.4358140230178833,0.35568493604660034,0.4402672052383423,0.5413710474967957
M170G,170,0.091344527,3,-0.09874167442321777,0.0930928505162667,0.19008620142321775,-0.005854129791259766,-0.07503074407577515,-0.15899533033370972,-0.026273787021636963,-0.22755438089370728
M170E,170,0.0020986,2,0.24829680919647218,0.04785726083578148,0.24619820919647217,0.1991506814956665,0.2586930990219116,0.20704269409179688,0.2588401138782501,0.3177574574947357
M170D,170,0.206106726,3,-0.09474388360977173,0.11882052455130203,0.3008506096097717,0.058189332485198975,-0.056930363178253174,-0.07898920774459839,-0.2690058946609497,-0.12698328495025635
M170A,170,0.562194215,3,0.3127004146575928,0.08422140334165798,0.2494938003424072,0.42964091897010803,0.3295336365699768,0.2771362066268921,0.32812151312828064,0.1990697979927063
F171D,171,0.836504428,3,0.8758184432983398,0.0961778664709943,0.03931401529833978,0.8245470523834229,0.8435364961624146,0.7608305215835571,0.9609768390655518,0.9892013072967529
F171G,171,1.027862755,0,0.9748661994934082,0.09342876036905044,0.05299655550659166,1.0551890134811401,0.8347419500350952,0.9378939270973206,1.0605334043502808,0.9859727025032043
F171H,171,1.234871189,0,0.8072621583938598,0.05749841158193083,0.4276090306061401,0.7247463464736938,0.8086638450622559,0.8341425657272339,0.8803150653839111,0.7884429693222046
F171K,171,1.015598749,4,0.7744195580482482,0.03681729784177891,0.24117919095175178,0.7766892313957214,0.8191261291503906,0.7963818907737732,0.7232227921485901,0.7566777467727661
F171L,171,0.983145309,0,0.9893679141998291,0.04868228323088826,0.00622260519982909,1.0234471559524536,0.9092357754707336,1.0129557847976685,1.0239304304122925,0.9772704243659973
F171M,171,0.410459553,4,1.07785804271698,0.10448632452325042,0.66739848971698,1.2460758686065674,1.1064833402633667,0.9905016422271729,1.0015727281570435,1.0446566343307495
F171P,171,0.392294876,3,0.414311945438385,0.08783722805120278,0.022017069438384995,0.33614805340766907,0.40208640694618225,0.46210065484046936,0.5390803813934326,0.33214423060417175
F171E,171,0.480242812,1,0.6769015789031982,0.055514727233278736,0.19665876690319822,0.6142225861549377,0.6893729567527771,0.7585834860801697,0.6843603253364563,0.6379685401916504
F171W,171,1.083158054,1,0.8903797507286072,0.058550226385821795,0.1927783032713929,0.8702298402786255,0.9702903628349304,0.927341639995575,0.8629586100578308,0.8210783004760742
F171S,171,0.723674162,3,0.9948282361030578,0.06772238982273675,0.2711540741030578,0.8922085762023926,0.9664198756217957,1.0355387926101685,1.0147730112075806,1.065200924873352
F171T,171,1.182248913,1,0.8371711254119873,0.008067341998146764,0.34507778758801266,0.8317918181419373,0.8441282510757446,0.8352426290512085,0.8278805017471313,0.8468124270439148
F171V,171,0.926131367,2,0.9152461171150208,0.05446429149926366,0.010885249884979187,0.972195565700531,0.8880585432052612,0.8498969674110413,0.8944438099861145,0.9716356992721558
F171C,171,0.915207819,4,0.8395132780075073,0.08508184332077973,0.07569454099249273,0.9498834609985352,0.8695934414863586,0.8284395337104797,0.8355600833892822,0.7140898704528809
F171A,171,1.048054805,0,0.8418341994285583,0.04765173953935317,0.20622060557144173,0.8621715307235718,0.7875955104827881,0.8497843742370605,0.8031988739967346,0.9064207077026367
F171R,171,0.977762784,1,0.9835996747016906,0.06053603149393645,0.005836890701690578,0.9877499938011169,0.9168689250946045,1.009568214416504,1.0684024095535278,0.9354088306427002
F171Q,171,0.94465952,1,1.001691746711731,0.04121263541930884,0.05703222671173103,0.9363690614700317,0.9908688068389893,1.018237590789795,1.01807701587677,1.0449062585830688
L173R,173,0.524542773,0,0.26612240076065063,0.08309351024141799,0.2584203722393493,0.223224937915802,0.34746867418289185,0.3151256740093231,0.30281856656074524,0.14197415113449097
L173S,173,0.5928268179999999,1,0.4659611344337463,0.0996277924126292,0.1268656835662536,0.4369400143623352,0.6275585889816284,0.3774527311325073,0.4883236587047577,0.39953067898750305
L173C,173,1.10011063,2,1.1137985706329345,0.029373048437076655,0.013687940632934437,1.131560206413269,1.148550033569336,1.0762858390808105,1.0920110940933228,1.1205856800079346
L173V,173,1.209407376,4,1.0929126620292664,0.055398337201025605,0.11649471397073352,0.9950342774391174,1.1052987575531006,1.1174018383026123,1.11701500415802,1.1298134326934814
L173W,173,0.864455137,1,0.7696282386779785,0.052152680702446365,0.09482689832202151,0.8523000478744507,0.7384385466575623,0.7454541921615601,0.7884929180145264,0.7234554886817932
L173D,173,0.1201793269999999,4,0.48102694749832153,0.0844071228124089,0.36084762049832164,0.483553022146225,0.5159054398536682,0.5925508737564087,0.44985198974609375,0.36327341198921204
L173E,173,0.027977017,4,0.4646492063999176,0.1263571965109139,0.4366721893999176,0.4748905897140503,0.5289590358734131,0.6302958726882935,0.38540118932724,0.3036993443965912
L173G,173,0.1218636719999999,2,0.3363142430782318,0.14151080094100132,0.21445057107823193,0.16179794073104858,0.4543241858482361,0.30457553267478943,0.2563037872314453,0.5045697689056396
L173M,173,1.075946998,4,1.0672279357910157,0.04484022133323669,0.00871906220898433,1.0556492805480957,1.141390085220337,1.024969458580017,1.0426404476165771,1.0714904069900513
L173N,173,0.044378742,4,0.43051670789718627,0.07949546482704963,0.3861379658971863,0.4831490218639374,0.3654252588748932,0.5362579226493835,0.3468683660030365,0.4208829700946808
L173Q,173,0.558714054,2,0.5282562911510468,0.09657606720942721,0.030457762848953185,0.4264833629131317,0.47232213616371155,0.5962232947349548,0.48601940274238586,0.6602332592010498
L173A,173,0.416998264,1,0.5481800019741059,0.08371973812290683,0.13118173797410587,0.5273690819740295,0.6552959084510803,0.612957239151001,0.45651349425315857,0.48876428604125977
L173T,173,0.986236103,3,0.8206149697303772,0.055903527032930465,0.1656211332696228,0.7820130586624146,0.8222143650054932,0.8806256055831909,0.8688695430755615,0.7493522763252258
L173P,173,0.141855245,3,0.10720018148422242,0.04268497114576382,0.03465506351577757,0.1051604151725769,0.11486238241195679,0.03605300188064575,0.13709115982055664,0.14283394813537598
L174G,174,0.636278649,2,0.7379229426383972,0.0719404011779034,0.10164429363839722,0.8572299480438232,0.7326318025588989,0.6672545671463013,0.7321552634239197,0.700343132019043
L174A,174,0.845151387,2,0.8029675126075745,0.04041091275162213,0.04218387439242555,0.8625754117965698,0.8237760663032532,0.7601417899131775,0.7825144529342651,0.7858298420906067
L174C,174,0.485351035,1,0.9249990582466125,0.033712529716909106,0.43964802324661256,0.9437249898910522,0.962505578994751,0.919263482093811,0.9269616007804871,0.8725396394729614
L174F,174,0.971502921,4,0.5963234663009643,0.07621902125769837,0.3751794546990357,0.517290472984314,0.6953962445259094,0.5463423132896423,0.6572798490524292,0.5653084516525269
L174H,174,0.016597236,1,0.2442152202129364,0.08623245789124549,0.2276179842129364,0.16018837690353394,0.15960311889648438,0.25370800495147705,0.28656890988349915,0.3610076904296875
L174K,174,0.4324999439999999,1,0.36768423914909365,0.029374226000700592,0.06481570485090626,0.362942099571228,0.3621896505355835,0.41821572184562683,0.3516257405281067,0.3434479832649231
L174M,174,0.8308096359999999,0,0.9298905968666077,0.04446532300720119,0.09908096086660778,0.9508587718009949,0.8838046789169312,0.9057283997535706,0.9124175310134888,0.996643602848053
L174N,174,-0.152254619,1,0.3126172423362732,0.07318571647699006,0.46487186133627323,0.34566640853881836,0.2553977966308594,0.22880566120147705,0.4124549925327301,0.3207613527774811
L174T,174,0.6940794379999999,4,0.7545533061027527,0.04672487538549199,0.06047386810275279,0.6867913603782654,0.8076063990592957,0.7768639326095581,0.7307538390159607,0.7707509994506836
L174P,174,-0.178991331,1,0.2821375966072083,0.08272656605563597,0.46112892760720825,0.38125380873680115,0.23122018575668335,0.16909831762313843,0.32080724835395813,0.3083084225654602
L174W,174,0.971381289,4,0.3973692059516907,0.04018688501814842,0.5740120830483093,0.4484466016292572,0.4234639108181,0.3488788604736328,0.39730197191238403,0.36875468492507935
L174V,174,0.895101798,3,0.8650223731994628,0.043660690072062476,0.030079424800537158,0.9262265563011169,0.8114545345306396,0.8589097261428833,0.886294960975647,0.8422260880470276
L174S,174,0.725208298,1,0.5893311381340027,0.05169908446294038,0.13587715986599724,0.542555570602417,0.6145597696304321,0.5366250872612,0.5923104286193848,0.6606048345565796
L174R,174,0.48162388,1,0.34752912521362306,0.06606256655323663,0.13409475478637695,0.2620912194252014,0.35613003373146057,0.30094167590141296,0.42141205072402954,0.39707064628601074
L174Q,174,0.024869856,0,0.4594362735748291,0.08539109621666606,0.43456641757482906,0.5029647350311279,0.5530048608779907,0.375923752784729,0.36155688762664795,0.5037311315536499
L174Y,174,0.732390449,4,0.6068032741546631,0.06614351536757872,0.125587174845337,0.5628685355186462,0.6369696259498596,0.5239515900611877,0.6946573853492737,0.6155692338943481
G175T,175,1.252663723,1,0.8815446376800538,0.07052560080075007,0.3711190853199462,0.8745661973953247,0.9399610757827759,0.7828296422958374,0.8524003028869629,0.9579659700393677
G175M,175,0.836216561,4,0.8674000859260559,0.041850577273589866,0.031183524926055917,0.9145170450210571,0.8606846928596497,0.9062798023223877,0.8211873173713684,0.8343315720558167
G175S,175,0.748885496,0,1.0455370664596557,0.05849040251908283,0.29665157045965573,1.001937747001648,0.9730111360549927,1.0691404342651367,1.0627607107162476,1.120835304260254
G175V,175,0.989337462,2,0.8225304007530212,0.03355358267893097,0.16680706124697875,0.7707989811897278,0.8108835816383362,0.832205593585968,0.8582127094268799,0.8405511379241943
G175R,175,0.789495417,3,0.9331790447235108,0.07006708944707538,0.14368362772351073,0.8720880150794983,0.9866859316825867,0.9509318470954895,0.8484843373298645,1.0077050924301147
G175Y,175,1.289619373,1,0.9687382698059082,0.07424899706351396,0.3208811031940919,0.930121898651123,1.0651524066925049,0.8976929783821106,0.9200015664100647,1.0307224988937378
G175N,175,0.940145419,3,1.1086966276168824,0.06577156722162207,0.16855120861688233,1.0573593378067017,1.2182250022888184,1.0941102504730225,1.0594336986541748,1.1143548488616943
G175L,175,0.812994201,0,0.7674719572067261,0.0569000333861023,0.04552224379327385,0.6802642345428467,0.7884314060211182,0.7735335826873779,0.8366677761077881,0.7584627866744995
G175C,175,0.561987694,1,0.9375911712646484,0.05149610547995378,0.3756034772646484,0.9131954908370972,0.9539774656295776,0.9822971224784851,0.8597794771194458,0.9787063002586365
G175I,175,0.626916777,1,0.8811384320259095,0.0627840695007363,0.25422165502590943,0.8125868439674377,0.9737572073936462,0.88811194896698,0.8343178629875183,0.8969182968139648
G175H,175,1.070116127,0,1.0259482145309449,0.031212620416624905,0.04416791246905505,1.0573091506958008,1.0454105138778687,1.0338304042816162,1.0159517526626587,0.9772392511367798
G175F,175,0.8873363209999999,4,0.8626062393188476,0.06585033603172907,0.024730081681152316,0.8314772844314575,0.8311948776245117,0.9761533737182617,0.8615525960922241,0.8126530647277832
G175A,175,1.056980787,4,0.9610603809356689,0.07755243998422053,0.09592040606433117,1.0795491933822632,0.9285106658935547,0.9843710064888,0.8714547753334045,0.9414162635803223
G175E,175,0.6507809520000001,4,0.9629766464233398,0.0719523237072321,0.3121956944233397,0.9755775928497314,0.9964250922203064,1.0303080081939697,0.8412099480628967,0.9713625907897949
G175P,175,0.960845809,4,0.7625344395637512,0.04651265399018581,0.19831136943624883,0.748081386089325,0.760027289390564,0.8096240162849426,0.6937705278396606,0.8011689782142639
G175D,175,1.207034662,3,0.9600039720535278,0.08376231984697005,0.24703068994647226,0.9199135303497314,1.066969633102417,0.8713554739952087,0.912068784236908,1.029712438583374
G175K,175,1.121290891,2,0.805357551574707,0.03428150992405718,0.3159333394252929,0.7625423669815063,0.7896701693534851,0.8096036911010742,0.8086977005004883,0.8562738299369812
G175Q,175,1.074727004,3,0.9708223104476928,0.0961835313854351,0.10390469355230725,0.8772483468055725,0.9821689128875732,1.0287877321243286,0.8723505139350891,1.0935560464859009
G175W,175,0.8949538370000001,3,0.8157494783401489,0.021772603997406423,0.0792043586598512,0.7991159558296204,0.8348848819732666,0.8082499504089355,0.7939109206199646,0.8425856828689575
K176W,176,0.788865122,3,0.8155721187591553,0.04614727097554591,0.02670699675915522,0.8560668230056763,0.7629353404045105,0.8528985977172852,0.7683573961257935,0.837602436542511
K176D,176,1.245939905,4,1.0189306259155273,0.055559853599401285,0.22700927908447266,1.01145601272583,0.9509789943695068,0.9834886789321899,1.086032748222351,1.0626966953277588
K176F,176,0.84102844,1,0.9807300329208374,0.043341208419405176,0.1397015929208374,1.0243031978607178,0.9406610727310181,0.9283862709999084,0.9989377856254578,1.011361837387085
K176G,176,1.078338241,0,0.7638601183891296,0.01964109990437793,0.3144781226108704,0.752493143081665,0.7929653525352478,0.7447807192802429,0.774576723575592,0.7544846534729004
K176A,176,1.004644109,4,0.9780253767967224,0.03443361037491813,0.026618732203277595,0.9708788990974426,0.9498639106750488,1.0292705297470093,0.9939888715744019,0.9461246728897095
K176H,176,0.809308646,4,1.0574112415313721,0.04673905574026843,0.24810259553137215,1.011207938194275,1.07575261592865,1.1046397686004639,1.0038591623306274,1.0915967226028442
K176I,176,0.902980138,2,1.0515242099761963,0.03583262100468348,0.14854407197619635,1.0605649948120117,1.0715949535369873,1.0712165832519531,0.9879263639450073,1.066318154335022
K176L,176,1.168316915,0,0.8947122693061829,0.04415579930667711,0.27360464569381704,0.8871291875839233,0.8332051634788513,0.878091037273407,0.9354677200317383,0.9396682381629944
K176M,176,0.851077738,4,0.8991494297981262,0.07162010854405433,0.048071691798126204,0.942245364189148,0.8010580539703369,0.9844526648521423,0.8584743738174438,0.9095166921615601
K176P,176,0.85077001,1,1.0015909194946289,0.055472000712292344,0.1508209094946289,0.9910645484924316,0.9484494924545288,1.0260003805160522,1.0844945907592773,0.9579455852508545
K176Q,176,1.076501442,1,0.9364236712455749,0.036545746209442474,0.14007777075442518,0.9036073088645935,0.9133186340332031,0.9973886013031006,0.9349431991577148,0.9328606128692627
K176R,176,0.93349392,0,0.9420172333717346,0.05784606801178767,0.00852331337173462,0.8909388780593872,0.9725235104560852,0.9309247732162476,1.0257489681243896,0.8899500370025635
K176S,176,0.873123205,1,0.9450066447257995,0.03865205922063394,0.07188343972579958,0.9251305460929871,0.9402977228164673,0.9813151359558105,0.9848158359527588,0.8934739828109741
K176V,176,1.151767684,0,0.8778854012489319,0.014415886549043782,0.2738822827510681,0.8975870609283447,0.8700132369995117,0.88616544008255,0.8604013323783875,0.8752599358558655
K176C,176,0.925918063,2,0.814927053451538,0.06696057590663726,0.11099100954846197,0.8304146528244019,0.8781676292419434,0.7600089311599731,0.7309242486953735,0.8751198053359985
K177Y,177,0.902803152,2,0.7475261569023133,0.09178377164703692,0.15527699509768678,0.8348957300186157,0.7171744704246521,0.8239866495132446,0.7528561353683472,0.6087177991867065
K177D,177,1.076337651,3,1.039814007282257,0.09898322091483931,0.03652364371774297,1.1135938167572021,1.0576962232589722,1.033543586730957,0.875170886516571,1.119065523147583
K177E,177,0.8459272659999999,3,0.9705000042915344,0.07374219614867171,0.12457273829153448,1.0182925462722778,0.9700366854667664,0.9384190440177917,0.8671631217002869,1.0585886240005493
K177F,177,0.8822539690000001,1,0.5287142813205719,0.061323763866847535,0.3535396876794282,0.5361314415931702,0.5872161984443665,0.5805693864822388,0.5009768009185791,0.438677579164505
K177G,177,1.09591689,0,1.043203020095825,0.05181767259263119,0.052713869904174926,1.1273283958435059,0.993422269821167,1.0112826824188232,1.032956600189209,1.051025152206421
K177H,177,0.8145109290000001,0,0.9602822422981262,0.030695692537193477,0.1457713132981261,0.9418222904205322,0.9187671542167664,0.9648376703262329,0.9966005086898804,0.9793835878372192
K177I,177,0.741094268,2,0.5702214419841767,0.0819528317676851,0.17087282601582332,0.4591309130191803,0.6218674182891846,0.6480134129524231,0.6141360998153687,0.5079593658447266
K177L,177,0.315703713,0,0.7095421195030213,0.038495919863832134,0.39383840650302127,0.6915067434310913,0.6873409748077393,0.7609193921089172,0.7386696934700012,0.6692737936973572
K177M,177,0.721641124,0,0.8404088020324707,0.022017787796952532,0.11876767803247068,0.8220612406730652,0.8228635787963867,0.8598330020904541,0.8684137463569641,0.8288724422454834
K177Q,177,1.356314371,1,0.9207742094993592,0.039824252021673924,0.4355401615006409,0.9685163497924805,0.8894124627113342,0.9508079290390015,0.8740953207015991,0.9210389852523804
K177R,177,0.972517946,2,0.8298689246177673,0.05307562902132772,0.14264902138223268,0.8947770595550537,0.7478925585746765,0.8478306531906128,0.8269853591918945,0.8318589925765991
K177S,177,0.53756526,3,0.9501772046089172,0.05807996010764915,0.41261194460891715,0.9989908933639526,0.9215118288993835,0.9313791990280151,0.8790237903594971,1.0199803113937378
K177T,177,1.009721671,2,0.7879194259643555,0.02222916914120767,0.2218022450356446,0.7769635915756226,0.7739687561988831,0.7735066413879395,0.826033890247345,0.7891242504119873
K177V,177,0.62540238,1,0.6793101191520691,0.03909531177179627,0.053907739152069034,0.6335345506668091,0.7242411375045776,0.6461641192436218,0.709018349647522,0.6835924386978149
K177A,177,0.973582874,3,0.7948230028152465,0.032120424726998255,0.17875987118475345,0.829662024974823,0.773739218711853,0.808241069316864,0.8122150897979736,0.7502576112747192
K177W,177,0.519813905,2,0.6563123941421509,0.054974349680075384,0.1364984891421509,0.6666998267173767,0.6088641881942749,0.6475102305412292,0.7448194026947021,0.6136683225631714
F178G,178,0.933938431,3,0.7201942682266236,0.05760122852136901,0.21374416277337638,0.7160129547119141,0.7452665567398071,0.6360134482383728,0.793888509273529,0.7097898721694946
F178V,178,0.32077696,0,0.7418595433235169,0.04303096890116719,0.4210825833235169,0.6869913339614868,0.739469051361084,0.7744174003601074,0.715316891670227,0.793103039264679
F178A,178,0.945866325,2,0.8071713447570801,0.07677940704228069,0.13869498024291993,0.7101209759712219,0.8984827995300293,0.8653630018234253,0.7579032778739929,0.803986668586731
F178C,178,0.96497332,4,0.7975155115127563,0.07855336476469728,0.16745780848724368,0.9058995246887207,0.7348160147666931,0.7605077624320984,0.854809045791626,0.7315452098846436
F178E,178,0.195084492,1,0.4763271450996399,0.11092683334772489,0.2812426530996399,0.630591869354248,0.49779561161994934,0.34320715069770813,0.3987547755241394,0.5112863183021545
F178L,178,0.574697515,0,0.6003523826599121,0.016961610353082836,0.025654867659912095,0.5866693258285522,0.5877888202667236,0.6278491616249084,0.6046700477600098,0.5947845578193665
F178P,178,0.17825684,0,0.6636163651943207,0.13351319588632354,0.4853595251943207,0.7362910509109497,0.763552188873291,0.7550573945045471,0.6116257309913635,0.451555460691452
F178R,178,0.102093199,1,0.47853376269340514,0.03289556475312886,0.3764405636934052,0.5083544850349426,0.48188120126724243,0.4342079162597656,0.457645982503891,0.5105792284011841
F178S,178,0.8693845040000001,2,0.724682092666626,0.08459137168902928,0.14470241133337414,0.6020355224609375,0.8159661889076233,0.778357744216919,0.680984616279602,0.7460663914680481
F178T,178,0.507187243,4,0.5318600058555603,0.10127515002057597,0.024672762855560304,0.4962485432624817,0.3723139762878418,0.6031261086463928,0.6216455698013306,0.5659658312797546
F178W,178,1.149639127,0,0.5109808325767518,0.1091144935226539,0.6386582944232482,0.44221213459968567,0.48062190413475037,0.6848403215408325,0.5405235886573792,0.40670621395111084
Q179R,179,1.127419998,1,1.1684487104415893,0.13253253427419623,0.04102871244158934,1.0322216749191284,1.27811861038208,1.2892038822174072,1.2229758501052856,1.0197235345840454
Q179P,179,-0.364130276,2,0.7976933479309082,0.018470230339028972,1.161823623930908,0.8010561466217041,0.8284636735916138,0.7829325795173645,0.7873172760009766,0.7886970639228821
Q179M,179,0.973604915,2,1.160509204864502,0.05835120873401534,0.18690428986450203,1.1787618398666382,1.0671191215515137,1.2078615427017212,1.1432863473892212,1.2055171728134155
Q179V,179,1.11345345,0,1.0778361558914185,0.10448262258093671,0.0356172941085815,1.0886635780334473,1.0577600002288818,1.2501139640808105,0.9869060516357422,1.0057371854782104
Q179W,179,0.790588944,0,0.7860590696334839,0.07563995959013914,0.0045298743665160845,0.8572776913642883,0.8537865281105042,0.7113735675811768,0.7010899782180786,0.8067675828933716
Q179K,179,1.259874376,3,0.7473206043243408,0.06655432462703903,0.5125537716756592,0.6513053774833679,0.7424047589302063,0.8175215721130371,0.8018932938575745,0.7234780192375183
Q179G,179,0.792325725,4,0.7560093760490417,0.17221737113010857,0.036316348950958255,0.5769940614700317,0.7969551682472229,0.9738245010375977,0.5851992964744568,0.8470738530158997
Q179A,179,1.034906821,4,0.9994701743125916,0.11540675165268482,0.035436646687408535,0.8753077387809753,1.073695421218872,1.0690661668777466,0.8727811574935913,1.1065003871917725
Q179S,179,0.954044751,0,0.960412859916687,0.04269480728545985,0.006368108916687043,0.8974238038063049,1.0087257623672485,0.9861890077590942,0.9433821439743042,0.9663435816764832
Y180C,180,0.334484366,0,0.4728248655796051,0.09850510834243405,0.13834049957960515,0.50260329246521,0.39784982800483704,0.43734291195869446,0.6310444474220276,0.39528384804725647
Y180D,180,0.013197104,4,-0.07689480781555176,0.03267536730255528,0.09009191181555176,-0.11648178100585938,-0.09907370805740356,-0.06329351663589478,-0.07363051176071167,-0.031994521617889404
Y180E,180,0.054553827,4,-0.15697847604751586,0.09452475513996686,0.21153230304751586,-0.1208500862121582,-0.2039467692375183,-0.12840759754180908,-0.2908538579940796,-0.04083406925201416
Y180G,180,-0.110966203,1,0.5410179495811462,0.08144262925268779,0.6519841525811463,0.48247238993644714,0.6693357825279236,0.4699675738811493,0.5134649276733398,0.5698490738868713
Y180M,180,0.892290995,3,0.7082156062126159,0.04691156188605683,0.18407538878738405,0.6697161197662354,0.7176536917686462,0.783534049987793,0.6694543361663818,0.7007198333740234
Y180L,180,0.668696869,0,0.7769765257835388,0.06670623866728594,0.10827965678353879,0.8674607276916504,0.7432294487953186,0.6884585618972778,0.7847369909286499,0.8009968996047974
Y180W,180,0.905975741,3,0.34473586082458496,0.07169755767228922,0.561239880175415,0.35111767053604126,0.3897482752799988,0.3533936142921448,0.223558247089386,0.405861496925354
Y180V,180,0.771030074,2,0.6012557446956635,0.09682892443923954,0.16977432930433656,0.4685957729816437,0.5325111150741577,0.6789043545722961,0.690444827079773,0.6358226537704468
Y180S,180,0.0265174179999999,3,0.20442368388175963,0.09265599298981167,0.17790626588175973,0.17341160774230957,0.19559210538864136,0.3470551073551178,0.09108465909957886,0.21497493982315063
Y180R,180,-0.043460115,1,0.08235689401626586,0.12768493910865852,0.12581700901626586,0.17110741138458252,0.20962810516357422,0.016211211681365967,-0.10556894540786743,0.12040668725967407
Y180Q,180,0.089537429,4,0.34340437054634093,0.11495636299472412,0.25386694154634093,0.23393988609313965,0.490277498960495,0.3043963313102722,0.43849819898605347,0.24990993738174438
Y180P,180,0.18939736,3,0.3000685811042786,0.09628497544216896,0.1106712211042786,0.29508325457572937,0.17221057415008545,0.40469664335250854,0.24574530124664307,0.3826071321964264
Y180A,180,0.214501456,1,0.6228238105773926,0.049400182056667685,0.4083223545773925,0.636798620223999,0.7024369239807129,0.5962178707122803,0.6010971665382385,0.5775684714317322
Y180K,180,-0.1003598219999999,0,0.20084434151649475,0.13916921518464961,0.30120416351649465,0.1543639898300171,0.24957317113876343,0.07316428422927856,0.41971489787101746,0.10740536451339722
Y180N,180,0.2111101269999999,3,0.10811958312988282,0.08373775847091254,0.10299054387011708,0.027842700481414795,0.2308948040008545,0.09880536794662476,0.1458072066307068,0.03724783658981323
L181D,181,-0.197075336,0,0.3058012962341309,0.04319742294304091,0.5028766322341309,0.31075620651245117,0.3139258921146393,0.36936044692993164,0.25339293479919434,0.28157100081443787
L181C,181,1.03510067,0,0.8254185795783997,0.031723855427874606,0.20968209042160035,0.8585550785064697,0.83204185962677,0.7910235524177551,0.7936990857124329,0.8517733216285706
L181A,181,1.050730525,0,0.7554874062538147,0.042368439305861545,0.29524311874618536,0.8272653222084045,0.7542312741279602,0.7407084107398987,0.7163323163986206,0.7388997077941895
L181E,181,0.163785151,2,0.005157792568206787,0.08559384196326687,0.1586273584317932,0.038100361824035645,0.08947956562042236,-0.13504570722579956,0.04101717472076416,-0.007762432098388672
L181F,181,1.054921832,0,0.9171161651611328,0.034354394760278746,0.1378056668388672,0.9111513495445251,0.9488772749900818,0.9161268472671509,0.945748507976532,0.8636768460273743
L181G,181,0.8140426890000001,4,0.6635191679000855,0.08456864455284674,0.15052352109991463,0.7204097509384155,0.6167196035385132,0.6156885623931885,0.5819380283355713,0.7828398942947388
L181I,181,1.049778539,1,0.7707010626792907,0.027366462404733952,0.27907747632070934,0.7975034117698669,0.7695766091346741,0.7989190220832825,0.7474563717842102,0.7400498986244202
L181K,181,-0.063744899,1,0.2614162266254425,0.10227135403515264,0.3251611256254425,0.18555384874343872,0.42405152320861816,0.2515702247619629,0.28029629588127136,0.1656092405319214
L181Q,181,0.452413436,1,0.36863328218460084,0.07405074618689976,0.08378015381539916,0.3567323088645935,0.49424198269844055,0.2992579936981201,0.3569374978542328,0.3359966278076172
L181V,181,0.785727416,0,0.8192899227142334,0.04754660193199187,0.03356250671423344,0.7743983268737793,0.8706653118133545,0.8668506741523743,0.7740248441696167,0.8105104565620422
L181T,181,0.612393258,4,0.6616036534309387,0.0424011691264399,0.04921039543093875,0.6577150821685791,0.6600648760795593,0.7207075953483582,0.6682323813438416,0.6012983322143555
L181S,181,0.490853119,3,0.5083746671676636,0.040989541844787564,0.017521548167663548,0.5347963571548462,0.5253602266311646,0.4357668161392212,0.5187489986419678,0.5272009372711182
L181R,181,0.258974112,3,0.022137939929962158,0.05539401780796775,0.23683617207003782,0.03461962938308716,-0.04828786849975586,0.0879584550857544,-0.019183695316314697,0.055583178997039795
L181W,181,0.6491517170000001,2,0.7136062145233154,0.050248669240130786,0.06445449752331533,0.6888803839683533,0.6405163407325745,0.7363961935043335,0.7309646010398865,0.7712735533714294
L182M,182,0.924615891,2,0.8324846982955932,0.06367056590853963,0.09213119270440673,0.7794752717018127,0.8729936480522156,0.9074056148529053,0.7554296851158142,0.8471192717552185
L182R,182,-0.012354125,1,0.20958734154701233,0.0775094329604502,0.22194146654701233,0.20790624618530273,0.21490752696990967,0.11883604526519775,0.3305051028728485,0.17578178644180298
L182K,182,-0.286788491,1,0.07254443168640137,0.10870936510965071,0.3593329226864014,0.050132930278778076,0.2490149736404419,0.0019414424896240234,0.09064757823944092,-0.029014766216278076
L182P,182,0.974822637,0,0.03144298791885376,0.01679038231118179,0.9433796490811462,0.04496079683303833,0.04921996593475342,0.03187483549118042,0.023499250411987305,0.007660090923309326
L182Y,182,0.2596827969999999,0,0.4734901010990143,0.14415459628735747,0.21380730409901438,0.6310907602310181,0.4860166311264038,0.4802147448062897,0.5307415723800659,0.23938679695129395
L182H,182,-0.051858,1,-0.19101500511169434,0.15076902979691517,0.13915700511169432,-0.006767570972442627,-0.15673071146011353,-0.38437098264694214,-0.10847342014312744,-0.29873234033584595
L182G,182,-0.060612464,3,0.3025536358356476,0.026151465897469504,0.36316609983564757,0.32895419001579285,0.2875671684741974,0.3116406798362732,0.319882869720459,0.2647232711315155
L182S,182,0.088049966,1,0.1768684506416321,0.11045385754202243,0.0888184846416321,0.3452065587043762,0.19830816984176636,0.13577574491500854,0.162777841091156,0.04227393865585327
L182Q,182,-0.0739479879999999,4,0.32332923412323,0.06914080772300774,0.3972772221232299,0.3932766020298004,0.30244797468185425,0.21451538801193237,0.36236265301704407,0.3440435528755188
L182D,182,-0.41545856,0,-0.0151533842086792,0.11944855483750007,0.4003051757913208,0.13947224617004395,-0.06845569610595703,0.03181135654449463,0.0032262206077575684,-0.1818210482597351
L182A,182,0.48853949,2,0.6384556889533997,0.07332470830620896,0.14991619895339964,0.6762692928314209,0.5474841594696045,0.5766390562057495,0.7221106290817261,0.6697753071784973
L182V,182,0.8028453720000001,0,0.8475601077079773,0.022177885316020447,0.04471473570797724,0.8469008207321167,0.8187474012374878,0.8478290438652039,0.843315601348877,0.8810076713562012
L182W,182,0.07368558,0,0.2970166265964508,0.09004927931636665,0.22333104659645078,0.2082948088645935,0.2517286539077759,0.44428032636642456,0.2711738049983978,0.30960553884506226
L182T,182,0.4919029479999999,0,0.34436623454093934,0.12430970260154567,0.14753671345906055,0.3813653290271759,0.4184758961200714,0.4716828167438507,0.2969783544540405,0.1533287763595581
L182C,182,0.89217717,1,0.870474636554718,0.050425253179215354,0.021702533445281946,0.7905926704406738,0.856346070766449,0.9102362394332886,0.8812036514282227,0.913994550704956
C183W,183,0.698055068,0,0.7933932662010192,0.046530489359382414,0.0953381982010193,0.7306554317474365,0.8296163082122803,0.7931915521621704,0.7676665186882019,0.8458365201950073
C183V,183,0.836599833,4,1.026633620262146,0.04851804317957446,0.19003378726214604,1.0491883754730225,1.0125019550323486,0.9489953517913818,1.0731682777404785,1.0493141412734985
C183T,183,1.013076636,3,0.8904229640960694,0.08943953762300476,0.12265367190393073,0.8202216029167175,0.8609053492546082,0.8646600246429443,1.0471363067626953,0.8591915369033813
C183S,183,1.141818786,1,0.7638512015342712,0.05827344280587411,0.37796758446572876,0.7967585921287537,0.8454905152320862,0.7434171438217163,0.7390339970588684,0.6945557594299316
C183A,183,0.806872123,2,0.9466466069221496,0.04487670095385941,0.13977448392214964,0.9898123145103455,0.9853835105895996,0.928619921207428,0.880599856376648,0.9488174319267273
C183R,183,0.6427218610000001,3,0.4003227114677429,0.0763534221495058,0.24239914953225716,0.4060218036174774,0.5217516422271729,0.38291335105895996,0.31214869022369385,0.3787780702114105
C183Q,183,0.570654818,0,0.8477489948272705,0.045749285086501945,0.27709417682727056,0.8695693612098694,0.7851388454437256,0.8199242353439331,0.8614694476127625,0.902643084526062
C183P,183,-0.443053341,0,0.5586166620254517,0.12288801310837906,1.0016700030254517,0.6355714201927185,0.6681087017059326,0.632189929485321,0.4690854549407959,0.38812780380249023
C183M,183,1.069424435,1,0.8939125895500183,0.07627946820956287,0.17551184544998166,1.0106741189956665,0.8225730657577515,0.8645882606506348,0.8436608910560608,0.928066611289978
C183L,183,1.010544005,0,0.883144199848175,0.054576686144620405,0.12739980515182503,0.9472149610519409,0.8738088607788086,0.8420140743255615,0.82185298204422,0.9308301210403442
C183H,183,0.7708106509999999,1,0.6838633298873902,0.08005411989870888,0.08694732111260972,0.766647458076477,0.7380331754684448,0.7139267325401306,0.578040361404419,0.6226689219474792
C183G,183,0.6965113820000001,2,0.5454913198947906,0.06093509779926498,0.15102006210520946,0.5625426769256592,0.6249128580093384,0.456880122423172,0.5551797151565552,0.5279412269592285
C183E,183,0.900064295,2,0.5568144798278809,0.10810823361915194,0.34324981517211905,0.5253893136978149,0.6531729698181152,0.6690857410430908,0.5321320295333862,0.40429234504699707
V184W,184,-0.023031295,3,0.6543398261070251,0.054626636347827114,0.6773711211070251,0.6667246222496033,0.6883978843688965,0.657109260559082,0.5611612796783447,0.6983060836791992
V184E,184,0.20949714,3,1.0119845151901246,0.07423120073783004,0.8024873751901246,1.0162984132766724,0.95984947681427,0.9243544340133667,1.1147234439849854,1.0446968078613281
V184S,184,1.188252525,2,0.824486780166626,0.02757154965019053,0.363765744833374,0.8080019950866699,0.8442416787147522,0.7844727039337158,0.850020170211792,0.8356973528862
V184R,184,0.431183875,4,0.6335396289825439,0.03568520621051072,0.2023557539825439,0.6680903434753418,0.5902924537658691,0.6729286313056946,0.6200849413871765,0.6163017749786377
V184Q,184,0.8953991090000001,3,1.0595640301704408,0.056609549909222345,0.16416492117044068,1.0460269451141357,0.9967761635780334,1.0774880647659302,1.0310306549072266,1.1464983224868774
V184N,184,0.629121807,3,0.9480130791664123,0.053491788172939064,0.31889127216641233,0.9999846816062927,0.8683186769485474,0.9306620359420776,0.947351336479187,0.993748664855957
V184M,184,0.637424654,1,0.7754908800125122,0.09595297763941321,0.13806622601251217,0.6342000961303711,0.7901198863983154,0.7875024080276489,0.9032936096191406,0.762338399887085
V184L,184,1.073460008,3,0.7611955642700196,0.015470566673969368,0.3122644437299805,0.7630552053451538,0.7609622478485107,0.7685064077377319,0.7359850406646729,0.7774689197540283
V184G,184,0.687155775,4,0.7530895590782165,0.08605351589682175,0.06593378407821648,0.7957183122634888,0.6484082937240601,0.8673734664916992,0.6921846270561218,0.7617630958557129
V184A,184,0.912071207,4,0.9958706617355346,0.07512837347868584,0.08379945473553463,1.00217866897583,1.057154655456543,1.0224796533584595,0.8661971092224121,1.0313432216644287
V184T,184,1.241698654,2,0.7890279650688171,0.07185204081482338,0.4526706889311828,0.8198133111000061,0.8160419464111328,0.8243758678436279,0.8242641687393188,0.66064453125
V184K,184,0.791371449,2,0.4202226996421814,0.09268809611748938,0.3711487493578186,0.31497812271118164,0.41523003578186035,0.45784810185432434,0.3585207760334015,0.5545364618301392
L185K,185,0.596089755,0,0.7016097068786621,0.13124949132057837,0.10551995187866203,0.540007472038269,0.7933732271194458,0.8252381086349487,0.5808020234107971,0.7686277031898499
L185A,185,0.534029713,2,0.8507477641105652,0.0668910751030642,0.31671805111056517,0.9202871918678284,0.7694298624992371,0.7942827939987183,0.8632771968841553,0.906461775302887
L185C,185,0.7991199809999999,0,1.0575010299682617,0.06825035025874625,0.25838104896826175,1.0519944429397583,1.0713187456130981,1.1407321691513062,1.0721193552017212,0.9513404369354248
L185E,185,1.011149941,1,0.7059002041816711,0.0755101045975619,0.3052497368183289,0.697862982749939,0.8340071439743042,0.6365986466407776,0.6695683002471924,0.6914639472961426
L185G,185,0.590134258,0,0.7860631227493287,0.08993873642140798,0.1959288647493287,0.7250854969024658,0.8202114105224609,0.8992941379547119,0.6689784526824951,0.8167461156845093
L185I,185,0.871591795,2,0.9959323763847351,0.07965139647671447,0.12434058138473514,0.9127458333969116,1.0218548774719238,1.116610050201416,0.9396119713783264,0.9888391494750977
L185Q,185,0.994851143,4,0.8952780365943909,0.05962528400697965,0.09957310640560912,0.9874917268753052,0.8211807012557983,0.898088812828064,0.8849650025367737,0.8846639394760132
L185W,185,0.8386494059999999,2,0.6873964667320251,0.07194078503034507,0.15125293926797478,0.6536134481430054,0.6134762763977051,0.641141414642334,0.771632194519043,0.7571189999580383
L185V,185,1.030680207,3,0.8468490481376648,0.040088849720890364,0.18383115886233525,0.7971837520599365,0.8907396793365479,0.8795143365859985,0.8159844875335693,0.8508229851722717
L185T,185,0.937290463,4,0.8740066409111023,0.1052384650178521,0.06328382208889771,1.050612211227417,0.7962594032287598,0.8883112072944641,0.8022786378860474,0.8325717449188232
L185R,185,0.666826542,1,0.7446133017539978,0.0363499814955827,0.07778675975399774,0.7850714325904846,0.7335560917854309,0.7162924408912659,0.7809752225875854,0.7071713209152222
L185S,185,1.025255729,4,0.7702426314353943,0.07052331809619988,0.25501309756460566,0.8599684834480286,0.7100539207458496,0.821671724319458,0.7636566162109375,0.6958624124526978
S186T,186,1.132857107,3,0.9450329780578614,0.024869750367374287,0.18782412894213862,0.9090340733528137,0.9426170587539673,0.9616993069648743,0.9740455150604248,0.9377689361572266
S186Y,186,1.0534946790000002,1,0.7894744277000427,0.03876443919493913,0.26402025129995743,0.7646668553352356,0.7334784865379333,0.8226985931396484,0.8097983002662659,0.8167299032211304
S186W,186,0.866745977,2,0.9260502219200134,0.059429366374830754,0.059304244920013405,0.8649711608886719,0.9838894009590149,0.9233713746070862,0.8697361350059509,0.9882830381393433
S186V,186,0.774554485,2,0.9335354804992676,0.027388775222032417,0.15898099549926759,0.8870543241500854,0.9551604986190796,0.9355575442314148,0.9522892236709595,0.9376158118247986
S186R,186,0.766670876,3,0.7644173383712769,0.030065931812973394,0.0022535376287230457,0.7388349771499634,0.8044725060462952,0.7450209856033325,0.744871973991394,0.7888862490653992
S186P,186,0.61709485,4,0.7816467761993409,0.03593942967091248,0.1645519261993409,0.7519018650054932,0.8138167262077332,0.8164002299308777,0.7370961904525757,0.7890188694000244
S186M,186,0.783224245,0,0.9792050242424011,0.06516672450220998,0.1959807792424011,0.9225951433181763,0.9574469327926636,1.0294708013534546,1.065322756767273,0.9211894869804382
S186L,186,0.953013985,4,0.7615660309791565,0.04891434394530107,0.19144795402084347,0.7427161335945129,0.7720542550086975,0.6935755014419556,0.7717458009719849,0.8277384638786316
S186H,186,0.943474536,2,1.1299228906631469,0.07402986010753575,0.1864483546631469,1.0873901844024658,1.1984385251998901,1.1663837432861328,1.0207931995391846,1.1766088008880615
S186G,186,0.770310343,4,0.9962978601455689,0.05932152209729592,0.22598751714556886,1.0501827001571655,0.9978016018867493,1.0359828472137451,0.8983827829360962,0.9991393685340881
S186F,186,1.067628502,1,0.8075406193733216,0.08705397768277,0.2600878826266785,0.6979472637176514,0.8030517101287842,0.8292127251625061,0.9360355138778687,0.7714558839797974
S186A,186,1.215861118,3,1.0057932376861571,0.03752682282763564,0.21006788031384294,0.9993635416030884,1.0148563385009766,0.9662322402000427,1.06464684009552,0.9838672280311584
S186C,186,0.96971553,1,1.0464111804962157,0.07530114931565328,0.07669565049621574,0.9690777063369751,1.0688066482543945,0.9766144752502441,1.1508978605270386,1.0666592121124268
S186E,186,0.978182546,2,1.3585586309432984,0.13564706385701886,0.38037608494329844,1.3187286853790283,1.5837992429733276,1.3328371047973633,1.215989112854004,1.3414390087127686
S186D,186,1.551753299,4,0.9595542073249816,0.05588195160851877,0.5921990916750184,0.914527416229248,1.0293428897857666,1.0087106227874756,0.9076788425445557,0.9375112652778625
Y187G,187,0.778810839,1,0.6396033644676209,0.06429711188985639,0.13920747453237914,0.590582549571991,0.5910336971282959,0.7140928506851196,0.5965694785118103,0.7057382464408875
Y187C,187,0.6891467370000001,0,0.728912889957428,0.03411196223238649,0.039766152957427914,0.6849219799041748,0.7496541738510132,0.740205705165863,0.7672184705734253,0.7025641202926636
Y187N,187,1.565658962,0,0.7962377786636352,0.04939308238924466,0.7694211833363649,0.7846687436103821,0.7397682070732117,0.8356152772903442,0.8578691482543945,0.7632675170898438
Y187P,187,0.65279206,0,0.5328322350978851,0.0647852710366298,0.11995982490211488,0.5729755163192749,0.5482937097549438,0.607919454574585,0.4869759678840637,0.4479965269565582
Y187I,187,0.81712252,3,0.7426913261413575,0.02375870970136446,0.0744311938586425,0.756464421749115,0.735748827457428,0.7245441675186157,0.7768685221672058,0.7198306918144226
Y187D,187,0.578278999,1,0.8356822729110718,0.10602604474969334,0.25740327391107176,0.9171522259712219,0.7145115733146667,0.8806931376457214,0.7290889620780945,0.9369654655456543
Y187E,187,0.621407182,1,0.5611879110336304,0.04430115236526702,0.06021927096636959,0.589697003364563,0.5727660655975342,0.5947786569595337,0.48522740602493286,0.5634704232215881
Y187Q,187,0.3536016629999999,3,0.6934253692626953,0.0701286978976227,0.33982370626269537,0.7135513424873352,0.6648644208908081,0.6062443852424622,0.6851993203163147,0.7972673773765564
Y187R,187,0.651363567,3,0.6906322360038757,0.06954146220847136,0.03926866900387571,0.743608295917511,0.7167474031448364,0.5730382204055786,0.6845260858535767,0.735241174697876
Y187S,187,0.8393139359999999,3,0.7724465250968933,0.060472054720611707,0.06686741090310666,0.8563432693481445,0.8042680025100708,0.7110759019851685,0.7194558382034302,0.7710896134376526
Y187T,187,0.693424735,2,0.709511685371399,0.030266458623903765,0.016086950371398956,0.6628367304801941,0.7241328358650208,0.7005916833877563,0.7167149186134338,0.7432822585105896
Y187V,187,0.491034098,0,0.7043961644172668,0.03539955535595083,0.21336206641726685,0.6859385967254639,0.7241081595420837,0.7203245759010315,0.7398611307144165,0.6517483592033386
Y187W,187,0.678533556,3,0.7559815406799316,0.038507888451515045,0.07744798467993164,0.7551174759864807,0.8039687275886536,0.7787201404571533,0.7027403116226196,0.739361047744751
Y187K,187,0.617637733,3,0.6656896829605102,0.06828133102595511,0.04805194996051021,0.7013713121414185,0.6455304026603699,0.5576754808425903,0.6892933249473572,0.7345778942108154
Y187L,187,0.737879383,0,0.6569384932518005,0.03496008261186561,0.08094088974819946,0.6367251873016357,0.6048009395599365,0.6803696751594543,0.6842566132545471,0.678540050983429
Y187A,187,0.617318397,1,0.6583596110343933,0.04615281439836217,0.041041214034393314,0.6165627837181091,0.62208491563797,0.7090385556221008,0.6366019248962402,0.7075098752975464
D188T,188,0.6778636579999999,3,0.5817568182945252,0.05683606744743117,0.09610683970547473,0.6522865891456604,0.6110004186630249,0.510323703289032,0.5394136309623718,0.5957597494125366
D188G,188,0.6999487209999999,2,0.7066220760345459,0.08518141822634552,0.006673355034545914,0.5853159427642822,0.7163559794425964,0.6679916977882385,0.8085641264915466,0.7548826336860657
D188E,188,0.8224705990000001,4,0.7766961216926574,0.038582737119408766,0.04577447730734263,0.751463770866394,0.7673562169075012,0.7365705370903015,0.7936654090881348,0.8344246745109558
D188C,188,0.910335561,2,0.8692970037460327,0.07209835647418636,0.04103855725396732,0.8588234186172485,0.9926132559776306,0.8030290603637695,0.845843493938446,0.8461757898330688
D188V,188,0.4872327079999999,4,0.7523208618164062,0.03326743583565263,0.2650881538164063,0.776326060295105,0.7520467042922974,0.707595944404602,0.7342706918716431,0.7913649082183838
D188K,188,0.849053787,0,0.7351299524307251,0.022523051109936878,0.1139238345692749,0.7219801545143127,0.7735050916671753,0.7366769909858704,0.7183666825294495,0.7251208424568176
D188Y,188,0.62613277,4,0.7173586010932922,0.03418262697014765,0.09122583109329219,0.7554989457130432,0.684918999671936,0.753360390663147,0.6957607269287109,0.697253942489624
D188L,188,0.612120539,4,0.7355707049369812,0.03280965712155513,0.12345016593698122,0.7539279460906982,0.726157546043396,0.6819300055503845,0.7564907073974609,0.7593473196029663
D188M,188,0.849540987,4,0.7057561874389648,0.049260304635770934,0.14378479956103518,0.7041608095169067,0.743984580039978,0.6232231855392456,0.7424403429031372,0.7149720191955566
D188N,188,0.954372377,1,0.8216500043869018,0.058121024079299075,0.13272237261309816,0.8118647336959839,0.8789225816726685,0.8846942186355591,0.771538496017456,0.7612299919128418
D188P,188,0.7143851109999999,4,0.7529887795448303,0.02404013314147162,0.03860366854483044,0.7384488582611084,0.7846679091453552,0.7498205304145813,0.7237647771835327,0.768241822719574
D188Q,188,0.716156053,4,0.7855788350105286,0.030148296586617957,0.06942278201052865,0.8168591260910034,0.7835704684257507,0.7368590235710144,0.7885774970054626,0.8020280599594116
D188R,188,0.641991931,3,0.699376893043518,0.023157832529760617,0.05738496204351806,0.7378243803977966,0.6888576745986938,0.6809624433517456,0.6853482723236084,0.7038916945457458
D188W,188,0.6236202710000001,1,0.6754840612411499,0.03690458686927393,0.05186379024114984,0.6840702891349792,0.7034302949905396,0.7149986624717712,0.6458300352096558,0.6290910243988037
D188S,188,0.6012539379999999,2,0.7438111782073975,0.030845534344479293,0.14255724020739757,0.7239450216293335,0.7539312839508057,0.7218896150588989,0.7937531471252441,0.7255368232727051
D188F,188,0.66759457,0,0.5558680057525635,0.03064277736872227,0.11172656424743654,0.5701466202735901,0.5665817260742188,0.5331674814224243,0.5929275751113892,0.5165166258811951
D188A,188,0.756446108,2,0.7517768621444703,0.027553257880570208,0.004669245855529747,0.7291218638420105,0.7580569386482239,0.7304288148880005,0.796297550201416,0.7449791431427002
P189A,189,1.109478073,4,0.9525186538696289,0.031210031627417825,0.15695941913037115,0.9054476022720337,0.9879430532455444,0.9588207602500916,0.9688234925270081,0.9415583610534668
P189V,189,0.782343461,3,0.8534591555595398,0.06858184964171647,0.07111569455953981,0.9119694828987122,0.8927622437477112,0.8999208211898804,0.7560297846794128,0.8066134452819824
P189H,189,1.054655465,2,0.7102355003356934,0.09270452652376812,0.3444199646643066,0.6497166156768799,0.7221857905387878,0.5946515798568726,0.835546612739563,0.7490769028663635
P189I,189,0.710677625,4,0.6943996667861938,0.026564673912852135,0.016277958213806176,0.7139333486557007,0.7077170014381409,0.7061665654182434,0.6958601474761963,0.648321270942688
P189K,189,0.563243159,1,0.7048558831214905,0.06039174081330187,0.1416127241214905,0.6899148225784302,0.6950269937515259,0.7774537205696106,0.6182737350463867,0.743610143661499
P189L,189,0.642314785,3,0.828256356716156,0.046641799140640525,0.185941571716156,0.8738616108894348,0.8297833800315857,0.8751087784767151,0.7832574248313904,0.779270589351654
P189M,189,0.909242201,2,0.6922396183013916,0.09650029132092212,0.2170025826986084,0.6517852544784546,0.5680248141288757,0.7025009989738464,0.8333073258399963,0.7055796980857849
P189Q,189,0.929956567,1,0.6110050320625305,0.04478312325315282,0.3189515349374694,0.6775233745574951,0.5617601871490479,0.6305702924728394,0.5851351022720337,0.6000362038612366
P189R,189,0.610124102,3,0.8373286843299865,0.020769273899060196,0.22720458232998653,0.8254729509353638,0.848040759563446,0.8600702285766602,0.807559609413147,0.8454998731613159
P189S,189,0.925504456,3,0.8488351106643677,0.02432517985461147,0.0766693453356323,0.8477512001991272,0.8812305331230164,0.8432019948959351,0.8141464591026306,0.8578453660011292
P189T,189,0.996195356,2,0.7583640813827515,0.04061241993620603,0.2378312746172485,0.7638813853263855,0.7710410356521606,0.7026566863059998,0.8131719827651978,0.7410693168640137
P189W,189,0.911855258,2,0.6810539722442627,0.05707190277741172,0.23080128575573733,0.7173659801483154,0.5884344577789307,0.6630213856697083,0.7228862643241882,0.7135617733001709
P189G,189,0.7805956140000001,3,0.8274947285652161,0.042888798466841446,0.046899114565216005,0.8744972944259644,0.8741747736930847,0.7933985590934753,0.8016831874847412,0.7937198281288147
P189F,189,0.812872182,2,0.6200323462486267,0.04084696641603816,0.1928398357513733,0.6383860111236572,0.568255603313446,0.5863240957260132,0.6651448011398315,0.6420512199401855
P189N,189,-0.069050459,0,0.37571477293968203,0.1146057630995828,0.44476523193968204,0.44334957003593445,0.46023818850517273,0.4193338453769684,0.3772048354148865,0.178447425365448
P189D,189,0.138058555,3,0.534773999452591,0.0901222097046634,0.396715444452591,0.6157525777816772,0.6227245330810547,0.5206270813941956,0.40253618359565735,0.5122296214103699
P189C,189,0.715202584,0,0.9671388864517212,0.0722681870892551,0.25193630245172116,0.8797128200531006,0.9111684560775757,1.0565016269683838,1.0124483108520508,0.9758632183074951
P189E,189,0.7661392990000001,2,0.49582732319831846,0.1365574970568128,0.27031197580168165,0.5708480477333069,0.2817036211490631,0.44279080629348755,0.6222538352012634,0.5615403056144714
T190C,190,1.025938108,1,1.0006807804107667,0.033413008675476974,0.02525732758923338,1.0083792209625244,1.0198876857757568,0.9416941404342651,1.012056827545166,1.0213860273361206
T190D,190,0.594263005,0,1.1133352756500243,0.12372645909003295,0.5190722706500244,0.9554393291473389,1.1828534603118896,1.1625086069107056,1.0140204429626465,1.2518545389175415
T190E,190,1.101619788,1,0.8343607544898987,0.08793658819896148,0.2672590335101014,0.8492469787597656,0.753688395023346,0.7476338148117065,0.9608669877052307,0.8603675961494446
T190F,190,1.302822807,2,0.8706734418869019,0.05082766368400172,0.4321493651130982,0.8300812244415283,0.9278984069824219,0.8083941340446472,0.877830445766449,0.9091629981994629
T190G,190,0.948520574,0,0.8995978593826294,0.041827380190434686,0.04892271461737063,0.8338102102279663,0.9483767151832581,0.9028173685073853,0.8968672752380371,0.9161177277565002
T190A,190,0.8859273879999999,4,1.0691964864730834,0.03618286275888825,0.18326909847308348,1.0323238372802734,1.1193711757659912,1.0671814680099487,1.0381369590759277,1.0889689922332764
T190H,190,1.303041989,3,0.9386902809143066,0.05996817147281623,0.3643517080856934,0.8577175736427307,0.9038463830947876,1.0036237239837646,0.940646231174469,0.9876174926757812
T190S,190,1.138842301,1,1.001774823665619,0.04735814903241264,0.13706747733438096,0.9407535791397095,0.97846919298172,1.0043234825134277,1.0686841011047363,1.016643762588501
T190R,190,1.136553747,0,0.9581880569458008,0.06992654189753403,0.17836569005419922,0.9033807516098022,1.060002088546753,0.9372786283493042,0.9971548318862915,0.893123984336853
T190Q,190,1.030062593,1,1.061121439933777,0.07678207317601733,0.031058846933776918,1.087012529373169,1.0618023872375488,1.1584594249725342,1.0528302192687988,0.9455026388168335
T190P,190,1.167383565,2,0.8522229194641113,0.11193021423991936,0.31516064553588863,0.6914697289466858,0.9774182438850403,0.8363856673240662,0.9371930956840515,0.8186478614807129
T190L,190,1.158902331,4,1.143992042541504,0.07940485408905446,0.014910288458495957,1.1905156373977661,1.1729304790496826,1.233210563659668,1.0429587364196777,1.080344796180725
T190W,190,1.058163747,4,0.9829980850219726,0.08537691711004548,0.07516566197802743,1.0426290035247803,0.9834210276603699,1.0856678485870361,0.8714677691459656,0.9318047761917114
T190I,190,1.065829528,0,1.0544747471809388,0.10151754614554624,0.011354780819061272,1.0267244577407837,1.2245934009552002,0.98829185962677,0.9703900218009949,1.0623739957809448
T190V,190,1.026183978,1,1.0438675284385681,0.05479682564862772,0.017683550438568174,1.1379530429840088,0.9974812865257263,1.015119194984436,1.0336973667144775,1.035086750984192
T190Y,190,0.948310577,4,1.112665605545044,0.09130631007201627,0.1643550285450439,1.139751672744751,1.0816969871520996,1.256819248199463,1.019766092300415,1.0652940273284912
K191Y,191,0.933327639,3,0.8732722401618958,0.04894789106486076,0.06005539883810429,0.7946356534957886,0.9107482433319092,0.9053257703781128,0.8993492722511292,0.8563022613525391
K191E,191,0.533354316,3,0.8777954816818238,0.04198994338143855,0.3444411656818237,0.8543927073478699,0.917732298374176,0.8702979683876038,0.9223330020904541,0.8242214322090149
K191A,191,0.912085466,2,0.8288792610168457,0.04151913525321411,0.08320620498315423,0.8767614364624023,0.8422846794128418,0.8459300994873047,0.7666475176811218,0.8127725720405579
K191C,191,1.002272168,1,0.8309523463249207,0.044249693311992334,0.1713198216750793,0.8672429323196411,0.8197056651115417,0.7627988457679749,0.8726879358291626,0.832326352596283
K191D,191,1.11093079,4,0.6225055813789367,0.048765311240459776,0.4884252086210633,0.673830509185791,0.6404000520706177,0.6556554436683655,0.5608539581298828,0.5817879438400269
K191G,191,0.773233423,3,0.8758812785148621,0.0422617551799542,0.10264785551486211,0.8888086080551147,0.9162092208862305,0.8911930322647095,0.8787837624549866,0.804411768913269
K191I,191,1.010450833,3,0.8816195845603942,0.05196114759812439,0.1288312484396057,0.8830850720405579,0.9503223299980164,0.9118196964263916,0.8234142065048218,0.8394566178321838
K191M,191,0.816626792,2,0.8567831158638001,0.03300311099198682,0.04015632386380008,0.895412027835846,0.8134406208992004,0.862263560295105,0.8345395922660828,0.8782597780227661
K191L,191,1.0075374540000002,4,0.9038137078285218,0.03477217810091404,0.10372374617147839,0.9161527156829834,0.9416119456291199,0.9099736213684082,0.8470921516418457,0.9042381048202515
K191Q,191,0.959676173,1,0.837524163722992,0.039317318611768536,0.12215200927700798,0.867612361907959,0.8316220045089722,0.7885560989379883,0.8855404853820801,0.8142898678779602
K191R,191,0.82572809,0,0.9190160393714905,0.03308207897780333,0.09328794937149043,0.8859182596206665,0.9621902108192444,0.9184117317199707,0.8880788683891296,0.9404811263084412
K191S,191,1.010083192,2,0.8528348565101623,0.03660484907231848,0.15724833548983763,0.8272484540939331,0.9105663895606995,0.8532218933105469,0.8160414099693298,0.8570961356163025
K191T,191,0.613322385,4,1.0018361687660218,0.07069313558000931,0.38851378376602175,0.9288302659988403,0.954709529876709,0.988631546497345,1.1095871925354004,1.027422308921814
K191V,191,0.852971933,2,0.9361295342445374,0.031207550470607796,0.08315760124453742,0.9349507093429565,0.9663788080215454,0.9577299952507019,0.8860061168670654,0.9355820417404175
K191W,191,0.770272032,3,0.8552708506584168,0.05582703681500485,0.08499881865841674,0.8561185598373413,0.809497058391571,0.9488025307655334,0.8458214402198792,0.8161146640777588
K191P,191,0.567523432,0,0.6574828505516053,0.08109701534658086,0.08995941855160527,0.7132871747016907,0.5477551221847534,0.756936252117157,0.6241080164909363,0.6453276872634888
H192S,192,0.566607248,1,0.7873260140419006,0.07082800070831446,0.22071876604190066,0.8087084293365479,0.7967410683631897,0.6639290452003479,0.8354182839393616,0.8318332433700562
H192L,192,0.805825604,0,0.9787665486335755,0.06267444298235575,0.17294094463357546,0.9764660596847534,0.9255288243293762,0.9941346049308777,0.9219432473182678,1.075760006904602
H192R,192,0.966114812,4,0.7566031336784362,0.044473059230662776,0.2095116783215638,0.7570501565933228,0.8326363563537598,0.7394508719444275,0.7207724452018738,0.7331058382987976
H192T,192,0.7115957759999999,4,0.8567334771156311,0.026149806418611445,0.14513770111563118,0.8444317579269409,0.8860391974449158,0.8452315330505371,0.8820685744285583,0.8258963227272034
H192P,192,0.3274429769999999,0,0.7435246109962463,0.0635777022803377,0.4160816339962464,0.8479963541030884,0.7487005591392517,0.7343970537185669,0.7000432014465332,0.6864858865737915
H192W,192,1.201837036,4,0.7960808753967286,0.09456780120884799,0.40575616060327135,0.808319091796875,0.9394121170043945,0.6773471832275391,0.7899619936943054,0.7653639912605286
H192Y,192,1.4348937169999998,3,0.9968411445617675,0.044230430551318464,0.43805257243823226,0.9618297815322876,0.9845017194747925,0.9867596626281738,0.9770990610122681,1.074015498161316
H192K,192,0.632419803,2,0.7951016068458557,0.05990731552645279,0.16268180384585573,0.7524788975715637,0.8948264122009277,0.7454138398170471,0.7983748912811279,0.7844139933586121
H192V,192,0.901603505,2,0.7500870108604432,0.024573716140715983,0.1515164941395568,0.7097834944725037,0.7634401917457581,0.7646671533584595,0.7435501217842102,0.7689940929412842
H192G,192,0.504297616,3,0.29974281787872314,0.11540000662009108,0.20455479812127686,0.3703620433807373,0.23192685842514038,0.4690936207771301,0.2040647268295288,0.2232668399810791
H192M,192,1.160371447,3,0.7129087328910828,0.08453379034908079,0.44746271410891714,0.7756840586662292,0.7210785150527954,0.8005701899528503,0.587162971496582,0.6800479292869568
H192D,192,0.866120111,3,0.7473894238471985,0.04393779582281508,0.11873068715280144,0.7487471103668213,0.6724922060966492,0.781564474105835,0.7762359380722046,0.7579073905944824
H192C,192,0.57769972,4,0.7898196101188659,0.06289784407563943,0.2121198901188659,0.720535933971405,0.8805683851242065,0.7973148822784424,0.8093501329421997,0.7413287162780762
H192A,192,0.771618369,1,0.7351606130599976,0.05807228467987561,0.036457755940002445,0.6983365416526794,0.7523283958435059,0.6534793376922607,0.7898502349853516,0.7818085551261902
H192E,192,0.8941712820000001,4,0.830336618423462,0.033497957898818154,0.06383466357653811,0.862178385257721,0.8427261710166931,0.8152457475662231,0.8522953987121582,0.7792373895645142
P193T,193,1.328254275,4,0.9990492463111877,0.09495335260613362,0.3292050286888122,0.881546676158905,1.1089013814926147,0.9766392707824707,0.9461228847503662,1.082036018371582
P193Q,193,1.438637697,0,0.7201908349990844,0.1444697017147864,0.7184468620009157,0.9657498598098755,0.7366532683372498,0.6283658742904663,0.6355851292610168,0.634600043296814
P193M,193,1.489189006,4,0.5751188099384308,0.10210576241255485,0.9140701960615691,0.4686976373195648,0.5605964660644531,0.7351031303405762,0.5992384552955627,0.5119583606719971
P193L,193,0.8437998879999999,3,0.7621840357780456,0.11267191977491273,0.08161585222195433,0.7158700823783875,0.8696756958961487,0.7309727668762207,0.8807247281074524,0.613676905632019
P193K,193,0.3535127,3,1.1605790376663208,0.17642377498429007,0.8070663376663207,1.1997357606887817,1.2668309211730957,1.1260401010513306,1.3335514068603516,0.8767369985580444
P193I,193,0.500555335,4,0.7785967350006103,0.11058319357362127,0.2780414000006103,0.8184880018234253,0.5855764746665955,0.8201156854629517,0.8018885850906372,0.8669149279594421
P193H,193,1.111908436,1,1.4013037919998168,0.09600066068847667,0.2893953559998168,1.3581347465515137,1.5187175273895264,1.263420581817627,1.442563533782959,1.4236825704574585
P193S,193,1.01501599,4,1.0582188487052917,0.0707383201591071,0.043202858705291725,0.9820572137832642,1.1154627799987793,1.0659279823303223,0.990284264087677,1.137362003326416
P193G,193,0.919328024,1,0.9000393390655518,0.1644323257061956,0.01928868493444824,0.6259598731994629,0.957656979560852,0.8775213956832886,1.0015029907226562,1.037555456161499
P193Y,193,1.454277251,3,0.7805722475051879,0.1381800569310646,0.673705003494812,0.6272438168525696,0.780971884727478,0.8419120907783508,0.976213812828064,0.6765196323394775
P193W,193,0.523113432,0,1.028325605392456,0.1414228661092098,0.505212173392456,1.1867731809616089,1.1306636333465576,0.9165268540382385,1.0558750629425049,0.8517892956733704
P193E,193,0.568744726,3,1.1682234048843383,0.14361891107420327,0.5994786788843383,1.1331350803375244,1.1053805351257324,1.3642733097076416,1.2496936321258545,0.988634467124939
P193C,193,1.294834843,3,0.9599453926086425,0.15577670988740372,0.33488945039135753,0.8542810678482056,1.1155096292495728,1.110395908355713,0.9572249054908752,0.7623154520988464
P193A,193,1.284377984,0,0.9440535545349121,0.19204257318519022,0.3403244294650879,1.2121740579605103,1.0847177505493164,0.8173269033432007,0.8050695061683655,0.8009795546531677
P193V,193,0.625884185,3,0.9910027265548706,0.1432308076200865,0.36511854155487067,0.9685333967208862,1.0405972003936768,1.1291512250900269,1.0606043338775635,0.7561274766921997
P193R,193,0.892856358,4,0.8226834058761596,0.07417200828272649,0.07017295212384034,0.7312593460083008,0.8717808723449707,0.8036025166511536,0.7863516807556152,0.9204226136207581
G194A,194,0.786605718,2,0.8190849661827088,0.02613383530525712,0.03247924818270875,0.8328286409378052,0.8577314019203186,0.8104442954063416,0.7942264676094055,0.8001940250396729
G194E,194,0.827871356,1,0.7084382057189942,0.049371082311765215,0.11943315028100576,0.7742049098014832,0.6820646524429321,0.6452327966690063,0.7053317427635193,0.7353569269180298
G194K,194,1.081274679,0,0.7094362497329711,0.07110904176911834,0.3718384292670289,0.7105266451835632,0.7909533381462097,0.6150150895118713,0.6674128174781799,0.7632733583450317
G194L,194,0.6653913220000001,1,0.7621325850486755,0.0176529445466315,0.09674126304867547,0.7682844996452332,0.7435027956962585,0.7667359709739685,0.7459527254104614,0.786186933517456
G194M,194,0.671335193,0,0.6773406505584717,0.08400730937364738,0.006005457558471705,0.7906691431999207,0.6131328344345093,0.7334897518157959,0.6605480313301086,0.5888634920120239
G194V,194,0.503560989,2,0.7903414130210876,0.015323511449118258,0.2867804240210876,0.7997029423713684,0.7645952701568604,0.8038625717163086,0.7927261590957642,0.7908201217651367
G194T,194,0.957953399,3,0.7564667582511901,0.04851474632697848,0.20148664074880984,0.8098668456077576,0.6774786114692688,0.7733346223831177,0.7616870999336243,0.7599666118621826
G194S,194,0.7899031479999999,1,0.8575217604637146,0.049922103695288385,0.0676186124637147,0.9321882724761963,0.8236739039421082,0.8621183037757874,0.801680326461792,0.8679479956626892
G194R,194,0.853471055,0,0.7787030100822449,0.06760606493291887,0.07476804491775513,0.8338417410850525,0.8345978260040283,0.7041181325912476,0.706207811832428,0.814749538898468
G194Q,194,0.57068235,3,0.8861804246902466,0.06762333927248709,0.3154980746902466,0.8894951939582825,0.7728016376495361,0.926493763923645,0.8949006199836731,0.9472109079360962
G194P,194,0.786448154,3,0.7385769844055176,0.12168290920518872,0.047871169594482454,0.7067790627479553,0.5400910973548889,0.8242799639701843,0.7882581353187561,0.8334766626358032
G194C,194,0.785899887,3,0.5696573317050934,0.07651314912812383,0.21624255529490666,0.5968998670578003,0.43759724497795105,0.6200859546661377,0.6214780211448669,0.5722255706787109
G194W,194,0.512910011,4,0.5845943808555603,0.03156624628258586,0.07168436985556026,0.5625520944595337,0.5606606006622314,0.563160240650177,0.6084117889404297,0.6281871795654297
G194Y,194,1.083303835,4,0.6630169868469238,0.06016851905243315,0.42028684815307615,0.5612971782684326,0.6739867329597473,0.6696490049362183,0.7197702527046204,0.6903817653656006
P195R,195,0.526349631,4,0.39762847423553466,0.10777572570745925,0.12872115676446533,0.27283838391304016,0.5348129272460938,0.48287150263786316,0.34448638558387756,0.3531331717967987
P195V,195,0.7550687770000001,2,0.5654860615730286,0.06496001532720434,0.18958271542697147,0.5197720527648926,0.6694650053977966,0.5658425092697144,0.5697868466377258,0.5025638937950134
P195T,195,0.652905069,1,0.5435913860797882,0.10582305640379087,0.10931368292021182,0.6411659121513367,0.5691048502922058,0.43918606638908386,0.4257434606552124,0.6427566409111023
P195S,195,0.386771297,4,0.721521544456482,0.056778303378700185,0.33475024745648196,0.6567950248718262,0.7720808982849121,0.7703456282615662,0.6644124984741211,0.7439736723899841
P195Q,195,0.22300731,1,0.44964260458946226,0.10087548023827694,0.22663529458946227,0.5402675867080688,0.5089836120605469,0.3559977412223816,0.3250097334384918,0.5179543495178223
P195M,195,0.338298974,0,0.5602079451084137,0.11287177664619212,0.22190897110841368,0.41916871070861816,0.46350905299186707,0.6754657626152039,0.6430389881134033,0.5998572111129761
P195L,195,0.302559087,0,0.5508394956588745,0.13572453781406893,0.24828040865887446,0.35355666279792786,0.6354601979255676,0.6923933029174805,0.5961790084838867,0.4766083061695099
P195K,195,-0.191870815,3,0.5302311837673187,0.0629554031358844,0.7221019987673187,0.5099611282348633,0.5754380822181702,0.5711450576782227,0.5664321184158325,0.428179532289505
P195G,195,0.596809469,3,0.43448473811149596,0.10785217334508551,0.16232473088850402,0.5847039222717285,0.34746959805488586,0.4854694604873657,0.4376893937587738,0.31709131598472595
P195F,195,0.51904021,4,0.41990227103233335,0.09115131952403716,0.09913793896766665,0.403556764125824,0.47772759199142456,0.4958994686603546,0.269111305475235,0.45321622490882874
P195C,195,-0.085794496,4,0.5358804285526275,0.06320296731798904,0.6216749245526275,0.5438346266746521,0.6388806104660034,0.5125628113746643,0.4705871641635895,0.5135369300842285
P195A,195,0.6515592029999999,1,0.73579021692276,0.07042669255147117,0.08423101392276011,0.8034337759017944,0.6217372417449951,0.760587215423584,0.720068097114563,0.7731247544288635
P195E,195,0.809496898,2,0.242505806684494,0.06292634040506041,0.5669910913155061,0.24002009630203247,0.2757812440395355,0.24951964616775513,0.3071555495262146,0.14005249738693237
P195W,195,0.615349619,0,0.2589467644691467,0.10171635958455752,0.35640285453085324,0.0923643708229065,0.3568425178527832,0.2880728244781494,0.24393659830093384,0.3135175108909607
P196F,196,0.223777361,4,0.509865528345108,0.09026830619348551,0.286088167345108,0.3842867314815521,0.5193448662757874,0.6334692239761353,0.5328299403190613,0.47939687967300415
P196M,196,-0.317530527,1,0.589035552740097,0.07076172389729977,0.906566079740097,0.6036895513534546,0.602719783782959,0.48582425713539124,0.5709233283996582,0.6820208430290222
P196W,196,0.572778608,2,0.2267526388168335,0.03725498359084805,0.3460259691831665,0.17318487167358398,0.2596791684627533,0.2061859369277954,0.26012447476387024,0.23458874225616455
P196G,196,0.504843779,1,0.6421567559242248,0.05591555789448683,0.13731297692422484,0.7193159461021423,0.6566441059112549,0.5632889270782471,0.6312401294708252,0.6402946710586548
P196V,196,0.58833772,2,0.6413156986236572,0.05591899525407775,0.052977978623657274,0.6040800213813782,0.7184890508651733,0.6831043362617493,0.6067624092102051,0.5941426753997803
P196E,196,0.135379118,0,0.5730775475502015,0.04968944293276063,0.43769842955020144,0.5299167037010193,0.5637074112892151,0.6239942312240601,0.5222528576850891,0.6255165338516235
P196S,196,0.913488738,0,0.6435358166694641,0.05311424307967342,0.26995292133053583,0.5633614659309387,0.701857328414917,0.625446081161499,0.6506575345993042,0.6763566732406616
P196L,196,0.527973873,0,0.35169177651405337,0.04918780286368541,0.17628209648594662,0.2924766540527344,0.42220091819763184,0.364921897649765,0.32040292024612427,0.35845649242401123
P196Q,196,0.396324275,3,0.3744965076446533,0.08788286281131483,0.021827767355346694,0.40067166090011597,0.25145405530929565,0.4956118166446686,0.3696562349796295,0.3550887703895569
P196I,196,0.782518457,0,0.17535266876220704,0.06470618162714144,0.607165788237793,0.16425079107284546,0.12345820665359497,0.1814497709274292,0.12545901536941528,0.28214555978775024
P196K,196,0.183583871,4,0.3201305687427521,0.03579259999493016,0.13654669774275208,0.34298813343048096,0.3258674740791321,0.326682448387146,0.34676429629325867,0.2583504915237427
P196A,196,0.851477371,1,0.7655803918838501,0.08203341547425973,0.08589697911614991,0.8206756114959717,0.7050675749778748,0.6825829744338989,0.7411458492279053,0.8784299492835999
P196D,196,0.600574896,0,0.6424526810646057,0.03891188230971338,0.04187778506460571,0.6021921038627625,0.6963931322097778,0.6372061371803284,0.6111900806427002,0.6652819514274597
P196R,196,0.67844626,1,0.5413422524929047,0.11002680655300802,0.13710400750709528,0.7083584666252136,0.5868645906448364,0.4244435131549835,0.48307985067367554,0.5039648413658142
F197I,197,1.425996395,1,0.5561551451683044,0.03647025126998429,0.8698412498316956,0.5376919507980347,0.6136383414268494,0.5427542924880981,0.5191861391067505,0.5675050020217896
F197A,197,0.892863269,3,0.5202081322669982,0.07263469316440017,0.37265513673300177,0.6186121702194214,0.5359683632850647,0.47412508726119995,0.5441773533821106,0.4281576871871948
F197E,197,0.597194215,4,0.6729493141174316,0.11087424499489261,0.07575509911743161,0.6180339455604553,0.5683625936508179,0.8354315161705017,0.7378422617912292,0.605076253414154
F197G,197,0.568676045,4,0.6335612297058105,0.08434821524344784,0.0648851847058105,0.6964191794395447,0.5277000665664673,0.6884275078773499,0.6991143226623535,0.5561450719833374
F197H,197,0.88914464,1,0.7035897493362426,0.13098042467293441,0.1855548906637574,0.7375738620758057,0.8158131241798401,0.815832257270813,0.5077393054962158,0.6409901976585388
F197K,197,0.840143365,0,0.6682246327400208,0.1075091100405743,0.17191873225997922,0.5504446029663086,0.7464190125465393,0.7970582842826843,0.570376455783844,0.6768248081207275
F197P,197,0.844919104,2,0.6380837202072144,0.037105992362912135,0.20683538379278565,0.630492091178894,0.6393842101097107,0.6447091698646545,0.585935115814209,0.6898980140686035
F197M,197,0.498792482,1,0.6894302368164062,0.04625952194115578,0.19063775481640627,0.6896845102310181,0.683503270149231,0.7354882955551147,0.6163804531097412,0.7220946550369263
F197N,197,0.468893568,4,0.706289005279541,0.12586338562772442,0.237395437279541,0.8762930631637573,0.6103101372718811,0.7170876264572144,0.7676530480384827,0.5601011514663696
F197Q,197,1.0093185690000002,1,0.5408578038215637,0.08986750094715394,0.4684607651784365,0.5427607297897339,0.5086209774017334,0.6910661458969116,0.4534037709236145,0.5084373950958252
F197R,197,0.572132577,2,0.7748813629150391,0.020639439396973755,0.2027487859150391,0.7931114435195923,0.7524411082267761,0.7523127794265747,0.7885473966598511,0.7879940867424011
F197S,197,0.335029707,2,0.7281510472297669,0.045985337932908266,0.39312134022976686,0.6913571357727051,0.7931508421897888,0.6770107746124268,0.7387466430664062,0.7404898405075073
F197T,197,0.625962534,4,0.714516031742096,0.11384548740918929,0.08855349774209598,0.7465469241142273,0.5127722024917603,0.7641993165016174,0.7596204280853271,0.7894412875175476
F197V,197,0.4525472479999999,0,0.9770449876785279,0.0477626539638541,0.524497739678528,1.0273633003234863,0.9124672412872314,0.9528827667236328,0.972793698310852,1.0197179317474365
F197W,197,0.6978378129999999,2,0.72841317653656,0.04495071827698785,0.030575363536560096,0.7071899175643921,0.69065922498703,0.6973779201507568,0.7490045428276062,0.7978342771530151
F197L,197,0.5428169939999999,0,0.9852881550788879,0.0608154375486953,0.44247116107888795,1.0013362169265747,0.9539656639099121,0.9092826843261719,0.9884275794029236,1.0734286308288574
Y198V,198,1.353160467,1,1.1872742652893067,0.10552351861457784,0.16588620171069324,1.111626148223877,1.262142539024353,1.2332485914230347,1.0420433282852173,1.2873107194900513
Y198W,198,0.7343623859999999,3,0.8208309769630432,0.01669521123698622,0.08646859096304327,0.8053960800170898,0.8387266397476196,0.8339067101478577,0.8245684504508972,0.8015570044517517
Y198K,198,1.180666305,2,0.7012750029563903,0.16450873800114796,0.4793913020436096,0.601030707359314,0.807196855545044,0.5044428706169128,0.6744365692138672,0.919268012046814
Y198Q,198,0.328388942,3,0.8259203195571899,0.058851438950489755,0.4975313775571899,0.7997361421585083,0.7512705326080322,0.8755106925964355,0.8078179359436035,0.8952662944793701
Y198H,198,0.56044966,1,1.0381781578063964,0.09456367741254933,0.4777284978063965,0.9117331504821777,1.0850657224655151,1.1662591695785522,1.0143399238586426,1.0134928226470947
Y198G,198,0.760170901,4,0.9028849959373474,0.05404931077443821,0.14271409493734744,0.9861141443252563,0.8771639466285706,0.9275916814804077,0.8690780401229858,0.8544771671295166
Y198F,198,1.381111471,0,0.9543410062789917,0.05590864944293572,0.42677046472100844,0.9156007766723633,0.9875876903533936,0.8932181000709534,0.9432528614997864,1.032045602798462
Y198E,198,0.45261455,0,0.6715954184532166,0.05854274372252031,0.21898086845321657,0.5883875489234924,0.6882272362709045,0.73958820104599,0.6401883363723755,0.7015857696533203
Y198C,198,0.672833756,2,0.8928591847419739,0.0517442400077094,0.22002542874197395,0.8734387159347534,0.9634484648704529,0.8580040335655212,0.8399702906608582,0.9294344186782837
Y198A,198,0.847506375,3,0.9514145612716675,0.10826814346232212,0.10390818627166742,0.7912257313728333,0.9498235583305359,1.0941989421844482,0.9790393114089966,0.9427852630615234
Y198R,198,0.8435722309999999,3,0.9042914748191834,0.09098382273769189,0.06071924381918348,0.7749723792076111,0.9169965982437134,1.0196998119354248,0.8667657971382141,0.9430227875709534
Y198T,198,0.847737643,2,0.8050730586051941,0.07525579775692752,0.042664584394805916,0.7380993366241455,0.9203670024871826,0.763508677482605,0.7621657252311707,0.8412245512008667
Y198L,198,1.349940898,3,0.9401690363883972,0.11182298163930633,0.40977186161160284,0.7504253387451172,0.9445808529853821,1.0402917861938477,0.9697252511978149,0.9958219528198242
Y198M,198,1.171620474,4,1.0973605394363404,0.10118470925728938,0.07425993456365965,0.9794820547103882,1.253280520439148,1.1233446598052979,1.068678617477417,1.0620168447494507
Y198N,198,1.113038016,3,1.0210790395736695,0.08541183799933556,0.09195897642633044,0.9979009628295898,1.008070945739746,1.1393544673919678,1.0545860528945923,0.9054827690124512
Y198S,198,0.5994940360000001,2,0.8362582206726075,0.05262968734790592,0.2367641846726074,0.8648172616958618,0.8962911367416382,0.8345085978507996,0.7548494935035706,0.830824613571167
Y198I,198,1.134310696,1,1.0988205790519714,0.0751196782794104,0.035490116948028616,1.1917717456817627,1.059614896774292,1.1157504320144653,0.9941621422767639,1.1328036785125732
Y198P,198,1.289396563,0,0.8044021010398865,0.0841210159431417,0.4849944619601134,0.6695427894592285,0.8825570940971375,0.8258684873580933,0.7837556600570679,0.8602864742279053
V199L,199,1.142469517,4,0.8469928979873658,0.04144424411772554,0.29547661901263433,0.8468732237815857,0.9135274291038513,0.8166252374649048,0.8080917000770569,0.8498468995094299
V199K,199,0.378182168,3,0.1398765802383423,0.0704749178220225,0.2383055877616577,0.16040140390396118,0.1324681043624878,0.20556879043579102,0.023110032081604004,0.17783457040786743
V199Q,199,0.3262861589999999,1,0.33799434900283815,0.08518959338423579,0.011708190002838237,0.4134141504764557,0.31919363141059875,0.20245760679244995,0.4048689305782318,0.35003742575645447
V199G,199,-0.033599121,4,0.2513990640640259,0.050683089221171526,0.2849981850640259,0.2220083475112915,0.25744497776031494,0.2930363714694977,0.1811227798461914,0.30338284373283386
V199F,199,0.521838071,2,0.5023838102817535,0.07319654676523879,0.01945426071824652,0.4704166352748871,0.5580192804336548,0.4000879228115082,0.5850458145141602,0.4983493983745575
V199E,199,0.296119333,3,0.07630351781845093,0.09605119779574668,0.21981581518154905,0.19094598293304443,-0.010295987129211426,0.17023003101348877,0.014821171760559082,0.01581639051437378
V199D,199,-0.185873626,0,0.25315173864364626,0.04309120055760983,0.4390253646436463,0.24063599109649658,0.2680552303791046,0.20205122232437134,0.23719114065170288,0.3178251087665558
V199A,199,0.525735927,4,0.6908623695373535,0.05275764363489108,0.16512644253735342,0.6058174967765808,0.6747448444366455,0.7127252221107483,0.7335844039916992,0.7274398803710938
V199M,199,0.774314058,2,0.8825649142265319,0.0888794779616071,0.10825085622653197,0.8558351397514343,0.937814474105835,0.7407951354980469,0.9135013818740845,0.9648784399032593
V199P,199,1.026531922,3,0.4621700942516327,0.02290138350062321,0.5643618277483673,0.4479995369911194,0.45614317059516907,0.5000883936882019,0.46484124660491943,0.44177812337875366
V199R,199,0.201070308,4,0.3884679973125458,0.045637291498645455,0.18739768931254577,0.42234164476394653,0.3736392855644226,0.317493200302124,0.3974335491657257,0.43143230676651
V199S,199,0.357157685,1,0.33070852160453795,0.06459055264017012,0.02644916339546205,0.36332979798316956,0.3877851963043213,0.22107720375061035,0.3492824137210846,0.33206799626350403
V199T,199,0.764725709,3,0.7294524431228637,0.03485431057835798,0.035273265877136306,0.7204069495201111,0.7136045694351196,0.7443669438362122,0.6883220076560974,0.7805617451667786
V199W,199,0.038410513,4,0.4871262013912201,0.07564767491032369,0.4487156883912201,0.5321879982948303,0.467877596616745,0.36703646183013916,0.5057721138000488,0.5627568364143372
P200G,200,1.27535579,1,0.7910149455070495,0.12307336167691507,0.48434084449295056,0.7946926951408386,0.8714447021484375,0.607627272605896,0.7524892091751099,0.9288208484649658
P200H,200,1.535257872,1,0.8750216484069824,0.11971481903873184,0.6602362235930177,0.8803142309188843,1.0115207433700562,0.6964687705039978,0.8381314873695374,0.9486730098724365
P200I,200,0.787946603,1,0.3616082012653351,0.11501277485102133,0.42633840173466486,0.2685474157333374,0.4188459515571594,0.2095092535018921,0.4459812343120575,0.465157151222229
P200F,200,0.139764089,2,0.5959735214710236,0.07450481066955125,0.4562094324710235,0.4895532429218292,0.6941000819206238,0.6203628182411194,0.6041337251663208,0.5717177391052246
P200L,200,0.30954616,4,0.5026514649391174,0.07840811316301627,0.19310530493911737,0.5805165767669678,0.5114085674285889,0.5761610269546509,0.4332372844219208,0.41193386912345886
P200R,200,1.235571193,2,0.9071291327476502,0.09138928578058839,0.3284420602523498,0.8010153770446777,0.9266363978385925,0.8549041748046875,0.9079780578613281,1.0451116561889648
P200A,200,0.716481163,2,0.856197202205658,0.0592754211644881,0.139716039205658,0.8428509831428528,0.9521860480308533,0.8048141598701477,0.8128769397735596,0.8682578802108765
P200S,200,1.060987868,2,1.3722129106521606,0.06648208412999512,0.31122504265216056,1.4045531749725342,1.409440040588379,1.25425124168396,1.3874167203903198,1.4054033756256104
P200V,200,0.574036454,4,0.6231525659561157,0.03323561271327033,0.04911611195611565,0.6488769054412842,0.6063249111175537,0.6670637726783752,0.605437159538269,0.5880600810050964
P200N,200,1.953234669,1,0.9389477491378784,0.12107926560879648,1.0142869198621216,0.8492331504821777,0.9487702250480652,0.8135036826133728,0.9589179754257202,1.1243137121200562
P200C,200,1.144315032,3,0.9444062948226929,0.12552502282131978,0.19990873717730706,0.7873023152351379,0.8435965180397034,1.0239241123199463,1.0881304740905762,0.9790780544281006
H201P,201,1.215199787,4,0.9347495436668396,0.07463844670723903,0.2804502433331604,0.9765174388885498,0.9860944747924805,0.8076711297035217,0.9759911298751831,0.9274735450744629
H201Y,201,1.108244258,0,0.9308249950408936,0.08058692773961297,0.17741926295910648,0.8863603472709656,0.8624306321144104,0.8682485818862915,1.0155832767486572,1.021502137184143
H201W,201,1.028341065,2,0.8825931310653686,0.05724496419509159,0.14574793393463137,0.8057076930999756,0.8541030883789062,0.9594318866729736,0.8907983303070068,0.902924656867981
H201V,201,1.427321751,1,0.9326522827148438,0.057250999946389776,0.49466946828515623,0.92974853515625,0.8877591490745544,1.0189069509506226,0.8752952218055725,0.9515515565872192
H201T,201,0.759023355,0,1.192056941986084,0.06747243131652425,0.4330335869860841,1.227584958076477,1.0732225179672241,1.2052834033966064,1.2369892597198486,1.2172045707702637
H201S,201,0.980296308,4,0.8548551321029663,0.027611084893929556,0.12544117589703374,0.8620576858520508,0.8356561660766602,0.8173816800117493,0.8788425326347351,0.8803375959396362
H201R,201,1.034105782,3,1.2863636016845703,0.08280360194914473,0.2522578196845704,1.283426284790039,1.4069373607635498,1.2199418544769287,1.3205716609954834,1.2009408473968506
H201Q,201,1.3755915280000002,2,1.053472375869751,0.09243352028879763,0.3221191521302491,0.930121660232544,1.1297023296356201,1.1508827209472656,1.0629405975341797,0.9937145709991455
H201A,201,1.03084327,3,1.1996551990509032,0.058841322994323216,0.16881192905090314,1.1566567420959473,1.2577297687530518,1.1426448822021484,1.1731972694396973,1.2680473327636719
H201L,201,1.20927223,0,1.055307960510254,0.10737941197291513,0.15396426948974606,1.1142455339431763,0.9181686043739319,1.0610195398330688,0.9886441826820374,1.1944619417190552
H201K,201,1.7770807240000002,0,1.138042426109314,0.08840736494679996,0.6390382978906861,1.1191914081573486,1.0060621500015259,1.1654096841812134,1.2503641843795776,1.1491847038269043
H201G,201,1.01178262,3,0.9445228338241577,0.08015096656928196,0.06725978617584227,0.9325233101844788,1.0757757425308228,0.863776445388794,0.9483346939086914,0.9022039771080017
H201F,201,0.969853959,4,1.0603534936904908,0.03882806037191764,0.09049953469049077,1.03895902633667,1.071929693222046,1.114253282546997,1.0662587881088257,1.010366678237915
H201E,201,1.0423123159999998,4,1.030006766319275,0.08812658411663374,0.012305549680724948,0.9380472898483276,1.121105432510376,0.932770848274231,1.0837112665176392,1.0743989944458008
H201C,201,0.66317423,3,1.1676807880401612,0.0933504942285509,0.5045065580401612,1.2125403881072998,1.2711961269378662,1.1314857006072998,1.0263640880584717,1.1968176364898682
H201M,201,1.001703549,1,0.9433465957641601,0.09962213090676962,0.05835695323583978,0.9956074953079224,0.8929838538169861,1.0663607120513916,0.8050727248191833,0.9567081928253174
A202G,202,0.997935752,1,1.115629506111145,0.06480094255451241,0.11769375411114502,1.0400675535202026,1.1444451808929443,1.202427864074707,1.1265926361083984,1.0646142959594727
A202F,202,1.267752514,2,0.8164171934127807,0.08120287864622605,0.45133532058721937,0.7864022850990295,0.8855962157249451,0.7460197806358337,0.919342041015625,0.7447256445884705
A202E,202,1.618750015,4,0.7223665118217468,0.05856768735614459,0.8963835031782532,0.7158432602882385,0.7055162191390991,0.8197365999221802,0.7096121311187744,0.6611243486404419
A202M,202,1.038016478,4,1.0385877013206481,0.12180698368267298,0.0005712233206480732,1.1740550994873047,0.9847855567932129,1.165168285369873,0.9485337138175964,0.9203958511352539
A202C,202,1.033015308,2,0.7759300827980041,0.0946473705438869,0.25708522520199584,0.729732871055603,0.7920712232589722,0.7156684398651123,0.9345077872276306,0.7076700925827026
A202I,202,0.49535125,1,0.933793818950653,0.09762974006085089,0.43844256895065303,1.0501474142074585,0.906096339225769,0.8385581970214844,0.8512654900550842,1.0229016542434692
A202D,202,0.646757401,1,1.119829249382019,0.0738740829118338,0.473071848382019,1.004008173942566,1.1374653577804565,1.127315878868103,1.1208229064941406,1.209533929824829
A202K,202,1.317656126,0,0.8701121807098389,0.043056293205999276,0.44754394529016106,0.8160730600357056,0.8841828107833862,0.8737143278121948,0.9308567047119141,0.8457340002059937
A202L,202,0.609303333,4,1.034168553352356,0.09906638472744296,0.42486522035235597,1.1879218816757202,0.9768654108047485,1.0803992748260498,0.9657140970230103,0.959942102432251
A202V,202,0.975370339,0,0.8374359607696533,0.055085050560339584,0.1379343782303467,0.7395530343055725,0.8577233552932739,0.8675215244293213,0.8537389039993286,0.8686429858207703
A202N,202,0.8865792370000001,3,0.7912317872047424,0.09480798342399674,0.09534744979525767,0.6969470977783203,0.7744256258010864,0.860695481300354,0.9147355556488037,0.7093551754951477
A202P,202,1.191518131,0,0.8034896135330201,0.05650595539432482,0.38802851746697997,0.8031706809997559,0.8462713956832886,0.867821991443634,0.726639449596405,0.7735445499420166
A202Q,202,0.85325594,3,1.3450571537017821,0.06485952352043127,0.4918012137017821,1.310502529144287,1.3831582069396973,1.3359053134918213,1.2639496326446533,1.4317700862884521
A202R,202,1.252499824,0,0.8379986405372619,0.04759107808266564,0.4145011834627381,0.7604467868804932,0.8660744428634644,0.8545547723770142,0.8276152014732361,0.881301999092102
A202S,202,1.136768251,1,1.0241952538490295,0.06790476246888784,0.11257299715097036,1.042646884918213,1.0696706771850586,0.9288827180862427,1.0967155694961548,0.9830604195594788
A202T,202,1.02923126,3,0.9129570364952088,0.06295573028396206,0.11627422350479122,0.8421053886413574,0.9194899797439575,1.0134947299957275,0.8985438346862793,0.8911512494087219
A202W,202,0.975274218,0,1.1036384582519532,0.07262789697935153,0.12836424025195314,1.0054357051849365,1.1898659467697144,1.131427526473999,1.0562156438827515,1.1352474689483643
A202Y,202,1.117950915,4,1.1782185435295105,0.13266907502018602,0.06026762852951051,1.3210475444793701,1.1297919750213623,1.2931911945343018,0.9944064021110535,1.1526556015014648
E203F,203,0.7671290740000001,4,1.003120756149292,0.05687759950312257,0.235991682149292,1.0145528316497803,1.0959901809692383,0.9769084453582764,0.9790557622909546,0.9490965604782104
E203G,203,0.642394273,4,0.6266060590744018,0.02980752953741983,0.01578821392559815,0.6285789012908936,0.6562280058860779,0.6085725426673889,0.6534069776535034,0.5862438678741455
E203I,203,1.145616633,1,0.9615248680114746,0.08743839679427323,0.1840917649885253,1.0839786529541016,0.8738975524902344,0.900327205657959,0.9310324192047119,1.0183885097503662
E203K,203,0.595575387,1,0.9757961988449096,0.03224844927525158,0.38022081184490963,1.0306625366210938,0.9508291482925415,0.9593605399131775,0.9781587719917297,0.9599699974060059
E203L,203,1.262955227,0,0.9720299482345581,0.06119741527687934,0.29092527876544183,0.9402353167533875,0.958463191986084,0.9140357375144958,1.0741112232208252,0.973304271697998
E203M,203,1.538304766,2,1.0873032808303833,0.0843877342179004,0.4510014851696167,1.0261403322219849,0.9699007272720337,1.1469172239303589,1.1596696376800537,1.1338884830474854
E203C,203,0.85896833,2,0.9252087235450744,0.0787510948879491,0.0662403935450745,0.8524960875511169,0.8648797273635864,0.9031011462211609,1.043745756149292,0.9618209004402161
E203D,203,1.12044861,4,0.9822055697441101,0.08892460723806052,0.13824304025588985,0.8873111009597778,0.9971632957458496,1.050321340560913,0.8940628170967102,1.0821692943572998
E203P,203,0.466817895,3,0.5172041773796081,0.12740871118572245,0.05038628237960813,0.5143870115280151,0.5268968343734741,0.4525698125362396,0.7178165316581726,0.3743506968021393
E203Q,203,0.952343496,3,0.9802839398384094,0.08403795697042424,0.027940443838409434,0.9631755948066711,1.034860372543335,0.9379011392593384,1.0903745889663696,0.875108003616333
E203R,203,0.428400961,1,0.799851393699646,0.0736450653078692,0.37145043269964595,0.8935500383377075,0.7632411122322083,0.7580095529556274,0.7225586771965027,0.8618975877761841
E203S,203,0.826987792,1,0.8442681670188904,0.051454690910882235,0.017280375018890348,0.9344860911369324,0.8261487483978271,0.8267452716827393,0.8297563791275024,0.8042043447494507
E203N,203,0.8510785240000001,0,0.7241524934768677,0.07154396795123531,0.12692603052313234,0.6424108743667603,0.7036216855049133,0.7138769030570984,0.8392985463142395,0.7215544581413269
E203A,203,0.885902266,0,0.7182679653167725,0.05512897809192288,0.1676343006832275,0.6569404006004333,0.7733743786811829,0.677521288394928,0.7057258486747742,0.777777910232544
E203W,203,0.4784625279999999,2,0.8463299155235291,0.05150609218298264,0.3678673875235292,0.8128128051757812,0.790710985660553,0.902051568031311,0.8999930620193481,0.8260811567306519
E203V,203,0.975780049,4,1.1051547169685363,0.08994877397139209,0.12937466796853625,1.1848595142364502,1.1533071994781494,1.1299699544906616,0.9532493948936462,1.1043875217437744
E203Y,203,1.177587116,4,0.8706527829170227,0.06751650930160086,0.30693433308297724,0.9824686050415039,0.8735815286636353,0.8353793621063232,0.8052217364311218,0.8566126823425293
I204A,204,-0.218787402,4,0.5833610534667969,0.05216730477011211,0.8021484554667969,0.6026301383972168,0.5379073023796082,0.6609825491905212,0.5341863036155701,0.5810989737510681
I204W,204,0.050322303,3,0.436270534992218,0.1203781478655782,0.385948231992218,0.49282896518707275,0.35195818543434143,0.6232659816741943,0.35442081093788147,0.3588787317276001
I204V,204,0.88111561,3,0.9207206130027771,0.07080794779812154,0.03960500300277703,0.8466854095458984,0.9624282121658325,0.9919681549072266,0.842096745967865,0.960424542427063
I204R,204,0.0369141,3,0.1652246594429016,0.04927942961909036,0.1283105594429016,0.1999877691268921,0.2007492184638977,0.1610456109046936,0.0819670557975769,0.18237364292144775
I204Q,204,0.205547672,3,0.2906739771366119,0.0790555381589418,0.08512630513661193,0.31383371353149414,0.29088568687438965,0.3127625584602356,0.1608424186706543,0.375045508146286
I204P,204,0.148395908,2,0.19551846981048585,0.06803579517483402,0.04712256181048585,0.08305597305297852,0.21920639276504517,0.18296271562576294,0.24892061948776245,0.24344664812088013
I204G,204,0.179692675,4,0.0889320731163025,0.03674933217209563,0.0907606018836975,0.11857318878173828,0.04410213232040405,0.13350450992584229,0.06733614206314087,0.08114439249038696
I204E,204,0.1911133089999999,0,0.1539207875728607,0.08803668940721672,0.03719252142713919,0.16318517923355103,0.09234672784805298,0.2727262079715729,0.04719138145446777,0.19415444135665894
E205I,205,0.758140878,3,0.8356512069702149,0.08965068221006231,0.07751032897021493,0.7776294350624084,0.8319459557533264,0.9841970205307007,0.7539396286010742,0.8305439949035645
E205H,205,1.334772721,2,0.7343035936355591,0.07718702005253499,0.6004691273644409,0.6337188482284546,0.8389937281608582,0.7538374066352844,0.6901339292526245,0.7548340559005737
E205G,205,1.021949818,1,0.9642113089561463,0.052325205872187884,0.05773850904385369,0.9794562458992004,1.0372402667999268,0.9697002172470093,0.8954185843467712,0.9392412304878235
E205K,205,0.5383883970000001,2,1.0540148973464967,0.0695066775613907,0.5156265003464966,0.9694017767906189,1.139336109161377,1.095191478729248,0.9990655779838562,1.0670795440673828
E205L,205,1.114184768,2,0.8385968804359436,0.059343708760957556,0.2755878875640565,0.744432806968689,0.88999342918396,0.8882060050964355,0.8420228362083435,0.82832932472229
E205F,205,0.966988023,0,0.5645610451698303,0.12303988640643194,0.4024269778301697,0.41937828063964844,0.7171430587768555,0.6310957074165344,0.46037811040878296,0.5948100686073303
E205P,205,0.535661198,0,0.4598472833633423,0.12784159540044104,0.07581391463665771,0.5617278814315796,0.42059221863746643,0.6253596544265747,0.34156638383865356,0.34999027848243713
E205Q,205,0.955821727,1,1.1825490474700928,0.057328525951638,0.2267273204700928,1.2437533140182495,1.1035821437835693,1.1737642288208008,1.232802152633667,1.1588433980941772
E205R,205,0.960698042,0,0.7983685374259949,0.14988074487360842,0.16232950457400508,0.6970004439353943,0.9725885391235352,0.8017206788063049,0.6080921292304993,0.9124408960342407
E205T,205,0.831747254,0,0.9922745227813721,0.05478756723075567,0.16052726878137202,0.9385942816734314,1.0823122262954712,0.990773618221283,0.9605526924133301,0.9891397953033447
E205V,205,1.013413242,1,0.900664746761322,0.04539252191281401,0.11274849523867791,0.8545261025428772,0.8904860019683838,0.9446967840194702,0.8621125817298889,0.95150226354599
E205W,205,0.7640247609999999,4,0.8703904628753663,0.025665183362998303,0.10636570187536631,0.8625577688217163,0.8977893590927124,0.8973520398139954,0.8445369601249695,0.8497161865234375
E205Y,205,0.091398243,4,1.0576014280319215,0.10218317457873796,0.9662031850319215,1.2144157886505127,1.0105819702148438,1.003336787223816,0.9574568271636963,1.1022157669067383
E205M,205,0.710339814,0,1.0623081564903258,0.1087265978494139,0.3519683424903258,0.8885462880134583,1.1872832775115967,1.0984762907028198,1.0620533227920532,1.0751816034317017
E205D,205,1.12578984,4,0.880842411518097,0.035204549852558886,0.24494742848190298,0.8428787589073181,0.9247090220451355,0.8977895379066467,0.8465738296508789,0.8922609090805054
E205S,205,0.911769111,0,0.9897930502891541,0.0785146086729397,0.07802393928915408,0.9166180491447449,1.0317554473876953,1.0926241874694824,0.907058835029602,1.0009087324142456
E205C,205,1.134974111,2,0.880945336818695,0.06990107083312251,0.254028774181305,0.8210207223892212,0.8880469799041748,0.884880006313324,0.819678544998169,0.9911004304885864
E205A,205,1.078930331,4,0.9258446216583252,0.046339989172123806,0.15308570934167487,0.9449147582054138,0.8731379508972168,0.994926929473877,0.9032561182975769,0.9129873514175415
R206Y,206,1.4486110680000002,4,0.7267121553421021,0.12178378742512594,0.7218989126578981,0.7983863353729248,0.8705401420593262,0.7644195556640625,0.6034311652183533,0.5967835783958435
R206V,206,0.815429165,0,0.8680928945541382,0.02983399374970433,0.05266372955413823,0.8676595687866211,0.8641399145126343,0.8221865892410278,0.902523398399353,0.8839550018310547
R206G,206,0.866770411,4,0.6048440575599671,0.02028397620048102,0.2619263534400329,0.6195331811904907,0.5903675556182861,0.5820212364196777,0.6310476064682007,0.6012507081031799
R206K,206,1.5502307519999998,2,0.7865264415740967,0.0980810432988225,0.7637043104259031,0.8323087692260742,0.8677555322647095,0.7097567319869995,0.8677768111228943,0.6550343632698059
R206L,206,1.003557296,3,0.8708434581756592,0.08048018118554479,0.13271383782434087,0.7866043448448181,0.8977293968200684,0.8329898715019226,0.9963060021400452,0.8405876755714417
R206M,206,0.978260119,2,0.9116668105125427,0.060576296653168486,0.06659330848745726,0.8359222412109375,0.9830970168113708,0.9001128673553467,0.9619036912918091,0.8772982358932495
R206W,206,0.776330368,4,0.8082784056663513,0.03142348764596818,0.03194803766635135,0.8153442144393921,0.8289341926574707,0.8407618403434753,0.7607738971710205,0.795577883720398
R206N,206,-0.119091709,1,0.7338961839675904,0.09491641425924209,0.8529878929675904,0.6091117262840271,0.7282156944274902,0.7005182504653931,0.7615187168121338,0.8701165318489075
R206P,206,0.575020525,0,0.32020069360733033,0.020107915984280734,0.25481983139266967,0.3538014888763428,0.31458455324172974,0.30923983454704285,0.30189815163612366,0.3214794397354126
R206S,206,0.340450844,2,0.9013670086860657,0.0397854374462877,0.5609161646860656,0.8867166042327881,0.9082788228988647,0.9367383718490601,0.9346473217010498,0.8404539227485657
R206T,206,1.032558844,2,0.940031623840332,0.09132376580819244,0.09252722015966797,0.9064806699752808,1.0891876220703125,0.9200813174247742,0.942274272441864,0.8421342372894287
R206D,206,0.631613375,2,0.6839073359966278,0.13664420498084054,0.05229396099662775,0.740801990032196,0.7728101015090942,0.7228055000305176,0.7415204644203186,0.4415986239910126
R206C,206,0.598737533,2,0.8908203482627869,0.0705802594284743,0.2920828152627869,0.9091038703918457,0.8911060094833374,0.8442253470420837,0.8125616312026978,0.9971048831939697
R206A,206,1.200505753,0,0.902510941028595,0.04057033083609319,0.2979948119714051,0.9165342450141907,0.8316604495048523,0.9085784554481506,0.9324883222579956,0.9232932329177856
R206E,206,0.849748504,4,1.1697277545928955,0.06825083284165548,0.31997925059289545,1.2252826690673828,1.1297566890716553,1.0727152824401855,1.2351598739624023,1.1857242584228516
L207E,207,0.287345767,2,0.5863812088966369,0.08231761674834571,0.29903544189663694,0.5729039311408997,0.6120882630348206,0.453208863735199,0.6714882850646973,0.6222167015075684
L207A,207,0.661923522,2,0.6200888991355896,0.08527470671552345,0.04183462286441042,0.5636275410652161,0.6884520649909973,0.4988276958465576,0.6583114266395569,0.6912257671356201
L207C,207,1.130348748,3,0.8375301957130432,0.05996783269706082,0.29281855228695686,0.7387731075286865,0.8887090682983398,0.8615635633468628,0.873360276222229,0.8252449631690979
L207D,207,0.62059843,2,0.48920092582702634,0.08541151873878318,0.1313975041729737,0.45037898421287537,0.44575557112693787,0.39236682653427124,0.565143346786499,0.5923599004745483
L207W,207,0.894672625,3,0.746985924243927,0.035192143632917276,0.14768670075607304,0.7583637237548828,0.7175633311271667,0.7986962795257568,0.7112037539482117,0.7491025328636169
L207K,207,0.6255467720000001,2,0.456770658493042,0.09248717174170518,0.1687761135069581,0.4193176031112671,0.4844397008419037,0.3187117278575897,0.49861282110214233,0.5627714395523071
L207T,207,1.082613472,1,0.7124550819396973,0.04166159473741335,0.3701583900603027,0.7204638123512268,0.6388785243034363,0.7310798764228821,0.733063280582428,0.7387899160385132
L207V,207,0.904543551,3,0.8941363453865051,0.03940722893195184,0.010407205613494841,0.8920716047286987,0.8402820229530334,0.8813836574554443,0.9483044147491455,0.9086400270462036
L207I,207,0.881017734,0,0.9936923503875732,0.07411855381898046,0.11267461638757315,1.0870568752288818,1.0419247150421143,0.9268885850906372,0.999139666557312,0.9134519100189209
L207Y,207,0.928208006,0,0.846330440044403,0.04789205884700864,0.08187756595559692,0.9027976393699646,0.8427320122718811,0.8780279159545898,0.8304352760314941,0.7776593565940857
L207Q,207,0.3974582579999999,1,0.38810940384864806,0.11986823886866674,0.009348854151351838,0.35687255859375,0.26316210627555847,0.4892781972885132,0.5363182425498962,0.29491591453552246
L207P,207,0.392283055,4,0.14576188921928407,0.13285295776559583,0.24652116578071592,-0.03262823820114136,0.30500349402427673,0.06333589553833008,0.16947543621063232,0.2236228585243225
L207R,207,0.572711729,1,0.3729342997074127,0.056420448684547105,0.1997774292925873,0.3265736699104309,0.3368590176105499,0.39417165517807007,0.46251949667930603,0.34454765915870667
L207H,207,-0.104492884,0,0.6028744399547576,0.12979744070199567,0.7073673239547577,0.6670979261398315,0.5646381378173828,0.7443408370018005,0.636981725692749,0.40131357312202454
L207G,207,0.208321553,0,0.44014827013015745,0.06674791312181313,0.23182671713015746,0.5075799822807312,0.45833510160446167,0.4853936731815338,0.4088740646839142,0.3405585289001465
L207F,207,0.680090773,2,0.7425015330314636,0.06512957331780578,0.06241076003146362,0.6305707097053528,0.7854011654853821,0.7463697195053101,0.7902567982673645,0.7599092721939087
L207S,207,0.3711726929999999,0,0.6715603351593018,0.07305777405417518,0.3003876421593019,0.753725528717041,0.6995658874511719,0.6878861784934998,0.6609765291213989,0.5556475520133972
L207M,207,1.19001881,0,0.9996659874916076,0.05502892397750779,0.19035282250839236,1.0629632472991943,1.0020341873168945,1.037857174873352,0.9227485656738281,0.9727267622947693
F208G,208,0.155654179,3,0.22209707498550416,0.12321258422845563,0.06644289598550415,0.16942614316940308,0.3857160806655884,0.06226736307144165,0.19942253828048706,0.2936532497406006
F208A,208,0.540317416,3,0.4201209843158722,0.09123995307006104,0.12019643168412786,0.3846433758735657,0.5643933415412903,0.32277029752731323,0.38538944721221924,0.44340845942497253
F208C,208,0.562186668,3,0.5675836384296418,0.07629534788621191,0.005396970429641823,0.5554018616676331,0.6603936553001404,0.5713872313499451,0.45139816403388977,0.5993372797966003
F208D,208,-0.151879838,0,-0.016183638572692872,0.07779439508070417,0.13569619942730712,0.031270503997802734,0.0054909586906433105,-0.012097299098968506,-0.14971709251403809,0.04413473606109619
F208I,208,0.336086668,4,0.7573815107345581,0.0839711319558376,0.4212948427345581,0.8196362257003784,0.620216429233551,0.7394685745239258,0.8248376250267029,0.7827486991882324
F208E,208,0.245509367,3,-0.014439737796783448,0.09035787152936656,0.25994910479678346,-0.0005297660827636719,0.057570815086364746,0.02727299928665161,-0.1715143322944641,0.01500159502029419
F208L,208,0.423291911,2,0.8240769624710083,0.02972975177206712,0.40078505147100824,0.8318507075309753,0.867997407913208,0.8268126845359802,0.7915139198303223,0.8022100925445557
F208K,208,0.7292170370000001,1,0.10876492261886597,0.12472987721386193,0.6204521143811341,0.009721815586090088,0.30706238746643066,0.007198810577392578,0.07263541221618652,0.14720618724822998
F208W,208,1.107817647,2,0.748609983921051,0.07133170600139256,0.359207663078949,0.6966471672058105,0.8703169226646423,0.7136777639389038,0.7537200450897217,0.7086880207061768
F208V,208,0.73629052,4,0.6693484067916871,0.08698405031724346,0.06694211320831289,0.6158497333526611,0.5439551472663879,0.7253717184066772,0.7530578374862671,0.7085075974464417
F208S,208,0.062937386,3,0.2325271487236023,0.07874569234489126,0.16958976272360232,0.27984628081321716,0.34374484419822693,0.1954393982887268,0.1449267864227295,0.19867843389511108
F208Y,208,0.9004832509999999,3,0.983568811416626,0.07306457748863796,0.08308556041662607,1.00111985206604,0.9993125200271606,1.088954210281372,0.9203790426254272,0.9080784320831299
F208Q,208,0.278088331,3,0.22790687680244445,0.04281746797661383,0.05018145419755557,0.1825435757637024,0.261940062046051,0.2573477029800415,0.1795673370361328,0.25813570618629456
F208R,208,-0.006183008,2,0.27395466566085813,0.05223349693741617,0.2801376736608581,0.2382420301437378,0.24961882829666138,0.3132551908493042,0.34468573331832886,0.22397154569625854
F208M,208,1.027401726,4,0.9180037379264832,0.11353096331759535,0.10939798807351675,0.8006404638290405,1.0675153732299805,0.8103137612342834,0.9336515665054321,0.9778975248336792
F208N,208,-0.132075044,4,0.3180239021778107,0.12314180370400897,0.45009894617781065,0.3102464973926544,0.15548253059387207,0.3734220862388611,0.26479747891426086,0.4861709177494049
F208T,208,0.584585284,4,0.5262170016765595,0.1162115525258211,0.05836828232344049,0.3469456136226654,0.6585903763771057,0.5183615684509277,0.5910028219223022,0.5161846280097961
F208P,208,-0.174338718,2,0.21174223423004152,0.023236654246635027,0.3860809522300415,0.19186455011367798,0.19150900840759277,0.22656530141830444,0.24458271265029907,0.20418959856033325
G209D,209,1.182819709,3,0.9547021746635437,0.05157849539442806,0.22811753433645643,0.9305579662322998,0.9918097853660583,1.0027456283569336,0.8766995072364807,0.971697986125946
G209R,209,0.8385944909999999,3,0.8418728947639466,0.042530817895284345,0.0032784037639466135,0.8976074457168579,0.8310375213623047,0.8227409720420837,0.7882846593856812,0.8696938753128052
G209Q,209,1.479598801,3,0.8559393763542176,0.03579665222168673,0.6236594246457825,0.8939345479011536,0.8673285245895386,0.8373264074325562,0.8035917282104492,0.8775156736373901
G209T,209,1.2052955440000002,2,1.0895256996154785,0.06221703380378223,0.11576984438452165,1.029081106185913,1.1456365585327148,1.1551306247711182,1.023529291152954,1.0942509174346924
G209M,209,1.410541524,1,0.8003777146339417,0.025186212650607623,0.6101638093660584,0.8367617130279541,0.7993264198303223,0.7665554285049438,0.8054273724555969,0.7938176393508911
G209L,209,0.7691709720000001,4,0.9592358827590942,0.07636844005545793,0.19006491075909415,1.0414737462997437,0.9041137099266052,0.9623411893844604,1.0249360799789429,0.863314688205719
G209K,209,0.861514195,4,0.9625607132911682,0.11431010146228664,0.10104651829116817,0.8642237186431885,1.1014199256896973,1.0573281049728394,0.9458209872245789,0.8440108299255371
G209I,209,0.553678462,2,0.6953824162483215,0.08463111847053588,0.1417039542483215,0.7745129466056824,0.7220430970191956,0.7337263226509094,0.6933846473693848,0.5532450675964355
G209S,209,0.691159367,4,0.9705195784568786,0.08426473200566761,0.2793602114568786,0.9257901310920715,0.9083296060562134,1.0963717699050903,1.0181314945220947,0.9039748907089233
G209F,209,0.7009135609999999,0,0.786519992351532,0.056716019832250206,0.08560643135153212,0.7895330786705017,0.7982395887374878,0.8574281930923462,0.6988372802734375,0.7885618209838867
G209E,209,0.8475705,1,0.9308066606521607,0.06845890472934033,0.08323616065216066,0.8800778985023499,1.0304694175720215,0.8570680022239685,0.9589473009109497,0.9274706840515137
G209P,209,0.739422583,4,0.4992518961429596,0.061844546731769486,0.24017068685704035,0.5626835227012634,0.39994779229164124,0.4911555051803589,0.53505539894104,0.5074172616004944
G209V,209,0.784400599,1,0.7940474390983582,0.05419470936860836,0.009646840098358145,0.7782980799674988,0.8768234252929688,0.7551947832107544,0.7429338097572327,0.8169870972633362
G209W,209,0.78105823,4,0.7318728923797607,0.08737590565088936,0.049185337620239244,0.6328004598617554,0.808929979801178,0.7891486883163452,0.7880088090896606,0.6404765248298645
G209Y,209,0.989531884,1,0.6922681570053101,0.029081841014477475,0.29726372699468995,0.6766858696937561,0.7165994644165039,0.6609688401222229,0.7291781306266785,0.6779084801673889
G209A,209,1.068625078,2,0.9684676170349121,0.061825319601181476,0.10015746096508782,0.9138159155845642,1.040450096130371,1.0302650928497314,0.9196399450302124,0.9381670355796814
G209C,209,0.6991546270000001,3,0.8890417695045472,0.13728922109312075,0.18988714250454708,0.8663588762283325,1.049255609512329,0.8072115182876587,0.718078076839447,1.0043047666549683
K210G,210,0.758142877,2,0.8279292941093445,0.04573232721002079,0.06978641710934441,0.856662392616272,0.8827236890792847,0.8174914717674255,0.8210304379463196,0.7617384791374207
K210C,210,0.9795864,0,0.9868183374404907,0.0892023436864531,0.007231937440490777,0.8653160333633423,1.0408035516738892,0.9694682359695435,1.1008367538452148,0.9576671123504639
K210L,210,1.1618839440000002,4,1.037580406665802,0.07077143164332565,0.12430353733419808,0.9963752627372742,1.0392429828643799,1.1585716009140015,1.0106028318405151,0.9831093549728394
K210I,210,1.549600879,2,0.6879632353782654,0.08910319788128417,0.8616376436217346,0.8080203533172607,0.7520011067390442,0.6618237495422363,0.6154937744140625,0.6024771928787231
K210H,210,1.499676822,3,1.0796879887580872,0.09637725442877478,0.41998883324191283,1.0685840845108032,1.1398004293441772,1.1360775232315063,0.9158958792686462,1.1380820274353027
K210F,210,1.169517417,0,1.1445429086685182,0.08334054048374465,0.02497450833148185,0.9979119300842285,1.1900079250335693,1.1964412927627563,1.181581974029541,1.1567714214324951
K210D,210,0.983696784,1,0.8552246451377868,0.07386812753884504,0.1284721388622132,0.7295179963111877,0.9094099402427673,0.9014878869056702,0.8855810761451721,0.850126326084137
K210E,210,0.645726424,3,1.1301622152328492,0.08812803808729568,0.4844357912328492,1.0865395069122314,1.1316603422164917,1.247714877128601,1.01339852809906,1.1714978218078613
K210P,210,1.112168433,3,1.004164218902588,0.11365672944147258,0.10800421409741201,0.9463275671005249,1.1394751071929932,1.0106415748596191,0.8471853733062744,1.0771914720535278
K210R,210,1.25891417,1,1.0281731843948365,0.05928207370207082,0.23074098560516343,1.0782601833343506,0.9361815452575684,1.0455167293548584,1.005212664604187,1.0756947994232178
K210N,210,0.809176508,3,0.9631582736968994,0.04408401928967765,0.15398176569689948,1.0091326236724854,0.9790945053100586,0.8928685188293457,0.9526808261871338,0.9820148944854736
K210S,210,1.175067836,3,0.9921479105949402,0.09628509580052148,0.18291992540505975,0.9775433540344238,1.0466840267181396,1.0797199010849,0.833268940448761,1.0235233306884766
K210T,210,0.941264722,0,1.095307421684265,0.030670543825799555,0.1540426996842651,1.047555685043335,1.0982460975646973,1.1188774108886719,1.0873186588287354,1.1245392560958862
K210V,210,0.6820158040000001,3,1.1986625909805297,0.07171106296274297,0.5166467869805297,1.269321084022522,1.1381151676177979,1.2522119283676147,1.1075979471206665,1.2260668277740479
K210W,210,0.907458931,3,0.9098672747612,0.06688289526296161,0.002408343761200027,0.9219821691513062,0.8784877061843872,1.0094807147979736,0.8272014856338501,0.9121842980384827
K210A,210,0.8515956579999999,4,1.044848120212555,0.044378477575481474,0.1932524622125551,1.016144871711731,1.073951244354248,1.0962153673171997,1.0523443222045898,0.9855847954750061
K210Y,210,1.26838081,0,1.1077735066413879,0.11904137191505429,0.16060730335861217,1.020750641822815,0.9752532839775085,1.2092641592025757,1.2512990236282349,1.0823004245758057
K210Q,210,0.911847737,2,1.112282943725586,0.09894150530596518,0.2004352067255859,0.9838684797286987,1.1871635913848877,1.2332446575164795,1.0697569847106934,1.0873810052871704
K210M,210,1.19031035,3,1.092221164703369,0.045153651197370415,0.09808918529663102,1.0184848308563232,1.1077499389648438,1.1363822221755981,1.1138794422149658,1.0846093893051147
I211V,211,1.083181673,2,1.0100337982177734,0.05692868859518597,0.07314787478222651,1.0252528190612793,0.9139472246170044,1.0389667749404907,1.0616285800933838,1.010373592376709
I211C,211,1.194415925,3,1.2086788654327392,0.09272139907968803,0.014262940432739235,1.1012113094329834,1.3439191579818726,1.2527257204055786,1.176684856414795,1.1688532829284668
I211Y,211,0.266838638,4,1.2291106939315797,0.11930018179153783,0.9622720559315796,1.1504151821136475,1.4081205129623413,1.1235647201538086,1.170330286026001,1.2931227684020996
I211G,211,1.073090415,2,0.980284309387207,0.032535540034930976,0.09280610561279301,0.9712954759597778,1.0360102653503418,0.9701066017150879,0.9737558364868164,0.9502533674240112
I211F,211,1.304524098,1,0.7918578863143921,0.08316561129949494,0.5126662116856078,0.773801326751709,0.680726945400238,0.8568223714828491,0.8899514675140381,0.7579873204231262
I211D,211,1.307422194,0,0.8088205099105835,0.055694568441911625,0.4986016840894164,0.8366358280181885,0.8577946424484253,0.7159179449081421,0.8322829008102417,0.8014712333679199
I211A,211,1.34696095,3,1.0331274032592774,0.03158823236406118,0.3138335467407225,1.0366401672363281,1.0084846019744873,0.9941388368606567,1.0678998231887817,1.0584735870361328
I211W,211,1.246451251,2,0.7341524958610535,0.09730557697706857,0.5122987551389466,0.8212104439735413,0.6536966562271118,0.8477675318717957,0.6311089992523193,0.7169788479804993
I211T,211,0.264414069,2,1.1034968614578247,0.044526433056294605,0.8390827924578247,1.149134635925293,1.0352680683135986,1.1330921649932861,1.112078309059143,1.0879111289978027
I211E,211,0.541989831,4,1.091625154018402,0.12240375122471263,0.5496353230184021,1.0182714462280273,1.2184205055236816,0.9633345007896423,1.031036376953125,1.2270629405975342
I211N,211,1.081859975,2,1.1738799810409546,0.06982547883181126,0.09202000604095462,1.2068963050842285,1.1948158740997314,1.2207125425338745,1.1966378688812256,1.050337314605713
I211S,211,1.201975472,4,0.9720246434211731,0.15213810972708255,0.22995082857882687,0.8768122792243958,1.1417222023010254,0.8888869881629944,0.8217998147010803,1.1309019327163696
I211R,211,0.994996732,1,1.0556658983230591,0.09996592261855491,0.060669166323059076,0.9281216263771057,1.1304309368133545,1.1412813663482666,1.1108238697052002,0.9676716923713684
I211Q,211,1.272530315,0,0.876595425605774,0.07967882490649465,0.39593488939422605,0.8941820859909058,0.8669325709342957,0.7771995663642883,0.8484088778495789,0.996254026889801
I211P,211,0.861835626,4,0.7730080485343933,0.21879283156420587,0.08882757746560666,0.6224524974822998,1.1012543439865112,0.6844177842140198,0.5715327858924866,0.8853828310966492
I211M,211,1.812481517,3,0.9349660396575927,0.05322411544461352,0.8775154773424072,0.9397031664848328,0.9763752818107605,0.9328113794326782,0.8473128080368042,0.9786275625228882
I211L,211,0.69556084,3,1.1970331192016601,0.06828680593785241,0.5014722792016602,1.1073652505874634,1.2188347578048706,1.2560840845108032,1.143947958946228,1.2589335441589355
I211K,211,1.034006533,1,1.0847113013267518,0.08353962949436919,0.05070476832675186,0.96922367811203,1.132795810699463,1.1380677223205566,1.1600003242492676,1.0234689712524414
C212G,212,0.942167569,4,0.6601746916770935,0.10640317248307132,0.28199287732290645,0.6899515390396118,0.4851130247116089,0.6929081678390503,0.7727882266044617,0.6601125001907349
C212H,212,-0.173838852,1,0.9080212235450744,0.11396277800733813,1.0818600755450745,0.9988800883293152,1.0486050844192505,0.7673235535621643,0.8656266927719116,0.8596706986427307
C212L,212,0.840547844,4,0.717569375038147,0.03255016741429361,0.12297846896185305,0.7139875292778015,0.6855712532997131,0.7620271444320679,0.7374763488769531,0.6887845993041992
C212M,212,0.734255641,2,1.0913264989852904,0.08678306334034894,0.3570708579852905,1.096991777420044,1.09114670753479,0.9570208787918091,1.1123905181884766,1.199082612991333
C212P,212,0.5180218839999999,4,0.27258870005607605,0.12501358599769272,0.24543318394392388,0.13594567775726318,0.25127363204956055,0.2527540326118469,0.4780813753604889,0.2448887825012207
C212Q,212,0.8668376879999999,0,0.3079715967178345,0.08378693852587915,0.5588660912821655,0.34332290291786194,0.29823219776153564,0.16647636890411377,0.3651845455169678,0.36664196848869324
C212V,212,0.945030337,3,0.9288408160209656,0.04980971771955813,0.016189520979034477,0.9328005313873291,0.8624407649040222,0.9282588958740234,1.0022634267807007,0.9184404611587524
C212A,212,1.245512545,0,1.0944337606430055,0.08208115618651296,0.1510787843569945,1.0565567016601562,1.1337025165557861,1.2191179990768433,1.0468688011169434,1.0159227848052979
C212D,212,0.237416152,3,0.47645137310028074,0.1331391165682526,0.23903522110028075,0.5139541625976562,0.48731911182403564,0.43297743797302246,0.6576842665672302,0.29032188653945923
C212E,212,0.313178637,0,0.3437721014022827,0.023715547075831813,0.030593464402282722,0.37939104437828064,0.33371269702911377,0.3190920054912567,0.3317066729068756,0.35495808720588684
C212Y,212,1.195258937,4,0.4806241035461426,0.15335270117333952,0.7146348334538574,0.40493518114089966,0.3627234101295471,0.5797472596168518,0.7012808918952942,0.3544337749481201
C212T,212,1.032161938,4,0.7847017884254456,0.059529900637490925,0.24746014957455442,0.7944282293319702,0.8522467613220215,0.6922911405563354,0.8130558133125305,0.7714869976043701
C212W,212,0.609573012,4,0.1536314606666565,0.16112934118188482,0.4559415513333435,0.11362254619598389,0.03152269124984741,0.07693010568618774,0.4357355237007141,0.11034643650054932
C212F,212,0.302587747,4,0.6472808301448822,0.12267507695908166,0.34469308314488223,0.5653618574142456,0.6490102410316467,0.7532441020011902,0.7791742086410522,0.48961374163627625
C212R,212,0.3644505979999999,3,0.5066541254520416,0.08431548547233307,0.14220352745204168,0.5954853296279907,0.4590297043323517,0.38495033979415894,0.5575243234634399,0.5362809300422668
C212S,212,0.416748062,1,0.8136615037918091,0.05655072099666425,0.39691344179180915,0.9025289416313171,0.7474427819252014,0.7998296022415161,0.7974334955215454,0.8210726976394653
N213A,213,1.131738072,4,1.0063086986541747,0.07583614533076644,0.12542937334582538,1.0029897689819336,0.9147975444793701,1.0487310886383057,0.9568612575531006,1.108163833618164
N213Y,213,1.308731877,2,0.7650928616523742,0.08336594638182751,0.5436390153476258,0.8343550562858582,0.8701465129852295,0.689690113067627,0.7419852018356323,0.6892874240875244
N213F,213,0.922435604,0,0.5706181406974793,0.07677852683904633,0.3518174633025207,0.4654810428619385,0.5891468524932861,0.5312069654464722,0.6702949404716492,0.5969609022140503
N213G,213,1.0255673440000002,0,0.7507075786590576,0.07479739182351486,0.2748597653409426,0.8197140097618103,0.749455451965332,0.6748360991477966,0.8316612839698792,0.67787104845047
N213I,213,0.3408930529999999,3,0.9565402507781983,0.07506147162429001,0.6156471977781983,0.8277170658111572,0.9618801474571228,0.9911903738975525,0.9813778400421143,1.0205358266830444
N213L,213,0.462465056,1,0.9335794448852539,0.06200839487221257,0.4711143888852539,0.9305001497268677,0.9523418545722961,0.9313702583312988,0.8404625058174133,1.0132224559783936
N213P,213,0.292559016,0,0.20210870504379272,0.07859369873900487,0.09045031095620729,0.08640867471694946,0.22955578565597534,0.2502673268318176,0.2831681966781616,0.16114354133605957
N213Q,213,0.915592409,2,0.8609996795654297,0.06594358511784604,0.054592729434570386,0.8998416662216187,0.8113021850585938,0.8451659083366394,0.9543718695640564,0.7943167686462402
N213R,213,0.984654119,4,0.9002471685409545,0.08182312201755183,0.08440695045904545,0.9812477827072144,0.8182997703552246,0.9698343873023987,0.8097776770591736,0.9220762252807617
N213S,213,1.045213987,4,0.9845128059387207,0.0792344059264393,0.0607011810612792,0.8926446437835693,0.9544240832328796,1.065784215927124,0.9403010010719299,1.0694100856781006
N213T,213,0.802605377,4,1.0077402234077453,0.09763246728444956,0.20513484640774526,0.8370246291160583,1.0329735279083252,1.0853782892227173,1.038598656654358,1.044726014137268
N213V,213,1.096242716,0,0.718566644191742,0.07018969549164714,0.3776760718082579,0.7611525058746338,0.7440803647041321,0.6368417143821716,0.7977328896522522,0.65302574634552
N213W,213,0.4951355129999999,1,0.9618941426277161,0.10302649573661908,0.4667586296277162,0.9872158169746399,1.0027788877487183,0.9633824825286865,0.7904757261276245,1.0656177997589111
N213C,213,1.168534013,3,1.0293365359306335,0.0688469394656971,0.13919747706936647,0.9375606775283813,1.0521118640899658,1.075613260269165,0.9789798855781555,1.1024169921875
N213D,213,1.0351748159999998,1,1.0304255485534668,0.05910651115742857,0.004749267446533034,0.9322153329849243,1.0873191356658936,1.0447622537612915,1.0277493000030518,1.0600817203521729
N213E,213,0.846571504,0,1.0076348781585693,0.06639771396230369,0.1610633741585693,0.9974461197853088,1.1154695749282837,0.9768471717834473,0.9373303055763245,1.0110812187194824
I214C,214,1.588440779,0,0.744346821308136,0.0430909575731517,0.8440939576918639,0.7376495003700256,0.691809356212616,0.7582038044929504,0.7258004546165466,0.8082709908485413
I214F,214,0.388004635,1,0.6417134046554566,0.07961975502150785,0.2537087696554566,0.6353075504302979,0.5569072961807251,0.7711636424064636,0.6404221057891846,0.6047664284706116
I214G,214,0.09738276,0,0.297973769903183,0.09149396267602543,0.20059100990318296,0.39497172832489014,0.16511601209640503,0.3723704218864441,0.2872898280620575,0.27012085914611816
I214L,214,0.77564498,3,0.9242465853691101,0.07166536474126149,0.14860160536911005,0.8502664566040039,0.9556947946548462,0.9188019633293152,1.0285502672195435,0.8679194450378418
I214P,214,0.2683754439999999,3,0.40286087393760683,0.06286547861347788,0.13448542993760693,0.4228845536708832,0.29790017008781433,0.42348334193229675,0.40421953797340393,0.46581676602363586
I214R,214,0.170542287,3,0.48547983169555664,0.0450385972901136,0.3149375446955567,0.466790109872818,0.5136668682098389,0.5337603092193604,0.41805559396743774,0.49512627720832825
I214S,214,0.618230908,4,0.5451965570449829,0.12375796723153831,0.07303435095501709,0.45339298248291016,0.709700882434845,0.6408970355987549,0.4260925054550171,0.49589937925338745
I214T,214,0.6806524690000001,3,0.8110981941223144,0.04804602120845755,0.13044572512231434,0.7537087202072144,0.8531287312507629,0.811802089214325,0.7733386754989624,0.8635127544403076
I214V,214,0.933098564,1,1.1720543384552002,0.06254300887721503,0.23895577445520022,1.1052757501602173,1.1603084802627563,1.2069780826568604,1.260484218597412,1.1272251605987549
I214W,214,0.745665331,1,0.49388557076454165,0.09493104923572894,0.25177976023545834,0.4973498284816742,0.4692210257053375,0.5924815535545349,0.561750054359436,0.34862539172172546
I214Y,214,-0.135562894,3,0.6205782771110535,0.0795836904068169,0.7561411711110535,0.6062412261962891,0.5974980592727661,0.7500706911087036,0.6169010996818542,0.5321803092956543
I214E,214,0.6496601329999999,2,0.21811517477035522,0.11448169880706202,0.43154495822964467,0.16838908195495605,0.18420737981796265,0.17169708013534546,0.14495575428009033,0.42132657766342163
I214D,214,-0.02846828,4,0.16163575649261475,0.06892526492490604,0.19010403649261476,0.04115551710128784,0.17336249351501465,0.2053464651107788,0.20688223838806152,0.1814320683479309
I214Q,214,0.382201154,2,0.4977960646152496,0.07565016363722007,0.11559491061524962,0.40525126457214355,0.46405354142189026,0.5271051526069641,0.484530508518219,0.6080398559570312
I214A,214,0.789842541,0,0.6160682082176209,0.04292531286875904,0.17377433278237908,0.6695388555526733,0.5605146884918213,0.6362983584403992,0.5863656401634216,0.6276234984397888
R215A,215,1.12588039,1,1.02965806722641,0.04565577954919317,0.09622232277359011,1.0664710998535156,0.9643080830574036,1.0264323949813843,1.012394666671753,1.0786840915679932
R215Y,215,1.084657799,0,0.6513029336929321,0.20177225809573163,0.4333548653070678,0.8131429553031921,0.6511749029159546,0.567169189453125,0.8640772104263306,0.36095041036605835
R215W,215,0.942459687,4,0.8192314743995667,0.07636082877049913,0.12322821260043337,0.8487686514854431,0.7067868709564209,0.8322985172271729,0.7941596508026123,0.9141436815261841
R215V,215,0.690912425,2,1.0729265451431274,0.04216814321562533,0.3820141201431273,1.0457065105438232,1.1466057300567627,1.045267105102539,1.0627212524414062,1.064332127571106
R215T,215,0.975123148,1,0.9794060945510864,0.04814908800960832,0.004282946551086408,1.0060936212539673,1.044644832611084,0.9278082847595215,0.9796072244644165,0.9388765096664429
R215S,215,0.910202239,1,0.9897341728210449,0.05529997314891146,0.07953193382104495,0.9435598254203796,1.0608407258987427,0.9288092851638794,1.026231288909912,0.9892297387123108
R215Q,215,1.064461989,2,1.01599178314209,0.0682789497382915,0.048470205857910065,0.9159995913505554,1.099435567855835,1.0513781309127808,0.9952341914176941,1.017911434173584
R215P,215,0.578579129,3,0.28506138920783997,0.04151064703085111,0.29351773979216,0.28854823112487793,0.22645294666290283,0.2700388729572296,0.3396225869655609,0.30064430832862854
R215N,215,1.126904083,3,1.0044092655181884,0.045819626797074756,0.12249481748181146,0.9977269768714905,1.0121371746063232,0.9339376091957092,1.0177080631256104,1.060536503791809
R215C,215,1.204365546,2,0.9017151474952698,0.08736804375908772,0.3026503985047302,0.7620943188667297,0.9617276191711426,0.9160147905349731,0.9848676919937134,0.88387131690979
R215E,215,0.935886389,3,0.9937587141990661,0.08512506431850651,0.057872325199066155,0.9998278617858887,1.0669394731521606,0.9824849963188171,1.0626184940338135,0.8569227457046509
R215L,215,1.214940773,3,0.9377062797546387,0.0629469081568597,0.2772344932453612,0.8360108137130737,0.9247401356697083,0.9528926014900208,0.9784752726554871,0.9964125752449036
R215M,215,0.7918547779999999,2,1.1611777544021606,0.07224264813081786,0.3693229764021607,1.1080089807510376,1.2087242603302002,1.2553949356079102,1.1555261611938477,1.0782344341278076
R215K,215,0.697993761,2,1.1304340600967406,0.08777192538832088,0.43244029909674064,0.9802247285842896,1.1807632446289062,1.1819815635681152,1.1853786706924438,1.1238220930099487
R215I,215,1.4070922769999998,0,0.8218948364257812,0.11687220029670695,0.5851974405742186,0.9023378491401672,0.7151090502738953,0.9281915426254272,0.8874329328536987,0.6764028072357178
R215H,215,1.136172232,4,1.0565542936325074,0.08284525801782613,0.07961793836749265,0.9558605551719666,0.9900193810462952,1.1232469081878662,1.0656788349151611,1.1479657888412476
R215G,215,1.05104856,4,0.8296165943145752,0.10972794943453346,0.22143196568542467,0.8836873769760132,0.7196417450904846,0.8565012812614441,0.717637300491333,0.9706152677536011
R215F,215,0.059779572,3,0.9621887922286987,0.09822864286494346,0.9024092202286986,0.8844417929649353,0.8410477638244629,0.9847673773765564,1.080538034439087,1.0201489925384521
C216D,216,0.653665546,3,0.9323162198066711,0.04567845656819514,0.2786506738066711,0.861520528793335,0.9779624938964844,0.9242988228797913,0.9667346477508545,0.9310646057128906
C216E,216,1.093837182,4,1.094543218612671,0.06766422725538614,0.0007060366126709905,1.1557667255401611,1.1303080320358276,0.9824855327606201,1.0845296382904053,1.1196261644363403
C216F,216,1.008923156,4,1.0130263209342956,0.07235737408757005,0.004103164934295522,1.1250567436218262,0.9883033037185669,1.0072728395462036,1.0192689895629883,0.9252297282218933
C216G,216,0.910000462,4,0.8083958268165589,0.04863524196333057,0.1016046351834411,0.7962175607681274,0.8645173907279968,0.8508334159851074,0.7474313974380493,0.7829793691635132
C216K,216,1.3444923830000002,3,1.0864268302917481,0.059339963359083564,0.25806555270825204,0.999895453453064,1.0497102737426758,1.1165388822555542,1.1313732862472534,1.1346162557601929
C216L,216,1.050099613,0,1.1503793239593505,0.06826904830677119,0.10027971095935051,1.2001678943634033,1.1492242813110352,1.1593718528747559,1.0366511344909668,1.2064814567565918
C216M,216,1.36029009,1,0.9530829548835754,0.06862378795674604,0.4072071351164245,1.000382900238037,0.9155243635177612,1.0444012880325317,0.9320776462554932,0.873028576374054
C216V,216,0.977334788,3,1.034418761730194,0.05533633487791768,0.05708397373019414,0.9506985545158386,1.0464308261871338,1.1024894714355469,1.0211570262908936,1.0513179302215576
C216W,216,0.852769014,2,0.8362820863723754,0.03094069685861732,0.016486927627624604,0.7865399122238159,0.8617449402809143,0.834801435470581,0.8628128170967102,0.835511326789856
C216P,216,1.345350398,3,0.8835893273353577,0.045278150873482616,0.4617610706646422,0.8436040282249451,0.9542407989501953,0.8764926195144653,0.897121250629425,0.8464879393577576
C216Q,216,1.024080144,4,1.1554057359695435,0.09930040419357973,0.13132559196954352,1.236133098602295,1.2803525924682617,1.0474193096160889,1.0855721235275269,1.127551555633545
C216R,216,0.996183536,4,1.0008121728897095,0.09330574741643864,0.004628636889709492,1.0407872200012207,1.1349207162857056,1.0009772777557373,0.9082374572753906,0.9191381931304932
C216S,216,0.99716269,1,0.9517665863037109,0.09369501888227266,0.0453961036962891,1.0795774459838867,0.9332329630851746,0.9858432412147522,0.9392484426498413,0.8209308385848999
C216T,216,0.949679492,0,0.9732141971588135,0.07763386874745906,0.023534705158813507,1.0461688041687012,0.987423837184906,0.9246054887771606,0.8659656643867493,1.0419071912765503
C216A,216,0.802095005,0,1.0863651514053345,0.08938713085410324,0.28427014640533455,1.1050243377685547,1.054634690284729,1.2087427377700806,0.9622316360473633,1.1011923551559448
C216N,216,1.075830448,1,0.8125424861907959,0.10786076675340882,0.2632879618092041,0.9269508719444275,0.793536365032196,0.9092747569084167,0.6651415228843689,0.7678089141845703
L217I,217,0.8973952190000001,3,1.0758411645889283,0.04648842220800064,0.17844594558892823,1.0657799243927002,1.1372461318969727,1.0625238418579102,1.1008310317993164,1.0128248929977417
L217K,217,1.107734781,1,0.6481048703193665,0.01374436741835827,0.4596299106806335,0.6308746337890625,0.6603401899337769,0.6521800756454468,0.6364813446998596,0.6606481075286865
L217M,217,1.026175973,4,0.9178087830543518,0.06696997703129268,0.1083671899456482,0.9224964380264282,0.9907980561256409,0.8085266947746277,0.9422277808189392,0.924994945526123
L217E,217,0.635582065,0,0.6623268365859986,0.07840005835222763,0.026744771585998528,0.5812166929244995,0.5817005634307861,0.745124101638794,0.7295069098472595,0.6740859150886536
L217Q,217,0.8428685159999999,0,0.7054790616035461,0.06389660517874782,0.13738945439645378,0.697374701499939,0.6560603380203247,0.8016470074653625,0.729907214641571,0.6424060463905334
L217T,217,0.617079605,0,0.7375851988792419,0.10661900443350181,0.12050559387924187,0.7833765745162964,0.6058036088943481,0.8690235018730164,0.7769031524658203,0.6528191566467285
L217S,217,0.6609749220000001,2,0.5195537626743316,0.0948182236273181,0.14142115932566846,0.3905947506427765,0.6224156022071838,0.4575021266937256,0.5861613154411316,0.5410950183868408
L217P,217,0.147242375,3,0.13705435991287232,0.10049500453913943,0.010188015087127689,0.2701137661933899,0.21344023942947388,0.04055899381637573,0.05642181634902954,0.10473698377609253
L217R,217,0.46789563,0,0.6184819579124451,0.08675446853598424,0.15058632791244508,0.6040565967559814,0.5109267234802246,0.5858021378517151,0.6443279981613159,0.7472963333129883
L217D,217,0.292026343,3,0.5624034404754639,0.06724832102325508,0.27037709747546385,0.5432543158531189,0.5791009664535522,0.6443308591842651,0.5842022895812988,0.46112877130508423
L217F,217,0.781491554,0,1.038095235824585,0.05028346007325819,0.25660368182458493,1.0827836990356445,0.9966331720352173,0.9924638271331787,1.0179684162139893,1.100627064704895
L217H,217,0.306394779,1,0.8189091205596923,0.07973581533222077,0.5125143415596923,0.7733772397041321,0.9502554535865784,0.7665596604347229,0.7647215127944946,0.8396317362785339
L217W,217,1.204909762,1,0.8562964916229248,0.06356515133563141,0.34861327037707524,0.8994616270065308,0.8709496855735779,0.7993775010108948,0.7822126150131226,0.929481029510498
L217A,217,0.742345475,4,0.6768196821212769,0.05268944649964854,0.06552579287872318,0.6982300281524658,0.6849789023399353,0.6133056282997131,0.6391586661338806,0.7484251856803894
L217Y,217,1.155168061,0,1.0137205243110656,0.10704597607299722,0.14144753668893428,1.1024929285049438,0.8326228260993958,1.008337378501892,1.049233078956604,1.0759164094924927
L217G,217,0.2196946289999999,1,0.30487763285636904,0.11116038594539526,0.08518300385636915,0.10891491174697876,0.37445271015167236,0.35048598051071167,0.36578163504600525,0.32475292682647705
L217C,217,1.011862137,1,1.033673095703125,0.045672618109142554,0.021810958703124994,1.0126221179962158,1.0863553285598755,1.048197865486145,1.0544655323028564,0.9667246341705322
L217V,217,0.945526885,1,0.8668334007263183,0.04062288161150829,0.07869348427368172,0.858646810054779,0.8295153379440308,0.8548642992973328,0.9364746809005737,0.8546658754348755
E218A,218,1.004126927,3,0.9529240250587463,0.05463392791430517,0.05120290194125365,0.959701657295227,1.006456971168518,0.9050765633583069,1.004401683807373,0.8889832496643066
E218C,218,1.118908335,0,0.9874314785003662,0.0904224259615891,0.1314768564996338,0.8758870363235474,0.9521731734275818,0.9781965613365173,1.1235897541046143,1.0073108673095703
E218D,218,0.51983676,1,0.9076117515563965,0.038189366115976314,0.3877749915563965,0.9074556827545166,0.8921619057655334,0.8608607649803162,0.9117241501808167,0.9658562541007996
E218F,218,0.893218539,3,0.8814408779144287,0.014458750008441452,0.011777661085571323,0.8643129467964172,0.8987206816673279,0.8921506404876709,0.8819504976272583,0.8700696229934692
E218H,218,1.02335961,2,0.9026398181915283,0.06802571456076822,0.1207197918084717,0.8837717175483704,0.8185212016105652,0.8701752424240112,0.9909878969192505,0.9497430324554443
E218W,218,0.777379,0,0.7796138763427735,0.07449958827941587,0.0022348763427734175,0.7839223146438599,0.8296008706092834,0.8066375851631165,0.6505042910575867,0.8274043202400208
E218L,218,0.7877471309999999,0,0.8017837882041932,0.08412919969938817,0.014036657204193226,0.7137006521224976,0.8527540564537048,0.8889871835708618,0.7093021869659424,0.844174861907959
E218Y,218,1.02574063,1,0.8168623328208924,0.06263446594925565,0.20887829717910766,0.7650386691093445,0.8294740319252014,0.8677976131439209,0.7396408915519714,0.8823604583740234
E218V,218,0.783424328,1,0.8459591746330262,0.03049569757365125,0.06253484663302622,0.8414350748062134,0.8935397863388062,0.8315902352333069,0.8113964200019836,0.8518343567848206
E218T,218,0.871593519,2,0.7639868378639221,0.07034745616975546,0.10760668113607796,0.7968645095825195,0.7300130724906921,0.6698373556137085,0.8572161793708801,0.7660030722618103
E218I,218,0.6411398070000001,2,0.7763131499290467,0.08777364437183105,0.1351733429290466,0.7588788270950317,0.7911529541015625,0.7240674495697021,0.9178808331489563,0.6895856857299805
E218S,218,0.364563001,1,0.8909538626670838,0.08130855304125414,0.5263908616670838,0.9052222371101379,1.0110949277877808,0.8905134797096252,0.7863341569900513,0.8616045117378235
E218G,218,0.589127608,4,0.7323780655860901,0.040190875736736034,0.14325045758609012,0.7275577783584595,0.795136570930481,0.7347555756568909,0.6838529109954834,0.7205874919891357
E218Q,218,0.833753579,1,0.9330121636390686,0.04159075417792005,0.09925858463906856,0.9107763767242432,0.9489518404006958,0.9515380859375,0.87326580286026,0.980528712272644
E218P,218,0.488636949,3,0.3299452245235443,0.06508826522309939,0.1586917244764557,0.4376271665096283,0.32149651646614075,0.3332427442073822,0.27623072266578674,0.28112897276878357
E218N,218,0.8546473720000001,3,0.8050457239151001,0.049633140914863615,0.049601648084899974,0.8463267087936401,0.8473469614982605,0.7304030656814575,0.8199253082275391,0.7812265753746033
E218M,218,1.066904109,3,0.8848188161849976,0.057675597801783496,0.1820852928150024,0.9707357883453369,0.863127589225769,0.8823245763778687,0.8960366249084473,0.8118695020675659
E218R,218,0.55904332,3,0.842346727848053,0.06162143808695604,0.28330340784805297,0.8575812578201294,0.9408745169639587,0.7943519353866577,0.8292468786239624,0.7896790504455566
K219V,219,1.17720461,0,0.846953558921814,0.07758528899512317,0.330251051078186,0.7662706971168518,0.9232832193374634,0.8290995955467224,0.9328121542930603,0.7833021283149719
K219S,219,1.290247716,1,1.1054303407669068,0.06810286792411496,0.18481737523309327,1.1569710969924927,1.0566680431365967,1.0334031581878662,1.1945165395736694,1.0855928659439087
K219R,219,1.261190505,2,1.0699023723602294,0.06270708111553704,0.19128813263977062,1.0120792388916016,1.0071128606796265,1.10854971408844,1.0685181617736816,1.1532518863677979
K219Q,219,0.821169136,2,1.4030357599258423,0.06345927050075417,0.5818666239258423,1.3730674982070923,1.3317759037017822,1.4414019584655762,1.3766546249389648,1.492278814315796
K219P,219,0.373676758,0,0.7869535446166992,0.04481348676795808,0.4132767866166992,0.813130259513855,0.7076452970504761,0.8099427223205566,0.795893132686615,0.8081563115119934
K219T,219,1.483247244,3,0.6694148421287537,0.09928799435815511,0.8138324018712463,0.5845026969909668,0.7725600004196167,0.7729590535163879,0.5670101046562195,0.6500423550605774
K219E,219,1.331241308,2,1.3851836919784546,0.0626024314024801,0.05394238397845452,1.4588088989257812,1.4168028831481934,1.3196933269500732,1.4110047817230225,1.3196085691452026
K219C,219,2.146574556,0,1.096072244644165,0.03689961407074844,1.050502311355835,1.0702109336853027,1.086867332458496,1.1148408651351929,1.150088906288147,1.0583531856536865
K219D,219,0.611011054,2,1.0127211570739747,0.08821189722847,0.4017101030739747,1.15293550491333,1.0322456359863281,0.9997771382331848,0.9308922290802002,0.9477552771568298
K219N,219,0.715802307,4,0.9210945010185242,0.1564558844684695,0.20529219401852417,1.1423230171203613,0.7605689764022827,0.8082907795906067,0.8796120882034302,1.01467764377594
K219M,219,0.594629672,1,1.1231394052505492,0.03355869317451506,0.5285097332505492,1.1457279920578003,1.069180965423584,1.1542888879776,1.1307553052902222,1.11574387550354
K219L,219,0.799637432,0,0.6232704281806946,0.06980347780099397,0.17636700381930548,0.6752685308456421,0.6931059956550598,0.6348881721496582,0.5944240093231201,0.5186654329299927
K219I,219,-0.032664167,1,1.050922977924347,0.09233104033691263,1.083587144924347,1.1412806510925293,0.9136908650398254,1.089057445526123,1.0023283958435059,1.108257532119751
K219F,219,0.827627351,1,0.9212300181388855,0.06737158849432845,0.09360266713888554,0.8492551445960999,0.8584030866622925,0.9383147954940796,0.9500254392623901,1.0101516246795654
K219A,219,0.924262734,2,1.1794893503189088,0.08805799069772592,0.25522661631890875,1.1768115758895874,1.0344994068145752,1.2574453353881836,1.1871368885040283,1.241553544998169
K219G,219,0.916645233,2,0.9781507730484009,0.11373025675560569,0.06150554004840092,1.0923923254013062,0.9671411514282227,1.0140931606292725,0.7911128997802734,1.0260143280029297
K219Y,219,0.842624315,3,0.7167515695095062,0.20150757810967632,0.12587274549049376,0.41803625226020813,0.9270607829093933,0.8777798414230347,0.6664170026779175,0.6944639682769775
V220T,220,1.413313257,4,1.1085066318511962,0.049201694224250435,0.30480662514880374,1.091933012008667,1.169459581375122,1.1325528621673584,1.0370512008666992,1.1115365028381348
V220A,220,0.700150748,4,0.8815947294235229,0.033088536773652616,0.18144398142352292,0.9232651591300964,0.888063907623291,0.8997122049331665,0.8422257304191589,0.8547066450119019
V220C,220,0.531459992,1,1.1230234861373902,0.0330610655244723,0.5915634941373902,1.107651948928833,1.1734189987182617,1.090634822845459,1.138192892074585,1.105218768119812
V220E,220,1.074007605,4,0.9328053593635559,0.05815744651623915,0.14120224563644412,1.0136809349060059,0.9395514726638794,0.957547664642334,0.879604160785675,0.8736425638198853
V220F,220,0.605603834,1,0.8596016526222229,0.06554819765017268,0.2539978186222229,0.8540798425674438,0.7786350846290588,0.9607627391815186,0.8408859372138977,0.8636446595191956
V220G,220,0.894527847,1,0.7685419201850892,0.05713937343303943,0.12598592681491083,0.6974564790725708,0.7558892965316772,0.7970744967460632,0.8486254811286926,0.7436638474464417
V220K,220,1.10141468,4,0.9551896929740906,0.0555862252764172,0.14622498702590936,0.9804494380950928,0.9923818111419678,0.8784906268119812,1.0089703798294067,0.9156562089920044
V220L,220,0.6800306779999999,3,0.7764509677886963,0.045016443476655836,0.09642028978869632,0.7844646573066711,0.8137527704238892,0.8238431811332703,0.737407922744751,0.7227863073348999
V220M,220,1.191630838,1,0.9829034090042115,0.044304615177943346,0.20872742899578856,0.9440876841545105,1.0267481803894043,0.9404457807540894,0.97063809633255,1.032597303390503
V220P,220,0.570922256,0,0.3553898334503174,0.08896862211335552,0.21553242254968263,0.3967910706996918,0.2575041651725769,0.484181672334671,0.34336575865745544,0.2951065003871918
V220Q,220,1.186664823,2,0.9357695698738098,0.10278664425367515,0.2508952531261903,0.8128901124000549,1.001962661743164,0.841023325920105,1.0456671714782715,0.9773045778274536
V220R,220,0.714652988,2,0.8603415489196777,0.0762835325051131,0.14568856091967775,0.7744596004486084,0.8535699844360352,0.8021329045295715,0.9124573469161987,0.9590879082679749
V220S,220,0.678647474,4,0.8697269320487976,0.04650008441288494,0.19107945804879756,0.8271844983100891,0.9389178156852722,0.894976019859314,0.8495919704437256,0.8379643559455872
V220W,220,1.184156258,4,0.7101380228996277,0.059127091100634466,0.47401823510037233,0.7502148151397705,0.748640239238739,0.6077452898025513,0.7140554189682007,0.730034351348877
D221V,221,1.193050827,2,0.6922096371650696,0.048947121986186205,0.5008411898349304,0.6180216073989868,0.6942713260650635,0.6833178997039795,0.7138223648071289,0.7516149878501892
D221W,221,1.116859745,3,0.6904310464859009,0.08439096437223513,0.42642869851409904,0.6421532034873962,0.8345165848731995,0.6963320374488831,0.6492925882339478,0.6298608183860779
D221T,221,0.71853426,2,0.7435394883155823,0.04294002228045697,0.025005228315582273,0.8156254291534424,0.718689501285553,0.7048067450523376,0.7357453107833862,0.7428304553031921
D221R,221,0.839100596,3,0.8005777359008789,0.09680128547953581,0.03852286009912109,0.7521384358406067,0.9668387174606323,0.8044523596763611,0.733693540096283,0.7457656264305115
D221Q,221,0.780514477,2,0.9302409768104554,0.06580726562813409,0.14972649981045538,0.9225813150405884,0.8372318148612976,1.0227123498916626,0.9305676817893982,0.9381117224693298
D221P,221,0.936691368,3,0.8279928088188171,0.03330139434142073,0.10869855918118287,0.8764755129814148,0.829174816608429,0.822674036026001,0.7826639413833618,0.8289757370948792
D221N,221,0.732245475,3,1.0447789907455445,0.04629269110788471,0.31253351574554444,0.9950011968612671,1.0260581970214844,1.0255602598190308,1.0610040426254272,1.1162712574005127
D221M,221,0.585716261,0,0.8824566721916198,0.05633957297662634,0.29674041119161987,0.8508075475692749,0.848858654499054,0.8558798432350159,0.8752464056015015,0.9814909100532532
D221L,221,0.889797756,1,0.8900359034538269,0.08076301905309366,0.00023814745382688685,0.7779070734977722,0.8796228170394897,0.9679012298583984,0.8560343980789185,0.9687139987945557
D221K,221,0.8094912809999999,0,0.7161569237709046,0.07271284280315735,0.09333435722909533,0.6612978577613831,0.7791129946708679,0.6871330738067627,0.6456441283226013,0.8075965642929077
D221I,221,0.258733777,1,0.9596383213996887,0.07927722082439258,0.7009045443996887,0.8585469126701355,0.9212487936019897,0.978809654712677,0.9657489657402039,1.0738372802734375
D221G,221,0.871406152,4,0.8183966398239135,0.06528721412961358,0.053009512176086515,0.7956893444061279,0.8160372376441956,0.8752386569976807,0.7225319743156433,0.8824859857559204
D221F,221,0.358263523,1,0.8751428246498107,0.0663721619577296,0.5168793016498108,0.7910924553871155,0.8450453281402588,0.9590811133384705,0.8574696779251099,0.9230255484580994
D221E,221,1.024846519,2,0.9514318704605103,0.06649928396751993,0.07341464853948976,0.967825174331665,0.9340424537658691,1.0347400903701782,0.9685406684875488,0.85201096534729
D221C,221,1.2925615540000002,2,0.938657534122467,0.07721552332151023,0.35390401987753317,0.9954094886779785,0.9265096783638,0.8218200206756592,0.928835391998291,1.0207130908966064
D221A,221,0.872880159,3,0.9545045018196106,0.0982755163381062,0.08162434281961051,0.9535192251205444,1.1079193353652954,0.869071364402771,0.9736947417259216,0.8683178424835205
D221S,221,0.8837954579999999,4,0.8866740107536316,0.051984321180628776,0.0028785527536316913,0.84940505027771,0.9164658188819885,0.9058089256286621,0.8172100186347961,0.9444802403450012
D221Y,221,0.658289683,0,0.7158340215682983,0.07799414082264802,0.057544338568298325,0.6403188109397888,0.8349860906600952,0.6981235146522522,0.6593804359436035,0.746361255645752
A222R,222,0.917493428,0,0.9299428343772889,0.06752803727954339,0.012449406377288863,0.8898006677627563,0.954059362411499,0.9359588027000427,0.8456144332885742,1.0242809057235718
A222S,222,0.992278895,0,0.9604278445243836,0.08783714230507747,0.03185105047561643,0.8844666481018066,0.9389805793762207,0.9944187998771667,0.8885385990142822,1.0957345962524414
A222D,222,0.624968691,3,0.9402433037757874,0.04624540448440993,0.3152746127757874,0.86695396900177,0.9410280585289001,0.995215654373169,0.9508746862411499,0.9471441507339478
A222T,222,1.115413761,2,0.9813007473945617,0.12023751247820445,0.13411301360543815,0.9510497450828552,1.0755889415740967,0.9601891040802002,1.1125727891921997,0.807103157043457
A222V,222,1.250424791,0,0.8436752438545227,0.04801858623874454,0.4067495471454772,0.8445579409599304,0.8170962929725647,0.8761249780654907,0.779306173324585,0.9012908339500427
A222W,222,0.522352953,3,1.075734543800354,0.06142740253666576,0.5533815908003541,1.170997142791748,1.0178536176681519,1.1003601551055908,1.0530755519866943,1.036386251449585
A222Y,222,1.562990637,1,0.542732173204422,0.07714958444026034,1.020258463795578,0.42642661929130554,0.5565816164016724,0.5536114573478699,0.6422696709632874,0.5347715020179749
A222P,222,0.943368846,1,0.8433737397193909,0.06702700685927987,0.09999510628060915,0.8171256184577942,0.961101770401001,0.8303085565567017,0.7947724461555481,0.8135603070259094
A222M,222,1.117601339,4,0.8968165159225464,0.08359803231339691,0.2207848230774535,0.8824386596679688,0.8445707559585571,0.809541642665863,0.9210452437400818,1.0264862775802612
A222L,222,0.984347269,1,0.8771865487098693,0.09668344131858217,0.10716072029013068,0.8227895498275757,0.9494693875312805,0.7415525913238525,0.980094850063324,0.8920263648033142
A222K,222,0.956275577,0,0.9655370950698853,0.15334572029934276,0.009261518069885288,0.828384280204773,0.9233174324035645,1.143219232559204,0.8216516971588135,1.1111128330230713
A222I,222,0.650018952,0,0.8185597896575928,0.14708197776820625,0.16854083765759276,0.7710407972335815,0.767572283744812,1.0390188694000244,0.6443663835525513,0.8708006143569946
A222H,222,1.40634089,3,1.0666727542877197,0.06726637429888137,0.3396681357122804,1.1009607315063477,0.9909732341766357,1.1605212688446045,1.0179752111434937,1.062933325767517
A222G,222,0.981485459,1,0.8016138553619385,0.05901371293047012,0.17987160363806143,0.881503164768219,0.7464128136634827,0.7408490180969238,0.8107669949531555,0.8285372853279114
A222F,222,0.361946602,2,1.2290435075759887,0.08717660581178965,0.8670969055759887,1.1855758428573608,1.215419888496399,1.1495347023010254,1.3769443035125732,1.2177428007125854
A222E,222,0.746374797,4,0.9014096140861512,0.11581898802142632,0.1550348170861512,0.8755530118942261,1.0724151134490967,0.8838565945625305,0.7501581311225891,0.9250652194023132
A222C,222,1.193857017,0,0.8633963942527771,0.043578749232048554,0.3304606227472229,0.8414844274520874,0.8852512836456299,0.9286518692970276,0.8420880436897278,0.8195063471794128
A222Q,222,1.028782332,2,1.1064437866210937,0.13805466851038845,0.07766145462109364,1.053891897201538,0.9322221279144287,1.0506439208984375,1.2412502765655518,1.2542107105255127
F223L,223,1.20478472,2,0.9934058427810669,0.08195508975855742,0.211378877218933,1.0594756603240967,1.0421749353408813,0.8663777112960815,1.0437297821044922,0.9552711248397827
F223W,223,0.915426774,1,0.8580599784851074,0.028087617192473262,0.057366795514892654,0.8648638725280762,0.809302568435669,0.8723419308662415,0.8804177045822144,0.8633738160133362
F223V,223,0.948737963,4,1.1961390733718873,0.05533582693503984,0.24740111037188728,1.1218916177749634,1.2372205257415771,1.205998420715332,1.159423828125,1.2561609745025635
F223T,223,1.4469938,3,1.0191654920578004,0.06217695562400786,0.4278283079421996,0.9969758987426758,0.9774045348167419,0.9670435786247253,1.033759593963623,1.1206438541412354
F223S,223,1.159740008,4,0.9847377061843872,0.057058136241794524,0.17500230181561283,0.9184046983718872,1.0394723415374756,1.0495387315750122,0.9556725025177002,0.9606002569198608
F223R,223,0.723711282,1,0.690200924873352,0.09401191558998921,0.03351035712664796,0.6552984714508057,0.8168210387229919,0.569551944732666,0.7442104816436768,0.6651226878166199
F223Q,223,0.247951869,4,0.9027612686157227,0.04174265763561815,0.6548093996157227,0.9362218976020813,0.9361134171485901,0.8468982577323914,0.8693830370903015,0.925189733505249
F223P,223,0.573737736,2,0.5304420173168183,0.08008465927081618,0.043295718683181716,0.5262771844863892,0.5141725540161133,0.45358723402023315,0.49325844645500183,0.6649146676063538
F223N,223,1.041323971,0,0.936728322505951,0.1043698086150311,0.10459564849404901,1.0932719707489014,0.8099583983421326,0.8962469696998596,0.9165906310081482,0.9675736427307129
F223M,223,0.855840455,2,0.8441160082817077,0.15192277880898408,0.011724446718292314,0.777559220790863,1.0456678867340088,0.7491564154624939,0.9609383344650269,0.6872581839561462
F223K,223,0.416413144,4,0.8034402847290039,0.01842216768247291,0.38702714072900385,0.7842157483100891,0.828493595123291,0.8086597919464111,0.7862547039985657,0.8095775842666626
F223Y,223,0.8566155670000001,1,0.8121015310287476,0.08899148147516392,0.044514035971252475,0.8247050046920776,0.7266846895217896,0.9130055904388428,0.8806602954864502,0.7154520750045776
F223G,223,0.8849496990000001,4,0.9051155328750611,0.028609041973002472,0.02016583387506099,0.8889083862304688,0.9191837906837463,0.9101541042327881,0.9409734010696411,0.8663579821586609
F223E,223,0.422243925,4,1.0031896114349366,0.03046256759199539,0.5809456864349365,0.9648779630661011,0.9905799627304077,0.996501088142395,1.0181940793991089,1.04579496383667
F223D,223,1.146207778,2,0.7744321584701538,0.063619081068363,0.37177561952984617,0.691279411315918,0.7234644889831543,0.7981114983558655,0.8326643705368042,0.8266410231590271
F223C,223,0.9011023,2,0.8906046986579895,0.07667857364694822,0.010497601342010499,0.890333890914917,0.9907646179199219,0.8016601800918579,0.9376457929611206,0.8326190114021301
F223A,223,1.09114662,1,0.7946387529373169,0.08647868322369073,0.29650786706268306,0.7564642429351807,0.775701105594635,0.8086292147636414,0.9323306679725647,0.7000685334205627
F223I,223,1.472391117,1,1.040189266204834,0.044389205091865065,0.43220185079516593,1.1164045333862305,1.0307917594909668,1.0351482629776,1.0143471956253052,1.0042545795440674
E224R,224,0.7255259709999999,2,0.8211868882179261,0.0523737573137524,0.09566091721792613,0.8440885543823242,0.7874308824539185,0.8160046935081482,0.7615566253662109,0.8968536853790283
E224C,224,1.229959127,2,0.797242259979248,0.07901016449553959,0.43271686702075207,0.8287022113800049,0.7759571671485901,0.7022541761398315,0.7657967805862427,0.913500964641571
E224D,224,0.7696567940000001,4,1.0986367464065552,0.07011241673054713,0.3289799524065551,1.098815679550171,1.1462187767028809,1.029800295829773,1.0303126573562622,1.188036322593689
E224G,224,0.924520673,2,0.942959725856781,0.03569434158127316,0.018439052856781046,0.9129492044448853,0.9372677803039551,0.9153786301612854,1.0010608434677124,0.9481421709060669
E224H,224,0.730757662,4,0.8998056054115295,0.06275023557474348,0.1690479434115295,0.8730267882347107,0.9436318278312683,0.8246169090270996,0.8751688003540039,0.9825837016105652
E224A,224,1.3549293619999998,1,0.8758790254592895,0.04706966463302416,0.4790503365407103,0.8167101740837097,0.8577505350112915,0.9245150089263916,0.9237985610961914,0.8566208481788635
E224S,224,0.925251505,1,0.9079027652740479,0.05434580121884381,0.017348739725952078,0.8571049571037292,0.9728103280067444,0.9511339068412781,0.8517774939537048,0.9066871404647827
E224I,224,0.930466634,0,0.8325886964797974,0.07592255782875164,0.09787793752020257,0.8937482237815857,0.7084486484527588,0.8453002572059631,0.8929412961006165,0.8225050568580627
E224Y,224,0.73613351,4,0.8079679131507873,0.0925444220574449,0.07183440315078726,0.9282380938529968,0.6734539866447449,0.7918365597724915,0.8010486364364624,0.8452622890472412
E224W,224,0.798859415,4,0.7155428171157837,0.0769590965362361,0.0833165978842163,0.8201745748519897,0.637615442276001,0.6525579690933228,0.7017056941986084,0.7656604051589966
E224V,224,0.980326127,1,0.9113979458808898,0.020442399728201343,0.06892818111911014,0.892179012298584,0.889472246170044,0.912667989730835,0.9278097152709961,0.9348607659339905
E224T,224,0.979631795,0,1.0284024715423583,0.028033011169535094,0.04877067654235834,1.043763279914856,1.0577934980392456,1.0386635065078735,1.0154753923416138,0.9863166809082031
E224K,224,0.963517427,4,0.807526957988739,0.08069658954515271,0.155990469011261,0.7828758358955383,0.901185929775238,0.8611088395118713,0.6901832818984985,0.8022809028625488
E224M,224,0.855970648,1,0.7840564727783204,0.07877308266530575,0.07191417522167964,0.7519153356552124,0.809623658657074,0.8529784083366394,0.8435472249984741,0.6622177362442017
E224N,224,1.124966496,0,0.8588903188705445,0.09350792560052384,0.26607617712945564,0.9261453151702881,0.840998113155365,0.7234631180763245,0.9655129909515381,0.8383320569992065
E224P,224,0.46376517,4,0.8579488277435303,0.07605886443926226,0.3941836577435303,0.7626507878303528,0.9321004748344421,0.8693852424621582,0.7980670928955078,0.9275405406951904
E224Q,224,0.467238875,1,1.025273048877716,0.044998968899795926,0.5580341738777159,0.9749924540519714,0.995517373085022,1.0879778861999512,1.0165605545043945,1.0513169765472412
E224L,224,0.50878937,2,0.7767919421195983,0.042110671224537176,0.2680025721195983,0.7750952243804932,0.772918164730072,0.7535673379898071,0.7358659505844116,0.846513032913208
E225W,225,0.789418712,2,0.8290493607521057,0.015326161247282869,0.039630648752105646,0.8052344918251038,0.8430470824241638,0.8272671699523926,0.8275678157806396,0.8421302437782288
E225F,225,1.181253205,1,0.8828240036964417,0.05765942299985896,0.2984292013035583,0.8134206533432007,0.9164388179779053,0.9254228472709656,0.8269126415252686,0.9319250583648682
E225V,225,1.0638727609999998,3,0.9101959466934204,0.04176242347179225,0.15367681430657942,0.9146847128868103,0.8501840829849243,0.9032452702522278,0.9674619436264038,0.9154037237167358
E225G,225,0.882665657,2,0.9326532006263732,0.04405306712175646,0.049987543626373254,0.9287253618240356,0.885240912437439,0.9691205620765686,0.8950403332710266,0.9851388335227966
E225K,225,0.943543171,3,0.8596151471138,0.06588447363932391,0.08392802388619991,0.888460636138916,0.8606227040290833,0.7657304406166077,0.9448550939559937,0.8384068608283997
E225L,225,1.6014758409999998,3,0.9663383722305298,0.04783073826818701,0.6351374687694701,0.9196504354476929,0.9399597644805908,0.9422492384910583,1.037002682685852,0.9928297400474548
E225M,225,0.55492302,0,0.9791514158248902,0.07185841994537076,0.42422839582489014,1.0299901962280273,0.8941543698310852,0.9355525374412537,1.0724427700042725,0.963617205619812
E225P,225,0.942074469,1,1.2383893251419067,0.07023997458354714,0.29631485614190667,1.2409443855285645,1.2401771545410156,1.3515961170196533,1.1798882484436035,1.1793407201766968
E225Q,225,1.306484045,1,1.1109932661056519,0.06461230132057215,0.19549077889434807,1.0317182540893555,1.1366283893585205,1.066902995109558,1.1988312005996704,1.1208854913711548
E225A,225,0.967559115,1,1.2204755783081054,0.04585777798907589,0.25291646330810535,1.1435682773590088,1.2131394147872925,1.2505098581314087,1.2535724639892578,1.2415878772735596
E225T,225,0.951532374,0,1.0508850336074829,0.07487996620582091,0.09935265960748285,1.1748759746551514,1.0052260160446167,0.9816594123840332,1.0380890369415283,1.054574728012085
E225S,225,0.986600235,3,0.8947812914848328,0.05036668422390305,0.09181894351516728,0.9010820388793945,0.8509758710861206,0.8360941410064697,0.9351966381072998,0.9505577683448792
E225R,225,0.965860567,3,0.8209722518920899,0.026819700534966663,0.14488831510791012,0.8207340240478516,0.7992662787437439,0.8077787756919861,0.86695396900177,0.8101282119750977
R226M,226,1.018409837,1,1.0474517345428467,0.09533532062609298,0.029041897542846584,1.0352798700332642,1.1731773614883423,0.906912088394165,1.0728756189346313,1.0490137338638306
R226N,226,0.974571031,4,0.9722596526145935,0.05015825145058901,0.002311378385406515,0.9862592220306396,0.9629071950912476,0.9637058973312378,1.0438518524169922,0.9045740962028503
R226V,226,0.681873993,1,0.9658566236495971,0.05944840425236836,0.28398263064959717,0.9646123051643372,0.9794775247573853,0.8838115930557251,1.049635410308838,0.9517462849617004
R226L,226,1.119186726,0,0.9050126314163208,0.06001796644376259,0.2141740945836791,0.9864367246627808,0.9211986660957336,0.8218542337417603,0.9135507941246033,0.8820227384567261
R226Q,226,1.338431174,2,1.2600719690322877,0.07326168498018523,0.0783592049677122,1.2439286708831787,1.3362503051757812,1.3181567192077637,1.1507359743118286,1.2512881755828857
R226S,226,0.981641227,2,1.0095266580581665,0.026688067256575125,0.027885431058166543,1.028569221496582,1.037456750869751,1.0124181509017944,0.9695160388946533,0.9996731281280518
R226P,226,0.809794335,1,1.1540123701095581,0.06432378654722,0.3442180351095582,1.1940544843673706,1.1668522357940674,1.181696891784668,1.1871118545532227,1.040346384048462
R226K,226,1.052177289,0,0.8283751130104064,0.04025966029144001,0.22380217598959362,0.8410301208496094,0.7874608635902405,0.7853782176971436,0.8754439949989319,0.8525623679161072
R226C,226,1.365818639,3,0.466292542219162,0.1435018989194805,0.8995260967808381,0.30243822932243347,0.34014835953712463,0.5768399238586426,0.48088982701301575,0.6311463713645935
R226G,226,0.933611144,3,0.8424388408660889,0.015859843911954004,0.09117230313391111,0.8443692922592163,0.85944002866745,0.8380810618400574,0.8523010015487671,0.8180028200149536
R226F,226,0.977060379,1,0.8836997866630554,0.06798041269267366,0.0933605923369446,0.8319615721702576,0.9466577172279358,0.7950360178947449,0.9446113109588623,0.9002323150634766
R226E,226,1.326216136,1,1.3888324737548827,0.07415843363054546,0.06261633775488273,1.3237528800964355,1.484706163406372,1.3111963272094727,1.4391450881958008,1.385361909866333
R226D,226,1.786593161,3,1.010956597328186,0.05461889844339126,0.7756365636718141,1.048836350440979,1.021584153175354,0.9690511226654053,1.073257565498352,0.9420537948608398
R226A,226,1.114084287,1,1.0723310470581056,0.07465740651727885,0.041753239941894504,1.044625163078308,1.1426200866699219,0.971183180809021,1.1497846841812134,1.053442120552063
R226W,226,1.01908501,3,0.9771076917648316,0.06885221746142535,0.04197731823516837,0.8888580799102783,0.9595291614532471,1.0436077117919922,1.0500160455703735,0.9435274600982666
R226Y,226,1.034530225,0,0.851258385181427,0.025504795968192693,0.18327183981857287,0.8766934871673584,0.8705828189849854,0.8410453796386719,0.8549680113792419,0.8130022287368774
R226H,226,0.247181105,2,1.1082682371139527,0.04201817628833542,0.8610871321139527,1.1250170469284058,1.06578528881073,1.1219803094863892,1.0657174587249756,1.1628410816192627
R226T,226,0.702349206,4,0.9934954643249512,0.05664965901444374,0.2911462583249512,1.031446933746338,0.9908965826034546,1.0321369171142578,1.016327142715454,0.8966697454452515
H227G,227,0.774345925,1,0.7612262487411499,0.04845460474363333,0.013119676258850133,0.7543498277664185,0.7085351347923279,0.739453911781311,0.8392166495323181,0.764575719833374
H227W,227,0.7040225720000001,3,0.9282956004142762,0.05627752262101688,0.2242730284142761,0.88758784532547,0.920417308807373,0.8896224498748779,1.0250606536865234,0.9187897443771362
H227C,227,0.500167358,4,0.8190366864204407,0.033659025880472246,0.3188693284204407,0.793655514717102,0.8138716220855713,0.8417076468467712,0.8636919856071472,0.7822566628456116
H227D,227,0.57021688,3,0.8235888361930848,0.07105935335209213,0.2533719561930847,0.7782031893730164,0.8015319108963013,0.7688582539558411,0.944645345211029,0.8247054815292358
H227E,227,0.886528758,1,0.6788092136383057,0.08212481860786822,0.20771954436169426,0.5534712076187134,0.6879816651344299,0.7614822387695312,0.6520325541496277,0.7390784025192261
H227F,227,0.651604734,0,0.9194181442260743,0.060937229665746766,0.2678134102260743,0.9178414344787598,0.9465315937995911,0.9245092868804932,0.8215790390968323,0.9866293668746948
H227I,227,0.926172489,0,0.9878260016441345,0.093141507363968,0.061653512644134434,1.081557035446167,1.0497170686721802,1.0022859573364258,0.8419067859649658,0.9636631608009338
H227K,227,1.087396476,3,0.7859073519706726,0.03769037036990816,0.30148912402932726,0.7394077181816101,0.8293097019195557,0.758654773235321,0.7863680720329285,0.8157964944839478
H227L,227,0.970940902,2,0.8549726605415344,0.058687923068899084,0.11596824145846563,0.8139504194259644,0.8217769861221313,0.8209238052368164,0.864540696144104,0.953671395778656
H227A,227,0.8655677420000001,2,0.8566120862960815,0.062147171708859375,0.008955655703918541,0.8709844350814819,0.813849151134491,0.782920241355896,0.8704178929328918,0.944888710975647
H227N,227,0.762898532,1,0.8546380043029785,0.09249762997674875,0.09173947230297852,0.8333178162574768,0.7962684035301208,0.7694050073623657,1.0060096979141235,0.8681890964508057
H227M,227,1.021598826,4,0.9911327958106995,0.07061271382208832,0.030466030189300497,0.9704583287239075,0.9404134750366211,0.9850679039955139,1.113252878189087,0.9464713931083679
H227V,227,1.060676933,3,0.9951302289962769,0.05584646015253001,0.0655467040037232,0.9041687250137329,1.0215100049972534,1.0110960006713867,1.0515999794006348,0.9872764348983765
H227T,227,1.275531491,1,0.9063887000083923,0.06142756056492829,0.36914279099160763,0.8398236036300659,0.9730409979820251,0.8603063821792603,0.9683643579483032,0.8904081583023071
H227Y,227,1.0688146,4,0.8299356818199157,0.06101040238003072,0.23887891818008433,0.8364455699920654,0.8341391086578369,0.8006930947303772,0.9222732782363892,0.7561273574829102
H227R,227,0.895071108,3,0.8303844451904296,0.035855403645064975,0.06468666280957036,0.8140662908554077,0.89045250415802,0.7953099608421326,0.8263066411018372,0.825786828994751
H227Q,227,0.738107757,4,0.9824822783470154,0.0286269467769601,0.24437452134701543,0.9986017942428589,1.011132001876831,0.9802941083908081,0.9865491986274719,0.9358342885971069
H227P,227,0.7926313970000001,4,0.6173696517944336,0.05712396293337369,0.17526174520556648,0.6176042556762695,0.7147045731544495,0.5967824459075928,0.5690939426422119,0.5886630415916443
H227S,227,0.725494757,0,0.7742418646812439,0.0272437268701448,0.048747107681243906,0.7721479535102844,0.8176013231277466,0.7778318524360657,0.7460888028144836,0.7575393915176392
K228E,228,0.999855147,1,1.1543374061584473,0.06719738757622937,0.15448225915844727,1.0917407274246216,1.1699951887130737,1.230042815208435,1.2022172212600708,1.0776910781860352
K228G,228,0.866653711,4,0.8563030004501343,0.0774322642590146,0.010350710549865694,0.9004601240158081,0.9660990834236145,0.8361175656318665,0.8070774078369141,0.7717608213424683
K228H,228,1.40159421,4,0.9779176115989685,0.058870386794678126,0.42367659840103156,0.9714555740356445,1.036645531654358,1.0364277362823486,0.9023669362068176,0.9426922798156738
K228I,228,0.779450194,1,0.8543445110321045,0.055931000806296545,0.07489431703210447,0.8652664422988892,0.7659938335418701,0.8565947413444519,0.8622941970825195,0.9215733408927917
K228L,228,1.082653783,3,0.8990028023719787,0.10109421628660847,0.18365098062802132,0.8721873164176941,0.7934476137161255,1.048101782798767,0.8329811692237854,0.9482961297035217
K228M,228,0.157692852,1,1.0074854731559753,0.08745255978873184,0.8497926211559752,0.8782476782798767,0.9687130451202393,1.0191540718078613,1.0818758010864258,1.0894367694854736
K228N,228,0.598604155,4,0.9777697205543519,0.05996584076440613,0.3791655655543519,0.9130951166152954,0.9420735239982605,1.0433590412139893,1.039992094039917,0.9503288269042969
K228Q,228,1.323262662,4,1.0686213731765748,0.01437860030532646,0.2546412888234253,1.0680630207061768,1.0652074813842773,1.0826102495193481,1.046743631362915,1.0804824829101562
K228R,228,1.120707824,3,1.087742567062378,0.06395411102098326,0.03296525693762198,1.0314615964889526,1.0542031526565552,1.1951110363006592,1.0650739669799805,1.0928630828857422
K228T,228,0.458241319,2,0.8894591331481934,0.033567797388172955,0.4312178141481934,0.8559515476226807,0.91208416223526,0.9322420954704285,0.8571789264678955,0.8898389339447021
K228V,228,1.17014836,1,0.953726053237915,0.03417579060598562,0.21642230676208496,0.9081843495368958,0.9703496098518372,0.995053768157959,0.9639006853103638,0.9311418533325195
K228W,228,0.928081853,0,0.8430240750312805,0.04171730473179607,0.0850577779687195,0.8096643686294556,0.8987094163894653,0.8483930826187134,0.7950059771537781,0.8633475303649902
K228Y,228,0.897957727,3,0.8427608728408813,0.1565206835142831,0.05519685415911868,0.6717323064804077,0.9102298021316528,1.0772984027862549,0.7946876287460327,0.7598562240600586
K228D,228,1.414511333,2,0.7581005096435547,0.06306354829255256,0.6564108233564454,0.8035578727722168,0.6840329170227051,0.7163528203964233,0.7477949857711792,0.838763952255249
K228P,228,0.90035601,1,0.7921201229095459,0.03777322553462823,0.10823588709045406,0.7585540413856506,0.7501220703125,0.8365665674209595,0.7943165898323059,0.8210413455963135
K228S,228,0.991682154,0,0.8887437343597412,0.08806882586200393,0.10293841964025885,0.760460615158081,0.8823709487915039,0.8597434163093567,0.95843505859375,0.9827086329460144
K228C,228,0.955978554,1,1.1005730867385863,0.04562814010527132,0.14459453273858636,1.1577234268188477,1.129064679145813,1.0441579818725586,1.0680710077285767,1.1038483381271362
K228A,228,0.8813457109999999,3,0.9960195899009705,0.11711304051011262,0.11467387890097058,0.9554198980331421,0.8386093974113464,1.155606985092163,0.9818446636199951,1.0486170053482056
S229W,229,0.966654312,0,0.7973977446556091,0.07561093231101375,0.16925656734439087,0.8101257085800171,0.8835539817810059,0.7807472944259644,0.8325197100639343,0.680042028427124
S229E,229,0.8485670679999999,1,0.9630815863609314,0.07365053227371046,0.11451451836093152,0.8927372694015503,1.0534064769744873,0.9173610210418701,1.0314900875091553,0.920413076877594
S229D,229,1.216123345,0,1.0270718812942505,0.09818689392121019,0.18905146370574943,1.0038385391235352,1.0713419914245605,1.1607327461242676,1.0055447816848755,0.8939013481140137
S229C,229,-0.2283434369999999,1,1.0575091123580933,0.15096714574100495,1.2858525493580932,1.0642962455749512,1.0207574367523193,0.8712869882583618,1.0396648645401,1.2915400266647339
S229A,229,1.3753951759999998,2,1.063205850124359,0.06995629695721989,0.31218932587564074,1.0498690605163574,1.1618475914001465,0.9654468894004822,1.0653643608093262,1.0735013484954834
S229Y,229,1.204895702,1,1.0072755455970763,0.10494215835307118,0.19762015640292363,0.8284825682640076,1.0192164182662964,1.0627517700195312,1.0264805555343628,1.099446415901184
S229G,229,1.087370037,4,0.9648086786270141,0.05273350906043479,0.12256135837298576,0.9811866283416748,0.9211646914482117,1.0166089534759521,1.0071585178375244,0.8979246020317078
S229F,229,1.10789652,2,0.9470181465148926,0.11829296927019942,0.16087837348510736,0.8559218049049377,1.0502630472183228,0.9536407589912415,1.0732696056365967,0.8019955158233643
S229I,229,0.248651438,3,1.0906821846961976,0.08770495914812658,0.8420307466961976,1.1072969436645508,1.1974600553512573,1.1061862707138062,1.089073896408081,0.9533937573432922
S229L,229,1.354351447,4,0.9572999358177186,0.04500262971071548,0.39705151118228144,0.9240447878837585,0.9776595830917358,1.0269535779953003,0.9366070032119751,0.9212347269058228
S229M,229,0.971687181,2,0.8680218696594239,0.09076432134577177,0.1036653113405761,0.7571108937263489,0.9954777956008911,0.8798590898513794,0.8977824449539185,0.8098791241645813
S229Q,229,1.4592402919999998,4,1.2223799705505372,0.06712272057610306,0.23686032144946267,1.2170499563217163,1.2788012027740479,1.1591187715530396,1.301724910736084,1.1552050113677979
S229R,229,1.176191521,0,0.9889372825622559,0.0795490581097138,0.18725423843774414,0.9721914529800415,1.1224892139434814,0.908293604850769,0.9752382040023804,0.9664739370346069
S229T,229,0.392233365,4,0.9240888118743896,0.07150806015291004,0.5318554468743897,0.9099518060684204,0.9750112295150757,0.9491567611694336,0.9801084995269775,0.806215763092041
S229V,229,0.7972064459999999,3,0.9613486289978027,0.056160222359222106,0.1641421829978028,0.9972952008247375,0.9994322061538696,0.9425606727600098,0.9969514608383179,0.8705036044120789
S229H,229,1.015608483,4,1.0209619402885437,0.07488822777263911,0.005353457288543639,0.9249604940414429,1.0657086372375488,0.9556099772453308,1.0707505941390991,1.0877799987792969
W230Q,230,0.4706107229999999,3,0.8348270416259765,0.07293355864188872,0.36421631862597664,0.8007949590682983,0.7852322459220886,0.8518053293228149,0.7811165452003479,0.955186128616333
W230T,230,1.011906415,4,0.8944548606872559,0.04484499402572553,0.11745155431274401,0.8702137470245361,0.8528823852539062,0.8879539966583252,0.9698003530502319,0.8914238214492798
W230S,230,0.90283607,1,0.8230356693267822,0.03773661390245476,0.07980040067321781,0.8269427418708801,0.7960852980613708,0.8311935663223267,0.8793520927429199,0.7816046476364136
W230R,230,0.703437768,4,0.6954657673835755,0.08336830050034318,0.007972000616424557,0.6607949137687683,0.5702177286148071,0.7567874789237976,0.7109198570251465,0.7786088585853577
W230P,230,0.60379527,2,0.6217641711235047,0.0611774824747051,0.017968901123504688,0.5471466183662415,0.5654159784317017,0.6498326063156128,0.6817589998245239,0.6646666526794434
W230G,230,0.7879405820000001,4,0.8200467467308045,0.05730463848689932,0.03210616473080441,0.8112941384315491,0.7248666286468506,0.8628411889076233,0.8383865356445312,0.862845242023468
W230L,230,0.760234306,0,0.8524355888366699,0.025773092878291,0.09220128283666995,0.873630702495575,0.8266867399215698,0.8225069642066956,0.8748985528945923,0.864454984664917
W230K,230,0.779538684,4,0.7176876425743103,0.06892724082270393,0.06185104142568976,0.6528110504150391,0.6494094133377075,0.7913309335708618,0.7091104984283447,0.7857763171195984
W230I,230,1.158625284,4,0.8133912444114685,0.06811205148675879,0.3452340395885315,0.7556976675987244,0.7613967061042786,0.8122925758361816,0.9252955317497253,0.8122737407684326
W230H,230,0.575725677,3,0.7663639903068542,0.07017819586729686,0.1906383133068542,0.7401570677757263,0.7805863618850708,0.8179901242256165,0.6589080095291138,0.8341783881187439
W230E,230,0.74873766,0,0.664893388748169,0.032937358036000515,0.08384427125183103,0.7103092074394226,0.6632440686225891,0.6231350898742676,0.6476352214813232,0.6801433563232422
W230D,230,0.787904367,0,0.7930699586868286,0.0640875953535364,0.005165591686828619,0.9034533500671387,0.7577193975448608,0.7929314970970154,0.7458728551864624,0.7653726935386658
W230A,230,1.145059619,1,0.8191253185272217,0.04836078351256377,0.32593430047277827,0.875527560710907,0.7832908630371094,0.806840717792511,0.8634838461875916,0.7664836049079895
W230Y,230,0.6919125759999999,3,0.7721996903419495,0.08263602845410013,0.08028711434194957,0.7560756802558899,0.7772952914237976,0.8564731478691101,0.6427211761474609,0.8284331560134888
W230M,230,0.813567413,1,0.827391242980957,0.025899993408859675,0.013823829980956992,0.837583601474762,0.8196000456809998,0.8455004096031189,0.8486033082008362,0.7856688499450684
W230V,230,0.64989959,4,0.8858248472213746,0.03780923083702021,0.23592525722137458,0.8736391067504883,0.8428083062171936,0.8930515646934509,0.9452822208404541,0.8743430376052856
G231E,231,1.006504649,2,0.938712728023529,0.04554295972641056,0.06779192097647102,0.9176819324493408,0.9557219743728638,0.9304807186126709,1.005758285522461,0.8839207291603088
G231V,231,0.697463245,2,0.6175770163536072,0.031043559379841035,0.07988622864639283,0.592698872089386,0.6338802576065063,0.5859986543655396,0.6618068814277649,0.6135004162788391
G231F,231,0.41240183,2,0.7132848143577576,0.0399181137644053,0.30088298435775757,0.7194738984107971,0.7388840317726135,0.6828170418739319,0.7613638639450073,0.663885235786438
G231H,231,1.165409162,0,0.8879135489463806,0.10788999496778685,0.27749561305361936,1.0082567930221558,0.9602115154266357,0.8836750984191895,0.8611130118370056,0.7263113260269165
G231I,231,0.67414072,1,0.47992575764656065,0.09460457069660479,0.19421496235343938,0.48702484369277954,0.5435656905174255,0.36767134070396423,0.405193030834198,0.596173882484436
G231K,231,0.912087814,1,0.8381417512893676,0.06211315871931822,0.07394606271063242,0.8417276740074158,0.8495116829872131,0.7490516304969788,0.8272242546081543,0.9231935143470764
G231L,231,0.8181931809999999,4,0.6082992672920227,0.022268673965586763,0.20989391370797728,0.6082937717437744,0.587072491645813,0.5983457565307617,0.6456596851348877,0.6021246314048767
G231M,231,0.545000653,1,0.7453844308853149,0.0626410063328422,0.20038377788531492,0.8150812387466431,0.7674164772033691,0.6755293607711792,0.6832930445671082,0.7856020331382751
G231P,231,0.796215955,0,0.5311874091625214,0.0616983980346519,0.2650285458374786,0.4856392741203308,0.6026210784912109,0.5517642498016357,0.5651689171791077,0.45074352622032166
G231Q,231,1.43136272,4,1.1253309011459351,0.0218159457447933,0.30603181885406494,1.1367850303649902,1.1359856128692627,1.0878033638000488,1.1411592960357666,1.124921202659607
G231R,231,0.952276246,0,0.8918035745620727,0.08228137708999908,0.06047267143792734,1.0022433996200562,0.8824125528335571,0.8303696513175964,0.8004525899887085,0.9435396790504456
G231S,231,0.927777487,3,0.8622973203659058,0.06067143497075137,0.06548016663409417,0.9175746440887451,0.7639039754867554,0.8464781045913696,0.8913583755493164,0.8921715021133423
G231T,231,0.541295665,4,0.8134018898010253,0.03718737030056544,0.2721062248010253,0.8054623603820801,0.7928199768066406,0.8354145288467407,0.8642966747283936,0.769015908241272
G231W,231,0.54811871,4,0.6025283694267273,0.0469991762100727,0.054409659426727264,0.5572857856750488,0.5743059515953064,0.6677433848381042,0.6358532309532166,0.5774534940719604
G231Y,231,0.517533832,2,0.7234701871871948,0.057801607748773014,0.20593635518719478,0.7260766625404358,0.7416010499000549,0.6993197798728943,0.8040421605110168,0.6463112831115723
G231C,231,0.8711597440000001,2,0.9953354954719543,0.028956699574541677,0.12417575147195425,1.0345919132232666,0.9811797738075256,0.9690400958061218,1.0173845291137695,0.9744811654090881
G231A,231,0.901773672,4,0.8635446190834045,0.019371165221097584,0.03822905291659551,0.8867200613021851,0.8566229343414307,0.8728551268577576,0.8666134476661682,0.8349115252494812
I232M,232,0.4105104029999999,1,0.8476025581359863,0.03438802925293745,0.43709215513598637,0.7930858135223389,0.8436879515647888,0.8830246925354004,0.8485405445098877,0.8696737885475159
I232A,232,0.850711575,1,0.7678314924240113,0.018013773344709706,0.08288008257598878,0.7675861716270447,0.7635703682899475,0.7974908947944641,0.7487838864326477,0.7617261409759521
I232C,232,0.703805102,2,0.8849374532699585,0.07146758150047462,0.18113235126995852,0.9649305939674377,0.8704155087471008,0.9133394956588745,0.7723963260650635,0.9036053419113159
I232D,232,0.499509272,1,0.6544471383094788,0.050484630702418896,0.15493786630947876,0.6760257482528687,0.6786666512489319,0.6703070998191833,0.5644988417625427,0.6827373504638672
I232E,232,0.630057905,2,0.6268970966339111,0.09307004005989912,0.0031608083660888964,0.7840546369552612,0.6336679458618164,0.5682287216186523,0.5957377552986145,0.5527964234352112
I232K,232,0.5789215999999999,0,0.6605100631713867,0.08762918909990741,0.0815884631713868,0.7639135718345642,0.7447498440742493,0.6075854897499084,0.616077721118927,0.5702236890792847
I232L,232,0.947395177,1,0.8581185817718506,0.034437839356312554,0.08927659522814935,0.8000780940055847,0.8701727390289307,0.8549861311912537,0.8800589442253113,0.8852970004081726
I232H,232,-0.104501082,1,0.6964125514030457,0.04296343505893369,0.8009136334030457,0.6295759677886963,0.7200881242752075,0.7272179126739502,0.6767982840538025,0.7283824682235718
I232G,232,0.743787784,1,0.7209862351417542,0.03203261545045294,0.022801548858245813,0.7617852091789246,0.7218936681747437,0.7225632071495056,0.7267284989356995,0.6719605922698975
I232Q,232,0.963721286,4,0.6130147278308868,0.13226570137197408,0.3507065581691131,0.6586386561393738,0.7661672830581665,0.5171764492988586,0.683931291103363,0.43915995955467224
I232R,232,0.699435756,4,0.47412383556365967,0.07314728922629049,0.2253119204363403,0.46739616990089417,0.5797092914581299,0.3798452317714691,0.4974234402179718,0.4462450444698334
I232S,232,0.760833885,2,0.6770077109336853,0.036679581246972945,0.08382617406631476,0.7355086207389832,0.680213212966919,0.6426807045936584,0.6773852705955505,0.6492507457733154
I232T,232,0.703345088,1,0.7555579662322998,0.03593603600965884,0.05221287823229981,0.7310020327568054,0.8145674467086792,0.7644219994544983,0.7395429611206055,0.7282553911209106
I232V,232,0.841677124,4,0.9289443135261536,0.031630454069760366,0.08726718952615353,0.9214223623275757,0.9731573462486267,0.8950086832046509,0.9480012059211731,0.9071319699287415
I232W,232,0.834934513,4,0.5057115375995636,0.0822588834082026,0.32922297540043644,0.5421860814094543,0.6336004734039307,0.4427308440208435,0.4667316973209381,0.44330859184265137
I232P,232,0.6398150420000001,0,0.7724552273750305,0.057272449684750606,0.13264018537503042,0.8628693222999573,0.7850180864334106,0.7618421912193298,0.711958646774292,0.7405878901481628
D233G,233,1.003788113,4,1.079104733467102,0.013167029391488401,0.07531662046710208,1.0860490798950195,1.085598349571228,1.0934492349624634,1.0628266334533691,1.0676003694534302
D233A,233,1.25436207,2,1.0158087968826295,0.08029608089644844,0.2385532731173705,1.082078218460083,0.9455779790878296,0.9294990301132202,1.1106536388397217,1.0112351179122925
D233E,233,1.30876073,1,0.9066684007644653,0.046809854951202115,0.4020923292355346,0.8693894147872925,0.909106433391571,0.864212691783905,0.9094063639640808,0.9812270998954773
D233W,233,0.987290986,1,0.9287437319755554,0.10690293765380655,0.058547254024444606,0.7778278589248657,0.9877580404281616,1.0221203565597534,0.854745090007782,1.0012673139572144
D233V,233,0.8136356920000001,2,0.8083475589752197,0.08975828061579098,0.005288133024780373,0.7432364225387573,0.813499391078949,0.7143192291259766,0.9456023573875427,0.825080394744873
D233S,233,1.131939225,2,1.155064582824707,0.01761677771509912,0.023125357824707038,1.1803441047668457,1.1540093421936035,1.1595182418823242,1.1315009593963623,1.1499502658843994
D233C,233,1.32813803,4,1.0681942701339722,0.09477900785389388,0.2599437598660279,1.1198954582214355,0.9287534952163696,1.1509108543395996,1.0117106437683105,1.1297008991241455
D233Q,233,1.163876752,0,1.2247626066207886,0.044360822594641684,0.06088585462078866,1.1960387229919434,1.166671633720398,1.2784980535507202,1.2304099798202515,1.2521946430206299
D233P,233,0.716615268,0,0.8571005582809448,0.04570594859929991,0.1404852902809448,0.81777024269104,0.8219139575958252,0.922869086265564,0.8860450387001038,0.8369044661521912
D233L,233,0.690050493,0,0.9632424592971802,0.06066351898772912,0.27319196629718023,0.9089221954345703,0.991262674331665,1.0507147312164307,0.9056192636489868,0.959693431854248
D233K,233,0.60885806,4,1.055562138557434,0.03562262253779761,0.4467040785574341,1.089104413986206,1.0131537914276123,1.0961623191833496,1.0392307043075562,1.0401594638824463
D233I,233,0.878142449,1,0.6440275013446808,0.09283183595190403,0.23411494765531926,0.4945601522922516,0.6925929188728333,0.6844081878662109,0.6181191802024841,0.730457067489624
D233H,233,1.519110117,3,1.1486083030700684,0.07955168796668516,0.37050181392993164,1.2213877439498901,1.1802146434783936,1.1772270202636719,1.0137176513671875,1.1504944562911987
D233R,233,1.242142544,0,0.9125820994377136,0.03866492420883596,0.3295604445622864,0.8861912488937378,0.9480611681938171,0.9567755460739136,0.903998613357544,0.8678839206695557
C234A,234,1.297873583,3,1.1013606071472168,0.05839204096786153,0.19651297585278327,1.0202014446258545,1.152565360069275,1.1123548746109009,1.0654029846191406,1.156278371810913
C234D,234,1.681158421,2,0.7538534879684449,0.07671521441565135,0.927304933031555,0.6628344058990479,0.8272274732589722,0.7114332914352417,0.7278982400894165,0.8398740291595459
C234W,234,1.051540801,4,0.9685426115989685,0.06844109647119534,0.08299818940103154,0.8624391555786133,1.0326590538024902,0.9422380328178406,1.015804648399353,0.9895721673965454
C234T,234,0.998407394,0,1.1874199390411377,0.06598978369616296,0.18901254504113774,1.1982645988464355,1.1751973628997803,1.1197377443313599,1.1505844593048096,1.2933155298233032
C234S,234,1.123452596,0,0.9297811388969421,0.08250039250087322,0.19367145710305778,0.9190223813056946,0.9208742380142212,0.8870675563812256,0.8531279563903809,1.0688135623931885
C234R,234,0.8498301509999999,1,0.9014989972114563,0.07120569567393216,0.0516688462114564,0.9087426662445068,0.8792588710784912,0.9803175330162048,0.9453669786453247,0.7938089370727539
C234Q,234,1.162686793,4,1.2499526977539062,0.1081044724219028,0.08726590475390616,1.0792057514190674,1.2456955909729004,1.2465074062347412,1.3105442523956299,1.3678104877471924
C234P,234,0.813512007,2,0.8488935589790344,0.05380642702413795,0.035381551979034365,0.827031135559082,0.8175839781761169,0.805691123008728,0.8545848727226257,0.9395766854286194
C234N,234,0.821805536,4,1.4426352977752686,0.10868765375118027,0.6208297617752686,1.3415707349777222,1.3737576007843018,1.4113783836364746,1.6176536083221436,1.4688161611557007
C234M,234,1.257646666,3,0.9703471183776855,0.11749219560141178,0.2872995476223146,0.9979724287986755,1.1084647178649902,0.855800986289978,0.8424094319343567,1.0470880270004272
C234L,234,1.102650826,4,1.0833952665328979,0.07786229160501594,0.019255559467102223,1.0229065418243408,1.0682098865509033,1.0009344816207886,1.139467477798462,1.1854579448699951
C234K,234,0.084584206,4,1.125028657913208,0.1047259433036394,1.0404444519132081,0.9920992851257324,1.147991418838501,1.0423709154129028,1.2093364000320435,1.2333452701568604
C234G,234,0.960310886,3,1.2049186944961547,0.08716606980795655,0.2446078084961547,1.0642344951629639,1.2818679809570312,1.261132001876831,1.181382656097412,1.2359763383865356
C234V,234,1.271574273,3,0.8884742021560669,0.03649659521696386,0.38310007084393305,0.9014806151390076,0.8885414600372314,0.8323124647140503,0.9332174062728882,0.886819064617157
L235D,235,1.180632847,0,0.2665675222873688,0.07216374789496414,0.9140653247126312,0.20772403478622437,0.3658931851387024,0.3027542531490326,0.2685675621032715,0.18789857625961304
L235E,235,0.149061637,4,0.9967621445655823,0.06204195283925324,0.8477005075655824,0.928536593914032,0.9892457723617554,1.0075976848602295,0.9641700983047485,1.094260573387146
L235M,235,1.266683924,1,0.9568076014518738,0.013979180628140467,0.30987632254812625,0.9505399465560913,0.967437207698822,0.9726917743682861,0.9559618830680847,0.9374071955680847
L235K,235,0.679193802,3,0.5428748846054077,0.04979500372033328,0.13631891739459234,0.5937212705612183,0.4634144902229309,0.5581580400466919,0.5308797955513,0.5682008266448975
L235N,235,0.966456146,0,0.27412834763526917,0.059921159725883376,0.6923277983647308,0.27178922295570374,0.34736764430999756,0.26180967688560486,0.30452457070350647,0.1851506233215332
L235P,235,0.620519688,4,0.5967945873737335,0.09893480705101178,0.023725100626266538,0.46217748522758484,0.733058512210846,0.5709977746009827,0.6363074779510498,0.5814316868782043
L235Q,235,1.224388737,0,0.6857251286506653,0.07327517049752907,0.5386636083493347,0.598746657371521,0.791343629360199,0.6801834106445312,0.6428442597389221,0.7155076861381531
L235R,235,0.403714111,4,0.9180553793907166,0.037070633306638394,0.5143412683907166,0.9117706418037415,0.9577517509460449,0.9022181034088135,0.8675765991210938,0.9509598016738892
L235S,235,0.960394,3,0.46479417085647584,0.0853472254019937,0.49559982914352413,0.4869394302368164,0.5413193702697754,0.5427088141441345,0.4002527892589569,0.3527504503726959
L235T,235,-0.112047925,1,0.8545922756195068,0.02577109220087573,0.9666402006195068,0.8581787347793579,0.8363662958145142,0.822886049747467,0.8885424137115479,0.8669878840446472
L235V,235,0.987689884,4,0.621954345703125,0.11297318129736011,0.365735538296875,0.504908561706543,0.5596919059753418,0.7778884172439575,0.7003003358840942,0.5669825077056885
L235W,235,0.650925859,4,0.8566969037055969,0.0924317651310056,0.20577104470559693,0.792013943195343,0.9130960702896118,0.7481903433799744,0.9791861772537231,0.8509979844093323
L235Y,235,0.6412371570000001,2,1.0472353935241698,0.03021536138900106,0.4059982365241698,1.094785213470459,1.0513733625411987,1.0252528190612793,1.0473716259002686,1.017393946647644
L235I,235,1.221852311,4,0.7883333444595337,0.018915525462365534,0.4335189665404662,0.7762300968170166,0.7875764966011047,0.8052340745925903,0.8085653185844421,0.7640607357025146
L235G,235,0.88430039,1,0.5582052171230316,0.050317637341353874,0.32609517287696843,0.56364905834198,0.49732229113578796,0.5190507769584656,0.5916445851325989,0.6193593740463257
F236C,236,0.459714062,1,1.1489566326141358,0.12123768777697727,0.6892425706141359,1.1843996047973633,1.3125381469726562,1.0002760887145996,1.1846370697021484,1.0629322528839111
F236E,236,0.899398411,3,0.973736572265625,0.08994244918631891,0.07433816126562509,1.0526881217956543,0.8760586977005005,0.8877173662185669,0.9831026792526245,1.0691159963607788
F236A,236,1.302703327,0,0.9886127352714539,0.06663716068839548,0.31409059172854603,0.9309694766998291,1.0171490907669067,0.9518713355064392,1.0926250219345093,0.950448751449585
F236G,236,0.805840964,4,1.022947895526886,0.061820934162894574,0.21710693152688598,1.1225025653839111,0.9623695015907288,1.0368990898132324,0.9890295267105103,1.0039387941360474
F236L,236,0.701007081,4,1.0998001098632812,0.029837171537696324,0.3987930288632813,1.1323189735412598,1.1041673421859741,1.0555633306503296,1.0876550674438477,1.1192958354949951
F236N,236,1.81601877,0,0.9404296755790711,0.062041990137538756,0.8755890944209288,0.9188082814216614,0.9677538871765137,0.941961944103241,1.0209376811981201,0.8526865839958191
F236P,236,0.712527841,1,0.5898195028305053,0.06402116819929014,0.12270833816949467,0.5907833576202393,0.6075307726860046,0.5160614848136902,0.6848995089530945,0.5498223900794983
F236R,236,0.953721489,4,1.1998850107192993,0.07132354326407801,0.24616352171929934,1.2967431545257568,1.154523253440857,1.1284379959106445,1.1674026250839233,1.252318024635315
F236S,236,1.138265363,2,1.1175594806671143,0.05132540839094285,0.020705882332885617,1.178654670715332,1.1008796691894531,1.1617692708969116,1.0912001132965088,1.0552936792373657
F236T,236,0.736011238,0,1.0307138204574584,0.08709887614107684,0.2947025824574584,1.126597285270691,1.0830833911895752,0.9241753816604614,1.0654809474945068,0.9542320966720581
F236V,236,1.277271148,3,0.7820085883140564,0.09882260197813356,0.4952625596859437,0.7052088379859924,0.7413209080696106,0.6879475116729736,0.8997424840927124,0.8758231997489929
F236W,236,1.066335556,1,0.9778658390045166,0.06130170355644951,0.08846971699548345,0.9931456446647644,0.9835206270217896,0.901467502117157,1.0663896799087524,0.9448057413101196
E237G,237,0.490850186,0,0.5277545034885407,0.09835761617131097,0.03690431748854067,0.515530526638031,0.6612005233764648,0.43717050552368164,0.4347669184207916,0.5901040434837341
E237Y,237,0.52752855,0,1.1282402992248535,0.04915535762012563,0.6007117492248535,1.0727858543395996,1.1418733596801758,1.2005621194839478,1.1318097114562988,1.0941704511642456
E237W,237,0.251834455,3,0.9066682696342468,0.08039669886701177,0.6548338146342468,1.0024595260620117,0.9295247197151184,0.9085100889205933,0.7797381281852722,0.9131088852882385
E237V,237,0.7277412190000001,1,0.6021438717842102,0.12292934924534979,0.12559734721578986,0.5826958417892456,0.7614233493804932,0.5465734601020813,0.6784622669219971,0.4415644407272339
E237F,237,1.2482581,1,0.6670716404914856,0.11467391829934787,0.5811864595085143,0.5981784462928772,0.7305096387863159,0.6638091206550598,0.8193851113319397,0.5234758853912354
E237S,237,0.937280252,3,0.29072887301445005,0.1805074466880359,0.6465513789855499,0.48270243406295776,0.10318362712860107,0.48319199681282043,0.16162770986557007,0.22293859720230103
E237D,237,0.594548834,4,0.6686174511909485,0.11461436062923495,0.07406861719094848,0.47863566875457764,0.7852479219436646,0.6817095875740051,0.7195205092430115,0.6779735684394836
E237C,237,0.686336432,2,0.8194504618644715,0.03848440874592704,0.1331140298644714,0.8152377605438232,0.8836414813995361,0.7798101305961609,0.8112553358078003,0.8073076009750366
E237A,237,0.58136604,0,0.7242695569992066,0.11555330209994845,0.14290351699920656,0.7103098034858704,0.9041162729263306,0.6719921827316284,0.5910316109657288,0.7438979148864746
E237H,237,0.927976764,0,0.785669469833374,0.09125199230981,0.1423072941666259,0.6496723294258118,0.8436524868011475,0.8691321611404419,0.7356715798377991,0.8302187919616699
E237T,237,-0.381098265,2,0.7174940466880798,0.02696301628274718,1.0985923116880798,0.696008563041687,0.7140815258026123,0.7012600898742676,0.7123181819915771,0.7638018727302551
E237L,237,0.8844885570000001,2,0.8470258712768555,0.004241389421827501,0.037462685723144595,0.8539572358131409,0.8424469232559204,0.8460581302642822,0.8470587134361267,0.8456083536148071
E237M,237,0.779837633,1,0.6530253231525421,0.13634366606038764,0.12681230984745784,0.5826643705368042,0.8428658843040466,0.6519292593002319,0.7086371779441833,0.47902992367744446
E237K,237,0.280853385,3,0.46452109813690184,0.07382047848971011,0.18366771313690183,0.48815101385116577,0.44049546122550964,0.5799769163131714,0.4258694648742676,0.3881126344203949
E237P,237,0.497522355,0,0.5903735458850861,0.1756918659104341,0.09285119088508603,0.6115357875823975,0.7229307889938354,0.6470047235488892,0.2850476801395416,0.6853487491607666
E237Q,237,1.053886323,1,0.7473474025726319,0.05047988781496402,0.3065389204273681,0.7747602462768555,0.729196310043335,0.7784479856491089,0.7877060770988464,0.6666263937950134
E237R,237,0.723248528,3,0.4332306981086731,0.11347215424717218,0.29001782989132685,0.5169179439544678,0.27918529510498047,0.5689272880554199,0.41109851002693176,0.39002445340156555
E237N,237,0.000839997,4,0.51737060546875,0.08395665490532254,0.51653060846875,0.5846356153488159,0.4788205027580261,0.45734870433807373,0.628133237361908,0.43791496753692627
K238L,238,0.386675866,2,1.0309328317642212,0.03562662459178616,0.6442569657642212,1.0441468954086304,1.047531247138977,1.0745140314102173,0.9900965690612793,0.998375415802002
K238G,238,0.943704404,3,0.9253276944160461,0.05573290987132751,0.018376709583953876,0.941205620765686,0.9500268697738647,0.9708341360092163,0.8284972310066223,0.9360746145248413
K238A,238,1.1987812759999998,4,0.8806223511695862,0.06776895736148114,0.31815892483041364,0.7903080582618713,0.9053857922554016,0.8600692749023438,0.8713710904121399,0.9759775400161743
K238C,238,1.252357593,2,1.049901831150055,0.06338703863087904,0.20245576184994496,1.1126593351364136,1.111755132675171,1.0024465322494507,1.0505595207214355,0.972088634967804
K238M,238,1.328183595,4,0.7103191971778869,0.06324441307439053,0.6178643978221131,0.7644047737121582,0.7059462070465088,0.6035890579223633,0.7344560623168945,0.74319988489151
K238P,238,0.4931926579999999,2,0.7868195414543152,0.0966576433263554,0.2936268834543153,0.8386588096618652,0.9013089537620544,0.7103915214538574,0.8183327913284302,0.6654056310653687
K238Q,238,1.281522964,4,0.896813976764679,0.06527050390066765,0.3847089872353211,0.7819892168045044,0.9079698324203491,0.94132399559021,0.9257820844650269,0.9270047545433044
K238R,238,1.04583915,0,0.9441430687904357,0.07534385572435567,0.10169608120956419,1.046417474746704,0.881342887878418,0.9890849590301514,0.9388135671615601,0.8650564551353455
K238S,238,0.926302849,3,1.0343693852424622,0.09670686413156045,0.10806653624246221,1.01359224319458,0.928943932056427,1.1128090620040894,0.961894154548645,1.1546075344085693
K238T,238,0.786550697,4,0.8425556540489196,0.03547198755595587,0.05600495704891961,0.8294820189476013,0.9058281183242798,0.8269638419151306,0.822354257106781,0.8281500339508057
K238D,238,1.103380316,1,0.9730624675750732,0.1272438480514126,0.13031784842492677,1.0691914558410645,0.9626269936561584,1.1224766969680786,0.8032981157302856,0.907719075679779
K238W,238,0.981354093,0,0.557826143503189,0.05932798238025655,0.42352794949681094,0.5935729742050171,0.5209066867828369,0.6241672039031982,0.4756750166416168,0.5748088359832764
K238E,238,1.234060199,4,0.9364891648292542,0.04826650668529442,0.2975710341707458,0.9357419013977051,1.0155121088027954,0.9289459586143494,0.9171696901321411,0.8850761651992798
K238V,238,1.028536131,4,0.7327098846435547,0.03758730158840115,0.2958262463564454,0.7523294687271118,0.7702403664588928,0.704849898815155,0.6816462874412537,0.7544834017753601
K238Y,238,0.367248746,4,0.9862486362457276,0.046576644940406614,0.6189998902457275,0.9819549918174744,1.0540187358856201,0.9225201606750488,0.984799325466156,0.9879499673843384
L239K,239,0.330062492,3,0.5589390277862549,0.05873637616825695,0.22887653578625494,0.5063146352767944,0.5221654772758484,0.538498044013977,0.6540337204933167,0.5736832618713379
L239A,239,0.600670739,1,0.7700542330741882,0.0511178890355757,0.16938349407418818,0.8115566372871399,0.7258836627006531,0.8346045613288879,0.7577842473983765,0.7204420566558838
L239C,239,0.863280183,4,0.7949560642242431,0.050542963027206796,0.06832411877575684,0.7655251026153564,0.8292708992958069,0.7270005941390991,0.8544893264770508,0.7984943985939026
L239D,239,0.6421850720000001,3,0.4317739009857178,0.0779738668881085,0.2104111710142823,0.45356759428977966,0.5117443203926086,0.46093234419822693,0.30295297503471375,0.4296722710132599
L239E,239,0.454398853,1,0.502516257762909,0.04895245200272438,0.04811740476290899,0.5591578483581543,0.46460509300231934,0.4480564296245575,0.49453839659690857,0.546223521232605
L239F,239,1.374056655,2,0.5436825513839721,0.13048934906089169,0.8303741036160278,0.5538961291313171,0.35083895921707153,0.6375628709793091,0.683097243309021,0.4930175542831421
L239M,239,0.834505809,4,0.8334007382392883,0.05642798586805921,0.0011050707607117571,0.8200910091400146,0.8005598783493042,0.7760040163993835,0.9227602481842041,0.8475885391235352
L239Y,239,0.020818444,4,1.0218058705329895,0.08724503373250171,1.0009874265329894,1.0234348773956299,0.9440101981163025,0.9256877899169922,1.0954530239105225,1.1204434633255005
L239H,239,0.258647266,1,0.4886853039264679,0.06261574290298193,0.23003803792646793,0.5103837251663208,0.4972943365573883,0.5290870666503906,0.5275121927261353,0.3791491985321045
L239N,239,0.637074377,4,0.5723212420940399,0.07994670125078443,0.06475313490596013,0.5289678573608398,0.48313984274864197,0.6922949552536011,0.6037063598632812,0.5534971952438354
L239P,239,0.5708849,4,0.31869993209838865,0.09020546257336635,0.2521849679016114,0.4216996431350708,0.19381266832351685,0.37223830819129944,0.3414432108402252,0.26430583000183105
L239R,239,0.65463937,4,0.4056337058544159,0.08346340309346628,0.24900566414558417,0.4068954288959503,0.28235456347465515,0.38446998596191406,0.5085842609405518,0.4458642899990082
L239G,239,0.443839934,1,0.6182892799377442,0.06388191066067593,0.1744493459377442,0.6263891458511353,0.630285918712616,0.6770365238189697,0.6479856371879578,0.509749174118042
L239T,239,0.7735897540000001,1,0.8428137183189393,0.03302228030238553,0.06922396431893918,0.8757868409156799,0.8256862759590149,0.8288086652755737,0.8791993856430054,0.8045874238014221
L239V,239,0.935369403,3,0.933203399181366,0.07267963615959132,0.002166003818634077,0.8453415036201477,0.8902090787887573,1.0391571521759033,0.9421311616897583,0.9491780996322632
L239W,239,0.7109435159999999,1,0.5865709900856018,0.080018940472063,0.12437252591439818,0.6570391654968262,0.5767459869384766,0.6794093251228333,0.5010956525802612,0.5185648202896118
L239S,239,0.745956145,2,0.7202815413475037,0.0532502363031852,0.025674603652496297,0.6506430506706238,0.752241849899292,0.6797452569007874,0.7790029048919678,0.7397746443748474
Y240T,240,0.274772115,4,-0.09939225912094116,0.06008281029064942,0.37416437412094117,-0.005583465099334717,-0.07894837856292725,-0.116932213306427,-0.13685345649719238,-0.15864378213882446
Y240S,240,0.1751072789999999,4,0.0036899447441101074,0.054778881410866384,0.17141733425588979,0.08174383640289307,-0.04530620574951172,-0.021730899810791016,-0.03592425584793091,0.03966724872589111
Y240R,240,-0.029387467,0,0.11651589274406433,0.10254977987454045,0.14590335974406432,0.08292245864868164,0.1550857424736023,0.26310285925865173,0.09763854742050171,-0.016170144081115723
Y240P,240,0.027191099,2,0.16920188665390015,0.04657564702988529,0.14201078765390016,0.18471300601959229,0.1508479118347168,0.0976598858833313,0.19602876901626587,0.21675986051559448
Y240M,240,0.8232137509999999,4,0.8635467052459717,0.07454003975224892,0.04033295424597172,0.9269263744354248,0.8847454786300659,0.9298452734947205,0.8195809125900269,0.7566354870796204
Y240K,240,0.0863765869999999,2,-0.04108166694641113,0.050216664137332175,0.12745825394641103,-0.12661433219909668,0.001460254192352295,-0.011583387851715088,-0.03445744514465332,-0.03421342372894287
Y240I,240,1.021888134,2,0.5912144541740417,0.058014126700222685,0.43067367982595817,0.5107353329658508,0.6182156801223755,0.6071781516075134,0.6614404916763306,0.5585026144981384
Y240G,240,0.093478275,1,-0.20248357057571412,0.042801069527298535,0.29596184557571414,-0.24335628747940063,-0.16204798221588135,-0.15526926517486572,-0.24456530809402466,-0.2071790099143982
Y240D,240,-0.081650841,2,0.29983761310577395,0.07190390087670628,0.3814884541057739,0.27261435985565186,0.3520514667034149,0.18785476684570312,0.3222469091415405,0.3644205629825592
Y240C,240,0.599670597,4,0.4979815900325775,0.08720353574923223,0.1016890069674225,0.5231411457061768,0.5493687391281128,0.598057210445404,0.38199976086616516,0.4373410940170288
Y240A,240,0.005303699,0,0.4883280754089355,0.09069819358570198,0.48302437640893553,0.5251853466033936,0.40042877197265625,0.5682967901229858,0.5660778880119324,0.3816515803337097
Y240L,240,1.001156943,4,0.8828026652336121,0.07802452718698992,0.11835427776638796,0.914246141910553,0.9527599215507507,0.9471689462661743,0.7827985882759094,0.8170397281646729
Y240E,240,0.183627561,3,0.2070093870162964,0.08226400472825883,0.023381826016296403,0.1908174753189087,0.30515652894973755,0.07991129159927368,0.22869724035263062,0.2304643988609314
Y240W,240,0.705268573,1,0.7797778964042663,0.061245134395553444,0.0745093234042663,0.7994265556335449,0.7627356052398682,0.7395594716072083,0.7211161851882935,0.876051664352417
Y240V,240,0.387821078,3,0.8075239896774292,0.08258439113981386,0.41970291167742924,0.8420393466949463,0.7762787938117981,0.8723934888839722,0.8698481321334839,0.6770601868629456
L241S,241,0.949838712,1,0.9140631794929505,0.05807297296374401,0.03577553250704957,0.8913681507110596,0.8672112226486206,0.983917772769928,0.9682232737541199,0.8595954775810242
L241A,241,1.079663593,2,0.8349855303764343,0.040086693124540246,0.24467806262356573,0.8569802045822144,0.8584703207015991,0.8124831318855286,0.8715705871582031,0.7754234075546265
L241C,241,1.082516072,2,1.003714108467102,0.07842669797081717,0.07880196353289803,1.0874030590057373,0.9981980323791504,0.9416757822036743,1.078078031539917,0.9132156372070312
L241D,241,0.411716602,0,0.6909118890762329,0.11900303235603853,0.2791952870762329,0.6552244424819946,0.7579153776168823,0.8415557146072388,0.6762063503265381,0.5236575603485107
L241E,241,1.069117452,3,0.901655662059784,0.023121380487092277,0.167461789940216,0.8999161720275879,0.907008945941925,0.9008229970932007,0.932685375213623,0.867844820022583
L241G,241,0.489153657,3,0.5601150810718536,0.1083300429448563,0.07096142407185357,0.5515422224998474,0.5715219974517822,0.4897984266281128,0.7344205975532532,0.4532921612262726
L241K,241,1.071300092,3,1.0841387510299683,0.07195349371658799,0.01283865902996828,1.0985000133514404,1.157991647720337,1.0310553312301636,0.9903703927993774,1.142776370048523
L241M,241,0.5966396860000001,3,1.0468971252441406,0.04775580787529522,0.4502574392441405,1.033901572227478,1.0701532363891602,1.0670881271362305,0.97026526927948,1.0930774211883545
L241P,241,-0.293659723,4,0.13741402626037597,0.032127096320306574,0.43107374926037595,0.15279722213745117,0.1018744707107544,0.15447628498077393,0.173115074634552,0.10480707883834839
L241Q,241,0.955715951,0,0.712671422958374,0.044806152251528106,0.2430445280416259,0.7388577461242676,0.6506336331367493,0.7469275593757629,0.7475366592407227,0.6794015169143677
L241W,241,0.501586175,0,0.7725491881370544,0.09664647833404945,0.2709630131370544,0.7370419502258301,0.6272581219673157,0.813244104385376,0.8006404638290405,0.88456130027771
L241T,241,1.220445209,1,0.933534300327301,0.05220006435166986,0.28691090867269897,0.853776216506958,0.9689064025878906,0.9818176031112671,0.953356921672821,0.9098143577575684
L241R,241,0.58832539,3,0.742036235332489,0.02185534235153412,0.15371084533248902,0.7475832104682922,0.7308568358421326,0.7583557963371277,0.70993971824646,0.7634456157684326
L242W,242,0.107932238,3,0.5906232118606567,0.05445529914324209,0.4826909738606567,0.6735091209411621,0.5792232155799866,0.5210901498794556,0.593163251876831,0.5861303210258484
L242A,242,0.477964769,0,0.5776904165744782,0.06818966947690813,0.09972564757447816,0.5819379091262817,0.6426271200180054,0.4682066738605499,0.5698599219322205,0.6258204579353333
L242F,242,0.7788242329999999,0,0.5232625722885131,0.09169548495251337,0.2555616607114868,0.4804391860961914,0.6621948480606079,0.41576361656188965,0.5080370903015137,0.5498781204223633
L242G,242,0.4528222870000001,0,0.2320287048816681,0.05861984497016775,0.220793582118332,0.2292993664741516,0.2213914394378662,0.14655929803848267,0.30823519825935364,0.25465822219848633
L242M,242,0.7678799009999999,0,0.810687267780304,0.037235801823331006,0.04280736678030406,0.8234419822692871,0.8387460112571716,0.8027217984199524,0.8389460444450378,0.7495805025100708
L242N,242,-0.236158912,4,-0.02243030071258545,0.07888674205088984,0.21372861128741455,0.049629390239715576,-0.06387406587600708,-0.14074397087097168,0.013090431690216064,0.029746711254119873
L242Q,242,-0.020644927,1,-0.14767996072769166,0.10523927924529224,0.12703503372769165,-0.1737169623374939,0.019397974014282227,-0.17351806163787842,-0.27010732889175415,-0.140455424785614
L242R,242,0.043332265,3,0.04198101758956909,0.059602507126721396,0.0013512474104309113,0.04952114820480347,0.05513763427734375,-0.04880398511886597,0.036517202854156494,0.11753308773040771
L242S,242,-0.185356873,4,0.03285518884658813,0.06953297747957699,0.21821206184658815,0.05241036415100098,0.06790411472320557,-0.050236523151397705,-0.02507615089416504,0.11927413940429688
L242T,242,-0.147894364,3,0.029268670082092284,0.04252677320971876,0.17716303408209227,0.053474605083465576,0.04381561279296875,-0.022376179695129395,-0.007217109203338623,0.07864642143249512
L242V,242,0.785298484,1,0.7879170417785645,0.054378465413960755,0.0026185577785644565,0.8433528542518616,0.7656307220458984,0.7044757008552551,0.8091152906417847,0.8170106410980225
L242Y,242,0.350387923,0,0.23099492788314818,0.10414478232772707,0.11939299511685181,0.15574127435684204,0.3422166109085083,0.2329527735710144,0.32300078868865967,0.10106319189071655
T243W,243,0.6767972659999999,2,0.8047422409057617,0.062305014074647225,0.12794497490576184,0.7464838624000549,0.7419734001159668,0.8328225612640381,0.8904943466186523,0.8119370341300964
T243V,243,0.7004703659999999,3,1.0751967906951905,0.02025195753516576,0.3747264246951906,1.0738240480422974,1.0601446628570557,1.0839637517929077,1.104578971862793,1.0534725189208984
T243A,243,1.030698528,0,0.8384808540344239,0.024118678443378335,0.1922176739655762,0.8462430834770203,0.8493806719779968,0.7973653078079224,0.8598371744155884,0.8395780324935913
T243C,243,1.27287495,2,0.8653655052185059,0.030327769351144687,0.4075094447814942,0.8746761679649353,0.8301153779029846,0.8653095960617065,0.9100803136825562,0.8466460704803467
T243D,243,1.4248547180000002,2,0.7101588726043702,0.09079025246117395,0.71469584539563,0.7397605180740356,0.855434775352478,0.6680492162704468,0.6579744815826416,0.6295753717422485
T243E,243,0.8062550009999999,3,1.0783010959625243,0.05373779072689444,0.2720460949625244,1.1189160346984863,1.0910394191741943,1.1370168924331665,1.019829273223877,1.024703860282898
T243G,243,0.628484565,3,1.0074360966682434,0.06558859460384145,0.37895153166824336,0.9278375506401062,1.0344758033752441,1.0975126028060913,1.0143951177597046,0.9629594087600708
T243L,243,0.8790724390000001,2,0.8056965351104737,0.04844260846085256,0.07337590388952642,0.85213303565979,0.7938528656959534,0.7343202829360962,0.8497694134712219,0.7984070777893066
T243F,243,1.083929299,4,0.7351608514785767,0.06497951112781632,0.34876844752142333,0.7554642558097839,0.777188777923584,0.8010848164558411,0.7037447690963745,0.6383216381072998
T243P,243,0.122024894,2,0.2947599828243256,0.1058685922731759,0.1727350888243256,0.3698868751525879,0.25297796726226807,0.1808079481124878,0.4380417764186859,0.23208534717559814
T243Q,243,0.95512107,2,0.7736555099487304,0.07626790664703259,0.18146556005126957,0.6914514303207397,0.8630436062812805,0.8438317775726318,0.7523307204246521,0.7176200151443481
T243R,243,0.917349937,4,0.8068593621253968,0.07017630005041911,0.11049057487460323,0.7594344019889832,0.8672676086425781,0.8735576868057251,0.7114428281784058,0.8225942850112915
T243S,243,1.086265331,4,0.9923154592514039,0.06716875276945523,0.09394987174859604,1.0697300434112549,0.988632321357727,1.0113016366958618,0.8852062225341797,1.0067070722579956
E244Q,244,1.514441369,3,1.0055968403816222,0.05781648986323383,0.5088445286183778,0.9626836776733398,1.062439203262329,0.9876641631126404,0.9444764852523804,1.0707206726074219
E244H,244,1.089257486,2,1.0191519498825072,0.1411799236973775,0.0701055361174927,0.9389798641204834,0.891706109046936,1.16290283203125,0.9200258255004883,1.182145118713379
E244L,244,0.997125163,4,0.8131933093070984,0.07815482505227943,0.18393185369290155,0.8064479231834412,0.8356634378433228,0.7046188712120056,0.9220014810562134,0.797234833240509
E244C,244,1.067089605,2,0.8962635397911072,0.05729007673608303,0.17082606520889287,0.882236897945404,0.8240786790847778,0.9815223813056946,0.9117679595947266,0.8817117810249329
E244G,244,0.986209237,0,0.9430230855941772,0.056037009377888705,0.043186151405822715,0.916775643825531,0.9356842041015625,1.0333415269851685,0.8826327323913574,0.9466813206672668
E244R,244,0.8642585190000001,3,1.0193133711814881,0.04030229970172155,0.15505485218148807,1.054199457168579,0.998552143573761,1.0654489994049072,1.010453701019287,0.9679125547409058
E244P,244,1.102485382,1,0.823380446434021,0.024431785875671668,0.27910493556597904,0.8305630683898926,0.8136205673217773,0.8427606821060181,0.84433913230896,0.785618782043457
E244T,244,0.986963987,3,0.9240286231040955,0.06111436250002094,0.06293536389590448,0.8602641224861145,0.9944007396697998,0.9540364146232605,0.8590791821479797,0.9523626565933228
E244V,244,0.659347995,1,0.9681997418403625,0.04251989022702898,0.30885174684036254,0.9149523377418518,0.9301882982254028,0.9917869567871094,0.9947717189788818,1.009299397468567
E244A,244,0.8263638740000001,0,1.0377348780632019,0.055273806285336215,0.21137100406320175,1.0025761127471924,1.020035743713379,1.0468401908874512,0.9902161955833435,1.1290061473846436
E244F,244,0.6480212,1,0.9190191268920899,0.06625539440331078,0.2709979268920899,0.8429065942764282,0.9673656225204468,0.9060873985290527,0.8744325637817383,1.0043034553527832
E244W,244,0.855004615,3,0.858087170124054,0.025411676141937817,0.003082555124053976,0.8539943695068359,0.8708292245864868,0.8939806222915649,0.8279565572738647,0.8436750769615173
E244S,244,1.015430419,4,0.8644062161445618,0.04469283239225442,0.15102420285543827,0.9079446196556091,0.8713598251342773,0.8405452966690063,0.901696503162384,0.800484836101532
E244D,244,0.6413799170000001,0,0.8065284132957459,0.04400903088776423,0.1651484962957458,0.770271897315979,0.8396117687225342,0.7522439360618591,0.854500949382782,0.816013514995575
K245D,245,0.752055093,1,0.9227853417396545,0.05006740673443625,0.1707302487396546,0.9409526586532593,0.8550986051559448,0.8868041038513184,0.9564360976219177,0.9746352434158325
K245W,245,0.827424688,0,0.8866201162338256,0.030292335899770005,0.05919542823382562,0.8712207674980164,0.840748131275177,0.9053848385810852,0.9018070101737976,0.9139398336410522
K245V,245,0.671573471,2,0.9562853217124939,0.05031298356768585,0.28471185071249394,0.9053781032562256,0.9969077110290527,0.9609252214431763,0.9050411581993103,1.0131744146347046
K245T,245,0.900678255,0,0.7786925911903382,0.04909247949237848,0.1219856638096618,0.73012375831604,0.748225212097168,0.8199195265769958,0.7532200813293457,0.8419743776321411
K245S,245,0.6681886810000001,4,0.9810566425323486,0.06609861644948414,0.3128679615323485,1.0680224895477295,0.98268061876297,0.8819352984428406,0.9901899099349976,0.9824548959732056
K245R,245,0.829731137,1,0.834962785243988,0.032192558040816575,0.00523164824398803,0.8660626411437988,0.7842845320701599,0.8516809940338135,0.8491672277450562,0.8236185312271118
K245Q,245,0.8846787770000001,2,1.0774954557418823,0.04591239622566681,0.19281667874188224,1.0473613739013672,1.0811251401901245,1.0281553268432617,1.0822521448135376,1.1485832929611206
K245P,245,1.173864725,1,0.6623157978057861,0.082897585205669,0.511548927194214,0.5321317911148071,0.6700034737586975,0.673069953918457,0.6727872490882874,0.7635865211486816
K245N,245,1.041581942,0,0.7372347474098205,0.08297163847211182,0.30434719459017956,0.7935688495635986,0.7429782152175903,0.6616267561912537,0.6477644443511963,0.8402354717254639
K245L,245,0.909964963,0,0.824897038936615,0.038319822254193135,0.08506792406338493,0.8511982560157776,0.7778851985931396,0.7883759140968323,0.8538585305213928,0.8531672954559326
K245G,245,0.88366325,2,0.7989463090896607,0.03562003263352813,0.08471694091033932,0.8209345936775208,0.8310039043426514,0.7396030426025391,0.8053578734397888,0.7978321313858032
K245F,245,1.14706109,2,0.8286056280136108,0.04833787417088776,0.3184554619863892,0.8418087363243103,0.8445969820022583,0.7477098107337952,0.8772104978561401,0.8317021131515503
K245E,245,0.970427209,0,0.7571768403053284,0.07386416777608792,0.21325036869467162,0.6934317946434021,0.7874824404716492,0.8237223029136658,0.6635994911193848,0.81764817237854
K245A,245,0.94282318,2,0.8757611036300659,0.04577859692266931,0.06706207636993411,0.8652499914169312,0.9489516019821167,0.8840034008026123,0.8531942367553711,0.8274062871932983
K245M,245,0.948676309,0,0.7142629861831665,0.08803141223073921,0.23441332281683347,0.5690236687660217,0.7707986235618591,0.7951101064682007,0.7098168730735779,0.7265656590461731
