mutant,outer_fold,DMS_score,ensemble_mean,ensemble_std,absolute_error,high_error_top20,member_0_prediction,member_1_prediction,member_2_prediction,member_3_prediction,member_4_prediction
K3R,2,3.73858603112333,3.6393192291259764,0.03734524063375411,0.0992668019973535,0,3.5872929096221924,3.6701788902282715,3.6201415061950684,3.640282154083252,3.6787006855010986
K3Q,3,3.75048678636,3.656109619140625,0.01681678554243341,0.09437716721937539,0,3.6582469940185547,3.6611294746398926,3.677069664001465,3.65360164642334,3.630500316619873
K3E,0,3.6662777798123103,3.6570321559906005,0.043317669174323774,0.009245623821709792,0,3.648777961730957,3.62870454788208,3.698240041732788,3.605088949203491,3.7043492794036865
K3M,0,3.6983360358675,3.644921636581421,0.031769548684516216,0.05341439928607894,0,3.6481313705444336,3.674124240875244,3.6291511058807373,3.599271535873413,3.6739299297332764
K3T,4,3.629775204335,3.664854907989502,0.020953152835242277,0.03507970365450186,0,3.6640307903289795,3.6832449436187744,3.633420944213867,3.684692621231079,3.6588852405548096
G4S,1,3.7570869258366697,3.626471185684204,0.05695893894740661,0.1306157401524657,0,3.6455602645874023,3.636953830718994,3.623307466506958,3.5353431701660156,3.6911911964416504
G4D,2,3.6139797561566698,3.4884664535522463,0.20444750745494591,0.1255133026044235,0,3.585904121398926,3.6776678562164307,3.5289602279663086,3.507596731185913,3.1422033309936523
G4A,1,3.818887546655,3.6358800888061524,0.06668969562773845,0.18300745784884764,0,3.683797597885132,3.630354642868042,3.62146258354187,3.5356829166412354,3.7081027030944824
E5K,3,3.73278516201,3.647285747528076,0.03693267504198386,0.08549941448192389,0,3.632072687149048,3.63474702835083,3.712944269180298,3.6326873302459717,3.6239774227142334
E5V,1,3.693550926075,3.6445515155792236,0.03319281406770891,0.048999410495776274,0,3.6027748584747314,3.616096019744873,3.665515899658203,3.6791574954986572,3.6592133045196533
E5R,0,3.76108935221,3.72664098739624,0.03695993284987344,0.0344483648137599,0,3.6730406284332275,3.758103847503662,3.7111802101135254,3.7273378372192383,3.763542413711548
E5D,2,3.665339144035,3.6532584190368653,0.050880488088277054,0.012080724998134507,0,3.6138710975646973,3.7209434509277344,3.5932745933532715,3.676931142807007,3.661271810531616
E5A,0,3.68033217598,3.659129571914673,0.04361898559209515,0.021202604065326813,0,3.593043327331543,3.6625802516937256,3.6938884258270264,3.6444809436798096,3.7016549110412598
E5G,4,3.73820357327636,3.615543985366821,0.02480590819431362,0.1226595879095389,0,3.6500298976898193,3.632044792175293,3.5922882556915283,3.6077795028686523,3.5955774784088135
E6G,4,3.7677193917785696,3.6139944076538084,0.030926409870368522,0.1537249841247612,0,3.6530885696411133,3.6123220920562744,3.581451416015625,3.6362903118133545,3.586819648742676
E6R,2,3.78538732207,3.705968809127808,0.08736611504678171,0.07941851294219227,0,3.6645560264587402,3.8008315563201904,3.6177148818969727,3.647796392440796,3.798945188522339
E6V,3,3.549043127375,3.7095648765563967,0.026825636865196692,0.1605217491813966,0,3.6691436767578125,3.7410616874694824,3.705801248550415,3.707024097442627,3.7247936725616455
E6K,3,3.76964794421333,3.6584001541137696,0.039030094591406383,0.11124779009956054,0,3.6647844314575195,3.644435167312622,3.6961498260498047,3.5987203121185303,3.687911033630371
L7P,2,3.6184729479807096,3.465916395187378,0.07353461624791735,0.1525565527933317,0,3.3516788482666016,3.5075531005859375,3.4897000789642334,3.540764570236206,3.439885377883911
L7V,3,3.61194348509,3.7596909046173095,0.055856622058009564,0.14774741952730963,0,3.815286159515381,3.7419562339782715,3.7347412109375,3.8179218769073486,3.688549041748047
L7R,4,3.7793723452900014,3.6421820163726806,0.014256691279166116,0.13719032891732086,0,3.6597719192504883,3.653045892715454,3.629082679748535,3.64143705368042,3.627572536468506
L7Q,4,3.57363430513143,3.551055908203125,0.028616232224905766,0.0225783969283051,0,3.6004045009613037,3.5285425186157227,3.535879611968994,3.5410351753234863,3.549417734146118
F8V,2,3.47908669969667,3.572823905944824,0.029161815062445955,0.09373720624815407,0,3.525223731994629,3.5936636924743652,3.565135955810547,3.595004081726074,3.585092067718506
F8Y,0,3.599264089536,3.6233559131622313,0.05088289188198502,0.02409182362623108,0,3.5582969188690186,3.629014730453491,3.6993765830993652,3.6243815422058105,3.6057097911834717
F8S,2,3.4664226142175,3.43229603767395,0.08341641638357541,0.03412657654354989,0,3.316488742828369,3.4250612258911133,3.54884934425354,3.4159982204437256,3.455082654953003
F8L,1,3.64805822063389,3.537767934799194,0.04481811141869184,0.11029028583469591,0,3.533282995223999,3.591301679611206,3.489851713180542,3.5749645233154297,3.499438762664795
F8H,3,3.7255792617,3.5525633811950685,0.019840641518974318,0.17301588050493155,0,3.5285887718200684,3.5616614818573,3.5573999881744385,3.5370497703552246,3.5781168937683105
F8I,4,3.533155611455,3.552340936660767,0.024403110020092426,0.01918532520576699,0,3.5634028911590576,3.5159318447113037,3.5390524864196777,3.569300651550293,3.574016809463501
F8C,2,3.6782334560300014,3.6348128795623778,0.04657832326713487,0.04342057646762365,0,3.5559544563293457,3.6722300052642822,3.6310746669769287,3.66093111038208,3.653874158859253
T9I,1,3.671939493738,3.6860922813415526,0.02975246197754016,0.014152787603552763,0,3.6756339073181152,3.684534788131714,3.7250912189483643,3.64481520652771,3.7003862857818604
T9A,0,3.723861719826,3.63561749458313,0.004356300816340861,0.08824422524287012,0,3.630094289779663,3.6323468685150146,3.638848304748535,3.6363019943237305,3.640496015548706
T9P,0,3.66613377424,3.595875692367554,0.014638339542525478,0.07025808187244609,0,3.5906972885131836,3.6121039390563965,3.6042208671569824,3.5737438201904297,3.5986125469207764
T9S,4,3.690578212587501,3.653996133804321,0.030717875637804,0.03658207878317965,0,3.6744210720062256,3.6421802043914795,3.6086313724517822,3.687932014465332,3.656816005706787
G10V,1,3.44128467432,3.322145462036133,0.1124672951375984,0.11913921228386704,0,3.3365418910980225,3.460022449493408,3.1497714519500732,3.359246015548706,3.305145502090454
G10W,4,3.3801132660000004,3.489811897277832,0.05013102625129417,0.10969863127783164,0,3.4289753437042236,3.531867504119873,3.549362897872925,3.4592952728271484,3.4795584678649902
G10E,4,3.6481314943333296,3.341386890411377,0.02287984929710372,0.3067446039219526,1,3.312612295150757,3.3521711826324463,3.347942590713501,3.3242862224578857,3.369922161102295
G10R,3,3.6789939592975,3.5154956340789796,0.1067444220683759,0.16349832521852026,0,3.540255069732666,3.5963027477264404,3.5606184005737305,3.3282470703125,3.5520548820495605
V11M,3,3.65115850197,3.6548840045928954,0.04257190136716022,0.0037255026228955046,0,3.701000213623047,3.6857595443725586,3.6562445163726807,3.5922763347625732,3.639139413833618
V11L,3,3.60047553927,3.6520989894866944,0.02199965302155036,0.051623450216694344,0,3.67842698097229,3.66483736038208,3.6438145637512207,3.620305061340332,3.653110980987549
V11K,0,3.5520126812800004,3.576440858840942,0.031159976934253642,0.024428177560941844,0,3.5593433380126953,3.622346878051758,3.5940184593200684,3.5462021827697754,3.560293436050415
V11G,4,3.631990601855,3.595351982116699,0.03900610356995011,0.03663861973830107,0,3.602736473083496,3.630038022994995,3.6323375701904297,3.542874336242676,3.5687735080718994
V11E,2,3.53678743375571,3.527736234664917,0.04601891657633743,0.009051199090793105,0,3.5565648078918457,3.4708588123321533,3.589190721511841,3.50510835647583,3.516958475112915
V11A,2,3.7385444483337498,3.5921372413635253,0.03598543355772935,0.14640720697022447,0,3.6199042797088623,3.5473201274871826,3.59631609916687,3.632483959197998,3.564661741256714
V12M,2,3.556183269845,3.5774051189422607,0.08639250340949621,0.02122184909726066,0,3.5068624019622803,3.718919277191162,3.5997416973114014,3.5306780338287354,3.5308241844177246
V12L,1,3.64929427074,3.5353982925415037,0.053619326550352564,0.11389597819849628,0,3.568308115005493,3.6129796504974365,3.4839694499969482,3.5037341117858887,3.508000135421753
V12A,3,3.39025973867889,3.5090604782104493,0.025218801601193216,0.11880073953155934,0,3.5306711196899414,3.494199514389038,3.5369105339050293,3.476238250732422,3.5072829723358154
P13L,2,3.43222117379,2.4393330574035645,0.49267961667219334,0.9928881163864354,1,2.7421674728393555,2.0301384925842285,3.136715888977051,1.9844679832458496,2.303175449371338
P13H,4,3.3819910055433304,3.430247402191162,0.05120665374737454,0.04825639664783177,0,3.4836502075195312,3.472076654434204,3.364182233810425,3.3922441005706787,3.4390838146209717
P13A,3,3.2856918161400004,3.5357884407043456,0.023226931565916403,0.2500966245643452,0,3.566307544708252,3.5502073764801025,3.521103620529175,3.507520914077759,3.5338027477264404
P13R,0,3.5937283140400003,3.3020004749298097,0.15651234751713447,0.2917278391101905,1,3.399254083633423,3.319293737411499,3.335657835006714,3.422977924346924,3.0328187942504883
P13S,3,3.1631543824,3.5119600772857664,0.030945265651204708,0.3488056948857663,1,3.5493462085723877,3.463129758834839,3.51418399810791,3.515913486480713,3.5172269344329834
I14V,0,3.56432687193,3.6781335830688477,0.047323201345384376,0.11380671113884766,0,3.625861406326294,3.6497814655303955,3.7511212825775146,3.6762354373931885,3.6876683235168457
I14L,4,3.68470539393333,3.4921058177948,0.045491610494578914,0.19259957613853018,0,3.4824042320251465,3.5547690391540527,3.491936445236206,3.427870512008667,3.5035488605499268
I14F,3,3.3343297112775,3.498370409011841,0.05436815240949417,0.16404069773434093,0,3.5409622192382812,3.5716497898101807,3.4606409072875977,3.468329429626465,3.4502696990966797
I14T,0,3.2657876052925,3.486184597015381,0.08357380244394899,0.22039699172288074,0,3.5217337608337402,3.534623622894287,3.5400619506835938,3.494459390640259,3.3400442600250244
L15Q,1,3.764426300435,3.3814000606536867,0.13505883728654272,0.3830262397813131,1,3.2565667629241943,3.431770086288452,3.5166819095611572,3.219285726547241,3.4826958179473877
L15V,0,3.75151272063,3.6443151473999023,0.03234890367186413,0.10719757323009782,0,3.646364688873291,3.6165947914123535,3.631410837173462,3.6282286643981934,3.698976755142212
L15R,2,3.74897862188,3.624118757247925,0.10499506161091092,0.1248598646320751,0,3.479116439819336,3.6913347244262695,3.6213738918304443,3.751854419708252,3.5769143104553223
L15P,0,1.3455527244499998,3.0816125869750977,0.13469649658130678,1.7360598625250978,1,3.0908193588256836,2.998502254486084,3.0573201179504395,3.304159641265869,2.957261562347412
V16A,0,3.23182360741,3.482816219329834,0.053467477063338424,0.250992611919834,0,3.4248924255371094,3.568725824356079,3.4620018005371094,3.490196466445923,3.468264579772949
V16D,1,1.4972871863925,2.2143815994262694,0.07638791604378461,0.7170944130337695,1,2.2191872596740723,2.1539769172668457,2.196453094482422,2.3423705101013184,2.1599202156066895
V16F,2,3.34647087264,3.201013278961182,0.13288748509971945,0.14545759367881805,0,3.1981422901153564,3.3574559688568115,3.151642322540283,3.287273645401001,3.010552167892456
V16I,4,3.7116721117266698,3.4658698558807375,0.05421613309664623,0.2458022558459323,0,3.416670322418213,3.428072929382324,3.542591094970703,3.4396274089813232,3.502387523651123
E17K,0,3.746459271375,3.7328516483306884,0.04633064594767246,0.013607623044311623,0,3.7729289531707764,3.661818027496338,3.763415813446045,3.7106881141662598,3.7554073333740234
E17A,4,3.649137599,3.5817096710205076,0.029646645655404605,0.06742792797949226,0,3.605523109436035,3.56265926361084,3.5435402393341064,3.58151912689209,3.6153066158294678
E17D,1,3.66813566313,3.5758252143859863,0.05290193398511514,0.09231044874401384,0,3.6069512367248535,3.5113584995269775,3.6484575271606445,3.552839994430542,3.559518814086914
E17V,0,3.72590312316,3.6036893367767333,0.022203877889552366,0.12221378638326685,0,3.615903615951538,3.5675346851348877,3.611058235168457,3.6247048377990723,3.599245309829712
E17G,0,3.45682536681,3.6113406658172607,0.023753532876581808,0.1545152990072607,0,3.599851131439209,3.6176648139953613,3.6437788009643555,3.5795276165008545,3.6158809661865234
L18Q,2,1.5188849792,1.9356207847595215,0.16070319059207375,0.4167358055595214,1,1.7784205675125122,2.109463930130005,2.1088624000549316,1.8534845113754272,1.8278725147247314
L18P,2,1.5607842588833305,0.6638150691986084,0.28571424053580946,0.8969691896847221,1,0.4771602153778076,0.9097483158111572,0.7369546890258789,0.9270682334899902,0.268143892288208
L18R,0,1.3010291130399998,1.7389000415802003,0.08099687052495115,0.4378709285402005,1,1.696333408355713,1.8550426959991455,1.6850239038467407,1.7916769981384277,1.6664232015609741
D19N,1,3.75636969756,3.7004446506500246,0.04525407913581227,0.05592504690997524,0,3.6692159175872803,3.667783260345459,3.7130613327026367,3.6777281761169434,3.7744345664978027
D19H,1,3.77418866083,3.6765326976776125,0.0538056870790968,0.09765596315238767,0,3.6422011852264404,3.6333518028259277,3.717888116836548,3.639054775238037,3.7501676082611084
D19E,2,3.79287295896,3.7098647594451903,0.04914632857348821,0.08300819951480953,0,3.665736436843872,3.7806344032287598,3.680027723312378,3.741549491882324,3.681375741958618
D19G,2,3.60937691732222,3.6536882400512694,0.07143773237588819,0.04431132272904925,0,3.6188571453094482,3.7147090435028076,3.566518545150757,3.7390363216400146,3.6293201446533203
D19A,2,3.63051285234,3.674272584915161,0.033777002147984125,0.04375973257516108,0,3.6772828102111816,3.7266509532928467,3.6356234550476074,3.675313711166382,3.656491994857788
D19V,0,3.73541074642143,3.6179416179656982,0.023538105214401417,0.11746912845573165,0,3.5922865867614746,3.6105988025665283,3.6520133018493652,3.6304931640625,3.604316234588623
G20D,1,1.3010303392799998,1.2181545972824097,0.19564067498671478,0.08287574199759007,0,1.035893440246582,1.5335274934768677,1.0758392810821533,1.2306904792785645,1.2148222923278809
D21A,0,3.66308485731,3.514709949493408,0.07026660955005269,0.14837490781659168,0,3.5795187950134277,3.5091071128845215,3.48774790763855,3.4141154289245605,3.5830605030059814
D21G,1,3.230678606652,3.5558462142944336,0.08879214694229674,0.3251676076424337,1,3.4182636737823486,3.548698663711548,3.6644163131713867,3.5663466453552246,3.58150577545166
D21V,3,3.671410348277501,3.6612241744995115,0.016364211073776863,0.01018617377798936,0,3.6618728637695312,3.687448740005493,3.6425375938415527,3.6567423343658447,3.6575193405151367
D21H,1,3.584455968380001,3.656064176559448,0.0412760918851548,0.07160820817944735,0,3.6230227947235107,3.634542942047119,3.703477382659912,3.6209969520568848,3.6982808113098145
D21N,1,3.702007026680002,3.641982316970825,0.05101440703946046,0.060024709709176616,0,3.6043336391448975,3.587740421295166,3.7187914848327637,3.6452276706695557,3.653818368911743
V22G,0,1.30103073628,2.264295768737793,0.19890472491446293,0.9632650324577932,1,2.002406120300293,2.145264148712158,2.478947162628174,2.4357471466064453,2.2591142654418945
V22A,1,3.3513009417333297,2.792610454559326,0.13013483528902323,0.5586904871740037,1,2.757112979888916,2.819528818130493,2.675271511077881,3.0039937496185303,2.7071452140808105
V22E,4,1.30117079342,2.325183391571045,0.16502772626927648,1.0240125981510448,1,2.3727636337280273,2.541012763977051,2.2858877182006836,2.3424181938171387,2.083834648132324
V22L,0,3.5399957466800003,3.578599786758423,0.042589081693027823,0.03860404007842266,0,3.6136348247528076,3.512467384338379,3.610407590866089,3.5603227615356445,3.5961663722991943
V22I,4,3.67837738166333,3.562368869781494,0.048217646046844906,0.11600851188183592,0,3.539616823196411,3.5224196910858154,3.627847194671631,3.522934913635254,3.5990257263183594
N23S,0,3.5930874340307097,3.4964078426361085,0.0331212479126345,0.09667959139460125,0,3.4865128993988037,3.52139949798584,3.487020254135132,3.4513564109802246,3.535750150680542
N23I,2,3.28031959,3.364414691925049,0.061260985002245284,0.08409510192504888,0,3.2755424976348877,3.412668466567993,3.4127187728881836,3.395372152328491,3.3257715702056885
N23H,2,3.56330487197,3.5916121006011963,0.14986203654050045,0.0283072286311965,0,3.4171996116638184,3.7121996879577637,3.728645086288452,3.656388521194458,3.4436275959014893
N23K,4,3.419655543035,3.6009072780609133,0.023441295164126717,0.18125173502591307,0,3.6056251525878906,3.5682923793792725,3.6134555339813232,3.629035711288452,3.588127613067627
N23T,1,3.21009835242,3.532810926437378,0.07256662410326388,0.32271257401737774,1,3.520357608795166,3.424363374710083,3.6187915802001953,3.5263407230377197,3.5742013454437256
N23D,2,3.59311941382667,3.625682735443115,0.0828890751994387,0.03256332161644515,0,3.5129823684692383,3.7182047367095947,3.6554148197174072,3.6723406314849854,3.5694711208343506
G24S,1,3.487271593835,3.4198571681976317,0.060318578907657884,0.06741442563736832,0,3.499835968017578,3.428287982940674,3.3535470962524414,3.3673079013824463,3.4503068923950195
G24A,4,3.2304883190900004,3.467973566055298,0.04879093233969466,0.2374852469652975,0,3.471575975418091,3.474461793899536,3.5100603103637695,3.385606050491333,3.4981637001037598
G24D,0,3.47453659541,3.405850553512573,0.09018323393381876,0.06868604189742689,0,3.3886401653289795,3.540076971054077,3.4412121772766113,3.3035924434661865,3.3557310104370117
G24C,1,3.1645830309400003,3.5337131023406982,0.08196141475737205,0.369130071400698,1,3.5685324668884277,3.401387929916382,3.5887858867645264,3.600837469100952,3.509021759033203
H25R,4,3.70937644691444,3.392850065231323,0.1459760236689972,0.31652638168311675,1,3.1611857414245605,3.542062759399414,3.4115958213806152,3.365870237350464,3.4835357666015625
H25L,2,3.67666370440333,3.5789687633514404,0.11260871083534589,0.09769494105188947,0,3.735936164855957,3.4372622966766357,3.51106595993042,3.6034154891967773,3.607163906097412
H25Y,0,3.46855772999,3.5981750965118406,0.07285844505236247,0.12961736652184053,0,3.5783755779266357,3.67445969581604,3.620673418045044,3.4831960201263428,3.6341707706451416
H25Q,0,3.81163900632,3.6936271667480467,0.034797599946416735,0.11801183957195338,0,3.6694421768188477,3.7242419719696045,3.709502935409546,3.644921064376831,3.7200276851654053
K26Q,2,3.73274916915,3.6048418998718263,0.04469639972299296,0.12790726927817353,0,3.6232330799102783,3.6671624183654785,3.5458405017852783,3.5888800621032715,3.599093437194824
K26N,3,3.707244274235,3.633295679092407,0.019191057831769744,0.07394859514259267,0,3.6568596363067627,3.6035101413726807,3.6341419219970703,3.638774871826172,3.6331918239593506
K26E,1,3.55638702729222,3.5493650436401367,0.03872967403154426,0.007021983652083286,0,3.5911741256713867,3.5469319820404053,3.5859792232513428,3.5143847465515137,3.508355140686035
K26R,2,3.6896597114725,3.6978911399841308,0.08903949862126301,0.008231428511630945,0,3.70961856842041,3.847557544708252,3.632326602935791,3.661897659301758,3.6380553245544434
K26G,1,3.31751928643,3.5918941497802734,0.046690548600684514,0.2743748633502734,1,3.5312142372131348,3.5922114849090576,3.5858302116394043,3.662489652633667,3.5877251625061035
K26M,0,3.63303996149,3.4975532054901124,0.04391167106767493,0.1354867559998878,0,3.442168712615967,3.539102792739868,3.511145830154419,3.4606990814208984,3.534649610519409
K26T,2,3.64208305999333,3.6611547470092773,0.06365177440557951,0.019071687015947525,0,3.666510581970215,3.7549259662628174,3.5783886909484863,3.667123556137085,3.638824939727783
F27S,0,1.5186504120866695,2.944804573059082,0.10829821003024942,1.4261541609724124,1,2.835466146469116,2.968719482421875,2.949270248413086,2.8606035709381104,3.1099634170532227
F27V,1,3.6180222196,3.274958610534668,0.07365350012678946,0.34306360906533184,1,3.2874982357025146,3.163496971130371,3.2458441257476807,3.332890510559082,3.3450632095336914
F27I,3,3.19911885591,3.286258602142334,0.1309444083516824,0.08713974623233378,0,3.2899203300476074,3.3970839977264404,3.433648109436035,3.143557548522949,3.1670830249786377
F27L,4,3.097800724855,3.354768466949463,0.12428305395781575,0.25696774209446316,0,3.254944086074829,3.515949249267578,3.4169540405273438,3.2083139419555664,3.377681016921997
S28I,0,3.58186758936,3.641865348815918,0.04363138826972675,0.05999775945591823,0,3.6016860008239746,3.591686248779297,3.6846020221710205,3.6495187282562256,3.6818337440490723
S28N,2,3.6524923766,3.648647499084473,0.11538492087568983,0.003844877515527312,0,3.7007486820220947,3.798222780227661,3.5642542839050293,3.674170970916748,3.50584077835083
S28C,3,3.7557456715216695,3.6263407707214355,0.03243099225319428,0.12940490080023404,0,3.665801763534546,3.6143548488616943,3.625499963760376,3.5802299976348877,3.645817279815674
S28G,2,3.65018265325875,3.4609113216400145,0.12047953662548808,0.18927133161873533,0,3.579284906387329,3.486001491546631,3.330709218978882,3.5691258907318115,3.33943510055542
S28R,2,3.71475326062,3.5648001194000245,0.11583679322524922,0.14995314121997572,0,3.599004030227661,3.638890266418457,3.480355739593506,3.693584442138672,3.412166118621826
S28T,1,3.732744656880001,3.723007249832153,0.02940167346694682,0.009737407047847757,0,3.7510199546813965,3.6968259811401367,3.7587192058563232,3.7022905349731445,3.7061805725097656
V29M,3,3.1091266034225,3.5347186088562013,0.025491151472003763,0.42559200543370146,1,3.5022201538085938,3.5312817096710205,3.5431323051452637,3.5252230167388916,3.5717358589172363
V29A,1,3.1504066226,3.361639404296875,0.13822608128151698,0.2112327816968751,0,3.2953860759735107,3.508401870727539,3.155465602874756,3.4176294803619385,3.431313991546631
V29E,4,1.32430916519,0.9580986022949218,0.42536515113611517,0.36621056289507825,1,0.46721863746643066,1.3844971656799316,1.408191204071045,0.8749101161956787,0.6556758880615234
S30P,3,1.46972290124,2.6056814193725586,0.19808894557091172,1.1359585181325587,1,2.8252079486846924,2.3970348834991455,2.743079423904419,2.398575782775879,2.6645090579986572
S30C,3,3.85459595234,3.7025405883789064,0.02824322863135558,0.15205536396109354,0,3.7303121089935303,3.721059799194336,3.6636435985565186,3.6824700832366943,3.715217351913452
S30F,3,3.67893051942667,3.6411001682281494,0.056958218823417735,0.03783035119852052,0,3.71848201751709,3.634721279144287,3.614473819732666,3.5676541328430176,3.6701695919036865
S30A,2,3.732545961375,3.6304301738739015,0.051404904291574065,0.10211578750109851,0,3.6363561153411865,3.707724094390869,3.613828659057617,3.6292595863342285,3.5649824142456055
S30T,2,3.8101460541812497,3.7035306453704835,0.061480544259967414,0.10661540881076625,0,3.70810604095459,3.7868452072143555,3.6565585136413574,3.7336368560791016,3.6325066089630127
S30Y,3,3.75240792407,3.729904317855835,0.03849272844204265,0.02250360621416503,0,3.755387306213379,3.7569615840911865,3.704495429992676,3.6743171215057373,3.7583601474761963
G31V,4,1.35418904327,2.713120698928833,0.3761156342239896,1.3589316556588331,1,2.803508758544922,3.173680305480957,2.907278060913086,2.4636106491088867,2.2175257205963135
E32G,3,3.65057207816063,3.600671577453613,0.011857039867980963,0.04990050070701679,0,3.589564323425293,3.6039135456085205,3.5869016647338867,3.6130423545837402,3.609935998916626
E32A,4,3.62682868412,3.6530667781829833,0.013714278358511123,0.026238094062983386,0,3.6490702629089355,3.651742458343506,3.642224073410034,3.676743507385254,3.6455535888671875
E32D,2,3.69274209387,3.3927558422088624,0.12015412652241185,0.2999862516611378,1,3.4068570137023926,3.417832612991333,3.455737352371216,3.4961678981781006,3.1871843338012695
E32K,2,3.74500077011,3.595549440383911,0.025453986454979486,0.14945132972608866,0,3.574558734893799,3.6283388137817383,3.609797716140747,3.598860502243042,3.5661914348602295
E32V,2,3.74764565356,3.657349443435669,0.030936941645196447,0.09029621012433076,0,3.6738243103027344,3.6979904174804688,3.6168434619903564,3.6410887241363525,3.6570003032684326
G33S,4,1.40155977752,2.73203706741333,0.32753218533331957,1.3304772898933301,1,2.993683338165283,2.9738588333129883,2.7812235355377197,2.726855516433716,2.1845641136169434
G33R,2,1.30102999829,0.5229356288909912,0.4366584840304189,0.7780943693990088,1,-0.11552906036376953,1.0334844589233398,0.8060925006866455,0.47815990447998047,0.41247034072875977
G33D,0,1.4921875745700002,1.1938589096069336,0.38356557408917336,0.29832866496306654,1,1.7705202102661133,1.1983911991119385,1.1346807479858398,1.1738691329956055,0.6918332576751709
E34V,1,3.758328649622,3.68145637512207,0.03930119445225095,0.07687227449992973,0,3.715013027191162,3.6168463230133057,3.7030434608459473,3.6997361183166504,3.672642946243286
E34K,4,3.6538862107666703,3.691196823120117,0.029852382165536626,0.03731061235344679,0,3.735034227371216,3.695786476135254,3.6526060104370117,3.6927690505981445,3.67978835105896
E34A,0,3.69390404017,3.613845443725586,0.05781158770622671,0.08005859644441404,0,3.5291285514831543,3.584637403488159,3.654711961746216,3.6280159950256348,3.6727333068847656
E34G,2,3.57573881874538,3.6326478004455565,0.040944412837934666,0.056908981700176664,0,3.6106760501861572,3.613312005996704,3.5962283611297607,3.698915958404541,3.64410662651062
G35S,0,3.06281313949,2.4840362548828123,0.19466462349311345,0.5787768846071875,1,2.8189635276794434,2.458542823791504,2.446265935897827,2.3336453437805176,2.3627636432647705
G35C,3,3.19599895965,3.258133363723755,0.10159718097533621,0.062134404073755256,0,3.368856906890869,3.293132781982422,3.2679760456085205,3.2686853408813477,3.0920157432556152
G35D,3,1.30103002043,2.2089170694351195,0.2377383456085033,0.9078870490051194,1,2.0439651012420654,2.441892147064209,2.4897773265838623,1.9852348566055298,2.0837159156799316
D36H,2,3.71564658308,3.514581871032715,0.03950555432240312,0.20106471204728482,0,3.509239435195923,3.4792513847351074,3.518767833709717,3.4865500926971436,3.5791006088256836
D36K,1,3.48202683608,3.494567108154297,0.03563907591730106,0.012540272074296865,0,3.4536378383636475,3.4801626205444336,3.50346040725708,3.485846519470215,3.5497281551361084
D36N,3,3.658163182435,3.590865468978882,0.024396054856583912,0.06729771345611812,0,3.5945630073547363,3.628200054168701,3.5834076404571533,3.5607762336730957,3.5873804092407227
D36Y,3,3.29631913386,3.566615867614746,0.03714862861352512,0.27029673375474594,1,3.580967426300049,3.6104726791381836,3.5416080951690674,3.516742706298828,3.5832884311676025
D36V,2,3.5031525500625,3.5438805103302,0.06608243518964689,0.04072796026769998,0,3.6041295528411865,3.5044872760772705,3.462796926498413,3.5298495292663574,3.6181392669677734
D36G,3,3.3860326517790003,3.5438332080841066,0.031878603180620156,0.15780055630510637,0,3.5293092727661133,3.5872044563293457,3.542325496673584,3.501905918121338,3.5584208965301514
D36A,3,3.46975201124,3.5197333335876464,0.030844978773996057,0.049981322347646184,0,3.53285551071167,3.547015905380249,3.5366976261138916,3.469188690185547,3.512908935546875
D36E,3,3.6333156514,3.5245020389556885,0.015293976815869088,0.10881361244431131,0,3.533613920211792,3.531472682952881,3.534360408782959,3.4979236125946045,3.525139570236206
A37V,3,3.66642459163333,3.6156501293182375,0.03211768773940619,0.05077446231509253,0,3.6483659744262695,3.617457628250122,3.5623369216918945,3.620936393737793,3.6291537284851074
A37S,2,3.6395046566300007,3.6529749393463136,0.029213115682700144,0.013470282716312898,0,3.669844627380371,3.648505449295044,3.689615488052368,3.6452479362487793,3.611661195755005
A37P,3,3.68650160282,3.301078367233276,0.046960026441753705,0.38542323558672376,1,3.301597833633423,3.3134846687316895,3.231806993484497,3.3630213737487793,3.295480966567993
A37G,1,3.688542188245002,3.6436904430389405,0.03333760954358882,0.04485174520606128,0,3.639221429824829,3.6372408866882324,3.5935864448547363,3.6717801094055176,3.6766233444213867
A37D,4,3.4731415931,3.5041027069091797,0.06410833268601708,0.030961113809179874,0,3.424449920654297,3.452376127243042,3.558129072189331,3.5153136253356934,3.570244789123535
A37T,3,3.69262144092,3.625249242782593,0.03146028796233091,0.06737219813740714,0,3.620866298675537,3.595641613006592,3.6162283420562744,3.6146862506866455,3.678823709487915
T38S,0,3.76176681933909,3.7088942527770996,0.04943877117057153,0.052872566561990464,0,3.663377046585083,3.7158119678497314,3.7605624198913574,3.6528518199920654,3.7518680095672607
T38P,4,3.68090853441,3.5930480480194094,0.049942121856381874,0.08786048639059052,0,3.5585222244262695,3.593416929244995,3.650655508041382,3.6322693824768066,3.5303761959075928
T38I,3,3.683868341775,3.7147764205932616,0.044321835453206386,0.03090807881826141,0,3.6903531551361084,3.783834934234619,3.670964241027832,3.731280565261841,3.697449207305908
T38N,4,3.75250498054,3.6103413105010986,0.04818743121223333,0.1421636700389013,0,3.5609946250915527,3.6552493572235107,3.5676193237304688,3.664736032485962,3.603107213973999
T38A,3,3.7012204295425,3.6841927051544188,0.03787710440727907,0.0170277243880812,0,3.7027297019958496,3.708733320236206,3.676344633102417,3.621242046356201,3.711913824081421
Y39H,1,3.8020543977925,3.7194366455078125,0.04167865018845681,0.08261775228468737,0,3.713460683822632,3.7357633113861084,3.694697856903076,3.672175884246826,3.78108549118042
Y39S,2,3.85008641169,3.7561922550201414,0.06456514490695331,0.09389415666985856,0,3.695117950439453,3.7196295261383057,3.8629419803619385,3.7423973083496094,3.7608745098114014
Y39N,1,3.8677179697025,3.70434832572937,0.06964478645508923,0.1633696439731298,0,3.7188949584960938,3.647770643234253,3.6330273151397705,3.7137067317962646,3.8083419799804688
Y39C,4,3.78372991677,3.6081331253051756,0.05718746650096566,0.17559679146482443,0,3.5303311347961426,3.6540303230285645,3.628013849258423,3.6613383293151855,3.5669519901275635
Y39F,2,3.75144513248,3.66142201423645,0.0529666768033528,0.09002311824355003,0,3.6343541145324707,3.6554930210113525,3.7370471954345703,3.683847427368164,3.5963683128356934
Y39D,0,3.67454827072,3.7404799461364746,0.02699920967661265,0.06593167541647471,0,3.7319486141204834,3.7021241188049316,3.7566113471984863,3.737987518310547,3.773728132247925
G40D,2,1.30103074754,2.8384031772613527,0.25452933786732956,1.5373724297213527,1,2.9322047233581543,2.909327507019043,3.0993988513946533,2.833597183227539,2.417487621307373
G40S,4,3.3516873199400004,2.332311916351318,0.21648115134539297,1.0193754035886822,1,2.1425981521606445,2.5251975059509277,2.6062865257263184,2.173825979232788,2.213651418685913
K41E,3,3.51477179686545,3.5889548301696776,0.016514656090076144,0.07418303330422749,0,3.5901284217834473,3.595621109008789,3.605581283569336,3.592041254043579,3.5614020824432373
K41R,2,3.68957430795588,3.596037673950195,0.046127948760721633,0.09353663400568468,0,3.623619318008423,3.6641952991485596,3.558547019958496,3.5681262016296387,3.5657005310058594
K41Q,2,3.580490710585,3.551596212387085,0.03892108918657783,0.02889449819791512,0,3.5434486865997314,3.5983476638793945,3.5112967491149902,3.58547306060791,3.5194149017333984
K41N,0,3.6507734438,3.573509454727173,0.04763353135969028,0.07726398907282706,0,3.5214977264404297,3.576843023300171,3.5585741996765137,3.559967041015625,3.650665283203125
K41T,3,3.57613115479,3.6274328231811523,0.025298934290764245,0.051301668391152244,0,3.657463550567627,3.6007297039031982,3.650139093399048,3.6076784133911133,3.6211533546447754
K41M,2,3.704086685805,3.6144623279571535,0.04475088303546321,0.08962435784784661,0,3.644240379333496,3.664547920227051,3.553102970123291,3.6236369609832764,3.5867834091186523
L42Q,1,3.21214142315,3.419777488708496,0.1195870549674766,0.20763606555849634,0,3.384577512741089,3.5083484649658203,3.5467138290405273,3.4183712005615234,3.2408764362335205
L42R,0,3.45890558987,2.342210578918457,0.18595143755343177,1.1166950109515432,1,2.0916452407836914,2.2697348594665527,2.5964598655700684,2.336188793182373,2.4170241355895996
L42M,2,3.82663130139,3.67773118019104,0.08808811834229342,0.14890012119896,0,3.542795181274414,3.787787437438965,3.6803648471832275,3.6736295223236084,3.7040789127349854
L42P,3,2.16816701857,3.0815959930419923,0.11533819952277637,0.9134289744719921,1,2.9204699993133545,3.1913323402404785,3.1442203521728516,3.001068592071533,3.150888681411743
T43P,2,2.63582387971,3.390388345718384,0.17548545221338516,0.7545644660083837,1,3.554497480392456,3.1480016708374023,3.4919543266296387,3.494741201400757,3.262747049331665
T43S,1,3.789243583255,3.6698728084564207,0.02876725238999793,0.1193707747985795,0,3.668099880218506,3.63218355178833,3.6632893085479736,3.712683916091919,3.673107385635376
T43N,3,3.67019648346,3.743070936203003,0.06692251301264643,0.07287445274300319,0,3.817350149154663,3.813509702682495,3.7108242511749268,3.6808886528015137,3.692781925201416
T43A,0,3.7244624257325,3.5475492000579836,0.0703095189744259,0.17691322567451628,0,3.5154221057891846,3.485924243927002,3.6665945053100586,3.549940347671509,3.519864797592163
T43I,2,3.72815250646,3.640368700027466,0.0658924122901362,0.08778380643253403,0,3.6893677711486816,3.7055864334106445,3.5407280921936035,3.614661931991577,3.6514992713928223
L44Q,3,3.113624224575,2.219353675842285,0.13557573226727343,0.8942705487327149,1,2.22685170173645,2.0629384517669678,2.3099589347839355,2.108703136444092,2.3883161544799805
L44M,4,3.8286611477900014,3.5739911079406737,0.09766056707560548,0.2546700398493278,0,3.4479682445526123,3.543210744857788,3.6081948280334473,3.7147765159606934,3.555805206298828
L44P,2,1.38368599588,1.878643798828125,0.3784462378821402,0.49495780294812497,1,1.54389488697052,1.9917943477630615,2.046201229095459,2.363097667694092,1.4482308626174927
L44R,4,1.3010299954200002,2.4532041549682617,0.32643857807055204,1.1521741595482615,1,2.3231167793273926,2.288723945617676,2.8148183822631836,2.7727103233337402,2.0666513442993164
K45T,3,3.74498764816,3.548742961883545,0.01583855128319385,0.19624468627645486,0,3.5543930530548096,3.5507864952087402,3.5526235103607178,3.521916627883911,3.563995122909546
K45E,3,3.13893393693,3.5877646446228026,0.04211262716926744,0.44883070769280264,1,3.554060459136963,3.6609888076782227,3.580561637878418,3.568284511566162,3.574927806854248
K45R,0,3.62953869358941,3.426869344711304,0.0850873247456249,0.20266934887810617,0,3.3155691623687744,3.5541796684265137,3.4348535537719727,3.412407398223877,3.417336940765381
K45M,2,3.44717540729333,3.401446533203125,0.09736051307330679,0.04572887409020465,0,3.3276801109313965,3.437350273132324,3.434570550918579,3.2811837196350098,3.5264480113983154
F46L,3,3.6804544332289497,3.55088586807251,0.030613589015163135,0.12956856515643977,0,3.5728859901428223,3.519350290298462,3.550891160964966,3.5222978591918945,3.5890040397644043
F46I,2,3.43937739933,3.572995328903198,0.04100524830542346,0.13361792957319807,0,3.5505857467651367,3.597200870513916,3.6077988147735596,3.5113563537597656,3.5980348587036133
F46C,1,3.67780911174,3.544551134109497,0.09703123554103271,0.13325797763050273,0,3.509906053543091,3.6824984550476074,3.527402877807617,3.583404541015625,3.419543743133545
F46V,3,3.649842425735,3.6229713439941404,0.019164908569674562,0.026871081740859726,0,3.620777130126953,3.63329815864563,3.6111361980438232,3.600217819213867,3.6494274139404297
F46Y,0,3.752484105314,3.5773640155792235,0.051045739906502685,0.17512008973477666,0,3.5169739723205566,3.60343337059021,3.6487298011779785,3.5462546348571777,3.5714282989501953
F46S,0,3.23651949408556,3.5398178100585938,0.0799862547269918,0.3032983159730338,1,3.409644365310669,3.600710153579712,3.592472553253174,3.516291856765747,3.579970121383667
I47F,4,3.59136527956333,3.3626107215881347,0.06521767905745425,0.22875455797519528,0,3.301510810852051,3.3020260334014893,3.3510525226593018,3.4119222164154053,3.4465420246124268
I47T,4,3.6041917473388905,3.6475438594818117,0.047041293192093186,0.04335211214292123,0,3.663058042526245,3.6913368701934814,3.576357126235962,3.681366443634033,3.625600814819336
I47V,3,3.77087325896083,3.6305099010467528,0.018581079288906375,0.14036335791407728,0,3.644897222518921,3.5989201068878174,3.6379504203796387,3.629344940185547,3.641436815261841
I47L,2,3.66012627047,3.6033726215362547,0.042941091787948235,0.05675364893374546,0,3.643728494644165,3.6200110912323,3.5309133529663086,3.618189811706543,3.604020357131958
I47S,1,3.38051465185,3.6700424194335937,0.04898619610559738,0.28952776758359366,1,3.6374289989471436,3.72442626953125,3.6418538093566895,3.624455213546753,3.722047805786133
I47N,4,3.4315244517375,3.5390788078308106,0.06828753312294494,0.10755435609331077,0,3.569638729095459,3.62260103225708,3.459752082824707,3.565554141998291,3.4778480529785156
C48R,4,1.69685473362667,2.956007719039917,0.3492676494359394,1.259152985413247,1,2.977581739425659,2.7276980876922607,3.2510414123535156,3.3268392086029053,2.496878147125244
C48S,3,3.618936543535,2.917276620864868,0.3763760020041315,0.7016599226701317,1,2.8796041011810303,3.2166876792907715,2.7734577655792236,2.385065793991089,3.3315677642822266
T49A,0,3.553460812294,3.5616362571716307,0.045755712578785405,0.008175444877630778,0,3.5043163299560547,3.5629525184631348,3.5731606483459473,3.5393505096435547,3.628401279449463
T49I,0,3.54678932352,3.5773042678833007,0.05481495945795936,0.0305149443633006,0,3.517334222793579,3.5835790634155273,3.5414669513702393,3.5827603340148926,3.6613807678222656
T49S,0,3.63808509923429,3.66516432762146,0.028414333313862263,0.02707922838717014,0,3.6583924293518066,3.6255550384521484,3.6924045085906982,3.6561670303344727,3.693302631378174
T49P,1,3.300826757395,3.4138657569885256,0.13223359240799376,0.1130389995935257,0,3.3458354473114014,3.471764326095581,3.57633376121521,3.4471588134765625,3.228236436843872
T49N,1,3.62616632621,3.63020715713501,0.021419158573853417,0.004040830925009953,0,3.606200933456421,3.6486494541168213,3.6076536178588867,3.6469812393188477,3.6415505409240723
T50S,1,3.7254825818025,3.6008861541748045,0.042578117725603756,0.1245964276276954,0,3.563260555267334,3.670680046081543,3.606933355331421,3.5718302726745605,3.591726541519165
T50A,2,3.5780454728071405,3.504559135437012,0.05689548638385871,0.07348633737012866,0,3.5428736209869385,3.5718421936035156,3.4769561290740967,3.5052473545074463,3.4258763790130615
T50I,1,3.23196760166,3.5203497886657713,0.06081047283053539,0.28838218700577123,1,3.5297231674194336,3.571000099182129,3.418704032897949,3.5194780826568604,3.5628435611724854
G51D,4,3.32317696787,3.1299450397491455,0.2070787281025048,0.19323192812085432,0,3.3332061767578125,3.06765079498291,3.3602371215820312,2.9911112785339355,2.897519826889038
G51R,4,2.90339563565,3.105410432815552,0.20069027876348794,0.20201479716555193,0,3.190986394882202,3.0354163646698,3.345771312713623,3.148256540298462,2.806621551513672
G51S,0,3.21655835025,3.533192443847656,0.06997696422595402,0.31663409359765593,1,3.5071022510528564,3.5320377349853516,3.4310317039489746,3.5909907817840576,3.604799747467041
K52T,3,3.69125898127333,3.5533187866210936,0.014517249444023127,0.1379401946522365,0,3.56508207321167,3.5571537017822266,3.5288052558898926,3.5528132915496826,3.562739610671997
K52Q,0,3.49561397777,3.6277818202972414,0.04859627262018928,0.13216784252724123,0,3.576472520828247,3.5908725261688232,3.656352996826172,3.6198151111602783,3.6953959465026855
K52N,1,3.6634627378699993,3.589469337463379,0.010881903718613488,0.0739934004066205,0,3.576563835144043,3.598247528076172,3.6001479625701904,3.579317569732666,3.5930697917938232
K52G,2,3.4543043503300006,3.6239532470703124,0.057004847215166785,0.1696488967403118,0,3.6358516216278076,3.707094669342041,3.5501480102539062,3.6249866485595703,3.6016852855682373
K52M,1,3.650093183575,3.556895351409912,0.042150821036595454,0.09319783216508792,0,3.5258352756500244,3.608153820037842,3.506974697113037,3.5887980461120605,3.5547149181365967
K52R,4,3.67758758563286,3.623020362854004,0.01845331635324881,0.05456722277885584,0,3.646010398864746,3.601236581802368,3.6343531608581543,3.6080336570739746,3.6254680156707764
K52E,3,3.702075777124,3.5729222297668457,0.01581688769528229,0.12915354735715434,0,3.57039737701416,3.55474853515625,3.593984603881836,3.562243938446045,3.5832366943359375
L53Q,3,1.30102992699,3.4665770530700684,0.05757056092134163,2.1655471260800683,1,3.411665439605713,3.404332399368286,3.5390992164611816,3.481403112411499,3.496385097503662
L53P,1,3.27435243107,2.010389041900635,0.21916956212447095,1.2639633891693651,1,2.249080181121826,2.109585762023926,2.122833251953125,1.7101079225540161,1.8603380918502808
L53R,1,3.33915923653,1.5509687900543212,0.18576343666869868,1.7881904464756788,1,1.6474275588989258,1.8298285007476807,1.4420289993286133,1.375244140625,1.4603147506713867
L53M,3,3.60017578479,3.630000448226929,0.04608702908616652,0.029824663436928578,0,3.6135101318359375,3.6630735397338867,3.6430792808532715,3.5580761432647705,3.6722631454467773
P54L,4,3.4316330517400004,3.4658540725708007,0.03446215156957482,0.03422102083080025,0,3.432372570037842,3.4855940341949463,3.4801156520843506,3.4266302585601807,3.5045578479766846
P54A,0,3.36397559148,3.4637756824493406,0.04818666902803191,0.09980009096934062,0,3.387519121170044,3.4783501625061035,3.4687862396240234,3.4635684490203857,3.5206544399261475
P54S,4,3.0664458422099994,3.5608550548553466,0.02883947346624883,0.4944092126453472,1,3.5594282150268555,3.6043052673339844,3.54917049407959,3.5251898765563965,3.5661814212799072
P54T,4,3.31425052649,3.5738969802856446,0.024800597682486183,0.25964645379564466,0,3.554579734802246,3.6160435676574707,3.5744588375091553,3.5664966106414795,3.557906150817871
V55A,2,3.14890533152,2.090111756324768,0.21608869265727784,1.058793575195232,1,2.059962034225464,2.3552489280700684,2.21258282661438,1.7759515047073364,2.046813488006592
V55G,1,1.30103002954,3.280241584777832,0.1615383945136532,1.9792115552378322,1,3.0660901069641113,3.3482847213745117,3.179826498031616,3.4854111671447754,3.3215954303741455
V55M,2,3.605429311985,2.85578932762146,0.1343851379512162,0.7496399843635402,1,2.8414931297302246,3.0492167472839355,2.9123237133026123,2.6952152252197266,2.780697822570801
V55E,0,1.6004658746899998,2.1330369472503663,0.18307478634366442,0.5325710725603665,1,2.154231548309326,2.273451805114746,1.8481526374816895,2.306796073913574,2.082552671432495
P56S,1,3.69145662945,3.1011208057403565,0.10173019398550004,0.5903358237096437,1,2.938880443572998,3.1921722888946533,3.180997133255005,3.083251953125,3.110302209854126
W57R,1,1.337330571045,2.4428242206573487,0.17840448037834272,1.1054936496123486,1,2.4778285026550293,2.5410091876983643,2.143296241760254,2.606292247772217,2.445694923400879
P58L,4,3.30390110168,3.5949533939361573,0.032848860391318006,0.29105229225615714,1,3.638868570327759,3.6210837364196777,3.577620267868042,3.565847873687744,3.5713465213775635
P58H,4,3.4748972547,3.5689022064208986,0.06795031382470415,0.09400495172089851,0,3.664034605026245,3.577516555786133,3.489042282104492,3.593576431274414,3.520341157913208
P58A,4,3.66076476196,3.621580457687378,0.057781511684826384,0.03918430427262187,0,3.7140097618103027,3.6156165599823,3.5539908409118652,3.6159873008728027,3.608297824859619
P58S,1,3.697278054595,3.5612611293792726,0.031670649311316273,0.13601692521572728,0,3.5721700191497803,3.6003220081329346,3.5129973888397217,3.5561349391937256,3.5646812915802
T59P,0,1.30103069765,3.462569522857666,0.07051596776988278,2.161538825207666,1,3.5682425498962402,3.428870916366577,3.4226324558258057,3.4988932609558105,3.3942084312438965
T59S,3,3.663686265926,2.947360944747925,0.09241563225644571,0.7163253211780751,1,2.952545642852783,2.9928672313690186,2.849787712097168,2.8672516345977783,3.074352502822876
T59I,3,3.33990705631,3.214013862609863,0.09655187046235418,0.12589319370013685,0,3.2713446617126465,3.1520509719848633,3.140017032623291,3.3572418689727783,3.1494147777557373
T59A,1,3.583319568498,3.3930380821228026,0.12218875160048984,0.1902814863751976,0,3.4188101291656494,3.4049246311187744,3.5206003189086914,3.430830717086792,3.1900246143341064
L60P,1,1.52584409576,1.6020718097686768,0.2534097314863498,0.0762277140086769,0,1.886826515197754,1.8290857076644897,1.5811809301376343,1.397428274154663,1.3158376216888428
L60I,1,3.63006285039,3.0930899143218995,0.15873338990438834,0.5369729360681004,1,2.964128017425537,3.326169967651367,2.972028970718384,3.0148768424987793,3.1882457733154297
L60R,1,1.701777712,1.3017423391342162,0.1602167075049185,0.4000353728657837,1,1.1756114959716797,1.5693436861038208,1.2276923656463623,1.3288676738739014,1.2071964740753174
L60H,2,1.55799138127,2.3745959043502807,0.45411402520966154,0.8166045230802808,1,1.7479251623153687,2.8609821796417236,2.7286994457244873,2.421539783477783,2.113832950592041
V61M,4,3.1369941913050003,3.579452657699585,0.04720334514894207,0.4424584663945845,1,3.573225498199463,3.5563111305236816,3.516000986099243,3.6273446083068848,3.6243810653686523
V61L,3,3.55924706889,3.247836875915527,0.09450909871436997,0.3114101929744728,1,3.2852113246917725,3.3127574920654297,3.2056031227111816,3.1026346683502197,3.332977771759033
V61E,1,1.30947643853,3.1584392547607423,0.07369290814908695,1.8489628162307423,1,3.060925006866455,3.0994839668273926,3.1937942504882812,3.2102363109588623,3.2277567386627197
V61A,3,3.4806612354475,3.3078113555908204,0.05236217150486985,0.17284987985667977,0,3.2519192695617676,3.2614786624908447,3.3192756175994873,3.3262994289398193,3.3800837993621826
T62I,0,1.3949398226700005,3.6109335899353026,0.04799726053140235,2.215993767265302,1,3.5808188915252686,3.5825634002685547,3.57147479057312,3.6359293460845947,3.6838815212249756
T62P,2,3.81641203845,2.085771656036377,0.2006753632464004,1.7306403824136232,1,1.8749898672103882,2.1399502754211426,2.023897409439087,2.4024031162261963,1.9876176118850708
T62S,4,3.8115665115383295,3.788659954071045,0.05817566295683236,0.02290655746728465,0,3.7693285942077637,3.8595433235168457,3.822100877761841,3.704876184463501,3.7874507904052734
T62A,1,3.7735571192666697,3.39815411567688,0.14666420447706366,0.37540300358978973,1,3.3649392127990723,3.4342594146728516,3.5461087226867676,3.4814248085021973,3.1640384197235107
T63N,1,2.7819611805,3.320834922790527,0.22472077061242127,0.538873742290527,1,3.0885608196258545,3.491453170776367,3.613986015319824,3.260779619216919,3.149394989013672
T63P,1,3.5090651057,2.5400683879852295,0.31412613073488627,0.9689967177147705,1,2.5715644359588623,2.585925579071045,2.807844638824463,2.728297710418701,2.006709575653076
T63S,3,3.764062649682,3.5844380855560303,0.025246707574425934,0.17962456412596994,0,3.6200084686279297,3.597989797592163,3.570779323577881,3.554762840270996,3.5786499977111816
T63A,3,3.589198673355,3.568640947341919,0.029978519761118705,0.020557726013080924,0,3.5747334957122803,3.5989553928375244,3.571108341217041,3.518568277359009,3.5798392295837402
T63I,2,3.3415586573766696,3.4348162174224854,0.034499565249676824,0.09325756004581587,0,3.4381697177886963,3.449772357940674,3.4715399742126465,3.4361350536346436,3.3784639835357666
L64M,0,3.67092894453,3.236702394485474,0.15378566236012955,0.43422655004452615,1,3.3672516345977783,3.2394540309906006,2.9740350246429443,3.2917044162750244,3.3110668659210205
L64V,1,3.66649783867,2.9128196239471436,0.14087214861913053,0.7536782147228562,1,2.7809271812438965,3.014050006866455,3.09452748298645,2.776834011077881,2.897759437561035
L64P,4,1.437220599805,2.4924158096313476,0.11916244985146349,1.0551952098263475,1,2.47092866897583,2.636172294616699,2.5924131870269775,2.359255075454712,2.4033098220825195
S65T,2,3.550426848725,3.3066956996917725,0.10080683915268204,0.24373114903322746,0,3.2327401638031006,3.479027032852173,3.257810115814209,3.3124966621398926,3.2514045238494873
S65P,4,1.324287012706,2.83134388923645,0.15892139589926563,1.5070568765304502,1,2.605977773666382,3.0545475482940674,2.847602128982544,2.819265842437744,2.8293261528015137
S65L,1,3.17436282499,3.1675692081451414,0.07684181084307057,0.006793616844858796,0,3.2418124675750732,3.133086919784546,3.2581071853637695,3.1131792068481445,3.091660261154175
S65A,2,3.2842407669,3.4709145545959474,0.06943758355269178,0.18667378769594745,0,3.4441123008728027,3.569336414337158,3.3908767700195312,3.4401979446411133,3.510049343109131
Y66C,2,1.30103050973,2.7334930896759033,0.30008774017188955,1.4324625799459034,1,2.342481851577759,2.7084619998931885,3.1561596393585205,2.8485560417175293,2.6118059158325195
Y66N,0,1.3010308101,1.788693356513977,0.2343416668029157,0.487662546413977,1,1.6480610370635986,1.8879963159561157,1.6609464883804321,2.15555477142334,1.590908169746399
Y66F,2,1.29894092811,2.4411396026611327,0.14114544168312387,1.1421986745511328,1,2.297457695007324,2.3840579986572266,2.392275810241699,2.6714065074920654,2.4605000019073486
G67V,0,1.30154705698,2.4103498697280883,0.36507834792278204,1.1088028127480882,1,2.66589617729187,2.1401467323303223,2.3807015419006348,2.875760078430176,1.989244818687439
G67D,4,1.30084097248,0.9713087558746338,0.30049575348082136,0.32953221660536625,1,0.8791651725769043,1.3714115619659424,1.0003938674926758,1.062567949295044,0.5430052280426025
G67C,0,1.41692113062,2.3522820234298707,0.37124912582154224,0.9353608928098707,1,2.601877212524414,1.9251588582992554,2.2567970752716064,2.849472761154175,2.1281042098999023
G67S,2,1.30102998655,1.9722290277481078,0.4218131787585156,0.6711990411981079,1,1.8868383169174194,1.7227493524551392,2.7080392837524414,1.8727061748504639,1.6708120107650757
V68E,3,3.61587518482556,2.3961537361145018,0.1884287386116399,1.2197214487110584,1,2.3115124702453613,2.4861960411071777,2.581082820892334,2.4939112663269043,2.1080660820007324
V68M,0,3.750569527362,3.672930097579956,0.030682117744358164,0.07763942978204375,0,3.6935017108917236,3.697903633117676,3.664820909500122,3.622969388961792,3.685454845428467
V68L,1,3.654655129230002,3.637722110748291,0.014313999314409584,0.016933018481710693,0,3.645833969116211,3.6372835636138916,3.6170668601989746,3.6331980228424072,3.6552281379699707
V68A,4,3.6720078948357897,3.660220575332642,0.031756292598879035,0.01178731950314793,0,3.6489310264587402,3.6730799674987793,3.6235547065734863,3.7076079845428467,3.6479291915893555
Q69H,3,3.60531259987,3.5372595310211183,0.07740984290997178,0.06805306884888163,0,3.572258949279785,3.400481700897217,3.5904793739318848,3.55802583694458,3.565051794052124
Q69L,2,3.193324666625,3.3030441284179686,0.08931199394964943,0.10971946179296843,0,3.3239543437957764,3.410234212875366,3.2792468070983887,3.1673052310943604,3.334480047225952
Q69R,1,1.8631838809,3.1340955257415772,0.11208533761022658,1.2709116448415771,1,3.253817319869995,3.171358585357666,3.155176877975464,3.1405413150787354,2.9495835304260254
Q69P,0,3.4971078784400005,2.181774377822876,0.1272139898672185,1.3153335006171245,1,2.180009365081787,2.2604360580444336,2.3091869354248047,2.1831517219543457,1.9760878086090088
C70Y,3,3.50499128987,3.476608991622925,0.07500086170363421,0.028382298247075166,0,3.4360883235931396,3.5998952388763428,3.4018406867980957,3.476900815963745,3.468319892883301
C70S,4,3.554548811055,3.226023244857788,0.18654524464233807,0.3285255661972122,1,3.192620277404785,3.3924400806427,3.049368381500244,3.44561505317688,3.050072431564331
C70G,1,3.468137678095,3.55001015663147,0.07141281163531578,0.08187247853646973,0,3.4460389614105225,3.6351747512817383,3.5317206382751465,3.5429303646087646,3.5941860675811768
C70R,1,1.401153624425,2.9038969039916993,0.2825595347828605,1.5027432795666993,1,2.7396185398101807,3.1292991638183594,2.492004871368408,3.0071983337402344,3.1513636112213135
F71Y,2,3.44790466854556,3.6501235485076906,0.05655175138812159,0.2022188799621305,0,3.6980743408203125,3.7229855060577393,3.622976779937744,3.5977835655212402,3.608797550201416
F71S,0,3.4752341296966702,3.029648685455322,0.17091441962730874,0.44558544424134805,1,2.921626329421997,3.10211181640625,2.7963874340057373,3.232557773590088,3.095560073852539
F71L,3,3.62884781484562,3.5653708457946776,0.027546902873712108,0.06347696905094224,0,3.5853986740112305,3.567704677581787,3.570249080657959,3.518329620361328,3.585172176361084
F71I,1,3.60559947057,3.6059458255767822,0.02171846573314759,0.0003463550067821508,0,3.5723586082458496,3.6156375408172607,3.623100519180298,3.59613037109375,3.622502088546753
F71C,4,3.62530695729667,3.568730592727661,0.05085293644666153,0.05657636456900894,0,3.625239133834839,3.6134772300720215,3.5688886642456055,3.5197930335998535,3.5162549018859863
S72N,0,3.27178589237,3.588762664794922,0.0415667832044227,0.3169767724249217,1,3.5597751140594482,3.5741629600524902,3.6039328575134277,3.5518641471862793,3.654078245162964
S72I,3,3.60733813699,3.3340102195739747,0.09582459883866447,0.27332791741602547,1,3.411219596862793,3.3645613193511963,3.3473711013793945,3.1678061485290527,3.3790929317474365
S72R,0,1.3010299627,3.402727222442627,0.05898870143639675,2.101697259742627,1,3.3090291023254395,3.4699745178222656,3.427119255065918,3.4069221019744873,3.4005911350250244
S72C,0,3.74985888163,3.6690178871154786,0.018113792835766813,0.0808409945145212,0,3.663625478744507,3.695020914077759,3.6575114727020264,3.6791858673095703,3.6497457027435303
S72G,2,3.71870528157538,3.2313358306884767,0.07636630605353491,0.4873694508869031,1,3.193075656890869,3.3117709159851074,3.1217894554138184,3.2887253761291504,3.2413177490234375
R73S,3,3.70909367383333,3.786738967895508,0.044991376024692185,0.07764529406217768,0,3.7897613048553467,3.7643299102783203,3.86039137840271,3.74105167388916,3.778160572052002
R73L,2,3.9923212258,3.6437082290649414,0.06395824391312308,0.34861299673505863,1,3.6313717365264893,3.682938575744629,3.6154379844665527,3.5611159801483154,3.7276768684387207
R73H,3,3.69180326934,3.757938528060913,0.04207992316387887,0.06613525872091319,0,3.7778337001800537,3.7398338317871094,3.8016815185546875,3.693885087966919,3.776458501815796
R73C,3,3.74459682563667,3.7526885986328127,0.055484328330475625,0.008091772996142499,0,3.820530891418457,3.7237725257873535,3.755161762237549,3.6771607398986816,3.7868170738220215
Y74F,1,3.4301813854775,3.479066324234009,0.027256233206905296,0.04888493875650912,0,3.490262269973755,3.482325315475464,3.494288444519043,3.4971182346343994,3.431337356567383
Y74C,0,3.01476164302,3.466031789779663,0.06283015401833825,0.45127014675966315,1,3.4584383964538574,3.5422306060791016,3.517798662185669,3.4048357009887695,3.406855583190918
P75H,0,3.8949242631,3.5999920845031737,0.06951808034318827,0.2949321785968264,1,3.517841100692749,3.64776349067688,3.6580657958984375,3.5304956436157227,3.64579439163208
P75S,0,3.65212809833,3.5788219451904295,0.07611884794545205,0.07330615313957045,0,3.4879045486450195,3.66998028755188,3.645014762878418,3.543126344680786,3.548083782196045
P75T,0,3.80510433256,3.5876348495483397,0.056539001210884905,0.21746948301166036,0,3.4953598976135254,3.6244726181030273,3.623785972595215,3.6239430904388428,3.570612668991089
D76N,1,3.66286365986,3.693620300292969,0.04989562287835257,0.030756640432968663,0,3.6327784061431885,3.714076519012451,3.6991848945617676,3.7620253562927246,3.660036325454712
D76V,2,3.70932586506667,3.3143293857574463,0.06872273119565638,0.39499647930922377,1,3.379561185836792,3.252869129180908,3.2899696826934814,3.2537243366241455,3.3955225944519043
D76Y,1,3.65340060006,3.683871936798096,0.04010464876481951,0.03047133673809599,0,3.6690661907196045,3.6459765434265137,3.680415153503418,3.751884937286377,3.6720168590545654
D76E,3,3.708381939545,3.6497452735900877,0.03290624739559587,0.05863666595491246,0,3.6311450004577637,3.684223175048828,3.676480770111084,3.6042120456695557,3.652665376663208
D76A,1,3.65886123564,3.6512760639190676,0.04754151365822749,0.0075851717209323155,0,3.6761300563812256,3.6064131259918213,3.648010730743408,3.7182705402374268,3.607555866241455
D76G,4,3.68571311372667,3.613228130340576,0.05271592372578296,0.0724849833860941,0,3.628037452697754,3.6060566902160645,3.6947221755981445,3.55790114402771,3.579423189163208
H77C,2,3.65914792794,3.6180058479309083,0.03911570523007045,0.041142080009091586,0,3.6693804264068604,3.59316349029541,3.5729663372039795,3.6454782485961914,3.6090407371520996
H77L,4,3.64749168494286,3.6607133388519286,0.04303098379913355,0.01322165390906882,0,3.617976188659668,3.722350597381592,3.6263158321380615,3.653006076812744,3.683917999267578
H77Y,0,3.7263373965666697,3.6321431159973145,0.06185789000561491,0.0941942805693552,0,3.553661346435547,3.726807117462158,3.629615068435669,3.631847620010376,3.6187844276428223
H77N,0,3.71903815952,3.640592575073242,0.029474307804060747,0.07844558444675798,0,3.6442861557006836,3.669790744781494,3.5928850173950195,3.6374411582946777,3.658559799194336
H77P,3,3.604269255935,3.4065163135528564,0.06966774140271591,0.19775294238214336,0,3.4440131187438965,3.442925214767456,3.329561233520508,3.3347060680389404,3.4813759326934814
H77Q,0,3.60285931045,3.6186492443084717,0.03207365145254866,0.015789933858471716,0,3.570235252380371,3.656435251235962,3.6151034832000732,3.6364636421203613,3.615008592605591
H77R,3,3.6639426152061496,3.2877053737640383,0.10709425009242733,0.37623724144211135,1,3.4129531383514404,3.2825686931610107,3.254965305328369,3.1316041946411133,3.356435537338257
M78V,0,3.5811432899190003,3.655993413925171,0.019127594399971165,0.07485012400617075,0,3.6605703830718994,3.631309747695923,3.661623477935791,3.6445670127868652,3.681896448135376
M78R,2,3.5997250651199995,2.518843412399292,0.3886929560730742,1.0808816527207075,1,1.9301986694335938,2.4815475940704346,2.784369468688965,2.9449996948242188,2.453101634979248
M78T,3,3.54677613158545,3.577524948120117,0.027162631084445894,0.03074881653466699,0,3.5599148273468018,3.560455083847046,3.6170473098754883,3.555406093597412,3.594801425933838
M78K,2,3.4920651822625,3.3856122493743896,0.16248778411166287,0.10645293288811031,0,3.1741669178009033,3.372455358505249,3.585973024368286,3.4984519481658936,3.297013998031616
M78I,0,3.62984141904,3.6620389461517333,0.04644001809712189,0.032197527111733404,0,3.6907331943511963,3.59114408493042,3.639840841293335,3.704507350921631,3.683969259262085
M78L,0,3.69305114265333,3.701990270614624,0.06946995919337547,0.008939127961293813,0,3.7435402870178223,3.6000711917877197,3.663135290145874,3.7710700035095215,3.7321345806121826
K79R,1,3.73169495243072,3.6694875717163087,0.05743872895748532,0.06220738071441145,0,3.6919260025024414,3.7111237049102783,3.573042631149292,3.709486961364746,3.661858558654785
K79N,4,3.55950183771,3.6153000354766847,0.02728138545495737,0.0557981977666846,0,3.5851004123687744,3.6310973167419434,3.595052719116211,3.6125590801239014,3.6526906490325928
K79Q,1,3.711119444155,3.592336893081665,0.02937360737774509,0.11878255107333491,0,3.580662965774536,3.626873016357422,3.574530601501465,3.559872627258301,3.6197452545166016
K79M,0,3.71040531005,3.6486212253570556,0.02415183879460218,0.061784084692944496,0,3.635335683822632,3.6445937156677246,3.665170669555664,3.618455171585083,3.679550886154175
K79T,1,3.664609741532,3.591678524017334,0.02283959101257869,0.07293121751466591,0,3.5948903560638428,3.616180419921875,3.554163694381714,3.599783420562744,3.593374729156494
K79E,0,3.5816825315116696,3.580562782287598,0.022374950601181894,0.0011197492240717644,0,3.590827226638794,3.5541539192199707,3.6058719158172607,3.559899091720581,3.592061758041382
Q80L,2,3.73866593911,3.675832509994507,0.07563312458422598,0.06283342911549328,0,3.634864568710327,3.7309796810150146,3.588136911392212,3.774916648864746,3.6502647399902344
Q80R,1,3.74435730990308,3.6821892738342283,0.07739778872536218,0.062168036068851684,0,3.738600492477417,3.709170341491699,3.5489702224731445,3.7301547527313232,3.6840505599975586
Q80P,4,3.654602025490001,3.6495766162872316,0.016372082339046183,0.005025409202769282,0,3.622091293334961,3.6485326290130615,3.658353090286255,3.664118528366089,3.654787540435791
Q80H,2,3.72722295952,3.7778507709503173,0.08426907030296969,0.05062781143031714,0,3.7143044471740723,3.880481243133545,3.743283987045288,3.855055570602417,3.6961286067962646
H81P,4,3.2105821366850003,3.4580838680267334,0.0162711627449879,0.24750173134173314,0,3.4707489013671875,3.448513984680176,3.4766812324523926,3.457864761352539,3.436610460281372
H81Q,2,3.67959153068,3.633499765396118,0.0740047184794084,0.04609176528388215,0,3.567436933517456,3.751912832260132,3.576857805252075,3.647960662841797,3.623330593109131
H81R,3,3.61122661612154,3.609347915649414,0.04035929842826059,0.0018787004721256828,0,3.6374869346618652,3.5937509536743164,3.574101448059082,3.5760886669158936,3.665311574935913
H81D,0,3.618094600135,3.5804192543029787,0.04236330745104038,0.03767534583202137,0,3.5712265968322754,3.6451399326324463,3.533282518386841,3.5942270755767822,3.558220148086548
H81L,4,3.777502142130001,3.6840304851531984,0.020957608096898388,0.09347165697680238,0,3.655341625213623,3.6910078525543213,3.6692378520965576,3.7021191120147705,3.7024459838867188
H81Y,0,3.74187186364667,3.671866226196289,0.04628031574140787,0.07000563745038102,0,3.6300747394561768,3.740457534790039,3.6958823204040527,3.6353166103363037,3.657599925994873
D82N,3,3.553025095335,2.911909484863281,0.24095025112065596,0.641115610471719,1,2.8267226219177246,3.0370311737060547,2.5273780822753906,3.051973819732666,3.1164417266845703
D82V,1,1.4908362022,3.5154101848602295,0.0805747211927388,2.02457398266023,1,3.520153045654297,3.4773507118225098,3.399832248687744,3.595104932785034,3.5846099853515625
F83S,4,3.1083325380299995,3.2807632446289063,0.04683346932042345,0.1724307065989068,0,3.353447675704956,3.2282297611236572,3.2887063026428223,3.2783989906311035,3.255033493041992
F83Y,3,3.659774816732501,3.5146352767944338,0.019475342684121672,0.14513953993806705,0,3.4913835525512695,3.525131940841675,3.5158276557922363,3.500440835952759,3.5403923988342285
F83L,2,3.40156334616385,3.5343331813812258,0.026817656417818397,0.13276983521737584,0,3.5293240547180176,3.557955265045166,3.493074893951416,3.558598041534424,3.5327136516571045
F83I,1,3.4936526869199995,3.5139839172363283,0.03834666707734456,0.020331230316328774,0,3.4626352787017822,3.545103073120117,3.484882354736328,3.5489718914031982,3.528326988220215
F84C,0,3.577398140415,3.644389581680298,0.056948411562309606,0.06699144126529788,0,3.6137921810150146,3.617558717727661,3.7311291694641113,3.5887274742126465,3.6707403659820557
F84L,1,3.69848073973067,3.5843057155609133,0.017460701729562954,0.11417502416975678,0,3.6011416912078857,3.591123342514038,3.5657174587249756,3.5980706214904785,3.5654754638671875
F84Y,3,3.788957254512,3.5743195533752443,0.020476918725447154,0.2146377011367555,0,3.5436148643493652,3.5975520610809326,3.5659825801849365,3.5825555324554443,3.581892728805542
F84S,0,3.243561891535,3.1658323287963865,0.13893214275027063,0.07772956273861364,0,3.2320785522460938,3.194740056991577,2.962690830230713,3.3313770294189453,3.1082751750946045
K85M,0,3.33276294519,2.9356876850128173,0.16915028322131548,0.39707526017718253,1,3.0199899673461914,2.934333086013794,2.656836748123169,2.961557149887085,3.1057214736938477
K85E,2,1.76558157504,3.3349695205688477,0.05160369189814776,1.5693879455288477,1,3.3505818843841553,3.3199727535247803,3.253718376159668,3.362435817718506,3.388138771057129
K85T,1,3.1215146228,3.1921338558197023,0.09394580654882652,0.07061923301970241,0,3.1763315200805664,3.042187452316284,3.2882535457611084,3.205658435821533,3.2482383251190186
K85R,4,3.2642085232983304,2.733449029922485,0.27918309452129475,0.5307594933758453,1,2.736093282699585,2.850803852081299,3.107102870941162,2.6217703819274902,2.3514747619628906
S86P,0,3.5354659407511098,3.514703941345215,0.034888509406214824,0.020761999405894738,0,3.5238447189331055,3.464512825012207,3.497260570526123,3.532745838165283,3.5551557540893555
S86A,2,3.70776176557,3.7260926246643065,0.04854359466120214,0.01833085909430654,0,3.707310676574707,3.761850118637085,3.7065162658691406,3.7882533073425293,3.6665327548980713
S86F,0,3.64325052349,3.36891884803772,0.05476308299499358,0.27433167545228,1,3.4086034297943115,3.3144290447235107,3.4330737590789795,3.3767895698547363,3.3116984367370605
S86Y,1,3.6323157380733297,3.6999920845031737,0.03998308695372602,0.06767634642984399,0,3.6695737838745117,3.6558432579040527,3.69398832321167,3.7511935234069824,3.7293615341186523
S86T,2,3.582950789508,3.694081497192383,0.067788985886974,0.11113070768438282,0,3.661363124847412,3.743277072906494,3.658691883087158,3.7855725288391113,3.6215028762817383
A87V,3,3.67799349013,3.708787441253662,0.05353710625792894,0.030793951123662122,0,3.779162883758545,3.753539800643921,3.678211212158203,3.6666126251220703,3.6664106845855713
A87T,0,3.70077655434,3.62424259185791,0.0184880256304479,0.07653396248208999,0,3.605247974395752,3.6272706985473633,3.6261098384857178,3.610145330429077,3.6524391174316406
A87S,2,3.69390781577,3.616279935836792,0.05896952693512041,0.07762787993320774,0,3.5299503803253174,3.6069741249084473,3.6290225982666016,3.620495557785034,3.6949570178985596
A87P,0,3.5294728833,3.530390167236328,0.010443644219384748,0.0009172839363280616,0,3.5184056758880615,3.5317330360412598,3.5212433338165283,3.537897825241089,3.542670965194702
A87G,2,3.50638142989,3.6255507946014403,0.04157054417274563,0.11916936471144046,0,3.579620361328125,3.6246755123138428,3.5942142009735107,3.6450390815734863,3.6842048168182373
M88I,2,3.6129699323166697,3.1941336154937745,0.20690928112674536,0.41883631682289524,1,3.157039165496826,2.954374313354492,3.5150976181030273,3.1072921752929688,3.2368648052215576
M88A,1,3.61818591601,2.953567457199097,0.1825262285822546,0.664618458810903,1,3.104645252227783,2.817086935043335,3.1330642700195312,2.9992728233337402,2.7137680053710938
M88T,1,3.47833083959889,2.6206208229064942,0.21275937816511875,0.8577100166923959,1,2.4471194744110107,2.6346750259399414,2.607931137084961,2.9672553539276123,2.4461231231689453
M88R,3,1.6428217752,2.4083455562591554,0.30495936603030543,0.7655237810591553,1,2.8020503520965576,2.1755645275115967,2.5318357944488525,2.0347137451171875,2.497563362121582
M88K,4,1.30102985301,2.459105920791626,0.15807263023163493,1.1580760677816262,1,2.3336315155029297,2.63010835647583,2.284252643585205,2.434253215789795,2.61328387260437
M88L,3,3.71659885698778,3.60825834274292,0.031007981820694877,0.10834051424486013,0,3.645167350769043,3.629702568054199,3.5652081966400146,3.605776071548462,3.595437526702881
M88V,2,3.51750072484,3.139555883407593,0.2490783354052591,0.37794484143240714,1,2.9369752407073975,2.8208587169647217,3.4107534885406494,3.2837672233581543,3.245424747467041
P89S,4,3.5781488665,3.526655387878418,0.02376716450458738,0.05149347862158171,0,3.5248043537139893,3.520127296447754,3.4939424991607666,3.53497314453125,3.55942964553833
P89A,1,3.50403448625,3.6063045501708983,0.035506521884861905,0.10227006392089821,0,3.620086431503296,3.6179239749908447,3.5460519790649414,3.6082346439361572,3.639225721359253
P89L,4,3.75484946268,3.5379533767700195,0.018405346885610588,0.21689608590998066,0,3.5090818405151367,3.5410566329956055,3.5552828311920166,3.532794237136841,3.551551342010498
P89H,4,3.663654202865,3.5632691383361816,0.041628869866449876,0.10038506452881846,0,3.5315630435943604,3.5772955417633057,3.509319305419922,3.6103501319885254,3.587817668914795
E90G,0,3.68354945099143,3.645307731628418,0.01289707660730671,0.03824171936301202,0,3.6620874404907227,3.6371521949768066,3.6445116996765137,3.6294355392456055,3.6533517837524414
E90K,1,3.5467893707,3.5300612449645996,0.06275052091680927,0.01672812573540039,0,3.5586767196655273,3.5491943359375,3.5305068492889404,3.587830066680908,3.424098253250122
E90A,2,3.64495075421,3.633721113204956,0.04215287206207923,0.011229641005043867,0,3.5820093154907227,3.6734843254089355,3.662266254425049,3.6562423706054688,3.5946033000946045
E90V,2,3.609468179752,3.507203245162964,0.03819549794116756,0.1022649345890363,0,3.466479539871216,3.5028464794158936,3.515363931655884,3.566955089569092,3.4843711853027344
E90D,4,3.703119034462,3.5931071281433105,0.026306893383335844,0.11001190631868951,0,3.581360340118408,3.617699146270752,3.55267596244812,3.6046323776245117,3.6091678142547607
G91A,4,1.30103077629,2.3923413038253782,0.373664134570279,1.0913105275353783,1,2.1858019828796387,2.4728264808654785,2.6014091968536377,2.8315672874450684,1.8701015710830688
G91S,3,1.363703572895,2.3029911518096924,0.1551268581176536,0.9392875789146924,1,2.402208089828491,2.4736881256103516,2.070103645324707,2.250171661376953,2.318784236907959
Y92C,4,3.27179171109667,3.060953950881958,0.17004246931288317,0.2108377602147118,0,2.934819221496582,3.228752374649048,2.834240436553955,3.11429500579834,3.1926627159118652
Y92H,1,3.12613139866,3.0426833152771,0.19556219816723294,0.08344808338290033,0,2.914097785949707,3.204587936401367,2.7683212757110596,3.108865261077881,3.2175443172454834
Y92F,1,3.56483607421,3.1792287826538086,0.10549375743582617,0.38560729155619144,1,3.1784589290618896,3.324916124343872,3.0277037620544434,3.194955825805664,3.170109272003174
Y92N,0,1.56616289588,3.077959156036377,0.11256671444530071,1.511796260156377,1,3.05450177192688,3.079298496246338,3.14251446723938,3.2068490982055664,2.9066319465637207
V93I,4,3.695737028315,3.6672133445739745,0.03818432695206927,0.02852368374102543,0,3.619558095932007,3.6470165252685547,3.722679853439331,3.673440933227539,3.6733713150024414
V93G,4,3.450725166595,3.533340311050415,0.07522206444204191,0.08261514445541529,0,3.5206401348114014,3.47481369972229,3.6588094234466553,3.536494255065918,3.4759440422058105
V93F,2,3.78565208599,3.5885765075683596,0.04136709401357218,0.19707557842164025,0,3.5376482009887695,3.628325939178467,3.6086313724517822,3.5507495403289795,3.617527484893799
V93L,1,3.61042099357,3.6949893474578857,0.0424360356423606,0.08456835388788564,0,3.6973280906677246,3.628859281539917,3.6904094219207764,3.7139053344726562,3.7444446086883545
V93D,2,3.43525609314,3.444906139373779,0.11040870297965119,0.009650046233779186,0,3.536670684814453,3.5324761867523193,3.3041701316833496,3.503451347351074,3.3477623462677
V93A,2,3.63193711290077,3.6045608043670656,0.02848229246323354,0.027376308533704208,0,3.598040819168091,3.6431424617767334,3.6241073608398438,3.5790183544158936,3.5784950256347656
Q94R,4,1.419536745615,2.584019994735718,0.2250130502327541,1.1644832491207178,1,2.421797752380371,2.795145034790039,2.7308921813964844,2.6993205547332764,2.272944450378418
Q94P,0,1.71401059346,1.7586620569229126,0.38612826186960786,0.04465146346291249,0,2.051710605621338,1.945258378982544,1.5206738710403442,2.0793352127075195,1.1963322162628174
Q94L,3,3.15522116548,2.3335155487060546,0.15172019267475734,0.8217056167739454,1,2.4165849685668945,2.1767735481262207,2.414914608001709,2.1654088497161865,2.4938957691192627
Q94H,3,3.2301965931,2.38318076133728,0.14133691357177938,0.8470158317627199,1,2.323906421661377,2.307081699371338,2.589528799057007,2.234773635864258,2.460613250732422
E95K,4,3.65648052876,3.6039740562438967,0.04083227747624553,0.0525064725161033,0,3.5815482139587402,3.549799919128418,3.600433588027954,3.642099618911743,3.645988941192627
E95Q,3,3.7441041193,3.6177207469940185,0.0401895258178202,0.12638337230598173,0,3.59904408454895,3.603743314743042,3.5923874378204346,3.6891028881073,3.604326009750366
E95V,3,3.59252829927,3.550665807723999,0.046482973697028813,0.04186249154600086,0,3.590985059738159,3.472001552581787,3.571035623550415,3.548417806625366,3.5708889961242676
E95A,0,3.64520124216,3.614467144012451,0.029200566110763673,0.030734098147549016,0,3.6052277088165283,3.574646472930908,3.6516528129577637,3.6323702335357666,3.608438491821289
E95D,0,3.636765247465,3.48670072555542,0.049619304015893366,0.15006452190957997,0,3.5024118423461914,3.498732805252075,3.5514490604400635,3.462669849395752,3.4182400703430176
E95G,4,3.476924647046,3.6356854915618895,0.03653413855241808,0.15876084451588968,0,3.7008752822875977,3.6223671436309814,3.6202263832092285,3.6197123527526855,3.615246295928955
R96H,3,1.36126424506667,3.1607440948486327,0.05869676885266387,1.7994798497819626,1,3.1310222148895264,3.254002571105957,3.176823854446411,3.1012792587280273,3.140592575073242
R96P,2,1.3010306642,1.2150211811065674,0.34366396486824063,0.08600948309343259,0,0.9665632247924805,1.3006372451782227,1.7763607501983643,1.08231520652771,0.9492294788360596
R96C,1,1.58053279301,2.1005825996398926,0.1574754302728131,0.5200498066298926,1,1.8445074558258057,2.2389628887176514,2.0591635704040527,2.1870789527893066,2.1732001304626465
T97S,4,3.69433485891286,3.733913803100586,0.04238397410401942,0.039578944187725895,0,3.6837143898010254,3.7943577766418457,3.704979658126831,3.7436554431915283,3.742861747741699
T97N,0,3.69604734536,3.5636670112609865,0.02019104587222258,0.13238033409901329,0,3.5471129417419434,3.5738205909729004,3.588836193084717,3.53938364982605,3.5691816806793213
T97I,2,3.75124249122,3.584162712097168,0.013405864452459669,0.16707977912283223,0,3.585752010345459,3.5789573192596436,3.578406572341919,3.5713531970977783,3.60634446144104
T97A,1,3.6712777627435695,3.7017645835876465,0.023406521691334406,0.030486820844076945,0,3.7186830043792725,3.6669869422912598,3.6934800148010254,3.7028915882110596,3.7267813682556152
I98T,3,3.419319571315,3.390168476104736,0.13290751419732957,0.029151095210263822,0,3.4299609661102295,3.360130786895752,3.582428455352783,3.2156660556793213,3.3626561164855957
I98L,3,3.553906893165,3.558433771133423,0.06279039383274053,0.00452687796842266,0,3.570274591445923,3.573054790496826,3.648024797439575,3.4822983741760254,3.5185163021087646
I98F,2,1.3915057516466698,3.020299196243286,0.15217875620617843,1.6287934445966163,1,3.053095817565918,3.145732879638672,2.7634832859039307,3.119643449783325,3.019540548324585
I98V,2,3.71728965881556,3.4679067134857178,0.0212082529116243,0.24938294532984218,0,3.447007656097412,3.4491302967071533,3.4676930904388428,3.4982006549835205,3.47750186920166
F99S,4,3.7654405957254498,3.5778375625610352,0.01251195497261657,0.1876030331644145,0,3.57427978515625,3.5905351638793945,3.5649781227111816,3.5915300846099854,3.5678646564483643
F99C,3,3.74188689061,3.6498230934143066,0.037642401859116645,0.09206379719569346,0,3.6985743045806885,3.643008232116699,3.64581298828125,3.595438241958618,3.6662817001342773
F99I,0,3.64361063485,3.6761638641357424,0.05399437001230032,0.03255322928574245,0,3.647313117980957,3.6040444374084473,3.738529682159424,3.673179864883423,3.71775221824646
F99V,3,3.67394479657333,3.679038095474243,0.017023374756742787,0.005093298900912924,0,3.7050862312316895,3.659992218017578,3.68463134765625,3.6708269119262695,3.6746537685394287
F99Y,2,3.74183846251667,3.7123114585876467,0.03851081881874471,0.029527003929023188,0,3.704516887664795,3.7640318870544434,3.657820224761963,3.7083349227905273,3.726853370666504
F99L,0,3.7236785270094095,3.6934565544128417,0.039941590788025116,0.03022197259656778,0,3.6575722694396973,3.68841290473938,3.7618408203125,3.682455062866211,3.677001714706421
F100C,0,3.1686034771,3.5542550563812254,0.039243822143354076,0.3856515792812254,1,3.560248851776123,3.5002949237823486,3.6082801818847656,3.5394864082336426,3.562964916229248
F100I,0,3.323668921055,3.4042596340179445,0.11619171635825602,0.08059071296294462,0,3.4334022998809814,3.209017038345337,3.509134531021118,3.46773624420166,3.402008056640625
F100L,2,3.4369790075476896,3.2363674640655518,0.08994222183546938,0.20061154348213783,0,3.139519453048706,3.1528897285461426,3.3102176189422607,3.3390419483184814,3.240168571472168
F100S,1,1.913500897088,3.225619411468506,0.11225199333883648,1.3121185143805059,1,3.178295850753784,3.391873359680176,3.0833218097686768,3.236790895462036,3.2378151416778564
F100Y,1,3.59167814961,3.5384270191192626,0.06470738973646133,0.053251130490737264,0,3.555290937423706,3.581099033355713,3.4629478454589844,3.4799957275390625,3.6128015518188477
K101M,1,3.62368705833286,3.6251001358032227,0.05268901693604846,0.001413077470362456,0,3.6330769062042236,3.5460288524627686,3.6177046298980713,3.6355910301208496,3.6930992603302
K101N,0,3.649701176205,3.6223948001861572,0.03338271389469337,0.02730637601884256,0,3.640658378601074,3.597846031188965,3.671537399291992,3.5912694931030273,3.6106626987457275
K101R,2,3.6777106432587496,3.448998546600342,0.10215721954298736,0.22871209665840775,0,3.4017300605773926,3.55639910697937,3.298457622528076,3.4694466590881348,3.5189592838287354
K101Q,1,3.76971726314,3.58820219039917,0.025097791102134212,0.1815150727408299,0,3.60319185256958,3.6085495948791504,3.5806310176849365,3.547504186630249,3.6011343002319336
K101T,2,3.68874684534,3.5515353679656982,0.06566789092037666,0.13721147737430162,0,3.5761468410491943,3.593074321746826,3.43772029876709,3.5550200939178467,3.595715284347534
K101E,2,3.69632440352529,3.4845664501190186,0.06007692904809907,0.21175795340627124,0,3.4672887325286865,3.5442018508911133,3.3888869285583496,3.5129404067993164,3.509514331817627
D102V,1,3.15041573292,3.570082426071167,0.027367083783156235,0.419666693151167,1,3.5651161670684814,3.535158395767212,3.557610034942627,3.5856573581695557,3.606870174407959
D102Y,0,3.57665012117,3.479379081726074,0.0671777215098087,0.09727103944392601,0,3.5179812908172607,3.4401638507843018,3.505143642425537,3.3830080032348633,3.550598621368408
D102N,3,3.614722866365,3.568360996246338,0.029943202707225475,0.04636187011866211,0,3.5966362953186035,3.5475215911865234,3.6045196056365967,3.553452968597412,3.5396745204925537
D102H,3,3.53034783622,3.561920642852783,0.047704644475562,0.03157280663278339,0,3.6099085807800293,3.588413715362549,3.570814609527588,3.484572172164917,3.555894136428833
D102G,2,3.67981780441667,3.6140416145324705,0.05242720897455636,0.06577618988419953,0,3.6020922660827637,3.6907591819763184,3.5724120140075684,3.6409778594970703,3.563966751098633
D102E,0,3.666137207275,3.5833321094512938,0.030662397898162125,0.08280509782370604,0,3.5845110416412354,3.5609593391418457,3.5991921424865723,3.547314167022705,3.6246838569641113
D102A,4,3.60983854198333,3.5127595901489257,0.048167612903755895,0.0970789518344044,0,3.5570313930511475,3.5674121379852295,3.45306658744812,3.493767738342285,3.4925200939178467
D103G,0,3.5700194871300006,3.586151599884033,0.01640617334961703,0.01613211275403259,0,3.571856737136841,3.5733864307403564,3.599799394607544,3.578141212463379,3.607574224472046
D103E,3,3.74713296148,3.5181925296783447,0.03373748076040603,0.22894043180165546,0,3.511807441711426,3.5754623413085938,3.516511917114258,3.4905145168304443,3.496666431427002
D103N,2,3.346169446375,3.671824407577515,0.04576841286297881,0.325654961202515,1,3.700697422027588,3.7359871864318848,3.622525930404663,3.6453917026519775,3.65451979637146
G104S,1,3.56429710259,3.576637125015259,0.04038340974979562,0.012340022425259,0,3.554370880126953,3.584550380706787,3.5282416343688965,3.5792531967163086,3.6367695331573486
G104A,2,3.5052771443400004,3.6044291496276855,0.07463111407914783,0.09915200528768509,0,3.538902997970581,3.7324225902557373,3.5879292488098145,3.569730758666992,3.5931601524353027
N105K,1,3.70488078478,3.6443968296051024,0.035004954512139044,0.060483955174897464,0,3.6375174522399902,3.625067710876465,3.662081241607666,3.694108724594116,3.6032090187072754
N105S,0,3.71035710166231,3.702461576461792,0.032483819748406376,0.007895525200517728,0,3.713242530822754,3.69545316696167,3.7517340183258057,3.6654322147369385,3.686445951461792
N105I,0,3.8258245004566698,3.7330135822296144,0.03056122462617734,0.09281091822705534,0,3.74804949760437,3.725468397140503,3.6903140544891357,3.728147268295288,3.7730886936187744
N105H,2,3.82079078958,3.728779363632202,0.05008010338716092,0.09201142594779821,0,3.6861352920532227,3.7514357566833496,3.8055241107940674,3.7103958129882812,3.69040584564209
N105C,1,3.8172941372300007,3.742024803161621,0.014582137392431806,0.07526933406837966,0,3.7603745460510254,3.749206304550171,3.728189706802368,3.7261154651641846,3.7462379932403564
N105D,3,3.55873248264286,3.706475782394409,0.028755459611662707,0.1477432997515491,0,3.746290683746338,3.712165594100952,3.7024097442626953,3.66557240486145,3.7059404850006104
N105Y,1,3.88965191239,3.6584325313568113,0.03797304960351327,0.23121938103318884,0,3.650014638900757,3.658963680267334,3.7197608947753906,3.6157822608947754,3.647641181945801
Y106H,2,2.919806080215,3.3728458404541017,0.054240854551905436,0.45303976023910186,1,3.277400255203247,3.3859457969665527,3.3916263580322266,3.41217303276062,3.3970837593078613
Y106N,4,2.257588731255,2.5940770149230956,0.23101938937082167,0.3364882836680958,1,2.486403465270996,2.945885419845581,2.7095539569854736,2.406466007232666,2.4220762252807617
Y106C,2,3.328857355524,3.5989228248596192,0.04043015941019059,0.27006546933561904,1,3.5854220390319824,3.62264347076416,3.586778163909912,3.653008222579956,3.546762228012085
Y106F,2,3.79726321519,3.4761658191680906,0.07387240490130176,0.32109739602190945,1,3.5015039443969727,3.46828556060791,3.360867500305176,3.564100980758667,3.4860711097717285
K107Q,0,3.739088773535,3.6850477695465087,0.03434739056398492,0.0540410039884911,0,3.685244083404541,3.6469333171844482,3.6599628925323486,3.6984899044036865,3.7346086502075195
K107R,4,3.68089237751182,3.666166830062866,0.03532498208416394,0.014725547448954046,0,3.6635169982910156,3.6163439750671387,3.7067830562591553,3.6918702125549316,3.65231990814209
K107M,4,3.670513613876,3.6361629009246825,0.04542054692517339,0.03435071295131742,0,3.6318492889404297,3.6106455326080322,3.640195846557617,3.709200620651245,3.588923215866089
K107G,4,3.56962630449,3.543122482299805,0.03598455506486443,0.02650382219019498,0,3.5244123935699463,3.5008130073547363,3.5493409633636475,3.543144702911377,3.5979013442993164
K107T,1,3.65284356871,3.7029513835906984,0.019887848270295255,0.0501078148806986,0,3.6924877166748047,3.6841418743133545,3.7359297275543213,3.6976070404052734,3.7045905590057373
K107A,3,3.69157131457,3.6224458694458006,0.029446997390975626,0.06912544512419938,0,3.5732688903808594,3.650305986404419,3.6294872760772705,3.63740873336792,3.621758460998535
K107E,0,3.6478040237991696,3.641260004043579,0.051528432543789644,0.00654401975559038,0,3.6049647331237793,3.6015703678131104,3.6507439613342285,3.6224193572998047,3.7266016006469727
T108A,2,3.61685184665267,3.516909646987915,0.05044480206774082,0.09994219966475493,0,3.5079777240753174,3.594405174255371,3.5200181007385254,3.508598804473877,3.4535484313964844
T108I,4,3.42357517282,3.5570998191833496,0.06568729007142914,0.1335246463633495,0,3.5564301013946533,3.609795570373535,3.6069583892822266,3.5644922256469727,3.4478228092193604
T108S,2,3.720913795996,3.4911388874053957,0.020208472650548193,0.22977490859060445,0,3.4968221187591553,3.498094320297241,3.5183303356170654,3.468041181564331,3.4744064807891846
R109P,2,1.41678460724,2.736802577972412,0.24033305795515725,1.320017970732412,1,2.7139534950256348,2.662153720855713,3.0293023586273193,2.884634494781494,2.3939688205718994
R109S,3,3.58669762414333,3.553477716445923,0.02691387187284953,0.0332199076974069,0,3.5806312561035156,3.5442490577697754,3.551135540008545,3.514477014541626,3.5768957138061523
R109G,3,3.1280554272,2.9763770580291746,0.09475875708795677,0.15167836917082544,0,2.956779718399048,3.037752628326416,3.0790367126464844,2.977628231048584,2.830687999725342
R109H,4,3.5820170612660003,3.575188636779785,0.03128988858642027,0.006828424486215123,0,3.5247981548309326,3.582162857055664,3.5724215507507324,3.609555959701538,3.5870046615600586
R109C,4,3.6315248652025,3.540878343582153,0.06848362822486177,0.09064652162034692,0,3.466050624847412,3.5245814323425293,3.5335323810577393,3.653331756591797,3.526895523071289
A110D,2,1.30103000388,2.9812124729156495,0.14833601445567413,1.6801824690356495,1,2.966254949569702,3.0768463611602783,3.1252026557922363,2.741062879562378,2.9966955184936523
A110T,4,3.13739228011,3.691365671157837,0.0861757997901394,0.5539733910478373,1,3.557466745376587,3.6671626567840576,3.727571964263916,3.7873148918151855,3.7173120975494385
A110S,1,3.87297019732,3.2790879726409914,0.1534216017994852,0.5938822246790085,1,3.096414089202881,3.405085325241089,3.2264599800109863,3.199270486831665,3.468209981918335
A110G,3,3.70847807573,2.964129400253296,0.13816098327577028,0.7443486754767039,1,2.982743501663208,2.9478535652160645,3.1479861736297607,2.981948137283325,2.760115623474121
E111V,1,3.731760367618,3.6758034229278564,0.04332373084976832,0.05595694469014356,0,3.716181516647339,3.6032652854919434,3.692553758621216,3.6939079761505127,3.6731085777282715
E111Q,1,3.83657727083,3.6960134506225586,0.067993636102628,0.1405638202074413,0,3.7214183807373047,3.6119871139526367,3.7827072143554688,3.6440505981445312,3.7199039459228516
E111G,1,3.53818345760571,3.5433534145355225,0.10625650708961659,0.005169956929812702,0,3.5608456134796143,3.361797571182251,3.629202127456665,3.555400848388672,3.60952091217041
E111K,3,3.6618487966125,3.688489007949829,0.025437051346841506,0.026640211337328967,0,3.7033889293670654,3.6522223949432373,3.7156448364257812,3.673414468765259,3.6977744102478027
E111A,0,3.63369522497,3.6737374305725097,0.040763466201936646,0.04004220560250982,0,3.6616833209991455,3.6087217330932617,3.693580389022827,3.7133758068084717,3.6913259029388428
V112A,0,3.5204170613614303,3.540442943572998,0.036724210391636584,0.020025882211567758,0,3.5313892364501953,3.5040600299835205,3.5996694564819336,3.547442674636841,3.5196533203125
V112E,2,1.343387412865,3.4371554851531982,0.102535821700816,2.0937680722881984,1,3.5018622875213623,3.555903196334839,3.3233680725097656,3.337545156478882,3.4670987129211426
V112L,4,3.698115885280002,3.5192054748535155,0.050876804288417635,0.17891041042648625,0,3.4378511905670166,3.5215513706207275,3.5465850830078125,3.5737197399139404,3.516319990158081
K113G,0,3.71268335336,3.5753268718719484,0.03728048193139123,0.13735648148805168,0,3.5241453647613525,3.605221748352051,3.6133596897125244,3.582109212875366,3.5517983436584473
K113E,1,3.50434124522909,3.5168405055999754,0.08982996614633419,0.012499260370885334,0,3.6263139247894287,3.3993782997131348,3.5618960857391357,3.4548392295837402,3.5417749881744385
K113M,2,3.5591472148650003,3.6518605232238768,0.026917864222343883,0.09271330835887648,0,3.6817567348480225,3.679441213607788,3.627309799194336,3.6424331665039062,3.628361701965332
K113T,3,3.70672860596,3.6096967697143554,0.03705609118116719,0.0970318362456446,0,3.6261303424835205,3.6354753971099854,3.5794715881347656,3.56143856048584,3.645967960357666
K113N,4,3.68542619429,3.612091827392578,0.027846763903892777,0.07333436689742223,0,3.5931572914123535,3.598188877105713,3.608254909515381,3.660947322845459,3.5999107360839844
K113Q,1,3.648993238295,3.6227519035339357,0.04958207128047602,0.026241334761064383,0,3.603724241256714,3.5758402347564697,3.695711135864258,3.588233232498169,3.6502506732940674
K113R,2,3.68204252606882,3.7136893272399902,0.03646815694101549,0.031646801171170136,0,3.739522933959961,3.7625510692596436,3.705185651779175,3.679624080657959,3.681562900543213
F114I,4,3.56766022204,3.562972354888916,0.035906713094550194,0.0046878671510843795,0,3.5301520824432373,3.6018338203430176,3.5613484382629395,3.596522569656372,3.5250048637390137
F114C,1,3.62053407103,3.497426223754883,0.0836526559142322,0.12310784727511681,0,3.4599382877349854,3.535310983657837,3.609745740890503,3.496666193008423,3.385469913482666
F114L,0,3.678877970943,3.6027801990509034,0.027029683343774865,0.07609777189209677,0,3.616628646850586,3.6049387454986572,3.6317105293273926,3.5593433380126953,3.6012797355651855
F114S,1,3.18594810381667,2.891944074630737,0.05765915659871465,0.29400402918593294,1,2.841014862060547,2.9702417850494385,2.8674840927124023,2.845928192138672,2.935051441192627
F114Y,4,3.67093203482,3.6016211986541746,0.036131425940719705,0.06931083616582523,0,3.577364206314087,3.5989837646484375,3.5733587741851807,3.6631603240966797,3.5952389240264893
E115K,1,3.69856771612333,3.6024356842041017,0.023968747716081804,0.09613203191922848,0,3.61324405670166,3.5720157623291016,3.6306416988372803,3.583590269088745,3.6126866340637207
E115A,4,3.61368380277333,3.624194622039795,0.040034365887424705,0.01051081926646491,0,3.620579957962036,3.6190152168273926,3.571967601776123,3.684551954269409,3.6248583793640137
E115G,0,3.251558379182,3.6087378025054933,0.027810283206507067,0.35717942332349306,1,3.624267816543579,3.5629801750183105,3.6016340255737305,3.629793643951416,3.6250133514404297
E115V,2,3.7284539465300006,3.630872106552124,0.06669704837560236,0.0975818399778765,0,3.605048418045044,3.597623348236084,3.634721040725708,3.7435779571533203,3.573389768600464
G116A,1,3.5011820250300003,3.5665197372436523,0.06874756819654135,0.06533771221365203,0,3.6552727222442627,3.5930862426757812,3.539823293685913,3.4689056873321533,3.5755107402801514
G116D,4,3.659193524635,2.934189462661743,0.2570845310718069,0.725004061973257,1,2.912264347076416,3.2948544025421143,3.0381858348846436,2.8245956897735596,2.6010470390319824
G116C,3,3.60757215879,3.5229515075683593,0.07350224766398446,0.08462065122164075,0,3.548428535461426,3.5451114177703857,3.5351016521453857,3.396789312362671,3.5893266201019287
D117A,0,3.752327721065,3.6589874267578124,0.025473799901739213,0.09334029430718749,0,3.650223731994629,3.628810167312622,3.6727945804595947,3.6480841636657715,3.6950244903564453
D117N,4,3.75804768063,3.7184722423553467,0.01477375187911169,0.03957543827465315,0,3.7158219814300537,3.73148512840271,3.694948434829712,3.7303781509399414,3.7197275161743164
D117V,0,3.653319101836,3.6205655574798583,0.031762044833698475,0.03275354435614153,0,3.619333505630493,3.579759359359741,3.6028337478637695,3.6388747692108154,3.6620264053344727
D117E,1,3.69958027714,3.693489694595337,0.04555135859914785,0.0060905825446631034,0,3.7120754718780518,3.7328178882598877,3.7217283248901367,3.681227445602417,3.6195993423461914
D117G,4,3.7292829892525,3.7061150550842283,0.042926736093021375,0.023167934168271564,0,3.733058452606201,3.76485538482666,3.658421754837036,3.6970736980438232,3.677165985107422
T118A,4,3.5803115921733304,3.6150739192962646,0.03023730949865549,0.034762327122934256,0,3.653822898864746,3.5986599922180176,3.611825942993164,3.5764307975769043,3.634629964828491
T118I,4,3.62124186881,3.6100772857666015,0.02253133670813182,0.011164583043398402,0,3.6241331100463867,3.571723222732544,3.608278274536133,3.620103120803833,3.6261487007141113
T118S,3,3.67511046054375,3.581437826156616,0.020977231319714438,0.09367263438713369,0,3.5809013843536377,3.6136231422424316,3.563523769378662,3.562145471572876,3.5869953632354736
T118K,2,3.65919220109,3.655141830444336,0.06375484304980794,0.00405037064566427,0,3.615443468093872,3.76743745803833,3.643089771270752,3.631737232208252,3.6180012226104736
N121D,1,3.32217817286429,3.41749963760376,0.18529706430106024,0.09532146473946979,0,3.4765896797180176,3.6136600971221924,3.5472500324249268,3.177980899810791,3.272017478942871
N121H,1,3.4110235596450003,3.5276584148406984,0.04976747842427334,0.11663485519569816,0,3.5806357860565186,3.5047476291656494,3.571528196334839,3.459723711013794,3.5216567516326904
N121I,3,3.3093295645850005,2.734553337097168,0.2215234694888089,0.5747762274878325,1,2.8666372299194336,2.451333999633789,2.8425865173339844,2.5487024784088135,2.9635064601898193
N121S,1,3.74623099265368,3.5843326091766357,0.03939918498707099,0.16189838347704422,0,3.6061668395996094,3.6027135848999023,3.6254470348358154,3.5295798778533936,3.557755708694458
N121K,3,3.4852223266,3.2930805683135986,0.13875286536384868,0.19214175828640156,0,3.4626874923706055,3.0752980709075928,3.3133554458618164,3.304441452026367,3.3096203804016113
N121Y,0,3.306892990885,3.4817254543304443,0.02750377454178431,0.17483246344544412,0,3.519597053527832,3.455533027648926,3.5015628337860107,3.46319580078125,3.468738555908203
R122L,1,3.57975645381,3.545153284072876,0.10143169909756763,0.03460316973712407,0,3.6152217388153076,3.374943256378174,3.5684561729431152,3.5401134490966797,3.6270318031311035
R122S,4,3.5810599651,3.4647260665893556,0.039042971027067906,0.11633389851064457,0,3.453411340713501,3.4251770973205566,3.5004794597625732,3.5110936164855957,3.433468818664551
R122C,2,3.54408047316,3.525857925415039,0.05828100208656948,0.018222547744961126,0,3.498075246810913,3.554137945175171,3.533708333969116,3.5988805294036865,3.4444875717163086
R122H,2,3.571098383745,3.5737911224365235,0.035536984057529135,0.002692738691523644,0,3.5627219676971436,3.6311206817626953,3.5762951374053955,3.564359664916992,3.5344581604003906
I123V,1,3.69439180397917,3.6098228931427,0.06935853137327512,0.08456891083646978,0,3.582956075668335,3.7171759605407715,3.610930919647217,3.6118385791778564,3.5262129306793213
I123A,4,3.3702217088,3.4163652896881103,0.06003628209517929,0.046143580888110325,0,3.3154520988464355,3.4656684398651123,3.4251010417938232,3.4578988552093506,3.41770601272583
I123F,1,1.30107849185,3.016416549682617,0.19391912161955338,1.7153380578326172,1,2.938310384750366,3.3539206981658936,2.9413652420043945,2.861855983734131,2.986630439758301
I123T,1,3.49242937661,3.372088146209717,0.11874789359774952,0.1203412304002831,0,3.3798673152923584,3.50852108001709,3.410738706588745,3.181872844696045,3.3794407844543457
I123L,0,3.56330963172333,3.445816659927368,0.049297076161214676,0.11749297179596185,0,3.501044273376465,3.4196279048919678,3.4908287525177,3.4334590435028076,3.3841233253479004
E124K,0,3.727789415755,3.5265294551849364,0.07080630907690035,0.20125996057006335,0,3.513664484024048,3.429821491241455,3.6225857734680176,3.5579659938812256,3.5086095333099365
E124V,1,3.69585322197333,3.693698835372925,0.07002505847453872,0.0021543866004050116,0,3.7407538890838623,3.5941247940063477,3.7638700008392334,3.6501951217651367,3.719550371170044
E124A,1,3.6632894575525,3.6722877979278565,0.06526062824199312,0.008998340375356406,0,3.7212836742401123,3.5894720554351807,3.753098487854004,3.6572279930114746,3.6403567790985107
E124G,2,3.585261218736,3.6369389057159425,0.05475691569526776,0.05167768697994246,0,3.645793914794922,3.701338291168213,3.6756467819213867,3.5800881385803223,3.581827402114868
L125Q,0,1.30652028475,3.1807971954345704,0.07457776541294817,1.8742769106845705,1,3.1347498893737793,3.0936167240142822,3.159923553466797,3.268270254135132,3.2474255561828613
L125R,0,1.45340391114,2.1672042846679687,0.20393714991072184,0.7138003735279688,1,1.8821873664855957,2.3638010025024414,2.026200771331787,2.2936830520629883,2.2701492309570312
L125P,1,1.41321212705333,0.7838491439819336,0.3493559093287093,0.6293629830713964,1,0.561690092086792,0.8396303653717041,1.2859396934509277,0.36371755599975586,0.8682680130004883
K126E,1,3.63755779017643,3.655892181396484,0.05384690561948792,0.01833439122005398,0,3.590613603591919,3.6886074542999268,3.6141865253448486,3.663285493850708,3.7227678298950195
K126N,0,3.78591095886,3.6356302738189696,0.03530169403954007,0.15028068504103054,0,3.6153249740600586,3.5892086029052734,3.6336328983306885,3.6750941276550293,3.664890766143799
K126R,3,3.69827540454889,3.707131767272949,0.024775020506781063,0.008856362724058986,0,3.7244656085968018,3.6673409938812256,3.6998679637908936,3.7157866954803467,3.7281975746154785
K126Q,1,3.76500740022,3.668778419494629,0.05221396637885124,0.09622898072537112,0,3.6199023723602295,3.680462121963501,3.6700258255004883,3.62457275390625,3.748929023742676
K126M,2,3.651223433742,3.6667008876800535,0.029200171674688503,0.015477453938053554,0,3.7072362899780273,3.687211036682129,3.643386125564575,3.6545968055725098,3.6410741806030273
G127S,4,3.30619394861,2.7801959037780763,0.23804855791922408,0.5259980448319235,1,2.969231367111206,2.8747754096984863,2.75289249420166,2.9244327545166016,2.3796474933624268
G127D,1,1.30130831645,3.1659868240356444,0.22097090720083315,1.8646785075856445,1,3.279906988143921,3.405522346496582,3.2457661628723145,2.838134288787842,3.0606043338775635
G127C,2,3.526675910955,3.0056233406066895,0.2794973981341645,0.5210525703483104,1,2.900700807571411,2.91945743560791,3.3534538745880127,3.2107763290405273,2.643728256225586
I128N,0,3.70034810080857,3.6044058799743652,0.06253303072068024,0.09594222083420467,0,3.6389451026916504,3.6237735748291016,3.675609827041626,3.5175905227661133,3.566110372543335
I128S,2,3.71697449426,3.6887252807617186,0.0405433327305361,0.028249213498281467,0,3.713122844696045,3.6298413276672363,3.715864658355713,3.721970319747925,3.662827253341675
I128T,0,3.81547867124,3.684994173049927,0.052077390655650944,0.13048449819007324,0,3.6995022296905518,3.6337890625,3.765488862991333,3.680084466934204,3.646106243133545
I128V,4,3.75981495503273,3.776035690307617,0.05046204990859729,0.016220735274886877,0,3.770190477371216,3.8581581115722656,3.7769904136657715,3.7519819736480713,3.7228574752807617
I128M,2,3.75175417817,3.7928089618682863,0.09676587234783536,0.04105478369828619,0,3.8198533058166504,3.9125776290893555,3.8006815910339355,3.6435189247131348,3.7874133586883545
I128A,1,3.80963566179,3.729840135574341,0.03840734176416011,0.07979552621565889,0,3.726344108581543,3.7850852012634277,3.7032132148742676,3.6871817111968994,3.7473764419555664
I128F,1,3.77988170634,3.587204837799072,0.024202315880624888,0.1926768685409277,0,3.595561981201172,3.613085985183716,3.576876401901245,3.550644874572754,3.5998549461364746
I128L,3,3.83430419605,3.7889015674591064,0.036640029344865196,0.04540262859089372,0,3.8125712871551514,3.782320022583008,3.8293395042419434,3.7329673767089844,3.7873096466064453
D129N,0,3.66845264699,3.6599921703338625,0.027959445943088884,0.008460476656137583,0,3.664098024368286,3.6168735027313232,3.685886859893799,3.6508307456970215,3.682271718978882
D129G,2,3.795956243080001,3.5262170791625977,0.01230328008563275,0.26973916391740316,1,3.52374267578125,3.5068891048431396,3.527705669403076,3.5393106937408447,3.5334372520446777
D129E,4,3.677994315845,3.6189689159393312,0.03915167799827145,0.059025399905668685,0,3.67934250831604,3.5935580730438232,3.6098039150238037,3.6327531337738037,3.5793869495391846
D129A,2,3.649634866215,3.570751905441284,0.050515835277752795,0.07888296077371582,0,3.6210362911224365,3.506385564804077,3.5274195671081543,3.5972273349761963,3.6016907691955566
D129Y,4,3.724826615265,3.593563413619995,0.02546080041124422,0.13126320164500482,0,3.6244447231292725,3.590162992477417,3.554212808609009,3.5973916053771973,3.60160493850708
D129V,4,3.5292086432157097,3.5658516883850098,0.06452623556372776,0.03664304516930006,0,3.6076765060424805,3.6026382446289062,3.5980095863342285,3.566960096359253,3.4539740085601807
F130I,0,3.6286544552925,3.540818977355957,0.06938987660724875,0.08783547793654334,0,3.4321627616882324,3.5362000465393066,3.6015655994415283,3.5327136516571045,3.6014528274536133
F130L,1,3.63850633158875,3.449980878829956,0.07238577891201292,0.18852545275879384,0,3.426255464553833,3.5746192932128906,3.397648811340332,3.403982400894165,3.4473984241485596
F130S,2,1.45810154949,3.1014823436737062,0.09065596779931992,1.6433807941837062,1,3.1145124435424805,3.041395425796509,3.1526365280151367,2.9843931198120117,3.2144742012023926
F130C,1,3.54530543657,3.326845169067383,0.05435691986017137,0.21846026750261727,0,3.366250991821289,3.312106132507324,3.3485918045043945,3.2384517192840576,3.3688251972198486
F130Y,0,3.48445527007,3.6303335189819337,0.04430407396398886,0.14587824891193346,0,3.5999884605407715,3.632255792617798,3.6544365882873535,3.5762057304382324,3.6887810230255127
F130V,4,3.5155594973300004,3.448861265182495,0.13630504984436287,0.06669823214750537,0,3.487370491027832,3.5344114303588867,3.512327194213867,3.5032601356506348,3.206937074661255
K131T,4,3.6441437046300007,3.6571824073791506,0.05497497802408041,0.013038702749149866,0,3.6356422901153564,3.7299442291259766,3.6817028522491455,3.581489086151123,3.6571335792541504
K131E,4,3.58867353438533,3.68972487449646,0.045480490526171806,0.10105134011112993,0,3.655608892440796,3.761995553970337,3.6898624897003174,3.6465601921081543,3.6945972442626953
K131Q,4,3.70352414264,3.7078847885131836,0.01977201384754208,0.004360645873183522,0,3.7007839679718018,3.700946807861328,3.7429428100585938,3.700132369995117,3.694617986679077
K131R,0,3.69216198412727,3.6537132263183594,0.023767991329135336,0.03844875780891055,0,3.642106056213379,3.6857550144195557,3.6610546112060547,3.621678352355957,3.6579720973968506
K131M,0,3.67683601962,3.6404269695281983,0.02853904020149961,0.03640905009180173,0,3.6382830142974854,3.6453757286071777,3.6632394790649414,3.5931198596954346,3.662116765975952
E132K,1,3.67345136394,3.4578415393829345,0.12326740161354824,0.21560982455706545,0,3.4751901626586914,3.5260627269744873,3.4311270713806152,3.591782569885254,3.265045166015625
E132V,3,3.6811944856075,3.662943983078003,0.037453668645238816,0.018250502529497226,0,3.6434316635131836,3.717721700668335,3.680434465408325,3.6528797149658203,3.6202523708343506
E132A,1,3.70599909897,3.6184454441070555,0.03220700541344238,0.08755365486294453,0,3.6324007511138916,3.6350998878479004,3.6478705406188965,3.5659656524658203,3.6108903884887695
E132G,3,3.59007527006444,3.7257318019866945,0.03762545663621305,0.1356565319222547,0,3.7373385429382324,3.7590298652648926,3.741082191467285,3.730015277862549,3.6611931324005127
D133G,2,3.66616232797583,3.609775972366333,0.021829556350754602,0.056386355609496785,0,3.5990326404571533,3.64141583442688,3.6005661487579346,3.621772289276123,3.586092948913574
D133E,4,3.64893098662,3.6171696186065674,0.04352543058836192,0.031761368013432545,0,3.595635175704956,3.5740318298339844,3.5902228355407715,3.67582631111145,3.650131940841675
D133Y,4,3.58898690881,3.545901393890381,0.03945838900712372,0.043085514919618983,0,3.5185372829437256,3.5249404907226562,3.51314640045166,3.568004608154297,3.6048781871795654
D133A,2,3.54090469679,3.6437892436981203,0.025996856979128975,0.1028845469081201,0,3.674915313720703,3.6664085388183594,3.614133834838867,3.6265830993652344,3.6369054317474365
D133V,2,3.595258045146,3.6374552726745604,0.04839387170326144,0.042197227528560255,0,3.685394525527954,3.6765801906585693,3.566427230834961,3.642953395843506,3.6159210205078125
D133N,4,3.50379067405,3.6141942024230955,0.02533822439241458,0.1104035283730953,0,3.5833828449249268,3.6029322147369385,3.60369873046875,3.640346050262451,3.640611171722412
D133H,1,3.63114369568,3.5454718112945556,0.03155274522196458,0.08567188438544449,0,3.550569534301758,3.54720401763916,3.530452013015747,3.506588935852051,3.5925445556640625
G134C,3,3.7510042,3.644492816925049,0.017431252373523595,0.10651138307495112,0,3.674079656600952,3.646554946899414,3.6337242126464844,3.6350021362304688,3.633103132247925
G134D,2,3.5666237033450003,3.4970471382141115,0.11410824458192645,0.06957656513088883,0,3.5673961639404297,3.5633344650268555,3.554157018661499,3.2984158992767334,3.501932144165039
G134R,1,3.56400683482,3.404529571533203,0.312703326878229,0.15947726328679668,0,3.5307552814483643,3.533020496368408,2.8615894317626953,3.4428815841674805,3.6544010639190674
G134S,1,3.69390274578,3.5766544342041016,0.04025108993267419,0.11724831157589843,0,3.5611438751220703,3.585491418838501,3.5523388385772705,3.541698455810547,3.642599582672119
N135H,0,3.5526740127199994,3.655579853057861,0.020991291543527458,0.10290584033786176,0,3.6575193405151367,3.646331548690796,3.6812245845794678,3.666996955871582,3.625826835632324
N135I,2,3.6031006691125,3.609268140792847,0.02992836400520692,0.006167471680346814,0,3.606649875640869,3.594853401184082,3.6180124282836914,3.5730555057525635,3.6537694931030273
N135D,0,3.649604311218,3.638520097732544,0.03276319409042241,0.011084213485455852,0,3.625971555709839,3.5976834297180176,3.67301344871521,3.6245100498199463,3.671422004699707
N135Y,3,3.660705152636,3.5757969856262206,0.0204195443795615,0.08490816700977932,0,3.597609758377075,3.5510289669036865,3.588289737701416,3.557298183441162,3.5847582817077637
N135T,2,3.54491483548,3.656813907623291,0.020117724416744337,0.11189907214329065,0,3.6529364585876465,3.6874539852142334,3.6316745281219482,3.6520187854766846,3.6599857807159424
N135S,0,3.695385588412,3.620381164550781,0.01641211413235623,0.07500442386121886,0,3.6110665798187256,3.5985612869262695,3.6233608722686768,3.6270647048950195,3.641852378845215
I136V,0,3.69501617471111,3.6158030033111572,0.0342045269741298,0.07921317139995265,0,3.599708318710327,3.5880801677703857,3.672313690185547,3.595705270767212,3.6232075691223145
I136M,1,3.51471729097,3.6518386363983155,0.024104305692858725,0.13712134542831533,0,3.6322720050811768,3.646947145462036,3.693727731704712,3.640812873840332,3.6454334259033203
I136N,0,3.43831082978,3.5071335315704344,0.045750515056940166,0.06882270179043459,0,3.4957361221313477,3.5299994945526123,3.5745503902435303,3.462069511413574,3.4733121395111084
I136T,4,3.57771059390278,3.579180145263672,0.067299942178768,0.0014695513608917743,0,3.5419387817382812,3.595970869064331,3.580631971359253,3.6788618564605713,3.498497247695923
I136F,0,3.47728884147,3.528432512283325,0.06850048490890562,0.05114367081332505,0,3.4874002933502197,3.4963231086730957,3.5808298587799072,3.4578912258148193,3.619718074798584
L137R,2,3.673062343405,1.9620996952056884,0.15442916292299325,1.7109626481993114,1,2.030247688293457,1.9922099113464355,1.7358334064483643,2.1494998931884766,1.902707576751709
L137Q,2,3.5265962311180004,3.035511112213135,0.09019519391198048,0.4910851189048655,1,3.101018190383911,2.9648401737213135,3.1095004081726074,3.0888829231262207,2.913313865661621
L137M,1,3.81896977659,3.7051414489746093,0.04855118383613722,0.11382832761539063,0,3.7029757499694824,3.707374334335327,3.759965658187866,3.6281630992889404,3.7272284030914307
L137P,0,1.7555343389500002,3.495721387863159,0.05682183768574904,1.7401870489131588,1,3.50531005859375,3.5278918743133545,3.543191909790039,3.5038018226623535,3.398411273956299
G138W,1,3.5837988809099994,3.5743440628051757,0.025050354029842823,0.009454818104823737,0,3.5789308547973633,3.5824429988861084,3.5908889770507812,3.530381679534912,3.589075803756714
G138V,1,3.34210429243,3.643354654312134,0.04577553919264378,0.3012503618821336,1,3.5715842247009277,3.659447193145752,3.695913791656494,3.6550211906433105,3.6348068714141846
G138E,4,3.64779462931,3.57653489112854,0.042978306472368374,0.07125973818145992,0,3.5729637145996094,3.563361406326294,3.5547895431518555,3.6505002975463867,3.5410594940185547
G138A,1,3.6586963561300014,3.584722471237183,0.027286945864888227,0.07397388489281864,0,3.5564022064208984,3.586122751235962,3.603475570678711,3.5588953495025635,3.6187164783477783
G138R,1,3.680490569235,3.6386178016662596,0.10827371126514512,0.041872767568740255,0,3.521155595779419,3.721557855606079,3.520407199859619,3.697969913482666,3.7319984436035156
H139Y,2,3.5882896325066698,3.6928123950958254,0.06347242254355641,0.1045227625891556,0,3.6736090183258057,3.8027236461639404,3.6385738849639893,3.6800053119659424,3.6691501140594482
H139P,1,3.3926099727700003,3.4179619789123534,0.11536003447046034,0.025352006142353112,0,3.392000913619995,3.2821602821350098,3.593719244003296,3.37142276763916,3.4505066871643066
H139R,0,3.70796873085625,3.3799453258514403,0.09586698258430473,0.32802340500480964,1,3.2809371948242188,3.5112202167510986,3.310722827911377,3.3523168563842773,3.4445295333862305
H139L,3,3.66206463301,3.482411575317383,0.0330046383901141,0.17965305769261697,0,3.50144100189209,3.429382085800171,3.5164380073547363,3.4859466552734375,3.4788501262664795
K140E,4,3.648879311168,3.5369277954101563,0.017928400369784717,0.11195151575784346,0,3.5254650115966797,3.5475094318389893,3.5303003787994385,3.5627074241638184,3.5186567306518555
K140M,3,3.698616991215,3.6233102798461916,0.02260303981638291,0.07530671136880862,0,3.6307406425476074,3.6113524436950684,3.6223995685577393,3.5957822799682617,3.6562764644622803
K140Q,3,3.66929116137,3.648167037963867,0.018593086581229098,0.02112412340613279,0,3.624600648880005,3.635338068008423,3.6715378761291504,3.6506893634796143,3.6586692333221436
K140V,3,3.55955524409,3.6392955780029297,0.044021515840929594,0.0797403339129299,0,3.6721644401550293,3.6388072967529297,3.621217966079712,3.5762786865234375,3.68800950050354
K140R,1,3.7264279582572697,3.7251673698425294,0.05425944674046599,0.0012605884147403046,0,3.676373243331909,3.6898622512817383,3.6993677616119385,3.753241777420044,3.8069918155670166
L141Q,4,3.44238121446333,3.461641454696655,0.10896219266897307,0.019260240233325288,0,3.278315305709839,3.5233042240142822,3.463670492172241,3.5596683025360107,3.4832489490509033
L141P,2,3.3151147808525003,2.901319169998169,0.3228752057349601,0.4137956108543315,1,2.7095723152160645,3.341876745223999,2.872854709625244,3.0749146938323975,2.5073773860931396
E142A,2,3.68504628914,3.669149112701416,0.02780566557941284,0.015897176438584015,0,3.648130416870117,3.633988380432129,3.703420639038086,3.6802477836608887,3.6799583435058594
E142D,0,3.750467000095,3.642443370819092,0.0488456519032568,0.10802362927590803,0,3.6291112899780273,3.5702292919158936,3.6372642517089844,3.6898810863494873,3.6857309341430664
E142G,0,3.68258851787917,3.654573345184326,0.03732751774842432,0.028015172694844104,0,3.6305530071258545,3.6019508838653564,3.6819849014282227,3.690678596496582,3.6676993370056152
E142V,1,3.66235892252714,3.671403646469116,0.044310180104908586,0.009044723941976418,0,3.688455581665039,3.618135929107666,3.732640504837036,3.677091598510742,3.6406946182250977
E142K,2,3.66257678297,3.611089086532593,0.03819125581127519,0.05148769643740714,0,3.5950379371643066,3.5699350833892822,3.591187000274658,3.6336092948913574,3.6656761169433594
Y143D,4,3.5600827375,3.433336877822876,0.11459165339885953,0.12674585967712426,0,3.2996726036071777,3.552786350250244,3.5195417404174805,3.4693422317504883,3.3253414630889893
Y143F,2,3.638083344705,3.451786231994629,0.08651969815408007,0.18629711271037097,0,3.4834232330322266,3.382868528366089,3.338513135910034,3.530809164047241,3.5233170986175537
Y143C,1,3.6572452238637503,3.5676974773406984,0.0570330412285332,0.08954774652305186,0,3.5327601432800293,3.5434470176696777,3.5578956604003906,3.536137342453003,3.6682472229003906
Y143H,0,3.7022792766725,3.5986985206604003,0.022843882061444734,0.1035807560120996,0,3.610231876373291,3.570324420928955,3.6101651191711426,3.623783588409424,3.5789875984191895
Y143N,3,3.587591573805,3.564177131652832,0.025866368316887624,0.023414442152168036,0,3.5936245918273926,3.574314594268799,3.569552421569824,3.559955596923828,3.5234384536743164
Y143S,3,3.60671217228,3.669324827194214,0.03001125693289765,0.06261265491421408,0,3.7165725231170654,3.6393985748291016,3.6485302448272705,3.675323486328125,3.666799306869507
N144T,3,3.71753059157,3.7015023231506348,0.02373649927791348,0.016028268419365332,0,3.710577964782715,3.715573310852051,3.7263998985290527,3.667497396469116,3.6874630451202393
N144Y,1,3.659436783246,3.630429267883301,0.025970427949755317,0.029007515362699188,0,3.6159582138061523,3.6069984436035156,3.673048496246338,3.6205902099609375,3.6355509757995605
N144D,4,3.7134090578185694,3.6526694774627684,0.025687372990718316,0.06073958035580107,0,3.6289615631103516,3.6568424701690674,3.6407203674316406,3.641751766204834,3.695071220397949
N144A,1,3.706058611040001,3.6935286998748778,0.040600822636012536,0.012529911165123142,0,3.7480287551879883,3.6420199871063232,3.699012279510498,3.66802716255188,3.7105553150177
N144G,2,3.90655260376,3.5561291217803954,0.04326124001657819,0.3504234819796044,1,3.5744495391845703,3.54546856880188,3.5092475414276123,3.530630111694336,3.620849847793579
N144H,0,3.5394854713633297,3.7084373950958254,0.02578195566049087,0.16895192373249568,0,3.7063984870910645,3.680741786956787,3.7307894229888916,3.738212823867798,3.686044454574585
N144I,2,3.73657012896,3.6526850700378417,0.02397755492024569,0.08388505892215825,0,3.619033098220825,3.652637481689453,3.6410012245178223,3.6747074127197266,3.676046133041382
N144S,4,3.737452513184541,3.615526056289673,0.02572705329253093,0.12192645689486792,0,3.5976555347442627,3.6269237995147705,3.6466143131256104,3.5816681385040283,3.6247684955596924
Y145C,1,3.763037627145,3.6045995235443113,0.008795924275796898,0.15843810360068877,0,3.6162047386169434,3.592107057571411,3.601667642593384,3.607701063156128,3.6053171157836914
Y145S,2,3.653462459775,3.656622838973999,0.07391763602890963,0.0031603791989991414,0,3.5404226779937744,3.7280211448669434,3.709969997406006,3.638700246810913,3.6660001277923584
Y145N,2,3.648220654018,3.585511636734009,0.10249599657723701,0.06270901728399103,0,3.43157958984375,3.568023920059204,3.696352958679199,3.6599605083465576,3.571641206741333
Y145L,2,3.803737540765,3.735731315612793,0.06745921153962191,0.06800622515220667,0,3.661520004272461,3.7888524532318115,3.7003138065338135,3.7047278881073,3.823242425918579
Y145F,3,3.716430868705,3.7236077785491943,0.037916183659077965,0.007176909844194501,0,3.740494966506958,3.67195987701416,3.6952409744262695,3.7546024322509766,3.7557406425476074
Y145D,3,3.553724961555,3.6129174709320067,0.00967387498687016,0.05919250937700671,0,3.604355573654175,3.602766752243042,3.6193809509277344,3.612670421600342,3.625413656234741
Y145H,4,3.63229527837286,3.6728042125701905,0.015680459473655282,0.04050893419733059,0,3.6762654781341553,3.6883718967437744,3.6845788955688477,3.6650214195251465,3.6497833728790283
N146Y,3,3.703602400312,3.621677017211914,0.025930184022259183,0.0819253831000859,0,3.629849910736084,3.639685869216919,3.646185874938965,3.581962823867798,3.6107006072998047
N146D,3,3.69458670495,3.6507364749908446,0.019692255440786084,0.04385022995915522,0,3.6593964099884033,3.6725733280181885,3.6615567207336426,3.6262917518615723,3.633864164352417
N146S,4,3.73257135021857,3.6367334842681887,0.018982380207380953,0.09583786595038113,0,3.62395977973938,3.6221351623535156,3.625577449798584,3.646038055419922,3.665956974029541
N146K,0,3.57928212878,3.66929612159729,0.02213215237256826,0.09001399281729006,0,3.6365768909454346,3.6759045124053955,3.6781904697418213,3.6954798698425293,3.6603288650512695
N146I,2,3.6743309322757103,3.672185516357422,0.060093439540641856,0.002145415918288318,0,3.6140832901000977,3.7544524669647217,3.6347854137420654,3.7163186073303223,3.6412878036499023
N146H,4,3.72963355986,3.6733260631561278,0.016380575719262016,0.05630749670387214,0,3.6725056171417236,3.660059928894043,3.6563992500305176,3.680795431137085,3.6968700885772705
N146T,4,3.76960502731,3.641284704208374,0.01717193149189835,0.1283203231016259,0,3.620086431503296,3.6651134490966797,3.650031566619873,3.6323482990264893,3.6388437747955322
S147R,4,3.73397484724,3.565406322479248,0.0767048723151334,0.1685685247607518,0,3.456881284713745,3.585792064666748,3.647825241088867,3.6158692836761475,3.5206637382507324
S147N,4,3.74357125596,3.609938621520996,0.014538999078342772,0.13363263443900397,0,3.6187744140625,3.608896255493164,3.588250160217285,3.6268723011016846,3.6068999767303467
S147C,1,3.62288327866,3.713847351074219,0.07404641668391161,0.09096407241421911,0,3.7043139934539795,3.716862201690674,3.833254814147949,3.6328935623168945,3.6819121837615967
S147G,1,3.68435632900222,3.768062925338745,0.13378138181761237,0.08370659633652533,0,3.653935670852661,3.6868228912353516,3.994915246963501,3.7542216777801514,3.7504191398620605
H148R,3,3.5554129750942898,3.483002281188965,0.10512881579715863,0.07241069390532484,0,3.5949416160583496,3.4341282844543457,3.53764271736145,3.325721025466919,3.5225777626037598
H148Q,0,3.63346955388,3.5948100090026855,0.059463493949223026,0.03865954487731438,0,3.5508289337158203,3.595181465148926,3.641143560409546,3.5225303173065186,3.664365768432617
H148P,3,3.218522784385,3.048618745803833,0.13629525637298,0.16990403858116698,0,3.17641544342041,2.994854211807251,3.1225616931915283,2.8355860710144043,3.1136763095855713
H148N,4,3.71924919339,3.5465033531188963,0.01331080733057289,0.17274584027110373,0,3.530684471130371,3.5632054805755615,3.5560121536254883,3.5371181964874268,3.5454964637756348
H148Y,1,3.5580279795125,3.67838568687439,0.08421700896686435,0.12035770736188978,0,3.6236634254455566,3.802741527557373,3.583137273788452,3.707174301147461,3.6752119064331055
H148L,1,3.4356488997933297,3.6674506187438967,0.06447890931099888,0.231801718950567,0,3.6082091331481934,3.7143895626068115,3.5874369144439697,3.7023401260375977,3.72487735748291
N149H,2,3.66514608527333,3.65183424949646,0.03974355869202813,0.013311835776870229,0,3.5958409309387207,3.658615827560425,3.674825668334961,3.6312947273254395,3.698594093322754
N149I,3,3.614389853595,3.4871285915374757,0.037247630060708366,0.12726126205752442,0,3.476736307144165,3.4908981323242188,3.433011770248413,3.5355823040008545,3.4994144439697266
N149D,3,3.74807029442636,3.572306251525879,0.019977919340731055,0.17576404290048098,0,3.589977264404297,3.56496524810791,3.5407443046569824,3.585015058517456,3.580829381942749
N149Y,0,3.649548735826,3.6200883388519287,0.03717676599991188,0.029460396974071212,0,3.648289918899536,3.620558023452759,3.6009232997894287,3.568857192993164,3.661813259124756
N149T,0,3.678550136125,3.7035213470458985,0.03689677827735753,0.02497121092089838,0,3.760390043258667,3.6604113578796387,3.6851065158843994,3.7070789337158203,3.704619884490967
N149S,3,3.6487910025776897,3.6882744312286375,0.03197520504832993,0.03948342865094778,0,3.721989393234253,3.719059944152832,3.6792731285095215,3.6743831634521484,3.6466665267944336
V150I,4,3.78401025256,3.5736852169036863,0.029482666251498365,0.21032503565631355,0,3.5346579551696777,3.57878041267395,3.6149845123291016,3.5798771381378174,3.5601260662078857
V150G,3,3.49795266042,3.5792333602905275,0.03662821993179417,0.08128069987052733,0,3.5658531188964844,3.588188648223877,3.587864637374878,3.6272497177124023,3.527010679244995
V150A,1,3.636419772039,3.6275251388549803,0.04453195979588225,0.008894633184019618,0,3.6476922035217285,3.682406425476074,3.5895497798919678,3.574460506439209,3.643516778945923
Y151H,1,3.66999197679143,3.690557765960693,0.027111735068100197,0.020565789169263216,0,3.6776037216186523,3.6911840438842773,3.654130220413208,3.703611135482788,3.726259708404541
Y151D,1,3.64157589141,3.655343770980835,0.02706271785329198,0.013767879570834918,0,3.625839948654175,3.628540277481079,3.661057472229004,3.6768884658813477,3.6843926906585693
Y151F,1,3.69040176653,3.6500594139099123,0.037980396539128825,0.040342352620087674,0,3.6336669921875,3.6311628818511963,3.717918634414673,3.6316568851470947,3.6358916759490967
Y151S,3,3.59936331976,3.639807844161987,0.0337065098386255,0.04044452440198709,0,3.653780460357666,3.610356330871582,3.615278482437134,3.6920599937438965,3.627563953399658
Y151N,2,3.66318802565333,3.6270237445831297,0.07300131153953911,0.03616428107020031,0,3.504225969314575,3.678494930267334,3.6728498935699463,3.663888454437256,3.615659475326538
Y151C,4,3.60891725251333,3.6281023979187013,0.032378745222216704,0.019185145405371085,0,3.6222140789031982,3.574671983718872,3.647974729537964,3.6559228897094727,3.639728307723999
I152F,3,3.116908720706669,3.396634340286255,0.01954587833749066,0.27972561957958586,1,3.395310640335083,3.4151530265808105,3.364297389984131,3.4008028507232666,3.4076077938079834
I152T,2,3.4495691126,3.453795385360718,0.2156771494609943,0.004226272760718075,0,3.4169766902923584,3.6231324672698975,3.6139750480651855,3.5166618824005127,3.0982308387756348
I152V,4,3.72633993437167,3.5469475746154786,0.08545487303066006,0.1793923597561915,0,3.466479778289795,3.6895668506622314,3.5203912258148193,3.552129030227661,3.5061709880828857
M153T,1,3.706908264655,3.698739194869995,0.06182883844590821,0.008169069785004979,0,3.608201026916504,3.681678533554077,3.7696645259857178,3.693622589111328,3.7405292987823486
M153L,4,3.689192475418,3.725117015838623,0.01172767344753299,0.035924540420622986,0,3.7262179851531982,3.726149559020996,3.707083225250244,3.740004301071167,3.7261300086975098
M153R,2,3.66223123144,3.1359577655792235,0.19547997380109422,0.5262734658607764,1,2.839570999145508,3.0836992263793945,3.3223965167999268,3.3017921447753906,3.1323299407958984
M153K,0,3.663757142826,3.6137903690338136,0.046938152856563546,0.04996677379218628,0,3.6497597694396973,3.551990032196045,3.6110129356384277,3.587580680847168,3.6686084270477295
M153I,0,3.749930640687501,3.674517297744751,0.033853067021458454,0.07541334294274993,0,3.6676523685455322,3.61944842338562,3.7048726081848145,3.683811664581299,3.6968014240264893
M153V,3,3.73948176913625,3.65490140914917,0.013985104749390322,0.08458035998708002,0,3.6780195236206055,3.650015115737915,3.6507956981658936,3.655165672302246,3.6405110359191895
A154V,4,3.56825492132667,3.5917805194854737,0.04336391199771378,0.023525598158803618,0,3.56010365486145,3.6522133350372314,3.612325429916382,3.5423431396484375,3.591917037963867
A154T,0,3.72468057278667,3.4726173877716064,0.05138314276977827,0.2520631850150634,0,3.406198501586914,3.45713210105896,3.4504330158233643,3.524282217025757,3.525041103363037
D155N,4,3.73659291119,3.6220209121704103,0.03554664839104898,0.11457199901958948,0,3.6204209327697754,3.5893051624298096,3.5979297161102295,3.6803388595581055,3.622109889984131
D155G,2,3.6738018759323503,3.641048717498779,0.01678710532999441,0.03275315843357118,0,3.6301636695861816,3.658719301223755,3.6519670486450195,3.6176955699920654,3.646697998046875
D155E,3,3.60915150541,3.706854295730591,0.029004986313959983,0.09770279032059115,0,3.6949195861816406,3.679965019226074,3.6833748817443848,3.7360634803771973,3.7399485111236572
D155A,4,3.74470079483,3.6135706901550293,0.018779067139389215,0.13113010467497066,0,3.6376726627349854,3.6096601486206055,3.6076486110687256,3.5880303382873535,3.6248416900634766
D155V,3,3.538022139084,3.656478691101074,0.026729147391989977,0.11845655201707395,0,3.6914660930633545,3.6470823287963867,3.657041549682617,3.618875741958618,3.6679277420043945
K156R,1,3.71091878228714,3.5992016792297363,0.06973263175354294,0.11171710305740357,0,3.6070594787597656,3.562788963317871,3.5296101570129395,3.58345365524292,3.7130961418151855
K156Q,2,3.672926189015,3.654783916473389,0.05712097157773611,0.01814227254161116,0,3.6665425300598145,3.7232666015625,3.579240560531616,3.6170425415039062,3.6878273487091064
K156M,4,3.613670846916,3.7321348667144774,0.0646230646745053,0.11846401979847743,0,3.77204966545105,3.7844443321228027,3.6286778450012207,3.7661118507385254,3.709390640258789
K156I,4,3.5755440858699994,3.7125616550445555,0.07627842301056013,0.1370175691745561,0,3.7120492458343506,3.8427734375,3.667793035507202,3.651289701461792,3.6889028549194336
K156E,1,3.71788093424214,3.5706833839416503,0.05209610153574063,0.14719755030048987,0,3.5650291442871094,3.5784621238708496,3.581136703491211,3.4916787147521973,3.6371102333068848
Q157L,0,3.6988970144466697,3.7038241386413575,0.059231798109510445,0.004927124194687771,0,3.664342164993286,3.6312098503112793,3.7852535247802734,3.7120516300201416,3.7262635231018066
Q157H,0,3.6798330708,3.731237459182739,0.0448740515518968,0.051404388382739086,0,3.741086721420288,3.6747374534606934,3.7986831665039062,3.7204370498657227,3.721242904663086
Q157P,3,3.66697983729,3.5012566566467287,0.06386815323929268,0.1657231806432713,0,3.5461723804473877,3.405355453491211,3.570411443710327,3.4833784103393555,3.5009655952453613
Q157R,0,3.685849532947272,3.5528860092163086,0.06271204881166254,0.1329635237309632,0,3.6334078311920166,3.576895236968994,3.5538952350616455,3.4607419967651367,3.53948974609375
K158G,0,4.11357579525,3.7177255153656006,0.053062148531472265,0.39585027988439947,1,3.654956579208374,3.6719069480895996,3.734877109527588,3.744096040725708,3.7827908992767334
K158M,4,3.73278679000286,3.6980781078338625,0.05516333613710957,0.03470868216899747,0,3.74021053314209,3.7458643913269043,3.6169652938842773,3.721017837524414,3.666332483291626
K158E,4,3.781251268879,3.7434192657470704,0.030372005189629143,0.03783200313192969,0,3.7753806114196777,3.766693353652954,3.6993865966796875,3.729912281036377,3.7457234859466553
K158Q,1,3.63475190882,3.7539905548095702,0.05281481321299128,0.11923864598957001,0,3.7317183017730713,3.756108522415161,3.680121421813965,3.7812509536743164,3.820753574371338
K158N,4,3.73106314979,3.751847839355469,0.021911236785307812,0.02078468956546864,0,3.7886743545532227,3.748948097229004,3.729978322982788,3.74737548828125,3.744262933731079
K158V,4,3.95633875726,3.71040563583374,0.06001870442672591,0.24593312142626012,0,3.767179489135742,3.7829108238220215,3.6519808769226074,3.6733832359313965,3.6765737533569336
K158R,2,3.74305723379533,3.731104326248169,0.061257082012328934,0.01195290754716094,0,3.6551711559295654,3.6983752250671387,3.743992805480957,3.737637519836426,3.820344924926758
N159D,0,3.749873167951,3.6266889572143555,0.04259616784900295,0.12318421073664432,0,3.608403205871582,3.561281442642212,3.648735761642456,3.646131992340088,3.6688923835754395
N159Y,3,3.60186058507,3.547320032119751,0.033898981576749594,0.054540552950248955,0,3.5910420417785645,3.5336737632751465,3.574026584625244,3.5096182823181152,3.5282394886016846
N159V,2,3.49197536559,3.622139549255371,0.037646220683301354,0.13016418366537108,0,3.610881805419922,3.6597981452941895,3.6108901500701904,3.6586246490478516,3.570502996444702
N159K,0,3.73362544434,3.4096161842346193,0.043739756804054945,0.32400926010538056,1,3.3559062480926514,3.4349205493927,3.463043689727783,3.4190146923065186,3.3751957416534424
N159S,0,3.6774662754294094,3.536360502243042,0.03368545177564382,0.1411057731863674,0,3.496335744857788,3.5429110527038574,3.561965227127075,3.507073402404785,3.573517084121704
N159I,4,3.6111219525125,3.5363595485687256,0.03763748477531656,0.0747624039437742,0,3.4809553623199463,3.5437607765197754,3.57110857963562,3.5180206298828125,3.5679523944854736
N159H,3,3.5439769414599995,3.6375213623046876,0.024526465289888746,0.09354442084468806,0,3.6804144382476807,3.6351730823516846,3.624964475631714,3.621127128601074,3.625927686691284
G160V,0,3.59553062936,3.599262571334839,0.05348191475931503,0.0037319419748391702,0,3.6155683994293213,3.6247851848602295,3.665846347808838,3.53471302986145,3.5553998947143555
G160C,0,3.66694142101,3.6555906772613525,0.05147248520032153,0.011350743748647751,0,3.6666202545166016,3.6665844917297363,3.728579521179199,3.5920515060424805,3.624117612838745
G160D,2,3.72442794925667,3.5863757133483887,0.04302330441246343,0.13805223590828142,0,3.5983879566192627,3.5561137199401855,3.6353225708007812,3.612722396850586,3.529331922531128
G160S,3,3.6907037768875,3.6707812786102294,0.012574041984601705,0.019922498277270773,0,3.656533718109131,3.668844699859619,3.6849746704101562,3.6823182106018066,3.6612350940704346
G160R,0,3.67875572665,3.424087953567505,0.16354960912118838,0.2546677730824949,0,3.3790321350097656,3.6441595554351807,3.5077762603759766,3.384359359741211,3.2051124572753906
I161V,1,3.776799880118,3.6621939659118654,0.039056076933717584,0.11460591420613442,0,3.629861354827881,3.714531183242798,3.638288974761963,3.693621873855591,3.6346664428710938
I161T,1,3.609582845058,3.5233943462371826,0.04254243063727825,0.08618849882081747,0,3.5384082794189453,3.5821526050567627,3.520930767059326,3.4652349948883057,3.5102450847625732
I161S,3,3.25547008023,3.526782417297363,0.03882114841554041,0.27131233706736335,1,3.506621837615967,3.5936384201049805,3.5072922706604004,3.5273611545562744,3.4989984035491943
I161L,4,3.686670191025,3.6288568496704103,0.033155798068075476,0.05781334135458982,0,3.654228925704956,3.669147491455078,3.615722894668579,3.585592269897461,3.6195926666259766
I161G,2,3.0069563938200004,3.4473792552947997,0.11245960766133845,0.44042286147479937,1,3.520249366760254,3.4624531269073486,3.376575231552124,3.58003830909729,3.2975802421569824
I161F,0,3.3415335826133297,2.9934113025665283,0.25538069023285415,0.34812228004680135,1,3.2384350299835205,2.7073845863342285,3.2539122104644775,3.000021457672119,2.767303228378296
K162T,0,3.77597432584,3.6552032470703124,0.021867186965302342,0.12077107876968762,0,3.647251605987549,3.626451015472412,3.6630752086639404,3.653109073638916,3.686129331588745
K162E,3,3.7482404635425,3.668199062347412,0.014631354597611666,0.08004140119508785,0,3.6764280796051025,3.6867787837982178,3.657780885696411,3.6700167655944824,3.6499907970428467
K162R,4,3.7040343508716695,3.7188190460205077,0.03873100402696719,0.014784695148838178,0,3.7021076679229736,3.69643235206604,3.782705068588257,3.68603777885437,3.7268123626708984
K162Q,4,3.624155349140002,3.7431455135345457,0.028486243533097172,0.1189901643945439,0,3.7522969245910645,3.7480640411376953,3.779470920562744,3.7013866901397705,3.734508991241455
K162N,1,3.7288487277,3.673200988769531,0.017497988942447393,0.055647738930468815,0,3.673478841781616,3.664874792098999,3.649515151977539,3.6958048343658447,3.6823313236236572
K162M,4,3.7011668909400006,3.6960055828094482,0.019844210531666268,0.005161308130552378,0,3.7061233520507812,3.6770005226135254,3.6849098205566406,3.6861371994018555,3.7258570194244385
V163A,1,3.8367989063514303,3.6937575340270996,0.04679364533159536,0.14304137232433067,0,3.730844497680664,3.742150068283081,3.6762771606445312,3.624945640563965,3.694570302963257
V163M,4,3.654689546475,3.7008649826049806,0.05145779665060718,0.04617543612998043,0,3.612837314605713,3.7168049812316895,3.738523483276367,3.735076904296875,3.701082229614258
V163G,0,3.692739616195,3.5073827266693116,0.056338939334212024,0.1853568895256883,0,3.474090099334717,3.5552635192871094,3.57869291305542,3.480572462081909,3.4482946395874023
V163E,0,3.789131896295,3.098817539215088,0.2796546325798718,0.6903143570799117,1,3.145488977432251,3.095367908477783,3.318812131881714,3.3045501708984375,2.629868507385254
N164G,0,3.71538186796,3.6610934257507326,0.05249039423584333,0.05428844220926754,0,3.7486491203308105,3.63441801071167,3.622893810272217,3.6712818145751953,3.6282243728637695
N164H,4,3.6629332525,3.6909928798675535,0.03956913476127746,0.02805962736755374,0,3.684873104095459,3.691826581954956,3.6283910274505615,3.7257559299468994,3.7241177558898926
N164S,1,3.6715058252685697,3.700578737258911,0.031189029213565145,0.029072911990341233,0,3.681755542755127,3.7169876098632812,3.7456843852996826,3.6919150352478027,3.666551113128662
N164I,3,3.66493276354455,3.6617783069610597,0.013884849434736928,0.0031544565834904503,0,3.678257942199707,3.662152051925659,3.644587755203247,3.651850700378418,3.6720430850982666
N164Y,2,3.71539328492615,3.6351489543914797,0.02104695434820852,0.08024433053467028,0,3.6267220973968506,3.6310462951660156,3.6555874347686768,3.60634446144104,3.6560444831848145
N164T,1,3.82960306878,3.6837244033813477,0.0378926507573173,0.14587866539865235,0,3.6669228076934814,3.658846855163574,3.7506420612335205,3.6663217544555664,3.6758885383605957
N164D,4,3.70543552211462,3.6651548385620116,0.029646353216702257,0.04028068355260839,0,3.701986789703369,3.6643617153167725,3.644233465194702,3.6292550563812256,3.6859371662139893
F165I,2,3.596578582094,3.596341133117676,0.025923086564014274,0.00023744897632438366,0,3.5681240558624268,3.6233081817626953,3.6242902278900146,3.586667776107788,3.579315423965454
F165S,2,3.50534972791125,3.4955662727355956,0.11523349580650506,0.009783455175654598,0,3.611412286758423,3.5444459915161133,3.5369725227355957,3.307807207107544,3.4771933555603027
F165Y,0,3.68703078440667,3.6215484619140623,0.054964813667590415,0.06548232249260755,0,3.5387279987335205,3.684847593307495,3.6243832111358643,3.606748104095459,3.6530354022979736
F165V,4,3.67469329347,3.697863483428955,0.03040963224474408,0.023170189958955145,0,3.6929218769073486,3.7412476539611816,3.6731393337249756,3.7143173217773438,3.667691230773926
F165C,1,3.78081899522,3.562670946121216,0.036329012561759,0.21814804909878438,0,3.569854259490967,3.5505146980285645,3.619953155517578,3.5511865615844727,3.521846055984497
F165L,4,3.5930538141031803,3.6917398452758787,0.027371402115303287,0.09868603117269847,0,3.654860496520996,3.7181155681610107,3.71822190284729,3.6762654781341553,3.6912357807159424
F165H,0,3.43023388944,3.5063193798065186,0.05276246751478255,0.07608549036651846,0,3.5078203678131104,3.4403817653656006,3.5878000259399414,3.4970407485961914,3.498553991317749
K166M,0,3.77485967803667,3.692859172821045,0.04643357219991129,0.08200050521562519,0,3.6723098754882812,3.6514334678649902,3.700366735458374,3.6703624725341797,3.7698233127593994
K166E,4,3.74082323168615,3.6824176788330076,0.03889463704587641,0.05840555285314242,0,3.6394591331481934,3.745115280151367,3.6856610774993896,3.6706724166870117,3.671180486679077
K166Q,4,3.7169558436,3.737308692932129,0.01872284787974783,0.020352849332128997,0,3.724353551864624,3.768880844116211,3.7380428314208984,3.732621669769287,3.722644567489624
K166R,0,3.7027035291346095,3.605300951004028,0.01799855391056258,0.0974025781305814,0,3.5942447185516357,3.6182963848114014,3.579055070877075,3.6142592430114746,3.6206493377685547
K166N,2,3.72589521566,3.726316547393799,0.04047973786888767,0.0004213317337988798,0,3.6978628635406494,3.792973041534424,3.735163688659668,3.695155620574951,3.7104275226593018
K166T,3,3.70715290902,3.734528350830078,0.04053768440834286,0.027375441810078005,0,3.7886197566986084,3.7492194175720215,3.713526964187622,3.6802327632904053,3.7410428524017334
I167T,0,3.70881636901462,3.621584939956665,0.05280523791756363,0.087231429057955,0,3.6716842651367188,3.551077127456665,3.669693946838379,3.585664987564087,3.6298043727874756
I167S,0,3.71278941297,3.599824047088623,0.043673824996581276,0.11296536588137673,0,3.6519227027893066,3.6052584648132324,3.620267391204834,3.5341176986694336,3.5875539779663086
I167L,2,3.6744051888,3.641957187652588,0.024874023910119128,0.03244800114741242,0,3.6188082695007324,3.6622657775878906,3.6153059005737305,3.6705121994018555,3.6428937911987305
I167M,3,3.62561143785,3.7181710243225097,0.032862600282117155,0.09255958647250973,0,3.7106950283050537,3.6935791969299316,3.697139024734497,3.714662551879883,3.7747793197631836
I167N,2,3.58776822975333,3.4605631828308105,0.22332917663972807,0.12720504692251966,0,3.379218816757202,3.5626862049102783,3.635193347930908,3.620608329772949,3.105109214782715
I167F,2,3.41854001167,3.0858081817626952,0.21003858095638628,0.332731829907305,1,3.041037082672119,3.317060947418213,2.859069347381592,3.2913575172424316,2.920516014099121
I167V,3,3.7061050023116704,3.7458392143249513,0.04355348866523246,0.03973421201328087,0,3.712113618850708,3.6965811252593994,3.7932868003845215,3.739720344543457,3.78749418258667
R168S,1,3.582088690855,3.704901027679443,0.06412084638629431,0.12281233682444315,0,3.76560115814209,3.6188321113586426,3.662890672683716,3.7129125595092773,3.764268636703491
R168L,0,3.654187070505,3.679834318161011,0.05308714494906274,0.025647247656011007,0,3.7011964321136475,3.58990216255188,3.7256102561950684,3.677563428878784,3.704899311065674
R168H,2,3.80035672146,3.696514892578125,0.046111974234702584,0.10384182888187521,0,3.7069571018218994,3.7570154666900635,3.691718578338623,3.62790846824646,3.698974847793579
R168C,3,3.74410334181,3.6253137588500977,0.03827791340391085,0.11878958295990216,0,3.6862595081329346,3.5999755859375,3.5893194675445557,3.6152913570404053,3.6357228755950928
R168G,4,3.79753119086,3.6168081283569338,0.04308216098176733,0.18072306250306625,0,3.5771408081054688,3.6700501441955566,3.6407458782196045,3.6275432109832764,3.5685606002807617
H169R,0,1.5792774907,2.1858391523361207,0.21982779323511814,0.6065616616361207,1,2.062321186065674,2.542053461074829,1.9668704271316528,2.139540672302246,2.218410015106201
H169P,3,1.3010299985299998,2.5341824531555175,0.2186737464706522,1.2331524546255177,1,2.667412281036377,2.5094735622406006,2.5324411392211914,2.1916489601135254,2.7699363231658936
H169Y,4,3.60251855547333,3.528437852859497,0.06945110313579621,0.07408070261383282,0,3.5617120265960693,3.5697338581085205,3.5227670669555664,3.5778796672821045,3.4100966453552246
H169L,0,3.64725751058429,3.385338544845581,0.06648155021969124,0.2619189657387091,0,3.370901584625244,3.439880609512329,3.3418591022491455,3.466397523880005,3.3076539039611816
N170G,4,3.49862962822,3.636692523956299,0.03368154704944652,0.13806289573629904,0,3.610429048538208,3.692457675933838,3.6390013694763184,3.6314404010772705,3.6101341247558594
N170H,4,3.67091019235,3.6808509826660156,0.03202131967524047,0.00994079031601558,0,3.716886043548584,3.697658061981201,3.6546316146850586,3.6403493881225586,3.694729804992676
N170I,3,3.7063723768266703,3.631471872329712,0.018129653312149444,0.0749005044969584,0,3.6363213062286377,3.6005759239196777,3.6481306552886963,3.638911724090576,3.6334197521209717
N170D,3,3.76405186882611,3.61279616355896,0.011967249700555774,0.15125570526714993,0,3.626453161239624,3.6032044887542725,3.613257646560669,3.6224467754364014,3.598618745803833
N170T,4,3.75462700228,3.6874433040618895,0.017051043061705514,0.06718369821811043,0,3.705063819885254,3.6996374130249023,3.669578790664673,3.6689536571502686,3.6939828395843506
N170Y,2,3.674665358934,3.650537633895874,0.08870244266233576,0.02412772503812599,0,3.5954513549804688,3.7209630012512207,3.6560146808624268,3.532352924346924,3.74790620803833
N170K,0,3.69732465948,3.611883544921875,0.03464992890315474,0.08544111455812509,0,3.6191511154174805,3.5513265132904053,3.626385450363159,3.623532772064209,3.639021873474121
N170S,4,3.686140223042,3.6463998317718507,0.035726229091769084,0.03974039127014928,0,3.641401767730713,3.660313844680786,3.6984920501708984,3.6283912658691406,3.603400230407715
I171N,4,3.7336593820725,3.7452808380126954,0.038584387832153205,0.011621455940195258,0,3.72379207611084,3.763782262802124,3.739347219467163,3.800119638442993,3.6993629932403564
I171L,0,3.8043554631,3.69864821434021,0.024417813827673298,0.10570724875978987,0,3.681401491165161,3.666738510131836,3.7273645401000977,3.7046425342559814,3.7130939960479736
I171V,3,3.702042018408,3.71986780166626,0.056816157346884395,0.017825783258259786,0,3.714531660079956,3.725485324859619,3.671201705932617,3.6758203506469727,3.812299966812134
I171F,4,3.60827376683833,3.774739122390747,0.024859385929155705,0.16646535555241737,0,3.792210340499878,3.7900335788726807,3.7786459922790527,3.781353712081909,3.731451988220215
I171T,0,3.79198205630429,3.70103497505188,0.028123598745673918,0.09094708125241002,0,3.6907548904418945,3.6677873134613037,3.742892026901245,3.7118515968322754,3.6918890476226807
I171S,1,3.7805472654825,3.6940332889556884,0.04572168016798493,0.08651397652681148,0,3.677757501602173,3.6658082008361816,3.6832966804504395,3.7748472690582275,3.668456792831421
E172G,0,3.7250441380235695,3.6483609199523928,0.034294693096635576,0.07668321807117673,0,3.6178531646728516,3.6277756690979004,3.692192554473877,3.6255109310150146,3.6784722805023193
E172A,0,3.65059464525,3.6662199974060057,0.0633296822054583,0.01562535215600569,0,3.6166934967041016,3.62253999710083,3.7449803352355957,3.621605634689331,3.725280523300171
E172V,3,3.635993987245,3.6520391941070556,0.012046453702887521,0.016045206862055572,0,3.6518073081970215,3.6631736755371094,3.6522390842437744,3.6324386596679688,3.6605372428894043
E172K,3,3.69071516542,3.6075098514556885,0.03415042797068325,0.08320531396431141,0,3.598947525024414,3.6512532234191895,3.558351516723633,3.623553514480591,3.6054434776306152
D173G,2,3.721055574069,3.6579896926879885,0.07402078651610358,0.06306588138101166,0,3.5577940940856934,3.7269363403320312,3.722400665283203,3.60658860206604,3.6762287616729736
D173A,2,3.61370722282,3.5983280181884765,0.07764698316939742,0.015379204631523535,0,3.4754297733306885,3.649301528930664,3.6701927185058594,3.573364019393921,3.62335205078125
D173H,2,3.65992902509,3.5539899349212645,0.06302734720065466,0.10593909016873537,0,3.4725418090820312,3.583721160888672,3.534738302230835,3.537114143371582,3.641834259033203
D173N,3,3.69531419995,3.613641548156738,0.04492716997500727,0.08167265179326177,0,3.671844005584717,3.6183831691741943,3.613903284072876,3.5455267429351807,3.6185505390167236
D173V,3,3.575148416946,3.6146222591400146,0.041906890961812986,0.03947384219401462,0,3.6592185497283936,3.6389739513397217,3.5832808017730713,3.5587143898010254,3.6329236030578613
G174C,4,3.61136187495667,3.648221158981323,0.04894683946444388,0.03685928402465333,0,3.6431946754455566,3.643372058868408,3.591674566268921,3.726879596710205,3.6359848976135254
G174D,3,3.67935501632,3.547072649002075,0.03821925100915142,0.13228236731792498,0,3.5677318572998047,3.560570478439331,3.580677032470703,3.483118772506714,3.5432651042938232
G174S,1,3.6018201055000003,3.581846570968628,0.03752778037892315,0.019973534531372295,0,3.6201939582824707,3.5458977222442627,3.538463830947876,3.593719482421875,3.6109578609466553
S175T,4,4.0079749859,3.694771146774292,0.038057612367047244,0.3132038391257077,1,3.7262675762176514,3.7325069904327393,3.694146156311035,3.6378440856933594,3.683090925216675
S175R,4,3.73173411327,3.7296790599823,0.05591781292009718,0.0020550532876999483,0,3.6990041732788086,3.8114442825317383,3.6616179943084717,3.7309396266937256,3.745389223098755
S175G,1,3.73778415115071,3.68175950050354,0.05778459630802654,0.056024650647170215,0,3.6810319423675537,3.596775770187378,3.748631000518799,3.66393780708313,3.71842098236084
S175C,4,3.74871662597667,3.788618278503418,0.07428314579531214,0.039901652526748155,0,3.8090980052948,3.8794004917144775,3.6765215396881104,3.768479824066162,3.80959153175354
S175N,2,3.619489685045,3.646905755996704,0.05728161890561153,0.027416070951704175,0,3.600379228591919,3.6512632369995117,3.670696496963501,3.7275307178497314,3.5846590995788574
V176L,1,3.67060625606,3.7176568508148193,0.05408351535929552,0.04705059475481921,0,3.713677167892456,3.682636022567749,3.6845479011535645,3.695566415786743,3.811856746673584
V176M,0,3.6930399005433294,3.674277639389038,0.024672939499692462,0.01876226115429125,0,3.6757712364196777,3.671117067337036,3.6942660808563232,3.6346585750579834,3.69557523727417
V176A,1,3.70381828268071,3.6420202255249023,0.05479062920363081,0.06179805715580766,0,3.723675489425659,3.591646671295166,3.600059986114502,3.6251637935638428,3.669555187225342
V176E,0,3.69980874107714,3.6165250301361085,0.06673561324282164,0.0832837109410316,0,3.695004940032959,3.5315842628479004,3.6679868698120117,3.6137688159942627,3.574280261993408
V176G,2,3.664746418325,3.532539987564087,0.08932216350293658,0.1322064307609132,0,3.4829673767089844,3.661679744720459,3.5588767528533936,3.4226765632629395,3.536499500274658
Q177R,4,3.4297376785516698,3.1283947944641115,0.14013369714115603,0.30134288408755827,1,3.0705177783966064,3.167546510696411,3.047422170639038,3.3545117378234863,3.0019757747650146
Q177L,4,3.764545058865,3.3875688552856444,0.10135328404743814,0.3769762035793556,1,3.482168436050415,3.3500847816467285,3.2597858905792236,3.500072479248047,3.3457326889038086
L178P,4,3.64791301313692,3.3527056217193603,0.07729044472634969,0.2952073914175597,1,3.2639269828796387,3.3901174068450928,3.4177463054656982,3.274139404296875,3.417598009109497
L178I,1,3.81283242906,3.7408302307128904,0.07817207864805628,0.07200219834710975,0,3.670393466949463,3.683685779571533,3.7774667739868164,3.7130258083343506,3.85957932472229
L178R,3,3.65024321702,3.5775870800018312,0.04142608982994367,0.07265613701816864,0,3.577756881713867,3.527156114578247,3.5911684036254883,3.554309606552124,3.6375443935394287
L178V,2,3.88860160002,3.7529643058776854,0.09237735887301135,0.1356372941423145,0,3.721355676651001,3.900243043899536,3.7675890922546387,3.7248432636260986,3.6507904529571533
L178H,3,3.698416550466,3.6469348430633546,0.03567149648363319,0.05148170740264524,0,3.632628917694092,3.62235951423645,3.6129891872406006,3.6679043769836426,3.6987922191619873
L178F,1,3.693019944515,3.564752721786499,0.04749325899889909,0.1282672227285011,0,3.5862536430358887,3.5565812587738037,3.552135944366455,3.4998443126678467,3.628948450088501
A179P,4,1.6180266493200002,3.142055892944336,0.1883702008751099,1.5240292436243357,1,3.167430877685547,3.328845977783203,3.030024766921997,2.881234884262085,3.3027429580688477
A179S,2,3.6042418866,3.566588878631592,0.05799234786977731,0.037653007968408314,0,3.5818586349487305,3.626037359237671,3.5390255451202393,3.4805068969726562,3.605515956878662
A179T,1,3.616657521968,3.6795843601226808,0.05693858727160716,0.06292683815468081,0,3.642024278640747,3.615709066390991,3.7512307167053223,3.663654327392578,3.7253034114837646
A179V,4,3.69130811916,3.6397353172302247,0.02429939757619357,0.0515728019297752,0,3.643594264984131,3.6023716926574707,3.65773606300354,3.631570339202881,3.6634042263031006
D180A,3,3.5885878109800005,3.5819275856018065,0.01837509771403676,0.006660225378193996,0,3.582963466644287,3.586923837661743,3.6039037704467773,3.552934169769287,3.5829126834869385
D180G,1,3.6090130540125,3.7058791637420656,0.11617125613423518,0.09686610972956577,0,3.580742120742798,3.6207942962646484,3.6754205226898193,3.801795721054077,3.8506431579589844
D180E,4,3.74301019896,3.6096863746643066,0.04886942913911147,0.13332382429569334,0,3.5786757469177246,3.565875768661499,3.609128952026367,3.6911396980285645,3.603611707687378
D180V,0,3.53647039066,3.507756996154785,0.06201334131209911,0.02871339450521493,0,3.582848072052002,3.4477779865264893,3.5594096183776855,3.4993717670440674,3.4493775367736816
D180Y,2,3.63512240984,3.675166654586792,0.09875127333861149,0.04004424474679169,0,3.601256847381592,3.8276479244232178,3.6007027626037598,3.6244263648986816,3.721799373626709
D180N,3,3.719334200885,3.6196922779083254,0.031169711541503616,0.09964192297667473,0,3.642832040786743,3.6329545974731445,3.6220390796661377,3.565542697906494,3.6350929737091064
D180H,1,3.66680830767,3.6740626811981203,0.05223394541155151,0.007254373528120084,0,3.615535020828247,3.6335184574127197,3.665682554244995,3.7285046577453613,3.7270727157592773
H181Y,0,3.5590924341199988,3.5965340614318846,0.05442851858587233,0.03744162731188583,0,3.559732437133789,3.6654257774353027,3.6453797817230225,3.5627076625823975,3.549424648284912
H181L,0,3.384954358156,3.2765952587127685,0.17863458241590763,0.10835909944323152,0,3.217700958251953,3.4097700119018555,3.2416598796844482,3.485442638397217,3.028402805328369
H181N,0,3.52879350515,3.519822025299072,0.034588246967062246,0.008971479850927722,0,3.474135398864746,3.560086250305176,3.5132486820220947,3.5477488040924072,3.5038909912109375
H181P,4,1.66064912466,2.1699020862579346,0.08112335835606169,0.5092529615979347,1,2.094304323196411,2.1438369750976562,2.1818814277648926,2.303525924682617,2.1259617805480957
H181Q,3,3.66722657968333,3.4130452632904054,0.07368530164319043,0.25418131639292474,0,3.4996070861816406,3.3305671215057373,3.481348991394043,3.385132074356079,3.3685710430145264
H181R,3,1.49327458652,2.7555491447448732,0.26358263387874276,1.2622745582248733,1,3.1692235469818115,2.6674599647521973,2.838322162628174,2.4850850105285645,2.617655038833618
Y182S,4,3.58833176987,3.567513608932495,0.027004219970294743,0.02081816093750488,0,3.546422004699707,3.541588068008423,3.6097021102905273,3.5678791999816895,3.571976661682129
Y182H,3,3.6554099070357102,3.5809749603271483,0.04038146302485304,0.07443494670856188,0,3.5436103343963623,3.585968494415283,3.5419702529907227,3.5939364433288574,3.6393892765045166
Y182F,4,3.700307806162,3.653348684310913,0.03271039777741259,0.04695912185108675,0,3.669654130935669,3.6829164028167725,3.598649024963379,3.6651360988616943,3.650387763977051
Y182C,0,3.70463514642571,3.6722983837127687,0.03092278487837367,0.03233676271294117,0,3.712653875350952,3.6638271808624268,3.6848509311676025,3.6722121238708496,3.6279478073120117
Y182N,3,3.62982792539,3.3934232234954833,0.07699796359319479,0.23640470189451657,0,3.4488673210144043,3.3717641830444336,3.2684311866760254,3.452976942062378,3.425076484680176
Q183L,1,1.44235695994,3.407854747772217,0.055926837640108196,1.965497787832217,1,3.3953607082366943,3.33005952835083,3.4291884899139404,3.4839887619018555,3.4006762504577637
Q183R,3,1.40386785463,1.8014628648757935,0.23908955222414632,0.39759501024579347,1,1.8421974182128906,1.6475857496261597,2.1995339393615723,1.6128191947937012,1.7051780223846436
Q184L,3,3.6926675635300006,3.683717155456543,0.03906439628593234,0.008950408073457705,0,3.7232797145843506,3.727205753326416,3.6670544147491455,3.641404390335083,3.6596415042877197
Q184R,0,3.770379103534,2.6653554916381834,0.117639317415847,1.1050236118958168,1,2.6068532466888428,2.552666664123535,2.602734327316284,2.8454251289367676,2.7190980911254883
Q184P,4,1.30106518596,3.549345588684082,0.026577223047286765,2.248280402724082,1,3.561692237854004,3.5667150020599365,3.5045127868652344,3.545790433883667,3.5680174827575684
N185S,4,3.638504715457,3.5154168605804443,0.03956446466676519,0.12308785487655571,0,3.5670084953308105,3.5356245040893555,3.460688829421997,3.511904716491699,3.5018577575683594
N185I,4,3.65142984725,3.4376547813415526,0.051979678002139006,0.21377506590844764,0,3.429126501083374,3.4605419635772705,3.358257293701172,3.4402406215667725,3.500107526779175
N185Y,0,3.12743261397,3.630415153503418,0.046412440519010556,0.5029825395334182,1,3.5856246948242188,3.586581230163574,3.695241689682007,3.6322340965270996,3.6523940563201904
N185T,2,3.62714853618,3.5886078834533692,0.0263231240117737,0.038540652726630764,0,3.5806972980499268,3.616013765335083,3.5478668212890625,3.593212366104126,3.6052491664886475
N185D,1,3.629205441557141,3.5748321056365966,0.02580270116052881,0.054373335920544275,0,3.5660922527313232,3.56124210357666,3.589043617248535,3.545973777770996,3.6118087768554688
T186S,2,3.691978905825,3.6003928184509277,0.058867491831308336,0.09158608737407237,0,3.6010069847106934,3.6961679458618164,3.600429058074951,3.556614637374878,3.5477454662323
T186A,0,3.6919243737192295,3.5709306716918947,0.02488926128121361,0.12099370202733484,0,3.6017844676971436,3.5767884254455566,3.584578275680542,3.5414295196533203,3.55007266998291
P187T,2,3.73186623371,3.639889192581177,0.04127652776180755,0.09197704112882299,0,3.705829381942749,3.6154284477233887,3.6004538536071777,3.6263904571533203,3.651343822479248
P187S,1,3.72605043188,3.601196527481079,0.02259573309864316,0.12485390439892097,0,3.5847582817077637,3.632044792175293,3.5743138790130615,3.610593318939209,3.6042723655700684
P187L,3,3.587261260735,3.6379848957061767,0.024084636178261322,0.0507236349711766,0,3.678548812866211,3.6296932697296143,3.6348679065704346,3.6326637268066406,3.6141507625579834
P187H,1,3.53334178578,3.6582204341888427,0.05402511086577881,0.12487864840884288,0,3.6076271533966064,3.636110782623291,3.7317628860473633,3.6176915168762207,3.6979098320007324
I188L,2,3.75476334592,3.745692253112793,0.04362380639521314,0.00907109280720686,0,3.7178802490234375,3.8179619312286377,3.743433713912964,3.705615758895874,3.7435696125030518
I188F,3,3.65847951154455,3.7321212768554686,0.016802609066858813,0.07364176531091848,0,3.708953857421875,3.735013246536255,3.7230663299560547,3.7407827377319336,3.7527902126312256
I188A,1,3.75955078576,3.6724485397338866,0.0478651889792102,0.0871022460261135,0,3.666567087173462,3.725804090499878,3.689208984375,3.6847100257873535,3.5959525108337402
I188N,0,3.709523629604,3.631289339065552,0.05493813153905103,0.0782342905384481,0,3.580230236053467,3.639641046524048,3.7212696075439453,3.6171975135803223,3.5981082916259766
I188S,3,3.61007137759,3.6624917507171633,0.026223239906162717,0.05242037312716308,0,3.67065167427063,3.636699676513672,3.6586341857910156,3.6434621810913086,3.7030110359191895
I188T,0,3.68433116082,3.630181312561035,0.06293183845326267,0.05414984825896463,0,3.585871458053589,3.5756711959838867,3.7336180210113525,3.637801170349121,3.6179447174072266
I188V,4,3.76210523671286,3.702280139923096,0.01922319997096947,0.05982509678976422,0,3.724249839782715,3.7206976413726807,3.6974639892578125,3.6840426921844482,3.6849465370178223
G189S,4,3.710405546526,3.6026659488677977,0.028546859325354824,0.10773959765820251,0,3.633169651031494,3.5682528018951416,3.60273814201355,3.580735206604004,3.6284339427948
G189D,2,3.6672788710300006,3.445019817352295,0.15947496845897188,0.2222590536777056,0,3.305269241333008,3.585974931716919,3.6471540927886963,3.3633365631103516,3.3233642578125
G189C,3,3.83452065015,3.6319744110107424,0.05174924806464423,0.20254623913925762,0,3.690577745437622,3.611607074737549,3.554046869277954,3.6529037952423096,3.6507365703582764
G189A,4,3.39570076792,3.60091495513916,0.02698041348126904,0.20521418721915996,0,3.641991138458252,3.590742588043213,3.567983388900757,3.59777569770813,3.606081962585449
D190N,0,3.649349499335,3.601389980316162,0.034469154121024984,0.04795951901883777,0,3.577744245529175,3.612626552581787,3.648366928100586,3.558978319168091,3.609233856201172
D190A,1,3.62136710372,3.6692310333251954,0.04014107299631083,0.04786392960519548,0,3.6810405254364014,3.6472678184509277,3.6716530323028564,3.726891040802002,3.619302749633789
D190V,4,3.687837178846,3.657589864730835,0.03635370823994392,0.03024731411516468,0,3.7056150436401367,3.627195358276367,3.663635492324829,3.6162619590759277,3.675241470336914
D190G,3,3.71195957091,3.590423107147217,0.020104851446005267,0.12153646376278315,0,3.60105299949646,3.5842843055725098,3.5626304149627686,3.6166036128997803,3.5875442028045654
G191C,3,3.7011637001275,3.752621603012085,0.064970091328529,0.05145790288458496,0,3.7637431621551514,3.7099571228027344,3.666365385055542,3.828284978866577,3.79475736618042
G191D,2,3.64851098675,3.4687484741210937,0.13369209298745793,0.1797625126289062,0,3.5182268619537354,3.6269869804382324,3.488478422164917,3.2608139514923096,3.4492361545562744
G191S,3,3.671933639736,3.7213243007659913,0.024931842267475413,0.049390661029991456,0,3.715611457824707,3.765446424484253,3.7114408016204834,3.705955743789673,3.70816707611084
G191V,2,3.8231935446900014,3.6750945091247558,0.11228844016020638,0.14809903556524562,0,3.656277656555176,3.8244478702545166,3.605085611343384,3.5422606468200684,3.7474007606506348
G191A,3,3.4568707897500004,3.6585676193237306,0.03571024263819657,0.20169682957373025,0,3.6197633743286133,3.714374542236328,3.6688807010650635,3.644113302230835,3.6457061767578125
P192T,4,3.66914641994,3.666565275192261,0.03006576335333973,0.0025811447477392946,0,3.656020164489746,3.6344380378723145,3.6554064750671387,3.672279119491577,3.7146825790405273
P192H,4,3.6221055008566703,3.6631869316101073,0.03117173110533139,0.041081430753437065,0,3.6257896423339844,3.6653101444244385,3.6537928581237793,3.7119574546813965,3.6590845584869385
P192L,2,3.72231738361667,3.6414910793304442,0.08145469930129622,0.08082630428622561,0,3.6700921058654785,3.692734479904175,3.5066022872924805,3.6278693675994873,3.7101571559906006
P192S,3,3.67749541748667,3.6316036224365233,0.03505377351489873,0.04589179505014673,0,3.663166046142578,3.6462929248809814,3.6594350337982178,3.5849609375,3.60416316986084
V193M,1,3.71919997060667,3.7109401702880858,0.05497049961814631,0.008259800318584087,0,3.6563186645507812,3.801412582397461,3.7115533351898193,3.681459426879883,3.7039568424224854
V193A,3,3.68774187558,3.6192273139953612,0.021606238524092398,0.06851456158463876,0,3.6049118041992188,3.6293752193450928,3.640929698944092,3.5888419151306152,3.632077932357788
V193L,1,3.6379227447033298,3.734648323059082,0.07342415658182731,0.09672557835575235,0,3.7677230834960938,3.781765937805176,3.6129612922668457,3.7194666862487793,3.7913246154785156
V193G,3,3.77359419394,3.558994770050049,0.019685732799000474,0.21459942388995135,0,3.551584005355835,3.564790725708008,3.5907135009765625,3.5450379848480225,3.5428476333618164
V193E,4,3.62848676767143,3.5183363437652586,0.07949885568422096,0.11015042390617147,0,3.3915762901306152,3.5439493656158447,3.5300004482269287,3.610069751739502,3.5160858631134033
L194P,1,3.65886499949125,3.470277214050293,0.02904483262573294,0.18858778544095722,0,3.5074760913848877,3.457479238510132,3.490251064300537,3.4332010746002197,3.4629786014556885
L194R,3,3.65683190371,3.684378719329834,0.01902583304620283,0.027546815619833964,0,3.6693296432495117,3.6652987003326416,3.698554277420044,3.6792328357696533,3.7094781398773193
L194Q,1,3.7123236751725,3.444455146789551,0.1558150825323811,0.2678685283829494,1,3.2407827377319336,3.421359062194824,3.365213394165039,3.5658605098724365,3.6290600299835205
L195R,1,3.64177523545,3.644139528274536,0.10018610522850242,0.002364292824536207,0,3.672849655151367,3.659054756164551,3.4895403385162354,3.6323814392089844,3.766871452331543
L195Q,1,3.632777135452,3.5941519737243652,0.09091894196242044,0.03862516172763497,0,3.659162998199463,3.5500402450561523,3.6833364963531494,3.4588615894317627,3.619358539581299
L195M,3,3.7534504301,3.685305595397949,0.021526605905788084,0.0681448347020508,0,3.6638617515563965,3.6786861419677734,3.675787925720215,3.687465190887451,3.72072696685791
L195P,0,3.55880122896429,3.5561663627624513,0.04244491866231876,0.002634866201838726,0,3.52662992477417,3.5907740592956543,3.6082053184509277,3.5475780963897705,3.5076444149017334
L195V,3,3.56976397378667,3.6889949798583985,0.014569354971080216,0.11923100607172854,0,3.6971068382263184,3.6884517669677734,3.6677677631378174,3.6848905086517334,3.7067580223083496
P196L,3,3.52711570184,3.6428003787994383,0.026892175868077704,0.11568467695943818,0,3.667642831802368,3.671937942504883,3.639617443084717,3.6253488063812256,3.609454870223999
P196A,2,3.617753789475,3.500511884689331,0.35431683522843216,0.11724190478566898,0,3.730997085571289,3.4562807083129883,3.6433353424072266,2.9043846130371094,3.767561674118042
P196S,0,3.53141442619,3.575158977508545,0.0285608257895679,0.04374455131854482,0,3.5524086952209473,3.5788955688476562,3.5606045722961426,3.560669183731079,3.6232168674468994
P196T,2,3.577325037505,3.58091197013855,0.05538081842582582,0.003586932633549811,0,3.5619754791259766,3.6640424728393555,3.543552875518799,3.527225971221924,3.6077630519866943
D197N,4,3.705274045288,3.6513018131256105,0.012273146062603857,0.053972232162389666,0,3.6486618518829346,3.6556549072265625,3.6327319145202637,3.666426658630371,3.65303373336792
D197G,2,3.72764328946545,3.5746654987335207,0.03202500179221453,0.1529777907319292,0,3.5403642654418945,3.6160662174224854,3.544293165206909,3.583259105682373,3.5893447399139404
D197E,3,3.69136526016,3.6292030811309814,0.03101072933707663,0.06216217902901855,0,3.656438112258911,3.613011360168457,3.6420702934265137,3.6518261432647705,3.582669496536255
D197V,1,3.73338899253429,3.6398862838745116,0.02431281003416611,0.09350270865977839,0,3.6159863471984863,3.6481499671936035,3.6122326850891113,3.6649391651153564,3.658123254776001
D197A,1,3.68954529297333,3.6642093658447266,0.01696922670079274,0.02533592712860333,0,3.6712563037872314,3.652662754058838,3.643846273422241,3.687711000442505,3.6655704975128174
D197Y,1,3.59250950361,3.655351448059082,0.036756910369363106,0.06284194444908175,0,3.591576337814331,3.6845459938049316,3.672323226928711,3.668717622756958,3.6595940589904785
N198D,4,3.797525664001,3.5780285835266112,0.02511061814175792,0.21949708047438854,0,3.6114578247070312,3.5555717945098877,3.5816357135772705,3.590500593185425,3.5509769916534424
N198T,2,3.59480564995,3.683035373687744,0.03924353642389815,0.08822972373774407,0,3.6229958534240723,3.716888904571533,3.6705918312072754,3.686405658721924,3.718294620513916
N198Y,4,3.569570084915,3.6285062789916993,0.05335435938341525,0.058936194076699255,0,3.6686830520629883,3.5516867637634277,3.6814913749694824,3.6419034004211426,3.598766803741455
N198H,1,3.74262824842,3.6908874988555906,0.03364918920072459,0.05174074956440933,0,3.660576581954956,3.652211904525757,3.7041125297546387,3.704894781112671,3.7326416969299316
N198S,3,3.76287563826429,3.6665842056274416,0.01435258712664452,0.09629143263684847,0,3.666985273361206,3.6769089698791504,3.643141984939575,3.6795315742492676,3.666353225708008
N198K,4,3.658427054080002,3.6022696495056152,0.05034776009064084,0.05615740457438667,0,3.6453497409820557,3.539950370788574,3.625066041946411,3.6445024013519287,3.5564796924591064
N198I,3,3.690305015054,3.6102617263793944,0.045406028875896655,0.08004328867460586,0,3.629880428314209,3.6813254356384277,3.574713706970215,3.5789313316345215,3.5864577293395996
H199Y,0,3.52885403439,3.5560380935668947,0.07189575423420289,0.027184059176894593,0,3.4834976196289062,3.6433119773864746,3.61163330078125,3.487457752227783,3.5542898178100586
H199R,3,1.57174180849667,2.1662240266799926,0.27116473249414746,0.5944822181833227,1,2.4849114418029785,2.2016520500183105,2.1610817909240723,1.7364073991775513,2.247067451477051
H199P,2,1.53783532158,2.4864155769348146,0.11381047499979255,0.9485802553548146,1,2.3605294227600098,2.4912185668945312,2.599813938140869,2.5976176261901855,2.3828983306884766
H199L,3,3.292726375016,3.0580995082855225,0.13950081985188226,0.2346268667304776,0,3.045928955078125,3.116211414337158,3.250973701477051,2.873117685317993,3.004265785217285
Y200C,3,3.692282034645,3.619777297973633,0.03514183096051782,0.07250473667136692,0,3.6357340812683105,3.5944771766662598,3.577280282974243,3.6245388984680176,3.666856050491333
Y200D,1,3.2081455731299995,3.634189081192017,0.024782820230370973,0.4260435080620173,1,3.602349042892456,3.616384983062744,3.660395622253418,3.654978036880493,3.6368377208709717
Y200F,2,3.73414805968125,3.4793222904205323,0.1070380089045865,0.25482576926071765,0,3.4055299758911133,3.5085678100585938,3.3333396911621094,3.5688297748565674,3.5803442001342773
Y200H,0,3.65832487850833,3.6131168842315673,0.06624709455942501,0.0452079942767627,0,3.5839169025421143,3.600752830505371,3.7300209999084473,3.5707263946533203,3.580167293548584
Y200S,2,3.648596165880001,3.4140084266662596,0.11236632651960657,0.2345877392137412,0,3.250093460083008,3.4965295791625977,3.4810922145843506,3.3429832458496094,3.4993436336517334
Y200N,2,3.612972493732,3.432513952255249,0.15648456622535492,0.18045854147675078,0,3.202751636505127,3.6129791736602783,3.5202291011810303,3.367701530456543,3.4589083194732666
L201Q,1,3.5528536490271403,2.809181880950928,0.15344152860907725,0.7436717680762124,1,2.67146635055542,2.824507713317871,2.6341140270233154,2.951295852661133,2.9645254611968994
L201H,2,3.34748486939,3.1929690837860107,0.1253848940208667,0.15451578560398938,0,3.314570665359497,3.292268753051758,3.128032684326172,3.0104427337646484,3.2195305824279785
L201P,0,1.589400006245,3.1584715366363527,0.10160811685249813,1.5690715303913527,1,3.2802860736846924,3.081695318222046,3.1887335777282715,3.2125072479248047,3.0291354656219482
L201R,0,1.3271995788200002,3.045031023025513,0.1757541780470074,1.7178314442055127,1,3.34847354888916,2.926063060760498,3.0465497970581055,2.955796957015991,2.9482717514038086
S202I,1,3.632484111765,3.623951864242554,0.10755853102810012,0.008532247522446301,0,3.5207812786102295,3.656421422958374,3.686460018157959,3.504282236099243,3.751814365386963
S202R,2,3.698090494752,2.9903543472290037,0.1076976075980896,0.7077361475229962,1,2.906492233276367,3.0355238914489746,2.894432544708252,3.1552844047546387,2.960038661956787
S202T,2,3.681730611475,3.548200559616089,0.061957307164672445,0.13353005185891087,0,3.6103017330169678,3.6045193672180176,3.4737844467163086,3.496027946472168,3.5563693046569824
S202N,4,3.748605201175,3.5748077392578126,0.03317653872073623,0.1737974619171876,0,3.5570051670074463,3.6264963150024414,3.5405266284942627,3.585932731628418,3.564077854156494
S202G,2,3.63032199642286,3.2884568214416503,0.1630252535325796,0.34186517498120983,1,3.51784086227417,3.294478178024292,3.0951709747314453,3.355172872543335,3.1796212196350098
S202C,0,3.776162609972,3.7285054206848143,0.04975424368589799,0.04765718928718554,0,3.715909004211426,3.6511685848236084,3.7510035037994385,3.7843856811523438,3.740060329437256
T203P,3,3.41171715431,2.981155204772949,0.024441649707262827,0.4305619495370512,1,2.960507869720459,3.0226712226867676,2.979032516479492,2.9772353172302246,2.9663290977478027
T203S,1,3.470634425685,3.7267783641815186,0.03840388178827005,0.2561439384965185,0,3.6605119705200195,3.7349770069122314,3.7577333450317383,3.7327446937561035,3.7479248046875
T203I,3,3.8339493790300008,3.5678428173065186,0.040054600364345785,0.2661065617234821,1,3.558274507522583,3.622979164123535,3.542954683303833,3.5224838256835938,3.592521905899048
T203A,3,3.62508365959857,3.5963386058807374,0.04343962903035819,0.028745053717832647,0,3.58852219581604,3.599520206451416,3.61061692237854,3.531406879425049,3.6516268253326416
Q204R,3,3.69060937427333,3.2847705841064454,0.1560560532092368,0.4058387901668845,1,3.4316582679748535,3.466113567352295,3.2427990436553955,3.152103900909424,3.131178140640259
Q204L,4,3.747582213763,3.5619818210601806,0.061803565982578426,0.18560039270281958,0,3.530752658843994,3.656285524368286,3.5666332244873047,3.5674586296081543,3.488779067993164
Q204H,0,3.79312030725,3.6988627433776857,0.019344883648678715,0.09425756387231443,0,3.7198991775512695,3.679265260696411,3.7024781703948975,3.678384780883789,3.7142863273620605
S205A,0,3.66913514877,3.6359561920166015,0.04696839617516677,0.03317895675339866,0,3.6467127799987793,3.648267984390259,3.593984365463257,3.587890386581421,3.702925443649292
S205T,0,3.731413366994,3.598657751083374,0.03490216177853285,0.132755615910626,0,3.5626273155212402,3.574199676513672,3.5853569507598877,3.6293511390686035,3.641753673553467
S205P,4,3.19303348778,2.7754305839538573,0.16076617506999188,0.41760290382614285,1,2.5848007202148438,3.015655517578125,2.753605604171753,2.8266353607177734,2.696455717086792
S205F,0,1.56469500993,3.4274091720581055,0.07994409430385464,1.8627141621281054,1,3.4018967151641846,3.4349467754364014,3.5223746299743652,3.3086819648742676,3.4691457748413086
S205C,1,3.6363637308800008,3.3897164344787596,0.09733388965665234,0.24664729640124117,0,3.4158668518066406,3.3344109058380127,3.5104119777679443,3.256208658218384,3.4316837787628174
A206G,2,3.56786456407,3.6073723793029786,0.02967479669528739,0.039507815232978416,0,3.6451709270477295,3.5966336727142334,3.617640972137451,3.6129586696624756,3.564457654953003
A206T,3,3.791608025115,3.6655852794647217,0.01955738833464845,0.12602274565027827,0,3.662278652191162,3.636747360229492,3.673795223236084,3.664638042449951,3.690467119216919
A206S,2,3.630017863915,3.682570457458496,0.0490963299392803,0.05255259354349606,0,3.641655921936035,3.673552989959717,3.7278974056243896,3.630922317504883,3.738823652267456
A206V,4,3.822155736130002,3.6876728534698486,0.01846543177451112,0.13448288266015318,0,3.6954243183135986,3.669452428817749,3.6735353469848633,3.684659242630005,3.7152929306030273
A206D,0,3.6179848087,3.625116777420044,0.04671085458985008,0.007131968720043957,0,3.562258005142212,3.638777732849121,3.6776933670043945,3.5932631492614746,3.6535916328430176
L207P,1,3.48651547814857,2.3063514709472654,0.2576142693719875,1.1801640072013044,1,2.631199836730957,2.1973323822021484,2.467733144760132,1.9582769870758057,2.277215003967285
L207R,4,1.4695526716299998,3.3632696628570558,0.0723896547430537,1.893716991227056,1,3.3756039142608643,3.350637435913086,3.3940606117248535,3.4460954666137695,3.249950885772705
L207M,3,3.6877438471800006,3.594429683685303,0.04579224680092001,0.09331416349469768,0,3.5944101810455322,3.5649404525756836,3.5719335079193115,3.5672354698181152,3.673628807067871
L207Q,2,3.22793586096,3.0246044158935548,0.24031837393976077,0.2033314450664454,0,3.1026949882507324,2.8879876136779785,3.0971271991729736,3.334538221359253,2.700674057006836
S208C,2,3.7556546331416696,3.8779995441436768,0.10697825012545858,0.12234491100200717,0,3.7997400760650635,4.001786708831787,3.8717336654663086,3.966811180114746,3.7499260902404785
S208G,1,3.667097337592,3.6167357921600343,0.14774620052934972,0.050361545431965915,0,3.7277603149414062,3.4262826442718506,3.655271053314209,3.5022828578948975,3.7720820903778076
S208R,0,3.67583340164,3.5999113082885743,0.032957353154446804,0.07592209335142552,0,3.6029419898986816,3.623638391494751,3.5851125717163086,3.552206039428711,3.635657548904419
S208N,3,3.617918078125,3.645165300369263,0.01557379510107106,0.02724722224426257,0,3.649961471557617,3.622105598449707,3.642730236053467,3.6456334590911865,3.665395736694336
K209Q,0,3.6069776614,3.6435153484344482,0.026575993360269654,0.03653768703444804,0,3.6216750144958496,3.6358532905578613,3.6767044067382812,3.61737060546875,3.665973424911499
K209E,1,3.595037688315,3.616684913635254,0.04335550983231444,0.02164722532025376,0,3.607506275177002,3.66693377494812,3.6274547576904297,3.549232244491577,3.6322975158691406
K209I,3,3.655761312035,3.666820430755615,0.02821850057661689,0.011059118720615047,0,3.6910417079925537,3.691636800765991,3.6413931846618652,3.6780080795288086,3.6320223808288574
K209N,0,3.6518394999166697,3.637073040008545,0.04347682452856194,0.014766459908124752,0,3.644484043121338,3.618931293487549,3.6995997428894043,3.580143690109253,3.6422064304351807
K209T,2,3.72306023411,3.625065326690674,0.03586938886375628,0.09799490741932626,0,3.6224634647369385,3.638274908065796,3.5751256942749023,3.615596055984497,3.6738665103912354
K209S,3,3.67712582324,3.6107616901397703,0.03554374803914141,0.0663641331002296,0,3.607649564743042,3.5865936279296875,3.643714666366577,3.5669517517089844,3.6488988399505615
K209R,4,3.64498377540313,3.6257174968719483,0.030466458630610083,0.01926627853118168,0,3.634164333343506,3.6043386459350586,3.6688528060913086,3.589787483215332,3.631444215774536
D210G,0,2.61387786989,3.4343183517456053,0.09891616579379957,0.8204404818556053,1,3.3636162281036377,3.5016837120056152,3.474348545074463,3.2990846633911133,3.5328586101531982
D210V,4,3.4688006453699995,3.4663806915283204,0.07169571953421715,0.0024199538416791455,0,3.361421823501587,3.4707725048065186,3.471538543701172,3.56382155418396,3.4643490314483643
D210N,2,3.48421226166,3.3478928089141844,0.22662764109481717,0.1363194527458158,0,3.095975399017334,3.108464241027832,3.543505907058716,3.5322179794311523,3.4593005180358887
P211A,1,3.67561425091,3.6263436794281008,0.0564538019817891,0.04927057148189906,0,3.560081720352173,3.65813946723938,3.5783658027648926,3.6388766765594482,3.6962547302246094
P211H,4,3.58025831183,3.6665139198303223,0.03420499309177268,0.08625560800032206,0,3.636258363723755,3.70340895652771,3.6412954330444336,3.704041004180908,3.6475658416748047
P211S,1,3.62047063593333,3.586628532409668,0.04381541377606655,0.033842103523662015,0,3.5610175132751465,3.5992722511291504,3.5242345333099365,3.616225242614746,3.6323931217193604
P211T,3,3.6971414884599993,3.6101338863372803,0.017502251326207537,0.08700760212271907,0,3.634111166000366,3.61069917678833,3.6096928119659424,3.58467698097229,3.6114892959594727
N212K,3,3.7008097101,3.5644474983215333,0.030233590362802442,0.13636221177846686,0,3.581840991973877,3.6024668216705322,3.536095380783081,3.5701303482055664,3.5317039489746094
N212S,1,3.707070982565,3.7296000957489013,0.026037649316810418,0.022529113183901384,0,3.746318817138672,3.692589282989502,3.7352874279022217,3.7583911418914795,3.715413808822632
N212I,1,3.6275496311175,3.694683313369751,0.023928428055994728,0.0671336822522508,0,3.675461530685425,3.6903393268585205,3.6718525886535645,3.70554518699646,3.730217933654785
N212D,3,3.711317285957141,3.6380522727966307,0.06409150558050228,0.07326501316051015,0,3.6487293243408203,3.7383930683135986,3.638718366622925,3.579810857772827,3.5846097469329834
N212T,2,3.76595435184,3.658368682861328,0.035547639839988356,0.10758566897867183,0,3.6260123252868652,3.694991111755371,3.623934745788574,3.6960983276367188,3.6508069038391113
N212Y,1,3.7052734739925,3.6922468185424804,0.03634269485819145,0.013026655450019575,0,3.653143882751465,3.70232892036438,3.720533847808838,3.654850959777832,3.7303764820098877
E213G,4,1.88290872543,2.987400245666504,0.2694278658108927,1.104491520236504,1,2.91232967376709,2.6277315616607666,2.89805006980896,3.3203322887420654,3.1785576343536377
E213K,3,1.30147454194,2.804403209686279,0.19562182467250383,1.5029286677462792,1,2.7913784980773926,3.1279263496398926,2.7850050926208496,2.606466293334961,2.711239814758301
E213D,2,3.5790441984,2.165144181251526,0.24406799687681,1.4139000171484741,1,1.933837652206421,1.9838465452194214,2.4379849433898926,2.0510473251342773,2.419004440307617
E213V,2,3.06977809565333,2.5368258476257326,0.2905828232048823,0.5329522480275974,1,2.1613144874572754,2.417062759399414,2.854349374771118,2.4443416595458984,2.807060956954956
K214M,4,3.71423751045,3.6102341651916503,0.0322036046684059,0.10400334525834953,0,3.5776736736297607,3.664069175720215,3.601708173751831,3.599620819091797,3.6080989837646484
K214R,4,3.7364544660723102,3.625749111175537,0.03537952031625119,0.11070535489677313,0,3.606160879135132,3.6408867835998535,3.6812121868133545,3.597352981567383,3.603132724761963
K214T,4,3.65628992479667,3.61357102394104,0.024398809991743514,0.042718900855629904,0,3.5780279636383057,3.6455507278442383,3.6093063354492188,3.622300148010254,3.6126699447631836
K214Q,1,3.563372142585,3.64801025390625,0.06560115673405294,0.08463811132124999,0,3.6099696159362793,3.7130064964294434,3.608314275741577,3.584075689315796,3.7246851921081543
K214N,3,3.5088995252099995,3.611953115463257,0.019041457334522616,0.10305359025325744,0,3.6251771450042725,3.6343846321105957,3.615220308303833,3.5939228534698486,3.5910606384277344
K214E,2,3.7196218983575,3.5543476581573485,0.052025401283962734,0.16527424020015147,0,3.4715259075164795,3.606231927871704,3.5858242511749268,3.542156934738159,3.5659992694854736
R215C,3,3.6280571070125,3.568875026702881,0.02957131272941619,0.0591820803096188,0,3.6012258529663086,3.5630390644073486,3.5524966716766357,3.531421661376953,3.596191883087158
R215H,1,3.61231572769,3.4809216022491456,0.05533346821719564,0.13139412544085438,0,3.47499680519104,3.5317180156707764,3.3932244777679443,3.5249617099761963,3.4797070026397705
R215L,3,3.60680115866,3.6066564083099366,0.02576191772615137,0.00014475035006356052,0,3.6081557273864746,3.6345694065093994,3.629349708557129,3.5799560546875,3.5812511444091797
R215S,3,3.50316832294,3.5862378120422362,0.04183604852494021,0.0830694891022361,0,3.533261775970459,3.617115020751953,3.628028392791748,3.550888776779175,3.6018950939178467
D216G,4,2.63718452213,3.3645191192626953,0.04354554376105861,0.7273345971326952,1,3.353567600250244,3.3559908866882324,3.3960838317871094,3.414703130722046,3.3022501468658447
D216N,1,3.37407772806333,3.4873778343200685,0.04657076560467984,0.1133001062567387,0,3.445960521697998,3.5327560901641846,3.4768383502960205,3.5394935607910156,3.441840648651123
D216E,4,3.65037397688833,3.294610118865967,0.07956898151604196,0.355763858022363,1,3.262742519378662,3.2815401554107666,3.390172004699707,3.186457633972168,3.3521382808685303
H217N,3,3.5324142976699995,2.5795249462127687,0.09077881197754745,0.9528893514572307,1,2.6924939155578613,2.4555931091308594,2.583477020263672,2.5340309143066406,2.6320297718048096
H217L,2,1.30072678465,3.303832483291626,0.10614867680166484,2.003105698641626,1,3.1472363471984863,3.385793685913086,3.2870559692382812,3.417987823486328,3.2810885906219482
H217P,0,1.3010299909799998,1.5351742267608643,0.24056382518509303,0.23414423578086452,0,1.7331029176712036,1.816938042640686,1.5075783729553223,1.379694938659668,1.2385568618774414
H217R,2,1.5408206513799998,2.4243000984191894,0.36242520128174754,0.8834794470391896,1,2.090456962585449,2.622098684310913,2.5009236335754395,2.8824939727783203,2.025527238845825
H217D,0,1.51093887241,2.618980646133423,0.26704084813094614,1.108041773723423,1,2.5602245330810547,3.021479606628418,2.3547515869140625,2.732206344604492,2.426241159439087
M218V,1,3.44010584822375,3.140363645553589,0.1771922749416786,0.29974220267016083,1,3.0754501819610596,2.9380245208740234,3.0556328296661377,3.241162061691284,3.3915486335754395
M218R,3,1.64193214684,2.4681936740875243,0.17373376089130627,0.8262615272475242,1,2.6496901512145996,2.6636104583740234,2.367682456970215,2.3555214405059814,2.3044638633728027
M218I,0,3.574279015162,3.6135369777679442,0.06140161071134539,0.039257962605944385,0,3.6338841915130615,3.5563278198242188,3.612450361251831,3.5594615936279297,3.7055609226226807
M218K,2,1.6120929470574998,2.803118276596069,0.32145328791374883,1.1910253295385693,1,2.428196907043457,2.721085548400879,3.2349724769592285,3.0146913528442383,2.616645097732544
M218T,4,3.487575849483,3.4271061420440674,0.10119816192644106,0.06046970743893265,0,3.506882429122925,3.5292344093322754,3.349425792694092,3.2952938079833984,3.4546942710876465
M218L,1,3.6470612876275017,3.396516513824463,0.12218434417808223,0.25054477380303863,0,3.4180750846862793,3.4133858680725098,3.187901020050049,3.459651470184326,3.5035691261291504
V219D,4,3.4355521945733303,3.180171823501587,0.16201425667542066,0.2553803710717433,0,3.15960955619812,3.3652186393737793,3.3038814067840576,2.9539244174957275,3.11822509765625
V219A,1,3.49325707407333,3.533244180679321,0.06973829769704626,0.03998710660599114,0,3.478424310684204,3.6274006366729736,3.4712607860565186,3.5863089561462402,3.50282621383667
V219I,0,3.73398264758,3.6231601238250732,0.007021596662437673,0.11082252375492674,0,3.619061231613159,3.617568016052246,3.6198155879974365,3.624530553817749,3.6348252296447754
L220P,1,1.47540460419667,3.0247116088867188,0.07951010108672674,1.5493070046900488,1,3.0717129707336426,2.9495742321014404,3.1322150230407715,3.0219473838806152,2.948108434677124
L220Q,0,3.08545271765,3.486664962768555,0.03642852609975639,0.4012122451185549,1,3.5189197063446045,3.5139482021331787,3.4382662773132324,3.457442283630371,3.5047483444213867
L221Q,4,3.74560867893,3.550921392440796,0.09667237002436602,0.19468728648920397,0,3.386380672454834,3.569974184036255,3.6046841144561768,3.5590457916259766,3.6345221996307373
L221R,3,3.72440350818,3.2410778522491457,0.15504589130580376,0.4833256559308543,1,3.0921924114227295,3.3497257232666016,3.3850040435791016,3.323575019836426,3.054892063140869
L221V,1,3.79334655576,3.4741491317749023,0.06765358618222521,0.31919742398509765,1,3.4746928215026855,3.402038335800171,3.5851664543151855,3.4559671878814697,3.452880859375
E222G,2,3.1611519800211094,3.5079214572906494,0.03075928085927482,0.34676947726954,1,3.4948251247406006,3.51997971534729,3.4652817249298096,3.51111102104187,3.5484097003936768
E222D,4,3.50382333806,3.262714958190918,0.11359298216345652,0.24110837986908207,0,3.3047258853912354,3.2768566608428955,3.1575727462768555,3.1504733562469482,3.4239461421966553
E222A,0,3.1508998165400004,3.2749256610870363,0.15087356404970909,0.12402584454703591,0,3.4348130226135254,3.2246060371398926,3.2706363201141357,3.3916900157928467,3.0528829097747803
F223L,4,3.682911925362,3.602965307235718,0.024323275053246,0.07994661812628223,0,3.575521945953369,3.640901565551758,3.598569393157959,3.5916621685028076,3.6081714630126953
F223S,2,3.63116889432545,3.7286935806274415,0.07154664055613351,0.09752468630199163,0,3.7003164291381836,3.7160654067993164,3.7678239345550537,3.6348206996917725,3.824441432952881
F223I,2,3.621405764835,3.640135622024536,0.0344106755285565,0.018729857189536236,0,3.6562273502349854,3.6632940769195557,3.623167037963867,3.587733745574951,3.6702558994293213
F223V,0,3.70567659522,3.647703456878662,0.01780328849260169,0.05797313834133799,0,3.6249279975891113,3.64996337890625,3.6427786350250244,3.6463499069213867,3.674497365951538
F223Y,3,3.792177927330002,3.647426128387451,0.03702995081207249,0.14475179894255064,0,3.599250078201294,3.694669246673584,3.663283586502075,3.623093843460083,3.6568338871002197
V224G,2,3.353277636,3.5244285583496096,0.054436090296402485,0.1711509223496095,0,3.547621250152588,3.443507432937622,3.592557907104492,3.5251998901367188,3.513256311416626
V224E,4,3.199485268645,3.331925392150879,0.08683686150443991,0.13244012350587875,0,3.434295415878296,3.2221755981445312,3.335726261138916,3.39542818069458,3.2720015048980713
V224A,1,3.535565212423,3.564741039276123,0.019433909148342282,0.02917582685312281,0,3.535707473754883,3.5875284671783447,3.5736517906188965,3.5576841831207275,3.5691332817077637
V224L,4,3.75774692977333,3.526210594177246,0.03883174508954915,0.231536335596084,0,3.4908742904663086,3.4785423278808594,3.5427048206329346,3.5558032989501953,3.5631282329559326
T225S,1,3.7601636420457103,3.6316668510437013,0.04839789046979251,0.12849679100200895,0,3.626566171646118,3.6608951091766357,3.692018508911133,3.5641446113586426,3.6147098541259766
T225P,3,2.72574018227,3.582496690750122,0.017058849636613693,0.8567565084801219,1,3.593459367752075,3.5776526927948,3.6054060459136963,3.5740745067596436,3.5618908405303955
T225N,4,3.65870135247,3.6524980545043944,0.06550042974770001,0.006203297965605703,0,3.6488800048828125,3.5788722038269043,3.7038066387176514,3.7316415309906006,3.599289894104004
T225I,3,3.6210505616,3.6062272071838377,0.010930106114452741,0.014823354416162449,0,3.598606586456299,3.603086471557617,3.6007440090179443,3.625483274459839,3.6032156944274902
T225A,4,3.68571702883529,3.6226648330688476,0.023450308271724715,0.0630521957664425,0,3.645291328430176,3.6315574645996094,3.5974459648132324,3.641341209411621,3.5976881980895996
A226V,1,3.59190800078,3.534503936767578,0.04587680901380087,0.05740406401242204,0,3.488466739654541,3.4808294773101807,3.5653252601623535,3.562040328979492,3.5758578777313232
A226T,0,3.60192333225,3.56314697265625,0.014380178702694332,0.038776359593750254,0,3.5682601928710938,3.5718042850494385,3.541531562805176,3.5777480602264404,3.5563907623291016
A226S,3,3.5775370072,3.5781929969787596,0.024924546927675668,0.0006559897787594693,0,3.558748722076416,3.6061224937438965,3.5678718090057373,3.554427146911621,3.603794813156128
A226D,4,3.26338117027,3.5699742794036866,0.015443610438802125,0.3065931091336864,1,3.5578067302703857,3.5493249893188477,3.5845792293548584,3.579547643661499,3.578612804412842
A227T,0,3.728284521005,3.6629337787628176,0.029531637007823172,0.0653507422421824,0,3.6647558212280273,3.6754977703094482,3.654179573059082,3.7003347873687744,3.619900941848755
A227V,0,3.63948832975,3.625503492355347,0.04872227659733159,0.01398483739465295,0,3.615117073059082,3.630058765411377,3.6935036182403564,3.631904363632202,3.556933641433716
A227P,0,3.73116200157,3.4330018520355225,0.07195597670299193,0.29816014953447745,1,3.466038942337036,3.3242127895355225,3.417051076889038,3.438079357147217,3.519627094268799
A227D,2,3.67945465217333,3.4373498439788817,0.1732976936185653,0.24210480819444813,0,3.5070178508758545,3.449202060699463,3.3488388061523438,3.6724436283111572,3.209246873855591
A227S,1,3.63820589306,3.717535161972046,0.05615128417117173,0.07932926891204595,0,3.6961851119995117,3.660590887069702,3.8011269569396973,3.683969020843506,3.7458038330078125
G228V,3,3.66802720695,3.6212416172027586,0.03651163496912601,0.04678558974724156,0,3.6342294216156006,3.654320001602173,3.628286838531494,3.5585646629333496,3.6308071613311768
G228E,1,3.63739516719,3.5757636547088625,0.04074780976931611,0.061631512481137296,0,3.599494218826294,3.6250104904174805,3.58125376701355,3.520030975341797,3.5530288219451904
G228R,2,3.75857662051,3.5073064804077148,0.0845725988763788,0.2512701401022852,0,3.3861379623413086,3.5856072902679443,3.5904386043548584,3.4810216426849365,3.4933269023895264
G228W,3,3.69390274355,3.6071642875671386,0.05315978485335097,0.08673845598286123,0,3.6077895164489746,3.662081241607666,3.557142972946167,3.5506906509399414,3.6581170558929443
I229F,0,3.684486970778,3.6230470657348635,0.04106231015575013,0.061439905043136456,0,3.671644687652588,3.5654397010803223,3.6286234855651855,3.6021018028259277,3.647425651550293
I229D,4,3.69109671854,3.6331599712371827,0.03348171737796633,0.05793674730281717,0,3.682605028152466,3.6473374366760254,3.630007028579712,3.602750062942505,3.603100299835205
I229V,0,3.66119650012429,3.7607284069061278,0.04617103720979759,0.09953190678183788,0,3.8197834491729736,3.7065773010253906,3.7867960929870605,3.7234702110290527,3.767014980316162
I229M,2,3.77433949813,3.677913522720337,0.05290145571883738,0.0964259754096628,0,3.673574924468994,3.754242181777954,3.6707096099853516,3.605527639389038,3.6855132579803467
I229N,0,3.7034824497575,3.605588436126709,0.0599404870300218,0.09789401363079087,0,3.6710164546966553,3.617266893386841,3.507774829864502,3.6252248287200928,3.606659173965454
I229T,0,3.68968596111945,3.687746286392212,0.0420356218867106,0.0019396747272382164,0,3.732947826385498,3.6281886100769043,3.7222907543182373,3.6839993000030518,3.671304941177368
T230P,3,3.7181785917300014,3.407199478149414,0.04232342555090219,0.3109791135805873,1,3.3728628158569336,3.4493324756622314,3.4327733516693115,3.3517839908599854,3.4292447566986084
T230A,3,3.69538945853636,3.656134748458862,0.04386086873569886,0.03925471007749781,0,3.605775833129883,3.6848366260528564,3.7065327167510986,3.6154744625091553,3.6680541038513184
T230S,3,3.73076704844429,3.6538835048675535,0.0368710039804779,0.07688354357673655,0,3.6176955699920654,3.705716609954834,3.6660943031311035,3.6186885833740234,3.661222457885742
T230I,4,3.676205812465,3.6538817405700685,0.007754824491426384,0.022324071894931574,0,3.664968252182007,3.6497838497161865,3.6585469245910645,3.64569091796875,3.650418758392334
H231R,0,3.70984227300444,3.6581594467163088,0.0823787717215861,0.051682826288131256,0,3.6474339962005615,3.7421000003814697,3.529226064682007,3.6559526920318604,3.7160844802856445
H231Y,2,3.83758256564,3.7860937118530273,0.0803274161227357,0.051488853786972655,0,3.8139054775238037,3.91025447845459,3.7027971744537354,3.7390263080596924,3.7644851207733154
H231Q,1,3.73429830393,3.7213090896606444,0.04721991934113129,0.012989214269355731,0,3.6750705242156982,3.7306151390075684,3.6765334606170654,3.7361698150634766,3.788156509399414
H231P,1,3.785116371535,3.647718381881714,0.09022870056320735,0.13739798965328598,0,3.7250399589538574,3.552114248275757,3.670586109161377,3.5534675121307373,3.737384080886841
H231N,2,3.730216742465,3.6647667407989504,0.060794430191858664,0.06545000166604975,0,3.6854047775268555,3.757481336593628,3.653597831726074,3.6281044483184814,3.599245309829712
H231L,0,3.6744305885125,3.7176321506500245,0.05127105695419977,0.04320156213752435,0,3.722007989883423,3.6943740844726562,3.795562267303467,3.655409812927246,3.72080659866333
G232C,2,3.74981497339,3.641635704040527,0.0602768071658374,0.10817926934947275,0,3.6897149085998535,3.6168229579925537,3.6856954097747803,3.668792963027954,3.547152280807495
G232V,1,3.78668951857,3.650307846069336,0.012428122132359849,0.1363816725006637,0,3.6703829765319824,3.6495931148529053,3.6511995792388916,3.6422362327575684,3.638127326965332
G232R,0,3.6880170423,3.7656205177307127,0.0531145532116277,0.07760347543071289,0,3.7786927223205566,3.7216217517852783,3.8435235023498535,3.710465431213379,3.773799180984497
G232D,2,3.781375631465,3.6888309001922606,0.10427908759976956,0.09254473127273943,0,3.5555858612060547,3.753204584121704,3.804417133331299,3.725252151489258,3.6056947708129883
G232S,0,3.7021604385,3.727771186828613,0.06732214487923743,0.02561074832861321,0,3.7880332469940186,3.6362082958221436,3.796321392059326,3.7281322479248047,3.6901607513427734
G232A,3,3.7994149902,3.6775556087493895,0.04823911680172098,0.12185938145061037,0,3.6360137462615967,3.7262556552886963,3.719210386276245,3.619354486465454,3.686943769454956
M233V,2,3.73988776993636,3.7389488220214844,0.06641441583523762,0.0009389479148755875,0,3.6556100845336914,3.681988000869751,3.8086154460906982,3.781534194946289,3.766996383666992
M233T,0,3.70671289598556,3.7676714420318604,0.0621060480655076,0.060958546046300466,0,3.80279541015625,3.6969757080078125,3.847719669342041,3.775435447692871,3.715430974960327
M233R,4,3.78139022006,3.649556064605713,0.06047447852947773,0.13183415545428723,0,3.6909639835357666,3.6377298831939697,3.726696491241455,3.5724387168884277,3.6199512481689453
M233L,4,3.6819705264475,3.7160290241241456,0.016150753105350097,0.034058497676645594,0,3.7104713916778564,3.7417802810668945,3.6973862648010254,3.71469783782959,3.7158093452453613
M233A,4,3.74597067876,3.6917308807373046,0.020978867410524554,0.05423979802269541,0,3.72501277923584,3.6985883712768555,3.684201240539551,3.672480821609497,3.6783711910247803
M233I,3,3.71997039068,3.666599464416504,0.049262244993788694,0.05337092626349582,0,3.7142763137817383,3.7129006385803223,3.595733880996704,3.654278039932251,3.655808448791504
M233K,3,3.68474152232571,3.5439762592315676,0.04220662429219734,0.1407652630941425,0,3.4853930473327637,3.5855977535247803,3.5241990089416504,3.583502769470215,3.5411887168884277
D234H,2,3.68884070649,3.6681143283843993,0.0674024445293184,0.02072637810560085,0,3.7118282318115234,3.62906551361084,3.7475745677948,3.576634168624878,3.675469160079956
D234N,4,3.5829391533599995,3.6304619312286377,0.029994931951304725,0.04752277786863823,0,3.627962589263916,3.6719110012054443,3.608963966369629,3.596635580062866,3.646836519241333
D234V,1,3.60826572225833,3.6023550033569336,0.04676128737486774,0.005910718901396272,0,3.5678927898406982,3.634256362915039,3.5951807498931885,3.5504674911499023,3.66397762298584
D234Y,3,3.82637788676,3.550998306274414,0.051135000261151635,0.27537958048558586,1,3.581700325012207,3.6232285499572754,3.5392985343933105,3.5047645568847656,3.5059995651245117
D234G,3,3.70631295153273,3.5613195419311525,0.0334210505547801,0.14499340960157747,0,3.514932155609131,3.594478130340576,3.559316396713257,3.545520067214966,3.592350959777832
E235K,3,3.65279893929667,3.4415190696716307,0.03155505374416068,0.2112798696250393,0,3.409952163696289,3.47287917137146,3.4404473304748535,3.4105277061462402,3.4737889766693115
E235G,3,3.727375019617,3.5513888359069825,0.016971257813769694,0.1759861837100174,0,3.5439400672912598,3.549694299697876,3.564185857772827,3.528075933456421,3.5710480213165283
E235D,4,3.5195049389,3.6714054584503173,0.03802360692657833,0.15190051955031736,0,3.695272922515869,3.679924488067627,3.7086009979248047,3.61076283454895,3.662466049194336
E235A,3,3.6351216966199993,3.5508026599884035,0.019142224043378803,0.08431903663159579,0,3.547214984893799,3.575446844100952,3.5489633083343506,3.5230631828308105,3.5593249797821045
E235V,3,3.712190873492,3.578881025314331,0.023529160282559518,0.1333098481776691,0,3.6127560138702393,3.57357120513916,3.5806164741516113,3.5467498302459717,3.580711603164673
L236M,4,3.58579436639,3.7480916023254394,0.036182532962229355,0.16229723593543932,0,3.731687068939209,3.8016467094421387,3.763047218322754,3.738135814666748,3.7059412002563477
L236Q,1,3.74857998835,3.6287184238433836,0.06857473231345083,0.11986156450661634,0,3.540705680847168,3.6556732654571533,3.7170205116271973,3.5821661949157715,3.648026466369629
L236R,3,3.70650872587,3.6181490421295166,0.04198717712693304,0.08835968374048342,0,3.629620313644409,3.5914130210876465,3.6627097129821777,3.559966564178467,3.647035598754883
L236V,4,3.71570380253,3.7577006340026857,0.03250787444312513,0.041996831472685514,0,3.775230884552002,3.7684524059295654,3.796776056289673,3.7219319343566895,3.726111888885498
L236P,0,3.70623774243,3.6302739143371583,0.041932642534248846,0.07596382809284163,0,3.658701181411743,3.5830535888671875,3.5874645709991455,3.672595739364624,3.649554491043091
Y237N,4,3.80946793561,3.6525035858154298,0.034405127537672935,0.15696434979457008,0,3.6606240272521973,3.700568437576294,3.626633882522583,3.662144184112549,3.6125473976135254
Y237C,0,3.7602169976837496,3.7363967418670656,0.0763834295635971,0.02382025581668401,0,3.7417943477630615,3.6537415981292725,3.840188503265381,3.6713998317718506,3.7748594284057617
Y237D,2,3.75410080307,3.604813003540039,0.04969477636705966,0.14928779952996107,0,3.5247445106506348,3.60355281829834,3.6034042835235596,3.650709867477417,3.641653537750244
Y237F,2,3.67317326007333,3.6787367820739747,0.06577443284171636,0.005563522000644916,0,3.6869521141052246,3.7041945457458496,3.671084403991699,3.575747489929199,3.7557053565979004
Y237H,1,3.7354169846300014,3.6809815883636476,0.04451554267999732,0.05443539626635374,0,3.662787914276123,3.7204020023345947,3.6174440383911133,3.678584575653076,3.72568941116333
